Outlet_ID,Year,Month,Distributor_ID,SKU_ID,Volume_Liters,Total_Bill_Value,failure_reason
OUT_07259,2025,6,DIST_W_01,SKU_06,230.76504590072545,19384.24872714971,Invalid Outlet_ID
OUT_08723,2023,9,DIST_W_02,SKU_09,5.4232976260503705,11931.25120395274,Invalid Outlet_ID
OUT_13998,2023,10,DIST_NW_01,SKU_05,115.45858714018225,10391.249699266522,Invalid Outlet_ID
OUT_17661,2023,4,DIST_S_02,SKU_04,41.69270890698076,13550.110216841971,Invalid Outlet_ID
OUT_03691,2025,4,DIST_W_01,SKU_01,8.683449349496518,2605.0578013535883,Invalid Outlet_ID
OUT_01864,2024,6,DIST_W_01,SKU_01,8.367692364328342,2510.2659549676623,Invalid Outlet_ID
OUT_10530,2023,7,DIST_C_03,SKU_10,19.1260601196226,7061.97207142091,Invalid Outlet_ID
OUT_15238,2023,12,DIST_NW_02,SKU_08,94.08909624687128,41399.252074153024,Invalid Outlet_ID
OUT_14462,2023,6,DIST_NW_02,SKU_07,28.3888257555252,18452.68890067889,Invalid Outlet_ID
OUT_13998,2024,12,DIST_NW_01,SKU_08,90.52807211986772,39832.30641282491,Invalid Outlet_ID
OUT_18975,2024,12,DIST_S_01,SKU_06,156.6788925088572,13161.00328656451,Invalid Outlet_ID
OUT_19319,2023,5,DIST_S_02,SKU_07,15.659039047503017,10178.333865531897,Invalid Outlet_ID
OUT_14745,2023,9,DIST_NW_01,SKU_06,109.48641682432589,9196.877016631244,Invalid Outlet_ID
OUT_16192,2025,2,DIST_NW_02,SKU_06,126.48376669656405,10624.658860939116,Invalid Outlet_ID
OUT_13998,2025,10,DIST_NW_01,SKU_04,57.566143859563965,18708.96933949382,Invalid Outlet_ID
OUT_06028,2025,1,DIST_W_03,SKU_02,18.017912738783316,4564.554677053132,Invalid Outlet_ID
OUT_10229,2025,8,DIST_C_03,SKU_08,36.684334692638345,16141.12667998344,Invalid Outlet_ID
OUT_18975,2025,9,DIST_S_01,SKU_01,11.675057679154238,3502.5299857543782,Invalid Outlet_ID
OUT_00090,2024,11,DIST_W_02,SKU_05,54.20844043781134,4878.806440002609,Invalid Outlet_ID
OUT_13998,2025,3,DIST_NW_01,SKU_03,49.11574787133183,17190.549624553085,Invalid Outlet_ID
OUT_01864,2025,4,DIST_W_01,SKU_04,13.496489359160444,4386.333081078097,Invalid Outlet_ID
OUT_16192,2023,4,DIST_NW_02,SKU_05,38.11891062091824,3430.7484399075497,Invalid Outlet_ID
OUT_10530,2023,5,DIST_C_03,SKU_06,271.8693248145088,22837.00447415068,Invalid Outlet_ID
OUT_08723,2025,1,DIST_W_02,SKU_02,34.1463926387828,8650.37262391293,Invalid Outlet_ID
OUT_06028,2024,2,DIST_W_03,SKU_05,13.118895336052493,1180.668727638664,Invalid Outlet_ID
OUT_10229,2024,6,DIST_C_03,SKU_05,65.13727385120038,5862.326350993029,Invalid Outlet_ID
OUT_19145,2025,2,DIST_S_01,SKU_05,16.484547964744422,1483.5900641221187,Invalid Outlet_ID
OUT_09014,2025,7,DIST_C_02,SKU_07,66.84010273267751,43446.09840273464,Invalid Outlet_ID
OUT_10530,2023,12,DIST_C_03,SKU_04,35.94139248415151,11680.999820230109,Invalid Outlet_ID
OUT_17661,2024,12,DIST_S_02,SKU_03,29.31985374871581,10261.964672685586,Invalid Outlet_ID
OUT_14745,2023,11,DIST_NW_01,SKU_03,11.17740346548245,3912.054155004756,Invalid Outlet_ID
OUT_15238,2023,7,DIST_NW_02,SKU_10,-41.51775757191409,-15329.665699447372,Invalid Outlet_ID
OUT_09014,2023,9,DIST_C_02,SKU_03,20.92853808866693,7324.997515324922,Invalid Outlet_ID
OUT_10229,2024,8,DIST_C_03,SKU_08,39.32391318415616,17302.544326409527,Invalid Outlet_ID
OUT_17499,2025,1,DIST_S_02,SKU_01,9.37348543665839,2812.045420747997,Invalid Outlet_ID
OUT_19170,2023,11,DIST_S_02,SKU_01,6.780471928363996,2034.11621802738,Invalid Outlet_ID
OUT_03691,2024,7,DIST_W_01,SKU_04,4.224019654237714,1372.8409590735594,Invalid Outlet_ID
OUT_01864,2024,10,DIST_W_01,SKU_06,119.31893362149935,10022.832895609194,Invalid Outlet_ID
OUT_07259,2023,12,DIST_W_01,SKU_04,35.59206579446063,11567.439576710412,Invalid Outlet_ID
OUT_10229,2025,6,DIST_C_03,SKU_06,321.9968476947996,27047.68737195276,Invalid Outlet_ID
OUT_10177,2023,12,DIST_C_02,SKU_03,13.112863975517437,4589.505721299608,Invalid Outlet_ID
OUT_15238,2025,7,DIST_NW_02,SKU_02,171.43749916039516,43430.80952781124,Invalid Outlet_ID
OUT_00090,2024,6,DIST_W_02,SKU_04,13.600818918040789,4420.232973760446,Invalid Outlet_ID
OUT_02862,2025,8,DIST_W_01,SKU_04,5.4053613588363305,1756.7236081310673,Invalid Outlet_ID
OUT_14462,2024,6,DIST_NW_02,SKU_06,105.59333880885228,8869.887004409815,Invalid Outlet_ID
OUT_08564,2025,7,DIST_W_02,SKU_01,28.91418279286542,8674.28696491157,Invalid Outlet_ID
OUT_09014,2025,5,DIST_C_02,SKU_05,63.38718173888304,5704.845653300538,Invalid Outlet_ID
OUT_00090,2025,10,DIST_W_02,SKU_01,25.077699519572803,7523.308785125058,Invalid Outlet_ID
OUT_03691,2023,8,DIST_W_01,SKU_01,3.100311432011832,6820.691782410806,Invalid Outlet_ID
OUT_10229,2023,4,DIST_C_03,SKU_07,81.84964229928751,53202.24975297021,Invalid Outlet_ID
OUT_17174,2023,8,DIST_S_01,SKU_08,5.597791173371102,2463.003833300303,Invalid Outlet_ID
OUT_18975,2025,11,DIST_S_01,SKU_04,8.425117396465224,2738.143983944946,Invalid Outlet_ID
OUT_19330,2023,6,DIST_S_01,SKU_03,3.224433574969462,1128.595037025722,Invalid Outlet_ID
OUT_17661,2024,1,DIST_S_02,SKU_04,31.14990170724272,10123.76059298001,Invalid Outlet_ID
OUT_10416,2023,6,DIST_C_01,SKU_09,3.161390814968339,6955.013727846896,Invalid Outlet_ID
OUT_10530,2025,11,DIST_C_03,SKU_03,26.723174490464192,9353.073725073851,Invalid Outlet_ID
OUT_01864,2025,2,DIST_W_01,SKU_03,8.91315976026209,3119.6411966432984,Invalid Outlet_ID
OUT_09014,2025,10,DIST_C_02,SKU_06,338.3571547600583,28421.960669667144,Invalid Outlet_ID
OUT_00090,2023,3,DIST_W_02,SKU_08,28.464878849158456,12524.531746017195,Invalid Outlet_ID
OUT_09014,2025,11,DIST_C_02,SKU_07,49.53565004669878,32198.19282054368,Invalid Outlet_ID
OUT_13998,2024,11,DIST_NW_01,SKU_02,163.1257322668965,41325.22787090623,Invalid Outlet_ID
OUT_08564,2025,9,DIST_W_02,SKU_02,87.26407393337617,22106.91930675026,Invalid Outlet_ID
OUT_00090,2023,9,DIST_W_02,SKU_07,65.45626823325615,42546.57947697902,Invalid Outlet_ID
OUT_18975,2023,2,DIST_S_01,SKU_05,35.124281898456736,3161.1386297861422,Invalid Outlet_ID
OUT_17661,2023,7,DIST_S_02,SKU_02,78.15489124900051,19799.22359586764,Invalid Outlet_ID
OUT_09014,2024,10,DIST_C_02,SKU_09,15.043908882082054,33096.61007138767,Invalid Outlet_ID
OUT_09014,2025,6,DIST_C_02,SKU_04,26.76222755376092,8697.712617116043,Invalid Outlet_ID
OUT_17661,2025,11,DIST_S_02,SKU_06,301.79498159219355,25350.826731458776,Invalid Outlet_ID
OUT_02426,2025,10,DIST_W_02,SKU_09,3.086664113251996,6790.662027667116,Invalid Outlet_ID
OUT_14745,2024,2,DIST_NW_01,SKU_06,130.9296663253596,10998.10005940935,Invalid Outlet_ID
OUT_07259,2023,7,DIST_W_01,SKU_07,59.81233773846465,38878.00066325743,Invalid Outlet_ID
OUT_09014,2024,4,DIST_C_02,SKU_02,131.40591761660227,33289.47364210934,Invalid Outlet_ID
OUT_09014,2024,7,DIST_C_02,SKU_02,91.66258695197624,23221.235963937805,Invalid Outlet_ID
OUT_15238,2025,5,DIST_NW_02,SKU_02,185.25303860766405,46930.76441673265,Invalid Outlet_ID
OUT_09014,2024,7,DIST_C_02,SKU_05,67.09672448394365,6038.657587032751,Invalid Outlet_ID
OUT_09014,2024,10,DIST_C_02,SKU_07,57.001055634441805,37050.652135290446,Invalid Outlet_ID
OUT_10530,2025,12,DIST_C_03,SKU_06,466.9192395265663,39221.17919336648,Invalid Outlet_ID
OUT_08564,2024,7,DIST_W_02,SKU_02,97.411606601687,24677.58767526294,Invalid Outlet_ID
OUT_17661,2025,7,DIST_S_02,SKU_08,29.394643184107693,12933.680172561268,Invalid Outlet_ID
OUT_13998,2025,9,DIST_NW_01,SKU_09,27.36911007989328,60212.010321202666,Invalid Outlet_ID
OUT_10753,2025,5,DIST_C_02,SKU_04,4.826248616798526,1568.5606113660604,Invalid Outlet_ID
OUT_13998,2023,4,DIST_NW_01,SKU_07,195.39773174978484,127008.47653966524,Invalid Outlet_ID
OUT_02795,2025,7,DIST_W_02,SKU_04,4.251836384476505,1381.8667532605305,Invalid Outlet_ID
OUT_15238,2024,9,DIST_NW_02,SKU_08,62.821534581899016,27641.44488096533,Invalid Outlet_ID
OUT_01864,2025,9,DIST_W_01,SKU_09,5.642399920513756,12413.263461409511,Invalid Outlet_ID
OUT_11877,2025,3,DIST_C_01,SKU_01,20.934034730954934,5303.321508869372,Invalid Outlet_ID
OUT_08723,2025,2,DIST_W_02,SKU_09,5.670986960945434,12476.147425043582,Invalid Outlet_ID
OUT_16360,2025,7,DIST_NW_01,SKU_08,6.637059759590354,2920.3202023139816,Invalid Outlet_ID
OUT_13327,2024,2,DIST_NW_01,SKU_09,2.619925657677556,5763.874440652323,Invalid Outlet_ID
OUT_02426,2023,2,DIST_W_02,SKU_02,16.19327837608551,4102.299895009251,Invalid Outlet_ID
OUT_16360,2023,10,DIST_NW_01,SKU_10,2.999923875886934,1107.699284667169,Invalid Outlet_ID
OUT_13998,2024,9,DIST_NW_01,SKU_09,31.184216267822272,68605.2884665266,Invalid Outlet_ID
OUT_07259,2024,3,DIST_W_01,SKU_10,19.72714160248986,7283.840423805451,Invalid Outlet_ID
OUT_00090,2025,11,DIST_W_02,SKU_09,16.03734245103395,35282.15902740627,Invalid Outlet_ID
OUT_17661,2024,12,DIST_S_02,SKU_04,32.45264530224068,10547.118005683078,Invalid Outlet_ID
OUT_15238,2025,11,DIST_NW_02,SKU_02,159.38977946193484,40378.75773184968,Invalid Outlet_ID
OUT_13998,2024,12,DIST_NW_01,SKU_01,89.58874378661321,26876.66831580297,Invalid Outlet_ID
OUT_03691,2025,2,DIST_W_01,SKU_01,5.237109158184805,1702.023370053184,Invalid Outlet_ID
OUT_13998,2023,10,DIST_NW_01,SKU_03,45.23421856442626,15831.97740401806,Invalid Outlet_ID
OUT_11877,2024,10,DIST_C_01,SKU_05,12.058812158373204,1085.32953281607,Invalid Outlet_ID
OUT_10530,2025,2,DIST_C_03,SKU_10,17.216378623511726,6356.830788958886,Invalid Outlet_ID
OUT_11877,2024,11,DIST_C_01,SKU_04,4.924837246080438,1600.5389181255914,Invalid Outlet_ID
OUT_15915,2024,1,DIST_NW_02,SKU_04,5.020405958071861,1631.627781710089,Invalid Outlet_ID
OUT_13327,2023,6,DIST_NW_01,SKU_06,65.09466468840145,5467.905949588423,Invalid Outlet_ID
OUT_14745,2024,11,DIST_NW_01,SKU_10,6.980928719324843,2577.5547371887983,Invalid Outlet_ID
OUT_15238,2024,7,DIST_NW_02,SKU_03,57.50437362647945,20126.563669805382,Invalid Outlet_ID
OUT_15238,2025,4,DIST_NW_02,SKU_06,880.940100751555,73999.00912802115,Invalid Outlet_ID
OUT_10229,2025,2,DIST_C_03,SKU_07,59.10357379321149,38417.353220171295,Invalid Outlet_ID
OUT_07259,2025,9,DIST_W_01,SKU_09,15.021184183706165,33046.617175511994,Invalid Outlet_ID
OUT_09014,2024,2,DIST_C_02,SKU_09,14.545118742828691,31999.24594792753,Invalid Outlet_ID
OUT_02795,2024,9,DIST_W_02,SKU_06,64.06610005324625,5381.557196126058,Invalid Outlet_ID
OUT_15238,2023,5,DIST_NW_02,SKU_06,570.6184310247893,47931.9773019681,Invalid Outlet_ID
OUT_10229,2023,10,DIST_C_03,SKU_04,21.721085733991515,7059.351529011426,Invalid Outlet_ID
OUT_08564,2025,9,DIST_W_02,SKU_01,29.470908138028264,8841.24834824599,Invalid Outlet_ID
OUT_07259,2024,7,DIST_W_01,SKU_04,28.26318809659977,9185.57252459923,Invalid Outlet_ID
OUT_10530,2024,8,DIST_C_03,SKU_05,89.0327712983157,8012.97323445445,Invalid Outlet_ID
OUT_10177,2024,6,DIST_C_02,SKU_08,10.59206313619888,4660.487952040019,Invalid Outlet_ID
OUT_07259,2025,10,DIST_W_01,SKU_08,30.98081716762941,13631.573272278936,Invalid Outlet_ID
OUT_17174,2025,8,DIST_S_01,SKU_09,2.690017940763195,5918.030228540774,Invalid Outlet_ID
OUT_08564,2024,2,DIST_W_02,SKU_04,23.768696983055083,7724.820269523863,Invalid Outlet_ID
OUT_16360,2024,3,DIST_NW_01,SKU_06,63.2611040765973,5313.9358085388985,Invalid Outlet_ID
OUT_06028,2025,5,DIST_W_03,SKU_05,9.916531907737005,892.5278962256311,Invalid Outlet_ID
OUT_08564,2023,4,DIST_W_02,SKU_09,21.95935781484617,48310.56253979305,Invalid Outlet_ID
OUT_13998,2024,11,DIST_NW_01,SKU_05,109.28800954180755,9835.950315452688,Invalid Outlet_ID
OUT_15238,2025,8,DIST_NW_02,SKU_10,40.38089262762256,14909.843054485547,Invalid Outlet_ID
OUT_19319,2025,2,DIST_S_02,SKU_07,34.64215233720955,22517.3917280049,Invalid Outlet_ID
OUT_00090,2024,1,DIST_W_02,SKU_04,27.114390516118235,8812.131277741712,Invalid Outlet_ID
OUT_13567,2023,5,DIST_NW_02,SKU_04,4.97599272949584,1617.2314030615355,Invalid Outlet_ID
OUT_18356,2025,7,DIST_S_02,SKU_07,13.498066423302294,8773.787231117778,Invalid Outlet_ID
OUT_08564,2023,1,DIST_W_02,SKU_02,89.55350655985961,22686.891517455617,Invalid Outlet_ID
OUT_14745,2024,4,DIST_NW_01,SKU_03,11.709247841547636,4098.271362800373,Invalid Outlet_ID
OUT_00090,2024,9,DIST_W_02,SKU_01,32.1765935154743,9653.022708561515,Invalid Outlet_ID
OUT_19170,2023,10,DIST_S_02,SKU_01,7.115979336191445,2134.798051645176,Invalid Outlet_ID
OUT_10416,2024,7,DIST_C_01,SKU_02,18.197053762417735,4609.902379711419,Invalid Outlet_ID
OUT_10229,2024,5,DIST_C_03,SKU_08,27.71594407688815,12195.041111450138,Invalid Outlet_ID
OUT_01864,2023,4,DIST_W_01,SKU_05,41.487058167671286,3733.844961390089,Invalid Outlet_ID
OUT_19319,2024,5,DIST_S_02,SKU_03,5.755549516476931,2014.490462021144,Invalid Outlet_ID
OUT_13998,2023,5,DIST_NW_01,SKU_08,56.80666559534959,24994.9475603961,Invalid Outlet_ID
OUT_10177,2024,10,DIST_C_02,SKU_03,9.404039145144305,3291.4063782882163,Invalid Outlet_ID
OUT_17499,2025,7,DIST_S_02,SKU_02,19.57101621232138,4957.994619927817,Invalid Outlet_ID
OUT_10177,2023,8,DIST_C_02,SKU_10,8.34420622058623,3080.918322366242,Invalid Outlet_ID
OUT_19170,2025,4,DIST_S_02,SKU_02,24.377164005785083,6175.519280525892,Invalid Outlet_ID
OUT_00090,2024,8,DIST_W_02,SKU_06,315.4199919986646,26495.29506266056,Invalid Outlet_ID
OUT_17661,2025,3,DIST_S_02,SKU_10,22.183597558211364,8190.908408692009,Invalid Outlet_ID
OUT_00090,2024,11,DIST_W_02,SKU_01,23.619342716207232,7085.79325951334,Invalid Outlet_ID
OUT_08564,2024,2,DIST_W_02,SKU_03,24.43097512611354,8550.870769523168,Invalid Outlet_ID
OUT_10416,2024,8,DIST_C_01,SKU_05,17.427117517881857,1568.4576021185158,Invalid Outlet_ID
OUT_14745,2024,11,DIST_NW_01,SKU_09,6.5004561251150506,14301.008732802671,Invalid Outlet_ID
OUT_03691,2024,3,DIST_W_01,SKU_02,18.302128740936038,4636.570189996672,Invalid Outlet_ID
OUT_17661,2024,5,DIST_S_02,SKU_09,11.042843359634515,24294.291115856744,Invalid Outlet_ID
OUT_18975,2024,9,DIST_S_01,SKU_07,20.98265425876574,13638.700218803728,Invalid Outlet_ID
OUT_07259,2025,9,DIST_W_01,SKU_10,18.725476433527152,6914.047139522907,Invalid Outlet_ID
OUT_10229,2025,5,DIST_C_03,SKU_10,20.168214180408995,7446.742892143246,Invalid Outlet_ID
OUT_18356,2023,4,DIST_S_02,SKU_08,8.184179792087235,3601.053222627866,Invalid Outlet_ID
OUT_02389,2025,8,DIST_W_02,SKU_06,62.825987241517005,5277.424356372742,Invalid Outlet_ID
OUT_10229,2025,10,DIST_C_03,SKU_01,24.20199231630118,7260.588717601654,Invalid Outlet_ID
OUT_02795,2025,12,DIST_W_02,SKU_07,20.87664899777332,13569.790649249404,Invalid Outlet_ID
OUT_07259,2023,9,DIST_W_01,SKU_08,27.69446185083696,12185.602144121063,Invalid Outlet_ID
OUT_15238,2023,10,DIST_NW_02,SKU_03,43.6373948465497,15273.104926254044,Invalid Outlet_ID
OUT_08564,2023,3,DIST_W_02,SKU_03,25.96107972970056,9086.36676733972,Invalid Outlet_ID
OUT_15238,2025,1,DIST_NW_02,SKU_06,619.5743681920649,52044.23411376921,Invalid Outlet_ID
OUT_10177,2024,6,DIST_C_02,SKU_06,132.1308741684515,11099.020900943206,Invalid Outlet_ID
OUT_08564,2023,11,DIST_W_02,SKU_07,62.82117357308434,40833.808906605205,Invalid Outlet_ID
OUT_10530,2024,5,DIST_C_03,SKU_03,26.808510267955697,9383.021032881585,Invalid Outlet_ID
OUT_03691,2024,1,DIST_W_01,SKU_02,18.685029096725145,4733.517058471583,Invalid Outlet_ID
OUT_19330,2023,10,DIST_S_01,SKU_03,4.794215133482527,1677.9453860459248,Invalid Outlet_ID
OUT_10530,2024,3,DIST_C_03,SKU_01,29.712721929975597,8913.780522236228,Invalid Outlet_ID
OUT_10177,2023,8,DIST_C_02,SKU_03,13.562157389237928,4746.76336453693,Invalid Outlet_ID
OUT_13998,2025,4,DIST_NW_01,SKU_01,91.323027011949,27396.874125887203,Invalid Outlet_ID
OUT_10229,2025,10,DIST_C_03,SKU_05,62.86299771501282,5657.621723542855,Invalid Outlet_ID
OUT_10229,2023,12,DIST_C_03,SKU_02,140.4224362475736,35573.70406041419,Invalid Outlet_ID
OUT_13998,2025,2,DIST_NW_01,SKU_04,41.24315439709813,13404.07361836099,Invalid Outlet_ID
OUT_08564,2025,11,DIST_W_02,SKU_06,301.7083233060332,25343.49234396212,Invalid Outlet_ID
OUT_19145,2024,4,DIST_S_01,SKU_10,5.428474743229939,2004.3837477429024,Invalid Outlet_ID
OUT_09014,2023,12,DIST_C_02,SKU_01,47.3963391859351,14218.88571428379,Invalid Outlet_ID
OUT_13998,2025,8,DIST_NW_01,SKU_06,619.5706573971667,52043.93789867229,Invalid Outlet_ID
OUT_13998,2024,12,DIST_NW_01,SKU_07,179.04410293431587,116378.62221336368,Invalid Outlet_ID
OUT_13998,2024,8,DIST_NW_01,SKU_03,44.06107938696046,15421.378860158296,Invalid Outlet_ID
OUT_10229,2024,11,DIST_C_03,SKU_05,49.40322585180079,4446.329286420556,Invalid Outlet_ID
OUT_15238,2024,11,DIST_NW_02,SKU_02,160.1059353993802,40560.1550223876,Invalid Outlet_ID
OUT_10753,2023,9,DIST_C_02,SKU_03,4.740361283737458,1659.13692612023,Invalid Outlet_ID
OUT_10530,2023,3,DIST_C_03,SKU_01,27.4319256019598,8229.55815664559,Invalid Outlet_ID
OUT_11877,2025,12,DIST_C_01,SKU_07,18.971947491158662,12331.803997377096,Invalid Outlet_ID
OUT_14745,2025,8,DIST_NW_01,SKU_08,13.154692171874972,5788.074921475294,Invalid Outlet_ID
OUT_15238,2023,5,DIST_NW_02,SKU_01,71.56401040338187,21469.214411822966,Invalid Outlet_ID
OUT_14745,2025,6,DIST_NW_01,SKU_05,26.195840118857355,2357.6484640412723,Invalid Outlet_ID
OUT_14745,2024,5,DIST_NW_01,SKU_01,10.053626448948744,3016.1159908126538,Invalid Outlet_ID
OUT_17661,2025,11,DIST_S_02,SKU_10,21.31039816166602,7868.44665694782,Invalid Outlet_ID
OUT_06028,2025,7,DIST_W_03,SKU_10,4.230576154244002,1562.0503957073329,Invalid Outlet_ID
OUT_07259,2023,9,DIST_W_01,SKU_07,72.51481207573525,47134.61130331843,Invalid Outlet_ID
OUT_10177,2025,7,DIST_C_02,SKU_06,134.45300320176506,11294.097092143236,Invalid Outlet_ID
OUT_16192,2024,9,DIST_NW_02,SKU_06,122.78484586516586,10313.967744918316,Invalid Outlet_ID
OUT_16360,2024,3,DIST_NW_01,SKU_05,10.308679644242751,927.8175227478748,Invalid Outlet_ID
OUT_17661,2025,10,DIST_S_02,SKU_07,58.42418602957077,37975.75361819283,Invalid Outlet_ID
OUT_10229,2023,11,DIST_C_03,SKU_06,309.74859630252075,26018.84959405743,Invalid Outlet_ID
OUT_10229,2025,12,DIST_C_03,SKU_04,36.69084096989784,11924.504686831684,Invalid Outlet_ID
OUT_15238,2023,7,DIST_NW_02,SKU_02,166.91847137729428,42285.98332987206,Invalid Outlet_ID
OUT_07259,2024,10,DIST_W_01,SKU_04,24.573881834041785,7986.464147184561,Invalid Outlet_ID
OUT_18975,2023,10,DIST_S_01,SKU_07,24.073064921767063,15647.514674838769,Invalid Outlet_ID
OUT_19170,2025,10,DIST_S_02,SKU_04,4.872654324443992,1583.5867588259036,Invalid Outlet_ID
OUT_11877,2023,1,DIST_C_01,SKU_01,7.543797760336602,2263.171757997928,Invalid Outlet_ID
OUT_14745,2023,7,DIST_NW_01,SKU_10,8.928358198576408,3296.6276572263123,Invalid Outlet_ID
OUT_19319,2023,10,DIST_S_02,SKU_08,13.112703532103415,5769.59290158657,Invalid Outlet_ID
OUT_15238,2025,12,DIST_NW_02,SKU_01,90.98360320021364,27295.08211092593,Invalid Outlet_ID
OUT_17661,2023,8,DIST_S_02,SKU_01,34.80609196893935,10441.78996289125,Invalid Outlet_ID
OUT_07259,2024,10,DIST_W_01,SKU_05,54.671942535478905,4920.485543544686,Invalid Outlet_ID
OUT_00090,2025,6,DIST_W_02,SKU_03,13.158528441940952,4605.490000141692,Invalid Outlet_ID
OUT_13998,2023,8,DIST_NW_01,SKU_02,186.2732251147696,47189.25777037529,Invalid Outlet_ID
OUT_07259,2023,10,DIST_W_01,SKU_08,35.822317039722314,15761.8448889859,Invalid Outlet_ID
OUT_09014,2025,8,DIST_C_02,SKU_07,85.02353237858658,55265.296642159,Invalid Outlet_ID
OUT_10177,2025,11,DIST_C_02,SKU_06,108.8731510554635,9145.372755561692,Invalid Outlet_ID
OUT_00090,2024,2,DIST_W_02,SKU_06,315.4466468280798,26497.541418543064,Invalid Outlet_ID
OUT_17661,2024,11,DIST_S_02,SKU_06,293.09287167956984,24619.793247941263,Invalid Outlet_ID
OUT_00090,2024,2,DIST_W_02,SKU_01,34.88931174271661,10466.763519737397,Invalid Outlet_ID
OUT_17661,2025,1,DIST_S_02,SKU_09,23.04196936781994,50692.37915663427,Invalid Outlet_ID
OUT_13998,2025,3,DIST_NW_01,SKU_04,42.64111230224002,13858.399444841098,Invalid Outlet_ID
OUT_07259,2024,1,DIST_W_01,SKU_07,60.4097686035584,39266.33179834355,Invalid Outlet_ID
OUT_08723,2025,10,DIST_W_02,SKU_01,10.159236131995346,3047.7614043376866,Invalid Outlet_ID
OUT_00090,2023,9,DIST_W_02,SKU_09,15.860561432383156,34893.216560838795,Invalid Outlet_ID
OUT_17661,2025,4,DIST_S_02,SKU_07,83.76930183794404,54450.01612215489,Invalid Outlet_ID
OUT_08564,2023,6,DIST_W_02,SKU_02,52.81799556073464,13380.54505310503,Invalid Outlet_ID
OUT_06028,2024,3,DIST_W_03,SKU_06,72.23119771537944,6067.442477387314,Invalid Outlet_ID
OUT_10753,2023,4,DIST_C_02,SKU_01,4.547337217191248,10004.173670673174,Invalid Outlet_ID
OUT_08564,2023,11,DIST_W_02,SKU_06,341.2134456939108,28661.916107930825,Invalid Outlet_ID
OUT_01864,2023,2,DIST_W_01,SKU_04,9.548620005392518,3103.3180236438266,Invalid Outlet_ID
OUT_01864,2024,5,DIST_W_01,SKU_03,6.390277431908913,2236.6228627423448,Invalid Outlet_ID
OUT_09014,2024,2,DIST_C_02,SKU_07,67.9741062695429,44183.20946388748,Invalid Outlet_ID
OUT_08564,2025,10,DIST_W_02,SKU_10,21.688803597169965,8008.205919909969,Invalid Outlet_ID
OUT_01864,2024,4,DIST_W_01,SKU_08,17.849843424857195,7853.96556826605,Invalid Outlet_ID
OUT_16192,2025,12,DIST_NW_02,SKU_06,151.37623544892872,12715.626346620877,Invalid Outlet_ID
OUT_13998,2023,9,DIST_NW_01,SKU_09,-33.42261347559167,-73529.71832147666,Invalid Outlet_ID
OUT_13327,2023,7,DIST_NW_01,SKU_06,63.760293588121,5355.897107554604,Invalid Outlet_ID
OUT_08564,2024,3,DIST_W_02,SKU_03,23.217271916778685,8126.016229042283,Invalid Outlet_ID
OUT_00090,2023,8,DIST_W_02,SKU_08,26.124009987174595,11494.520779925102,Invalid Outlet_ID
OUT_09014,2025,9,DIST_C_02,SKU_07,64.65806031593984,42027.70805476221,Invalid Outlet_ID
OUT_07259,2024,4,DIST_W_01,SKU_03,35.771120366880616,12519.939931102388,Invalid Outlet_ID
OUT_15238,2025,12,DIST_NW_02,SKU_10,57.08473282176743,21077.48226010796,Invalid Outlet_ID
OUT_00090,2025,8,DIST_W_02,SKU_09,16.712363169049333,36767.19500688372,Invalid Outlet_ID
OUT_10753,2023,5,DIST_C_02,SKU_10,4.153009847905301,1533.3859064928856,Invalid Outlet_ID
OUT_01864,2024,3,DIST_W_01,SKU_08,12.553998992161857,5523.714782211739,Invalid Outlet_ID
OUT_17499,2023,4,DIST_S_02,SKU_03,7.26271724904439,2541.9454179309846,Invalid Outlet_ID
OUT_19145,2023,4,DIST_S_01,SKU_06,102.25311581702572,8589.247641546483,Invalid Outlet_ID
OUT_15238,2024,4,DIST_NW_02,SKU_01,74.26842206063516,22280.560157996908,Invalid Outlet_ID
OUT_07259,2025,4,DIST_W_01,SKU_01,38.51712582098564,11555.145729991871,Invalid Outlet_ID
OUT_08564,2025,4,DIST_W_02,SKU_09,21.446532025486043,47182.3228768828,Invalid Outlet_ID
OUT_15238,2023,2,DIST_NW_02,SKU_09,27.65341866645069,60837.48964415143,Invalid Outlet_ID
OUT_10229,2023,12,DIST_C_03,SKU_06,441.4270407196752,37079.87718902712,Invalid Outlet_ID
OUT_19145,2023,8,DIST_S_01,SKU_10,4.796760724837331,1771.135781201492,Invalid Outlet_ID
OUT_14745,2025,5,DIST_NW_01,SKU_04,8.653412471840463,2812.395693419805,Invalid Outlet_ID
OUT_09014,2025,12,DIST_C_02,SKU_10,28.10329874541206,10376.614848096597,Invalid Outlet_ID
OUT_18975,2025,5,DIST_S_01,SKU_02,21.652961000389208,5485.387928965909,Invalid Outlet_ID
OUT_15238,2023,1,DIST_NW_02,SKU_05,115.38627059410408,10384.77256453277,Invalid Outlet_ID
OUT_14745,2025,1,DIST_NW_01,SKU_04,10.94174390526036,3556.0932747191546,Invalid Outlet_ID
OUT_10530,2025,10,DIST_C_03,SKU_05,61.10456677681732,5499.400224024696,Invalid Outlet_ID
OUT_12014,2025,7,DIST_C_03,SKU_04,3.879240888101701,1260.7773961359578,Invalid Outlet_ID
OUT_17661,2023,4,DIST_S_02,SKU_07,80.80280121399754,52521.77506243339,Invalid Outlet_ID
OUT_18975,2025,10,DIST_S_01,SKU_01,12.245754091774216,3673.744466107813,Invalid Outlet_ID
OUT_19319,2025,2,DIST_S_02,SKU_06,210.0970436498717,17648.157963573078,Invalid Outlet_ID
OUT_11877,2023,12,DIST_C_01,SKU_01,7.725363862486994,2317.6316401006684,Invalid Outlet_ID
OUT_00090,2024,4,DIST_W_02,SKU_10,28.25175891189856,10431.369848123308,Invalid Outlet_ID
OUT_09014,2023,9,DIST_C_02,SKU_06,298.34653356992226,25061.071271010915,Invalid Outlet_ID
OUT_15238,2024,12,DIST_NW_02,SKU_07,185.32007949960223,120458.05695675637,Invalid Outlet_ID
OUT_13327,2024,9,DIST_NW_01,SKU_01,7.637108057040968,2291.0962978703064,Invalid Outlet_ID
OUT_09014,2025,8,DIST_C_02,SKU_10,28.116685147337503,10381.550644829234,Invalid Outlet_ID
OUT_18975,2024,7,DIST_S_01,SKU_08,12.32084528882287,5421.152523428955,Invalid Outlet_ID
OUT_08564,2024,2,DIST_W_02,SKU_10,19.054945819574744,7035.637053031114,Invalid Outlet_ID
OUT_15238,2023,9,DIST_NW_02,SKU_03,44.981398762928336,15743.463447799308,Invalid Outlet_ID
OUT_13998,2023,9,DIST_NW_01,SKU_07,120.8431046613644,78548.04861003163,Invalid Outlet_ID
OUT_08723,2023,4,DIST_W_02,SKU_05,42.07996968595882,3787.2036495971215,Invalid Outlet_ID
OUT_00090,2024,1,DIST_W_02,SKU_09,14.137008862387953,31101.425992109533,Invalid Outlet_ID
OUT_08564,2024,5,DIST_W_02,SKU_04,15.355506944282451,4990.533103935338,Invalid Outlet_ID
OUT_10530,2025,7,DIST_C_03,SKU_02,90.90859597709397,23030.16946518648,Invalid Outlet_ID
OUT_19170,2023,11,DIST_S_02,SKU_06,65.4769596264392,5500.100686838213,Invalid Outlet_ID
OUT_10530,2024,7,DIST_C_03,SKU_07,54.84998901295192,35652.50365853345,Invalid Outlet_ID
OUT_00090,2024,9,DIST_W_02,SKU_02,90.2496888408571,22863.290321529606,Invalid Outlet_ID
OUT_10530,2024,7,DIST_C_03,SKU_03,27.63230628462629,9671.331419749142,Invalid Outlet_ID
OUT_15238,2024,2,DIST_NW_02,SKU_08,57.038609484523136,25097.01053437764,Invalid Outlet_ID
OUT_08564,2024,7,DIST_W_02,SKU_07,57.80642237848768,37574.21413819456,Invalid Outlet_ID
OUT_08564,2023,2,DIST_W_02,SKU_10,16.58356067863765,6123.15584381461,Invalid Outlet_ID
OUT_12014,2024,1,DIST_C_03,SKU_09,2.4912808969183318,5480.8274058866855,Invalid Outlet_ID
OUT_13998,2024,4,DIST_NW_01,SKU_01,92.96894652609768,27890.634466272742,Invalid Outlet_ID
OUT_18975,2025,7,DIST_S_01,SKU_08,15.804303808331223,6953.871980271071,Invalid Outlet_ID
OUT_07259,2025,5,DIST_W_01,SKU_08,17.48907638679514,7695.154144100256,Invalid Outlet_ID
OUT_08564,2024,3,DIST_W_02,SKU_09,16.776327011570036,36907.881057144965,Invalid Outlet_ID
OUT_07259,2025,8,DIST_W_01,SKU_06,255.3929204753605,21453.02276095818,Invalid Outlet_ID
OUT_07259,2023,12,DIST_W_01,SKU_02,117.58461426682882,29788.09514096793,Invalid Outlet_ID
OUT_10530,2023,11,DIST_C_03,SKU_02,66.48390362055203,16842.57551779683,Invalid Outlet_ID
OUT_19319,2024,4,DIST_S_02,SKU_10,11.735743830295345,4333.215581296167,Invalid Outlet_ID
OUT_15238,2024,1,DIST_NW_02,SKU_01,61.69305711045857,18507.880427357966,Invalid Outlet_ID
OUT_15238,2023,1,DIST_NW_02,SKU_08,67.32255180866557,29621.900564073472,Invalid Outlet_ID
OUT_15238,2023,10,DIST_NW_02,SKU_10,38.424024954179984,14187.291325474376,Invalid Outlet_ID
OUT_14462,2024,7,DIST_NW_02,SKU_08,10.528225969652729,4632.423567688209,Invalid Outlet_ID
OUT_08723,2024,10,DIST_W_02,SKU_05,22.23044130922696,2000.699178326388,Invalid Outlet_ID
OUT_06028,2025,7,DIST_W_03,SKU_02,15.961275070176256,4043.476838633736,Invalid Outlet_ID
OUT_17661,2024,5,DIST_S_02,SKU_10,10.96920847925354,4050.213450335555,Invalid Outlet_ID
OUT_13567,2023,11,DIST_NW_02,SKU_05,11.374858154329235,1023.7211716213054,Invalid Outlet_ID
OUT_17812,2024,12,DIST_S_02,SKU_08,9.46140784281263,4162.974815908437,Invalid Outlet_ID
OUT_19330,2025,6,DIST_S_01,SKU_05,7.64140430026195,687.7024317114088,Invalid Outlet_ID
OUT_10530,2024,10,DIST_C_03,SKU_05,67.63577006915733,6087.172909171312,Invalid Outlet_ID
OUT_15238,2023,6,DIST_NW_02,SKU_05,122.43048786791904,11018.705717330571,Invalid Outlet_ID
OUT_14745,2023,5,DIST_NW_01,SKU_10,9.30915828186791,3437.2011443824817,Invalid Outlet_ID
OUT_13998,2025,11,DIST_NW_01,SKU_03,48.05191348102294,16818.19181794356,Invalid Outlet_ID
OUT_19145,2025,12,DIST_S_01,SKU_01,8.474983532245753,2542.4792990314154,Invalid Outlet_ID
OUT_16192,2025,11,DIST_NW_02,SKU_04,9.548134666538452,3103.1775383499216,Invalid Outlet_ID
OUT_07259,2023,2,DIST_W_01,SKU_01,31.807164148479124,9542.11995832406,Invalid Outlet_ID
OUT_07259,2024,6,DIST_W_01,SKU_01,18.30132020352942,5490.357691779212,Invalid Outlet_ID
OUT_15238,2025,2,DIST_NW_02,SKU_07,118.83127237405785,77240.3763977837,Invalid Outlet_ID
OUT_15238,2025,1,DIST_NW_02,SKU_05,130.27938507053796,11725.15355851318,Invalid Outlet_ID
OUT_00090,2024,5,DIST_W_02,SKU_04,15.825539053772976,5143.318439467771,Invalid Outlet_ID
OUT_00090,2025,3,DIST_W_02,SKU_05,58.34416147991017,5250.994203890322,Invalid Outlet_ID
OUT_18975,2023,3,DIST_S_01,SKU_03,9.72994851555582,3405.491350213872,Invalid Outlet_ID
OUT_16360,2025,11,DIST_NW_01,SKU_01,6.094822844946584,1828.4962367621888,Invalid Outlet_ID
OUT_10229,2024,7,DIST_C_03,SKU_09,16.136860380959742,35501.05490381963,Invalid Outlet_ID
OUT_00090,2025,6,DIST_W_02,SKU_04,13.773913855633982,4476.539252672234,Invalid Outlet_ID
OUT_07259,2025,3,DIST_W_01,SKU_09,14.996909420824329,32993.18687005421,Invalid Outlet_ID
OUT_15238,2023,11,DIST_NW_02,SKU_01,70.3658105989756,21109.709830426284,Invalid Outlet_ID
OUT_10416,2024,7,DIST_C_01,SKU_05,11.044487657864684,993.9995314895192,Invalid Outlet_ID
OUT_10229,2024,2,DIST_C_03,SKU_07,61.06353159285657,39691.30081799135,Invalid Outlet_ID
OUT_08723,2025,4,DIST_W_02,SKU_05,40.79152235695725,3671.254623230132,Invalid Outlet_ID
OUT_10416,2024,9,DIST_C_01,SKU_02,19.75776817835388,5005.344622244429,Invalid Outlet_ID
OUT_15238,2024,5,DIST_NW_02,SKU_05,117.06167211579904,10535.549575131,Invalid Outlet_ID
OUT_10530,2024,6,DIST_C_03,SKU_04,29.00227005244977,9425.688522686114,Invalid Outlet_ID
OUT_08564,2025,1,DIST_W_02,SKU_09,13.855236618489776,30481.545733733463,Invalid Outlet_ID
OUT_15915,2024,1,DIST_NW_02,SKU_08,5.884701781669747,2589.2493651985087,Invalid Outlet_ID
OUT_15238,2023,11,DIST_NW_02,SKU_09,30.990342390833003,68178.76974817463,Invalid Outlet_ID
OUT_10177,2024,8,DIST_C_02,SKU_02,44.27061831686726,11215.263802648546,Invalid Outlet_ID
OUT_08723,2023,11,DIST_W_02,SKU_09,6.3257677435533886,13916.649675079469,Invalid Outlet_ID
OUT_09014,2023,7,DIST_C_02,SKU_08,27.142774613410552,11942.870044549376,Invalid Outlet_ID
OUT_17661,2025,5,DIST_S_02,SKU_01,20.50446148700015,6151.378924803425,Invalid Outlet_ID
OUT_10229,2023,3,DIST_C_03,SKU_05,64.58286679602399,5812.453783162593,Invalid Outlet_ID
OUT_08564,2025,11,DIST_W_02,SKU_10,17.78327222923218,6566.175008512184,Invalid Outlet_ID
OUT_07259,2025,7,DIST_W_01,SKU_01,32.80091621494572,9840.265508904346,Invalid Outlet_ID
OUT_09014,2025,11,DIST_C_02,SKU_01,28.875352674023723,8662.643345805946,Invalid Outlet_ID
OUT_08723,2024,7,DIST_W_02,SKU_06,123.20229750300444,10348.989759863907,Invalid Outlet_ID
OUT_15238,2023,8,DIST_NW_02,SKU_07,130.42263237025128,84774.70405878936,Invalid Outlet_ID
OUT_15238,2024,3,DIST_NW_02,SKU_07,111.52207946123336,72489.35273519497,Invalid Outlet_ID
OUT_07259,2023,12,DIST_W_01,SKU_07,83.75087489694499,54438.03677973409,Invalid Outlet_ID
OUT_03691,2025,2,DIST_W_01,SKU_05,12.463325937453316,1121.7423465809625,Invalid Outlet_ID
OUT_14745,2023,8,DIST_NW_01,SKU_08,10.75117583457872,4730.494676509978,Invalid Outlet_ID
OUT_19145,2023,1,DIST_S_01,SKU_10,5.512227858282712,2035.295813351198,Invalid Outlet_ID
OUT_09014,2023,12,DIST_C_02,SKU_10,29.947197503842272,11057.379889202191,Invalid Outlet_ID
OUT_08564,2023,5,DIST_W_02,SKU_05,35.40193508856347,3186.150009286955,Invalid Outlet_ID
OUT_03691,2025,3,DIST_W_01,SKU_07,13.090907176875357,8509.10730757555,Invalid Outlet_ID
OUT_02795,2024,7,DIST_W_02,SKU_04,4.281755105981918,1391.5903575381008,Invalid Outlet_ID
OUT_09014,2023,4,DIST_C_02,SKU_02,112.30392562474034,28450.37396121117,Invalid Outlet_ID
OUT_10416,2023,4,DIST_C_01,SKU_03,7.366636664563863,2578.321854863383,Invalid Outlet_ID
OUT_02426,2024,6,DIST_W_02,SKU_06,40.00163001723514,3360.156786182547,Invalid Outlet_ID
OUT_15238,2023,11,DIST_NW_02,SKU_06,597.5964536488665,50198.128679328656,Invalid Outlet_ID
OUT_01864,2024,6,DIST_W_01,SKU_08,7.828211670427231,3444.4455631974874,Invalid Outlet_ID
OUT_01864,2024,3,DIST_W_01,SKU_07,23.94736664725636,15565.815375629092,Invalid Outlet_ID
OUT_13327,2023,2,DIST_NW_01,SKU_09,2.7066323060042903,5954.569975051051,Invalid Outlet_ID
OUT_14745,2023,10,DIST_NW_01,SKU_01,13.752104845776206,4125.670047521134,Invalid Outlet_ID
OUT_09014,2023,9,DIST_C_02,SKU_05,65.91845610252238,5932.710601433145,Invalid Outlet_ID
OUT_00090,2023,7,DIST_W_02,SKU_10,19.01551176741481,7021.078942458624,Invalid Outlet_ID
OUT_15630,2024,12,DIST_NW_02,SKU_09,4.672556340592903,10279.587510005347,Invalid Outlet_ID
OUT_14462,2025,2,DIST_NW_02,SKU_04,10.451953588812565,3396.879001668549,Invalid Outlet_ID
OUT_19330,2025,7,DIST_S_01,SKU_01,5.919936907965648,1775.985760354792,Invalid Outlet_ID
OUT_13998,2024,6,DIST_NW_01,SKU_04,55.39637938193948,18003.799214187966,Invalid Outlet_ID
OUT_10229,2023,9,DIST_C_03,SKU_04,23.85232892003017,7752.0049207414595,Invalid Outlet_ID
OUT_07259,2025,7,DIST_W_01,SKU_08,31.08353612262055,13676.76439918263,Invalid Outlet_ID
OUT_15238,2023,6,DIST_NW_02,SKU_08,66.00738439659878,29043.199417525568,Invalid Outlet_ID
OUT_19319,2025,12,DIST_S_02,SKU_01,18.36441514822036,5509.290833432568,Invalid Outlet_ID
OUT_10229,2025,5,DIST_C_03,SKU_05,59.250616044417775,5332.572758190419,Invalid Outlet_ID
OUT_17812,2023,8,DIST_S_02,SKU_01,5.93755581726664,1781.2751219898655,Invalid Outlet_ID
OUT_00090,2023,11,DIST_W_02,SKU_01,28.7944866253841,8638.32296950687,Invalid Outlet_ID
OUT_10530,2024,11,DIST_C_03,SKU_03,23.48687200038725,8220.443175904367,Invalid Outlet_ID
OUT_14745,2025,10,DIST_NW_01,SKU_02,27.61198017840524,6995.024718126678,Invalid Outlet_ID
OUT_13998,2024,5,DIST_NW_01,SKU_01,56.6127273188822,16983.771847438296,Invalid Outlet_ID
OUT_17174,2025,11,DIST_S_01,SKU_07,12.59360474750228,8185.821782889941,Invalid Outlet_ID
OUT_17661,2023,11,DIST_S_02,SKU_10,19.54224012121988,7215.609462063156,Invalid Outlet_ID
OUT_03691,2024,6,DIST_W_01,SKU_01,3.7623524858248527,1128.6726118834088,Invalid Outlet_ID
OUT_08564,2023,5,DIST_W_02,SKU_07,38.1593036535499,24803.51078371042,Invalid Outlet_ID
OUT_13998,2025,4,DIST_NW_01,SKU_04,60.63756079515879,19707.19743700065,Invalid Outlet_ID
OUT_07259,2023,9,DIST_W_01,SKU_05,53.99595977507816,4859.593817292133,Invalid Outlet_ID
OUT_17812,2024,5,DIST_S_02,SKU_10,2.210974873231037,816.3702487412817,Invalid Outlet_ID
OUT_13998,2025,4,DIST_NW_01,SKU_06,800.8313615058407,67269.80130515303,Invalid Outlet_ID
OUT_17661,2024,7,DIST_S_02,SKU_06,281.3843124133134,23636.284811065943,Invalid Outlet_ID
OUT_06028,2024,11,DIST_W_03,SKU_09,3.028122065606726,6661.889294643113,Invalid Outlet_ID
OUT_07259,2025,1,DIST_W_01,SKU_05,65.07994730256738,5857.157704571382,Invalid Outlet_ID
OUT_01864,2025,3,DIST_W_01,SKU_03,9.655000230770575,3379.2940311584966,Invalid Outlet_ID
OUT_19170,2023,2,DIST_S_02,SKU_10,6.315460516325267,2331.8300594636576,Invalid Outlet_ID
OUT_14462,2023,4,DIST_NW_02,SKU_03,14.749775627070449,5162.372479120267,Invalid Outlet_ID
OUT_08723,2025,4,DIST_W_02,SKU_06,193.7145152835318,16272.05448050834,Invalid Outlet_ID
OUT_10416,2024,10,DIST_C_01,SKU_01,5.167755611368167,1550.3353273235466,Invalid Outlet_ID
OUT_15238,2023,11,DIST_NW_02,SKU_10,38.78200350582198,14319.48433168159,Invalid Outlet_ID
OUT_14745,2023,11,DIST_NW_01,SKU_04,9.75805658457798,3171.3676602463206,Invalid Outlet_ID
OUT_10229,2024,8,DIST_C_03,SKU_05,103.44283139021005,9309.885762493808,Invalid Outlet_ID
OUT_09014,2024,8,DIST_C_02,SKU_08,43.57737351116186,19173.995425808516,Invalid Outlet_ID
OUT_16192,2023,10,DIST_NW_02,SKU_01,14.269775783940537,4280.9626557416905,Invalid Outlet_ID
OUT_16360,2025,12,DIST_NW_01,SKU_07,15.77192417431328,10251.773609580703,Invalid Outlet_ID
OUT_15915,2023,8,DIST_NW_02,SKU_01,5.622705349689304,1686.7694875695115,Invalid Outlet_ID
OUT_14462,2025,9,DIST_NW_02,SKU_05,23.862492032795515,2147.669492321847,Invalid Outlet_ID
OUT_18975,2023,3,DIST_S_01,SKU_05,25.54335852717876,2298.913591458946,Invalid Outlet_ID
OUT_18975,2024,11,DIST_S_01,SKU_02,33.78200877330656,8558.134610109932,Invalid Outlet_ID
OUT_08723,2023,8,DIST_W_02,SKU_04,9.306689763162774,3024.6295148665995,Invalid Outlet_ID
OUT_17661,2024,9,DIST_S_02,SKU_02,100.06100533755232,25348.78541163481,Invalid Outlet_ID
OUT_08564,2024,9,DIST_W_02,SKU_04,22.048081752174628,7165.6546728666535,Invalid Outlet_ID
OUT_15238,2024,10,DIST_NW_02,SKU_02,164.60950457795258,41701.11888073199,Invalid Outlet_ID
OUT_19170,2025,6,DIST_S_02,SKU_01,3.73449388359522,1120.3549840427731,Invalid Outlet_ID
OUT_10177,2025,5,DIST_C_02,SKU_09,5.225944241697241,11497.053848138576,Invalid Outlet_ID
OUT_14462,2024,4,DIST_NW_02,SKU_05,32.01792991068799,2881.5803012127067,Invalid Outlet_ID
OUT_08564,2023,10,DIST_W_02,SKU_08,27.58668183916543,12138.138487279057,Invalid Outlet_ID
OUT_08564,2025,9,DIST_W_02,SKU_09,16.8306221144748,37027.3648144671,Invalid Outlet_ID
OUT_16360,2023,1,DIST_NW_01,SKU_10,3.67322724389207,1356.26558458457,Invalid Outlet_ID
OUT_09014,2024,7,DIST_C_02,SKU_10,19.730043209304508,7284.982565326119,Invalid Outlet_ID
OUT_08723,2023,6,DIST_W_02,SKU_06,74.25549506490248,6237.439361282331,Invalid Outlet_ID
OUT_15238,2025,4,DIST_NW_02,SKU_09,48.8361025134842,107439.44930506706,Invalid Outlet_ID
OUT_08564,2023,3,DIST_W_02,SKU_02,92.0747141478889,23325.586652323163,Invalid Outlet_ID
OUT_10229,2023,9,DIST_C_03,SKU_10,20.078385889468883,7413.595491946191,Invalid Outlet_ID
OUT_10229,2025,4,DIST_C_03,SKU_02,134.0845085084767,33968.099980798535,Invalid Outlet_ID
OUT_14745,2025,2,DIST_NW_01,SKU_02,31.36764960301853,7946.484661026012,Invalid Outlet_ID
OUT_03691,2024,5,DIST_W_01,SKU_04,2.840355975338704,923.0713945382192,Invalid Outlet_ID
OUT_17661,2024,4,DIST_S_02,SKU_10,29.509145521149684,10895.709388887592,Invalid Outlet_ID
OUT_14462,2025,2,DIST_NW_02,SKU_07,24.3309878370844,15815.10163695661,Invalid Outlet_ID
OUT_02426,2025,7,DIST_W_02,SKU_05,12.421519537914897,1117.934342373993,Invalid Outlet_ID
OUT_17174,2025,12,DIST_S_01,SKU_09,3.6986847121239874,8137.088880538887,Invalid Outlet_ID
OUT_14745,2023,5,DIST_NW_01,SKU_05,22.434288562159427,2019.1209513761503,Invalid Outlet_ID
OUT_08564,2025,2,DIST_W_02,SKU_08,27.60397679230546,12145.760943000889,Invalid Outlet_ID
OUT_02862,2023,8,DIST_W_01,SKU_02,17.771515373091574,4502.088674381679,Invalid Outlet_ID
OUT_19319,2023,7,DIST_S_02,SKU_03,9.791336607649216,3426.985575325772,Invalid Outlet_ID
OUT_00090,2024,3,DIST_W_02,SKU_05,73.70440657008153,6633.38695369762,Invalid Outlet_ID
OUT_10177,2025,10,DIST_C_02,SKU_01,12.749170058229891,3824.7857670936737,Invalid Outlet_ID
OUT_15238,2023,10,DIST_NW_02,SKU_04,54.58664562963627,17740.6682851509,Invalid Outlet_ID
OUT_08564,2025,1,DIST_W_02,SKU_05,55.42339199857902,4988.068458973203,Invalid Outlet_ID
OUT_01864,2024,2,DIST_W_01,SKU_07,24.53803974470179,15949.7147557047,Invalid Outlet_ID
OUT_15238,2025,6,DIST_NW_02,SKU_08,58.93869302014114,25933.02348771473,Invalid Outlet_ID
OUT_12014,2024,2,DIST_C_03,SKU_04,4.924435798263663,1600.4664208888237,Invalid Outlet_ID
OUT_00090,2025,8,DIST_W_02,SKU_05,56.19798672488764,5057.799064488531,Invalid Outlet_ID
OUT_17661,2025,5,DIST_S_02,SKU_05,32.13046496393573,2891.736922657246,Invalid Outlet_ID
OUT_03691,2025,11,DIST_W_01,SKU_09,2.691610903019874,5921.537659417734,Invalid Outlet_ID
OUT_08564,2023,5,DIST_W_02,SKU_06,215.93102783515636,18138.246626144683,Invalid Outlet_ID
OUT_19319,2024,5,DIST_S_02,SKU_06,69.4136161704791,5830.752428068765,Invalid Outlet_ID
OUT_07259,2025,10,DIST_W_01,SKU_04,29.168529923610336,9479.789116180638,Invalid Outlet_ID
OUT_17661,2023,7,DIST_S_02,SKU_10,18.06484681600489,6670.142171570778,Invalid Outlet_ID
OUT_11877,2024,9,DIST_C_01,SKU_09,4.012458285335322,8827.402659552145,Invalid Outlet_ID
OUT_15238,2023,6,DIST_NW_02,SKU_06,603.4144066661888,50686.85405114205,Invalid Outlet_ID
OUT_10530,2024,4,DIST_C_03,SKU_04,39.94468147952968,12982.019202714331,Invalid Outlet_ID
OUT_15630,2024,12,DIST_NW_02,SKU_05,20.100142564497613,1809.0486447124597,Invalid Outlet_ID
OUT_10229,2025,2,DIST_C_03,SKU_01,28.644472794104363,8593.339766574592,Invalid Outlet_ID
OUT_15238,2025,5,DIST_NW_02,SKU_05,100.1335978859421,9012.003571406192,Invalid Outlet_ID
OUT_13998,2024,8,DIST_NW_01,SKU_04,47.18379786214864,15334.730471298531,Invalid Outlet_ID
OUT_19319,2025,9,DIST_S_02,SKU_03,10.144093000674566,3550.406727455208,Invalid Outlet_ID
OUT_06028,2024,6,DIST_W_03,SKU_07,8.376680579407411,5444.880880594469,Invalid Outlet_ID
OUT_17661,2023,7,DIST_S_02,SKU_08,32.27393554950347,14200.553316548065,Invalid Outlet_ID
OUT_07259,2023,8,DIST_W_01,SKU_07,60.78996922350652,39513.450569469525,Invalid Outlet_ID
OUT_10229,2023,11,DIST_C_03,SKU_01,32.226070249062815,9667.855489467713,Invalid Outlet_ID
OUT_19319,2025,3,DIST_S_02,SKU_05,23.150109409677555,2083.52607213018,Invalid Outlet_ID
OUT_02389,2025,8,DIST_W_02,SKU_03,4.355682307632548,1524.4771733405428,Invalid Outlet_ID
OUT_08723,2025,11,DIST_W_02,SKU_07,22.15264827195225,14399.248722308304,Invalid Outlet_ID
OUT_00090,2024,4,DIST_W_02,SKU_01,45.22782182548044,13568.32629346916,Invalid Outlet_ID
OUT_16360,2025,11,DIST_NW_01,SKU_07,11.554144336889047,7510.196118466366,Invalid Outlet_ID
OUT_07259,2025,10,DIST_W_01,SKU_03,22.44974935613366,7857.456184977444,Invalid Outlet_ID
OUT_02795,2025,7,DIST_W_02,SKU_01,7.008299107417206,2102.5347913340315,Invalid Outlet_ID
OUT_11877,2024,12,DIST_C_01,SKU_10,5.522708227300544,2039.192102485292,Invalid Outlet_ID
OUT_10177,2023,3,DIST_C_02,SKU_07,21.32853563469912,13863.543835713295,Invalid Outlet_ID
OUT_15238,2023,12,DIST_NW_02,SKU_03,64.24418062007094,22485.50170572854,Invalid Outlet_ID
OUT_15238,2024,11,DIST_NW_02,SKU_01,59.13443154549747,17740.279680834563,Invalid Outlet_ID
OUT_17812,2023,8,DIST_S_02,SKU_07,13.082831487987937,8503.81350431215,Invalid Outlet_ID
OUT_10530,2025,9,DIST_C_03,SKU_01,30.661489398443045,9198.458084151089,Invalid Outlet_ID
OUT_18975,2025,12,DIST_S_01,SKU_08,17.869015881594148,7862.390228969522,Invalid Outlet_ID
OUT_10530,2023,3,DIST_C_03,SKU_05,55.48284083927298,4993.441806846611,Invalid Outlet_ID
OUT_10177,2025,10,DIST_C_02,SKU_05,22.380853586656254,2014.2581505334388,Invalid Outlet_ID
OUT_19330,2024,7,DIST_S_01,SKU_04,5.290327301842981,1719.352018737426,Invalid Outlet_ID
OUT_19170,2023,8,DIST_S_02,SKU_07,11.625209044115437,7556.377722407306,Invalid Outlet_ID
OUT_08564,2024,12,DIST_W_02,SKU_05,99.72759292047527,8975.502127834428,Invalid Outlet_ID
OUT_08564,2025,12,DIST_W_02,SKU_09,19.89253810701399,43763.61803246854,Invalid Outlet_ID
OUT_19330,2025,5,DIST_S_01,SKU_09,2.0233209081791363,4451.342599868446,Invalid Outlet_ID
OUT_01864,2023,9,DIST_W_01,SKU_10,7.127779426443127,2631.783262991952,Invalid Outlet_ID
OUT_06028,2025,10,DIST_W_03,SKU_07,12.836107718650377,8343.473811921262,Invalid Outlet_ID
OUT_18975,2025,10,DIST_S_01,SKU_09,6.303572145799686,13867.822968571594,Invalid Outlet_ID
OUT_02862,2025,11,DIST_W_01,SKU_08,6.616801186628965,2911.3903829896376,Invalid Outlet_ID
OUT_19145,2025,7,DIST_S_01,SKU_07,13.200386988077382,8580.210062994838,Invalid Outlet_ID
OUT_15630,2023,12,DIST_NW_02,SKU_10,5.053812037779532,1866.016459550887,Invalid Outlet_ID
OUT_15238,2024,9,DIST_NW_02,SKU_02,168.22610827701578,42617.295322739286,Invalid Outlet_ID
OUT_16192,2023,12,DIST_NW_02,SKU_03,12.864649736853464,4502.58767459639,Invalid Outlet_ID
OUT_07259,2024,7,DIST_W_01,SKU_01,33.29510188234399,9988.511828191904,Invalid Outlet_ID
OUT_10530,2025,1,DIST_C_03,SKU_02,104.99415817136244,26598.565672588444,Invalid Outlet_ID
OUT_09014,2025,10,DIST_C_02,SKU_04,22.30129503775077,7247.932343126529,Invalid Outlet_ID
OUT_15238,2025,3,DIST_NW_02,SKU_10,41.78337994675712,15427.713139279507,Invalid Outlet_ID
OUT_14745,2025,6,DIST_NW_01,SKU_07,27.281799796481685,17733.152691895284,Invalid Outlet_ID
OUT_02862,2023,9,DIST_W_01,SKU_01,5.958382320464695,1787.555040927013,Invalid Outlet_ID
OUT_17661,2024,2,DIST_S_02,SKU_09,20.19825866673425,44436.15928967182,Invalid Outlet_ID
OUT_19170,2023,11,DIST_S_02,SKU_04,4.288978576885202,1393.8995938987491,Invalid Outlet_ID
OUT_16360,2023,1,DIST_NW_01,SKU_01,6.651382028849504,1995.4029915536355,Invalid Outlet_ID
OUT_13998,2024,6,DIST_NW_01,SKU_07,125.04074266516528,81276.51019831686,Invalid Outlet_ID
OUT_15238,2024,1,DIST_NW_02,SKU_04,40.44954756626009,13146.079024915316,Invalid Outlet_ID
OUT_16192,2023,1,DIST_NW_02,SKU_05,24.73440052211038,2226.137193487426,Invalid Outlet_ID
OUT_17812,2024,5,DIST_S_02,SKU_06,37.60763654857861,3159.018823033608,Invalid Outlet_ID
OUT_10530,2025,3,DIST_C_03,SKU_10,16.34806832548046,6036.258059724964,Invalid Outlet_ID
OUT_13998,2024,1,DIST_NW_01,SKU_02,179.82942839134097,45556.81782696767,Invalid Outlet_ID
OUT_16192,2024,4,DIST_NW_02,SKU_10,13.307725515144773,4913.602355311526,Invalid Outlet_ID
OUT_13998,2024,7,DIST_NW_01,SKU_05,130.1261421394894,11711.362041228773,Invalid Outlet_ID
OUT_17812,2023,7,DIST_S_02,SKU_06,57.1126692140027,4797.513086245819,Invalid Outlet_ID
OUT_10530,2024,12,DIST_C_03,SKU_05,87.81023062642498,7902.941795403573,Invalid Outlet_ID
OUT_19170,2024,7,DIST_S_02,SKU_08,5.83301479542096,2566.493821574357,Invalid Outlet_ID
OUT_06028,2023,4,DIST_W_03,SKU_07,15.963252571066288,10376.074015343343,Invalid Outlet_ID
OUT_10530,2023,4,DIST_C_03,SKU_01,46.95837450993614,14087.53752829886,Invalid Outlet_ID
OUT_14462,2025,5,DIST_NW_02,SKU_02,30.251359099226768,7663.659668216177,Invalid Outlet_ID
OUT_13998,2024,3,DIST_NW_01,SKU_07,128.0295593401371,83219.2357005248,Invalid Outlet_ID
OUT_10177,2025,5,DIST_C_02,SKU_10,6.245679231233322,2306.079149522617,Invalid Outlet_ID
OUT_14745,2025,11,DIST_NW_01,SKU_10,7.054308034235311,2604.650735191131,Invalid Outlet_ID
OUT_08564,2023,9,DIST_W_02,SKU_01,30.40449890550252,9121.353849216232,Invalid Outlet_ID
OUT_10530,2025,12,DIST_C_03,SKU_02,141.97129735849214,35966.099022951355,Invalid Outlet_ID
OUT_08723,2023,3,DIST_W_02,SKU_09,6.203828154958003,13648.386742439929,Invalid Outlet_ID
OUT_07259,2024,11,DIST_W_01,SKU_06,316.66857704213675,26600.11101525552,Invalid Outlet_ID
OUT_15238,2025,1,DIST_NW_02,SKU_01,60.54048967253223,18162.170453121857,Invalid Outlet_ID
OUT_17661,2024,6,DIST_S_02,SKU_04,16.59873372557912,5394.589616792503,Invalid Outlet_ID
OUT_12565,2024,2,DIST_C_02,SKU_04,4.756977938688888,1546.0107764301715,Invalid Outlet_ID
OUT_19330,2025,6,DIST_S_01,SKU_01,44.40666804987735,3730.115829928082,Invalid Outlet_ID
OUT_13998,2025,1,DIST_NW_01,SKU_10,44.052924692959365,16265.728622920053,Invalid Outlet_ID
OUT_11877,2024,1,DIST_C_01,SKU_05,12.65093735919666,1138.5856877109482,Invalid Outlet_ID
OUT_10753,2025,2,DIST_C_02,SKU_02,19.734368565729103,4999.32634256523,Invalid Outlet_ID
OUT_10177,2023,4,DIST_C_02,SKU_03,14.618954507099824,5116.625758570487,Invalid Outlet_ID
OUT_00090,2025,7,DIST_W_02,SKU_08,25.907053622187533,11399.125321459427,Invalid Outlet_ID
OUT_08564,2024,3,DIST_W_02,SKU_10,22.43843927638505,8284.924670189674,Invalid Outlet_ID
OUT_08564,2025,7,DIST_W_02,SKU_07,65.44992918059272,42542.41881512631,Invalid Outlet_ID
OUT_10416,2023,6,DIST_C_01,SKU_01,6.832389461088084,2049.737259173671,Invalid Outlet_ID
OUT_15238,2025,6,DIST_NW_02,SKU_10,35.69007600524764,13177.835567184971,Invalid Outlet_ID
OUT_09014,2024,6,DIST_C_02,SKU_10,16.927622275549325,6250.158390220051,Invalid Outlet_ID
OUT_15915,2023,6,DIST_NW_02,SKU_01,3.7552530819000833,1386.5566022255266,Invalid Outlet_ID
OUT_19319,2025,4,DIST_S_02,SKU_06,184.1919140598992,15472.161581741664,Invalid Outlet_ID
OUT_14462,2025,11,DIST_NW_02,SKU_09,6.515567121757385,14334.2565748139,Invalid Outlet_ID
OUT_10530,2023,11,DIST_C_03,SKU_10,20.34119398063958,7510.581169602747,Invalid Outlet_ID
OUT_17661,2023,7,DIST_S_02,SKU_05,47.90754112046098,4311.695880702442,Invalid Outlet_ID
OUT_19330,2024,7,DIST_S_01,SKU_07,12.860680571994113,8359.396561827665,Invalid Outlet_ID
OUT_08564,2023,5,DIST_W_02,SKU_09,10.522276013977264,23148.98525901722,Invalid Outlet_ID
OUT_17661,2023,2,DIST_S_02,SKU_05,90.2034966572032,8118.356165048791,Invalid Outlet_ID
OUT_09014,2024,6,DIST_C_02,SKU_06,303.0661021448921,25457.586748924397,Invalid Outlet_ID
OUT_10530,2023,4,DIST_C_03,SKU_08,42.156427058542086,18548.786190445702,Invalid Outlet_ID
OUT_13998,2025,9,DIST_NW_01,SKU_06,679.7686638729801,57100.57100759822,Invalid Outlet_ID
OUT_10416,2025,12,DIST_C_01,SKU_01,9.15815538756309,2747.462683229616,Invalid Outlet_ID
OUT_01864,2023,4,DIST_W_01,SKU_06,186.71629852750215,15684.178969098291,Invalid Outlet_ID
OUT_08564,2023,2,DIST_W_02,SKU_07,68.70555345343766,44658.65885234919,Invalid Outlet_ID
OUT_00090,2023,9,DIST_W_02,SKU_10,18.745581565621,6921.426225404215,Invalid Outlet_ID
OUT_09014,2024,2,DIST_C_02,SKU_05,69.66773722749926,6270.070845164608,Invalid Outlet_ID
OUT_07259,2024,11,DIST_W_01,SKU_01,29.046396981854823,8713.886577677999,Invalid Outlet_ID
OUT_07259,2023,8,DIST_W_01,SKU_10,21.927295878547,8096.187028286339,Invalid Outlet_ID
OUT_13998,2025,11,DIST_NW_01,SKU_06,514.4459426831014,43213.452226236805,Invalid Outlet_ID
OUT_10753,2023,4,DIST_C_02,SKU_03,7.914080172501219,2769.900516093644,Invalid Outlet_ID
OUT_09014,2024,6,DIST_C_02,SKU_04,25.60305301000926,8320.99358825172,Invalid Outlet_ID
OUT_07259,2024,12,DIST_W_01,SKU_06,443.7182937758422,37272.33311811087,Invalid Outlet_ID
OUT_17661,2023,9,DIST_S_02,SKU_01,30.70088239304935,9210.302946671603,Invalid Outlet_ID
OUT_02795,2025,2,DIST_W_02,SKU_09,2.470052744082916,5434.110319209648,Invalid Outlet_ID
OUT_17661,2024,8,DIST_S_02,SKU_01,30.79306766603554,9237.939996660163,Invalid Outlet_ID
OUT_01864,2025,4,DIST_W_01,SKU_07,31.140426297734155,20241.27769386049,Invalid Outlet_ID
OUT_13567,2025,7,DIST_NW_02,SKU_05,13.141800853620936,1182.7505582039958,Invalid Outlet_ID
OUT_08564,2024,4,DIST_W_02,SKU_02,127.62686407970182,32332.107586131748,Invalid Outlet_ID
OUT_08723,2025,2,DIST_W_02,SKU_01,11.784709562668436,3535.370711911149,Invalid Outlet_ID
OUT_17661,2025,6,DIST_S_02,SKU_04,16.701527088091407,5427.988112264598,Invalid Outlet_ID
OUT_06028,2023,1,DIST_W_03,SKU_04,4.309385427613171,1400.520309119259,Invalid Outlet_ID
OUT_00090,2023,12,DIST_W_02,SKU_09,16.910915077401178,37204.03117865721,Invalid Outlet_ID
OUT_19170,2025,5,DIST_S_02,SKU_08,3.719796062272741,1636.7395972148188,Invalid Outlet_ID
OUT_13327,2023,4,DIST_NW_01,SKU_06,80.39204441468378,6752.939161563169,Invalid Outlet_ID
OUT_13998,2025,8,DIST_NW_01,SKU_02,194.69542693643345,49322.87471393278,Invalid Outlet_ID
OUT_09014,2023,4,DIST_C_02,SKU_05,91.0144084123807,8191.267662037121,Invalid Outlet_ID
OUT_07259,2025,3,DIST_W_01,SKU_05,53.91045184292445,4851.898100366352,Invalid Outlet_ID
OUT_19170,2025,10,DIST_S_02,SKU_09,2.5789519150500766,5673.662186636889,Invalid Outlet_ID
OUT_07259,2025,2,DIST_W_01,SKU_05,50.84903684076596,4576.457911045585,Invalid Outlet_ID
OUT_07259,2025,11,DIST_W_01,SKU_01,31.183170569305908,9354.996474634692,Invalid Outlet_ID
OUT_10229,2025,6,DIST_C_03,SKU_03,24.822725314669835,8687.964867827195,Invalid Outlet_ID
OUT_09014,2025,6,DIST_C_02,SKU_03,23.352938466291175,8173.513658367175,Invalid Outlet_ID
OUT_16360,2023,11,DIST_NW_01,SKU_03,5.085887885957682,1780.0623317184734,Invalid Outlet_ID
OUT_02426,2023,2,DIST_W_02,SKU_01,5.609307464266065,2468.080927223559,Invalid Outlet_ID
OUT_16360,2023,4,DIST_NW_01,SKU_07,13.829367140163097,8989.12929463936,Invalid Outlet_ID
OUT_13998,2025,11,DIST_NW_01,SKU_10,47.788251476072574,17644.874141083048,Invalid Outlet_ID
OUT_15238,2024,2,DIST_NW_02,SKU_09,29.248440654067235,64346.61513440882,Invalid Outlet_ID
OUT_07259,2024,10,DIST_W_01,SKU_02,100.05000662609484,25345.97925230208,Invalid Outlet_ID
OUT_10177,2025,6,DIST_C_02,SKU_09,6.165976207584656,13565.188669476134,Invalid Outlet_ID
OUT_16360,2023,1,DIST_NW_01,SKU_05,11.59853766324331,1043.8412172490482,Invalid Outlet_ID
OUT_10753,2024,3,DIST_C_02,SKU_01,5.502815826252874,1788.366800106851,Invalid Outlet_ID
OUT_18975,2024,12,DIST_S_01,SKU_03,12.627394709311098,4419.607491323711,Invalid Outlet_ID
OUT_17499,2025,2,DIST_S_02,SKU_09,4.009657744203666,8821.255300323357,Invalid Outlet_ID
OUT_10530,2024,6,DIST_C_03,SKU_01,33.872152558474475,10161.612243524369,Invalid Outlet_ID
OUT_10530,2023,4,DIST_C_03,SKU_10,29.66419404272329,10952.963642037252,Invalid Outlet_ID
OUT_02795,2025,2,DIST_W_02,SKU_04,4.6927682264622375,1525.190264359405,Invalid Outlet_ID
OUT_17661,2025,3,DIST_S_02,SKU_03,26.269555792236545,9194.359823174658,Invalid Outlet_ID
OUT_15238,2023,3,DIST_NW_02,SKU_06,551.6873662063425,46341.7399765988,Invalid Outlet_ID
OUT_18975,2024,1,DIST_S_01,SKU_05,30.04938706040853,2704.4459839069496,Invalid Outlet_ID
OUT_19319,2025,10,DIST_S_02,SKU_07,22.18755837835976,14421.916822639489,Invalid Outlet_ID
OUT_00090,2023,5,DIST_W_02,SKU_01,21.599206715374915,6479.792407550183,Invalid Outlet_ID
OUT_19319,2024,9,DIST_S_02,SKU_08,11.588659283534948,5098.967974098167,Invalid Outlet_ID
OUT_00090,2023,1,DIST_W_02,SKU_05,63.25978817421833,5693.370283709511,Invalid Outlet_ID
OUT_19145,2023,4,DIST_S_01,SKU_10,6.38179177476709,2356.316673360056,Invalid Outlet_ID
OUT_06028,2023,2,DIST_W_03,SKU_08,5.858622488133147,2577.783047400749,Invalid Outlet_ID
OUT_07259,2023,10,DIST_W_01,SKU_10,19.094162009236083,7050.178292531452,Invalid Outlet_ID
OUT_17499,2023,4,DIST_S_02,SKU_09,4.8611511330165005,10694.57775847741,Invalid Outlet_ID
OUT_19145,2025,12,DIST_S_01,SKU_03,7.324025601881847,2563.4272189135045,Invalid Outlet_ID
OUT_06028,2024,10,DIST_W_03,SKU_08,5.804762733024912,2554.119650403795,Invalid Outlet_ID
OUT_19319,2025,6,DIST_S_02,SKU_06,78.47955808074965,6592.261914419517,Invalid Outlet_ID
OUT_07259,2025,3,DIST_W_01,SKU_04,24.67191110704248,8018.323982946854,Invalid Outlet_ID
OUT_15238,2023,11,DIST_NW_02,SKU_01,70.3658105989756,21109.733033648303,Invalid Outlet_ID
OUT_00090,2025,6,DIST_W_02,SKU_10,12.934987147522955,4775.999761564554,Invalid Outlet_ID
OUT_07259,2025,6,DIST_W_01,SKU_02,58.07920787718459,14713.40080822602,Invalid Outlet_ID
OUT_08564,2023,10,DIST_W_02,SKU_05,64.88373197032696,5839.560343471701,Invalid Outlet_ID
OUT_09014,2024,6,DIST_C_02,SKU_03,24.660070161982286,8631.045587081499,Invalid Outlet_ID
OUT_10530,2023,3,DIST_C_03,SKU_10,17.380898848374684,6417.550049329654,Invalid Outlet_ID
OUT_10229,2025,2,DIST_C_03,SKU_05,52.49910259293605,4724.92568006153,Invalid Outlet_ID
OUT_06028,2024,12,DIST_W_03,SKU_01,10.110188875487903,3033.047428920096,Invalid Outlet_ID
OUT_18975,2025,11,DIST_S_01,SKU_05,23.88170147672484,2149.38975577004,Invalid Outlet_ID
OUT_13998,2024,12,DIST_NW_01,SKU_02,244.5352069840052,61948.96344111229,Invalid Outlet_ID
OUT_10177,2023,9,DIST_C_02,SKU_08,11.187064986147703,4922.288848474372,Invalid Outlet_ID
OUT_02795,2025,8,DIST_W_02,SKU_09,2.687205968784168,5911.82946552849,Invalid Outlet_ID
OUT_12014,2025,10,DIST_C_03,SKU_03,5.2678791009512365,1843.7303027038604,Invalid Outlet_ID
OUT_17661,2023,4,DIST_S_02,SKU_09,18.0787351405723,39773.22544957574,Invalid Outlet_ID
OUT_07259,2023,8,DIST_W_01,SKU_04,21.33854345555607,6934.980613637379,Invalid Outlet_ID
OUT_15238,2023,5,DIST_NW_02,SKU_05,123.87860639990312,11149.10033017969,Invalid Outlet_ID
OUT_13998,2023,1,DIST_NW_01,SKU_07,124.74010053146212,81081.09905279415,Invalid Outlet_ID
OUT_10530,2024,8,DIST_C_03,SKU_09,17.522973998791464,38550.57741672452,Invalid Outlet_ID
OUT_13998,2024,7,DIST_NW_01,SKU_09,34.465978611651934,75825.18184291774,Invalid Outlet_ID
OUT_08564,2025,10,DIST_W_02,SKU_02,81.96709474050952,20765.026173591283,Invalid Outlet_ID
OUT_00090,2025,1,DIST_W_02,SKU_08,30.121823834762907,13253.634150735272,Invalid Outlet_ID
OUT_02389,2023,12,DIST_W_02,SKU_02,24.86777655278092,6299.824135259908,Invalid Outlet_ID
OUT_10530,2023,3,DIST_C_03,SKU_07,57.61968445904274,37452.82290701191,Invalid Outlet_ID
OUT_08564,2025,4,DIST_W_02,SKU_04,31.780307363204464,10328.636834515475,Invalid Outlet_ID
OUT_07259,2025,8,DIST_W_01,SKU_10,23.61461666758097,8719.20901061173,Invalid Outlet_ID
OUT_08564,2023,4,DIST_W_02,SKU_06,457.0961074753682,38396.03814381014,Invalid Outlet_ID
OUT_10229,2024,1,DIST_C_03,SKU_09,14.065229866056018,30943.4729853748,Invalid Outlet_ID
OUT_19170,2024,12,DIST_S_02,SKU_08,9.822622335058016,4321.965320097092,Invalid Outlet_ID
OUT_08723,2025,6,DIST_W_02,SKU_06,77.7083386732417,6527.491239790202,Invalid Outlet_ID
OUT_08564,2025,5,DIST_W_02,SKU_10,12.486626720868957,4610.406698415374,Invalid Outlet_ID
OUT_08564,2023,11,DIST_W_02,SKU_09,13.149058279558792,28927.90245999447,Invalid Outlet_ID
OUT_16192,2025,3,DIST_NW_02,SKU_07,17.404303642166546,11312.807479281078,Invalid Outlet_ID
OUT_02426,2024,5,DIST_W_02,SKU_03,3.197461999341367,1119.063667115612,Invalid Outlet_ID
OUT_09014,2023,7,DIST_C_02,SKU_04,21.681004061538356,7046.366601804781,Invalid Outlet_ID
OUT_18975,2025,7,DIST_S_01,SKU_04,10.196703301141092,3313.907892138009,Invalid Outlet_ID
OUT_08723,2024,6,DIST_W_02,SKU_06,76.43172030256797,6420.309772173931,Invalid Outlet_ID
OUT_19319,2025,9,DIST_S_02,SKU_09,5.869148112434345,12912.089761008934,Invalid Outlet_ID
OUT_19319,2025,2,DIST_S_02,SKU_08,15.366205156318529,6761.095541639646,Invalid Outlet_ID
OUT_15915,2023,6,DIST_NW_02,SKU_01,13.074677891547042,1176.712689711496,Invalid Outlet_ID
OUT_13998,2024,11,DIST_NW_01,SKU_04,46.93954227220549,15255.36202929088,Invalid Outlet_ID
OUT_14745,2023,11,DIST_NW_01,SKU_05,22.239037929830157,2001.5588107876504,Invalid Outlet_ID
OUT_19145,2023,4,DIST_S_01,SKU_02,26.69911645420444,6763.787297823257,Invalid Outlet_ID
OUT_14462,2025,12,DIST_NW_02,SKU_03,12.933428191601212,4526.687934949656,Invalid Outlet_ID
OUT_16360,2025,11,DIST_NW_01,SKU_02,16.017947408230444,4057.8614724483914,Invalid Outlet_ID
OUT_07259,2024,10,DIST_W_01,SKU_03,24.100853252501885,8435.328931683147,Invalid Outlet_ID
OUT_17661,2024,8,DIST_S_02,SKU_08,29.605348781366107,13026.369177605437,Invalid Outlet_ID
OUT_02862,2024,11,DIST_W_01,SKU_02,19.43277589617656,4922.985122566552,Invalid Outlet_ID
OUT_13567,2025,7,DIST_NW_02,SKU_01,61.37108445203058,5155.210361286082,Invalid Outlet_ID
OUT_15238,2024,8,DIST_NW_02,SKU_04,47.66846198298659,15492.237779772073,Invalid Outlet_ID
OUT_17661,2025,10,DIST_S_02,SKU_03,22.652644044390385,7928.454141292058,Invalid Outlet_ID
OUT_14745,2025,10,DIST_NW_01,SKU_07,21.42840079154396,13928.468858902716,Invalid Outlet_ID
OUT_10416,2024,2,DIST_C_01,SKU_01,6.734125534320899,2020.199859851381,Invalid Outlet_ID
OUT_15238,2025,4,DIST_NW_02,SKU_10,57.301710309676935,21157.5789527398,Invalid Outlet_ID
OUT_13998,2023,1,DIST_NW_01,SKU_01,62.375536174513535,18712.690964488145,Invalid Outlet_ID
OUT_15238,2025,4,DIST_NW_02,SKU_02,264.79568705523855,67081.53449887643,Invalid Outlet_ID
OUT_10177,2023,3,DIST_C_02,SKU_04,9.175156319647083,2981.9054984828244,Invalid Outlet_ID
OUT_11877,2023,3,DIST_C_01,SKU_04,5.433106721196509,1765.7651473541134,Invalid Outlet_ID
OUT_19319,2023,10,DIST_S_02,SKU_05,24.42295165079312,2198.0334157053944,Invalid Outlet_ID
OUT_08564,2024,12,DIST_W_02,SKU_06,350.2129502978466,29417.913355763336,Invalid Outlet_ID
OUT_01864,2023,1,DIST_W_01,SKU_05,23.48269949167146,2113.4244998295208,Invalid Outlet_ID
OUT_02389,2025,5,DIST_W_02,SKU_03,2.768105465347917,968.7992083309698,Invalid Outlet_ID
OUT_01864,2024,10,DIST_W_01,SKU_08,11.28215961830718,4964.110347005142,Invalid Outlet_ID
OUT_15238,2023,10,DIST_NW_02,SKU_09,26.330529456245944,57927.13852355963,Invalid Outlet_ID
OUT_00090,2025,9,DIST_W_02,SKU_09,13.937517027804088,30662.518560725337,Invalid Outlet_ID
OUT_07259,2023,5,DIST_W_01,SKU_02,59.78942391145285,15146.669952568016,Invalid Outlet_ID
OUT_10530,2023,7,DIST_C_03,SKU_06,352.3518794434628,29597.592357387763,Invalid Outlet_ID
OUT_00090,2023,12,DIST_W_02,SKU_03,39.91973006865986,13971.900581040602,Invalid Outlet_ID
OUT_09014,2025,9,DIST_C_02,SKU_01,32.95425502949422,9886.281951838037,Invalid Outlet_ID
OUT_15915,2025,2,DIST_NW_02,SKU_10,3.123194447894429,1153.1459858411574,Invalid Outlet_ID
OUT_13998,2024,4,DIST_NW_01,SKU_05,201.45856746581163,18131.26148197398,Invalid Outlet_ID
OUT_07259,2024,6,DIST_W_01,SKU_04,14.646078725993569,4759.965330059454,Invalid Outlet_ID
OUT_16360,2023,2,DIST_NW_01,SKU_01,11.41670132761022,7420.894932848319,Invalid Outlet_ID
OUT_07259,2023,6,DIST_W_01,SKU_06,203.76223898053317,17115.98355872259,Invalid Outlet_ID
OUT_10416,2025,4,DIST_C_01,SKU_01,5.209164244694002,1923.3396281854623,Invalid Outlet_ID
OUT_07259,2024,7,DIST_W_01,SKU_05,66.3486528180084,5971.334603479175,Invalid Outlet_ID
OUT_10530,2023,11,DIST_C_03,SKU_04,18.500539064225784,6012.722139179991,Invalid Outlet_ID
OUT_00090,2023,12,DIST_W_02,SKU_01,45.962963350891016,13788.923593731366,Invalid Outlet_ID
OUT_16192,2025,10,DIST_NW_02,SKU_05,25.992457507454237,2339.308784791004,Invalid Outlet_ID
OUT_00090,2024,10,DIST_W_02,SKU_09,14.420744504691084,31725.617529927036,Invalid Outlet_ID
OUT_15915,2023,8,DIST_NW_02,SKU_03,4.606750203526149,1612.3206234470726,Invalid Outlet_ID
OUT_17174,2023,12,DIST_S_01,SKU_05,17.002568913332166,1530.2623537974248,Invalid Outlet_ID
OUT_00090,2024,7,DIST_W_02,SKU_09,14.053420291915222,30917.47498553426,Invalid Outlet_ID
OUT_00090,2024,8,DIST_W_02,SKU_09,16.640294792934746,36608.69486072612,Invalid Outlet_ID
OUT_15238,2024,4,DIST_NW_02,SKU_04,71.04676905592747,23090.203894086677,Invalid Outlet_ID
OUT_15238,2025,11,DIST_NW_02,SKU_05,121.91221248393488,10972.09251607371,Invalid Outlet_ID
OUT_10530,2024,12,DIST_C_03,SKU_07,78.88617555208329,51276.0340644713,Invalid Outlet_ID
OUT_06028,2023,3,DIST_W_03,SKU_01,6.1645331353660255,1849.365851107828,Invalid Outlet_ID
OUT_07259,2023,7,DIST_W_01,SKU_05,54.56520590579884,4910.879770842224,Invalid Outlet_ID
OUT_09014,2023,9,DIST_C_02,SKU_10,18.83771682203332,6955.430673949864,Invalid Outlet_ID
OUT_00090,2023,8,DIST_W_02,SKU_10,19.595804628423394,7235.400325630299,Invalid Outlet_ID
OUT_17661,2023,7,DIST_S_02,SKU_03,26.665335567337717,9332.880694481875,Invalid Outlet_ID
OUT_15238,2023,1,DIST_NW_02,SKU_07,118.5215742952166,77038.97771232053,Invalid Outlet_ID
OUT_10530,2023,7,DIST_C_03,SKU_05,79.98447565763126,7198.625355728225,Invalid Outlet_ID
OUT_07259,2025,1,DIST_W_01,SKU_01,28.06330701633967,8418.994659165923,Invalid Outlet_ID
OUT_13998,2024,5,DIST_NW_01,SKU_07,135.57375242339415,88122.97619507661,Invalid Outlet_ID
OUT_09014,2025,1,DIST_C_02,SKU_02,104.0900269817504,26369.446677446613,Invalid Outlet_ID
OUT_13998,2023,10,DIST_NW_01,SKU_04,53.92936663665898,17527.013615926386,Invalid Outlet_ID
OUT_00090,2024,10,DIST_W_02,SKU_10,20.590215525219,7602.507186822293,Invalid Outlet_ID
OUT_07259,2024,1,DIST_W_01,SKU_10,17.835346639960928,6585.382268340372,Invalid Outlet_ID
OUT_10530,2025,4,DIST_C_03,SKU_06,397.0050780398724,33348.40228382709,Invalid Outlet_ID
OUT_02862,2023,3,DIST_W_01,SKU_03,4.3598742040896905,1525.9308898527731,Invalid Outlet_ID
OUT_10177,2024,5,DIST_C_02,SKU_06,129.24670160952058,10856.769003556195,Invalid Outlet_ID
OUT_01864,2024,1,DIST_W_01,SKU_07,23.23023790139574,15099.681197398697,Invalid Outlet_ID
OUT_16192,2023,9,DIST_NW_02,SKU_02,35.936664990243194,9103.99864807054,Invalid Outlet_ID
OUT_09014,2023,12,DIST_C_02,SKU_02,135.52788627207508,34333.74791602115,Invalid Outlet_ID
OUT_14745,2025,10,DIST_NW_01,SKU_04,10.855970501158597,3528.1472869453155,Invalid Outlet_ID
OUT_18356,2024,12,DIST_S_02,SKU_01,24.942007658528947,6318.639513116863,Invalid Outlet_ID
OUT_17661,2024,10,DIST_S_02,SKU_02,84.6438134800627,21443.092127558382,Invalid Outlet_ID
OUT_13998,2024,7,DIST_NW_01,SKU_02,216.82774900658848,54929.73183559236,Invalid Outlet_ID
OUT_19319,2024,6,DIST_S_02,SKU_09,4.125435253017447,9075.938572612578,Invalid Outlet_ID
OUT_15238,2023,11,DIST_NW_02,SKU_05,121.00370389405012,10890.341525947577,Invalid Outlet_ID
OUT_10177,2024,5,DIST_C_02,SKU_07,22.082465608317776,14353.574000092782,Invalid Outlet_ID
OUT_01864,2025,9,DIST_W_01,SKU_03,8.757558297538797,3065.194262806044,Invalid Outlet_ID
OUT_14462,2023,3,DIST_NW_02,SKU_07,24.09738291197269,15663.26300117186,Invalid Outlet_ID
OUT_14745,2025,7,DIST_NW_01,SKU_10,7.989669600823225,2950.077116455245,Invalid Outlet_ID
OUT_08564,2025,11,DIST_W_02,SKU_08,34.231413695530534,15061.845649010524,Invalid Outlet_ID
OUT_12014,2025,10,DIST_C_03,SKU_05,13.748619824011294,1237.4165090533045,Invalid Outlet_ID
OUT_13998,2023,8,DIST_NW_01,SKU_01,66.93268364261566,20079.79690946306,Invalid Outlet_ID
OUT_14462,2024,1,DIST_NW_02,SKU_06,106.69466742373422,8962.399687680267,Invalid Outlet_ID
OUT_15238,2023,9,DIST_NW_02,SKU_08,56.54307171016491,24878.91717791008,Invalid Outlet_ID
OUT_19330,2024,1,DIST_S_01,SKU_06,100.31676755221608,8426.580373152154,Invalid Outlet_ID
OUT_14462,2023,4,DIST_NW_02,SKU_01,16.86055364517308,5058.160204122216,Invalid Outlet_ID
OUT_00090,2024,9,DIST_W_02,SKU_08,31.773775083593684,13980.47102768023,Invalid Outlet_ID
OUT_17661,2024,6,DIST_S_02,SKU_10,11.634493885558127,4295.800643534947,Invalid Outlet_ID
OUT_10530,2025,10,DIST_C_03,SKU_07,59.07424272785384,38398.24154734234,Invalid Outlet_ID
OUT_15915,2023,1,DIST_NW_02,SKU_05,11.536249001632417,1038.2195850932678,Invalid Outlet_ID
OUT_17661,2024,2,DIST_S_02,SKU_01,42.44935725899974,12734.777591153224,Invalid Outlet_ID
OUT_13998,2025,12,DIST_NW_01,SKU_03,70.04537266836945,24515.849617205145,Invalid Outlet_ID
OUT_10530,2024,7,DIST_C_03,SKU_09,13.716568209156495,30176.43028315124,Invalid Outlet_ID
OUT_13998,2024,4,DIST_NW_01,SKU_07,208.55767592852692,135562.52737378023,Invalid Outlet_ID
OUT_02795,2025,11,DIST_W_02,SKU_08,5.572541067398583,2451.86953828914,Invalid Outlet_ID
OUT_14462,2023,2,DIST_NW_02,SKU_08,13.979658461071995,6151.020367065214,Invalid Outlet_ID
OUT_16360,2025,1,DIST_NW_01,SKU_02,16.74590286370794,4242.329854083312,Invalid Outlet_ID
OUT_07259,2025,1,DIST_W_01,SKU_06,331.7320518969341,27865.515378820197,Invalid Outlet_ID
OUT_13998,2024,11,DIST_NW_01,SKU_07,131.0676182288734,85193.99846147635,Invalid Outlet_ID
OUT_19319,2023,12,DIST_S_02,SKU_03,14.7097503504811,5148.432278362622,Invalid Outlet_ID
OUT_03691,2024,6,DIST_W_01,SKU_02,10.75745408547845,2725.249057502272,Invalid Outlet_ID
OUT_08723,2024,9,DIST_W_02,SKU_03,8.980643450401427,3143.2305985374087,Invalid Outlet_ID
OUT_10177,2025,6,DIST_C_02,SKU_03,10.023013068374253,3508.014668791011,Invalid Outlet_ID
OUT_17661,2025,8,DIST_S_02,SKU_01,29.560948333535777,8868.275080364672,Invalid Outlet_ID
OUT_10229,2024,6,DIST_C_03,SKU_06,346.0330468532183,29066.78422801721,Invalid Outlet_ID
OUT_13998,2025,7,DIST_NW_01,SKU_08,67.57712417226674,29733.957038038287,Invalid Outlet_ID
OUT_15238,2024,11,DIST_NW_02,SKU_04,46.591020759896814,15142.116153128589,Invalid Outlet_ID
OUT_00090,2025,9,DIST_W_02,SKU_01,33.23595631532968,9970.822920668148,Invalid Outlet_ID
OUT_15238,2025,9,DIST_NW_02,SKU_04,41.40257423725599,13455.839491253246,Invalid Outlet_ID
OUT_15238,2025,5,DIST_NW_02,SKU_01,58.6952748373987,17608.610893201232,Invalid Outlet_ID
OUT_02426,2025,12,DIST_W_02,SKU_04,7.148238121926631,2323.1817562467686,Invalid Outlet_ID
OUT_10229,2024,12,DIST_C_03,SKU_10,25.783685341635845,9520.093712571652,Invalid Outlet_ID
OUT_13998,2024,4,DIST_NW_01,SKU_04,67.24129220029538,21853.45576824104,Invalid Outlet_ID
OUT_14745,2025,6,DIST_NW_01,SKU_03,9.559999837684655,3346.0111250490027,Invalid Outlet_ID
OUT_01864,2025,2,DIST_W_01,SKU_02,36.68515752616694,9293.600963309143,Invalid Outlet_ID
OUT_13998,2024,3,DIST_NW_01,SKU_04,51.00349459118912,16576.146352798365,Invalid Outlet_ID
OUT_02795,2024,8,DIST_W_02,SKU_09,2.977432670354651,6550.395555385926,Invalid Outlet_ID
OUT_14462,2025,10,DIST_NW_02,SKU_09,5.532006292370043,12170.431313722283,Invalid Outlet_ID
OUT_15238,2023,11,DIST_NW_02,SKU_08,53.761882446358925,23655.192544508005,Invalid Outlet_ID
OUT_15630,2023,3,DIST_NW_02,SKU_08,5.072894150344924,2232.089051919512,Invalid Outlet_ID
OUT_02862,2025,9,DIST_W_01,SKU_03,4.882986961451525,1709.0411337543585,Invalid Outlet_ID
OUT_08564,2025,12,DIST_W_02,SKU_04,37.3785040228741,12148.017463911405,Invalid Outlet_ID
OUT_10177,2025,12,DIST_C_02,SKU_09,8.261803215089145,18175.922908002707,Invalid Outlet_ID
OUT_08723,2024,9,DIST_W_02,SKU_05,23.87829899891219,2149.0793741406646,Invalid Outlet_ID
OUT_14745,2024,10,DIST_NW_01,SKU_10,8.02745964927887,2963.9536816563545,Invalid Outlet_ID
OUT_10753,2024,7,DIST_C_02,SKU_04,4.888242971040338,1588.6374997442738,Invalid Outlet_ID
OUT_07259,2024,12,DIST_W_01,SKU_01,40.73367174427172,12220.06886918032,Invalid Outlet_ID
OUT_15915,2024,6,DIST_NW_02,SKU_08,5.854855989250109,2576.165627352786,Invalid Outlet_ID
OUT_16192,2024,10,DIST_NW_02,SKU_08,12.13017066124126,5337.248711042898,Invalid Outlet_ID
OUT_10753,2024,4,DIST_C_02,SKU_08,8.666131008729417,3813.090185661134,Invalid Outlet_ID
OUT_17174,2025,9,DIST_S_01,SKU_05,10.804877170209824,972.472270943719,Invalid Outlet_ID
OUT_09014,2025,12,DIST_C_02,SKU_03,29.69375171937835,10392.806774420533,Invalid Outlet_ID
OUT_07259,2025,7,DIST_W_01,SKU_04,23.859904969230172,7754.513983841156,Invalid Outlet_ID
OUT_10753,2024,4,DIST_C_02,SKU_04,6.509360739017424,2115.4978272803,Invalid Outlet_ID
OUT_08564,2024,7,DIST_W_02,SKU_04,23.26826343415382,7562.219120210685,Invalid Outlet_ID
OUT_13998,2024,2,DIST_NW_01,SKU_06,514.7550137449299,43239.4463534374,Invalid Outlet_ID
OUT_10229,2023,4,DIST_C_03,SKU_06,422.28593395344046,35472.060168709744,Invalid Outlet_ID
OUT_10229,2024,1,DIST_C_03,SKU_01,32.77398664723639,9832.146292711004,Invalid Outlet_ID
OUT_18975,2023,4,DIST_S_01,SKU_04,13.015415731298011,4230.043391840849,Invalid Outlet_ID
OUT_17499,2025,2,DIST_S_02,SKU_04,7.242174825485482,2353.7294959028422,Invalid Outlet_ID
OUT_13998,2024,9,DIST_NW_01,SKU_04,47.58540200779977,15465.243508915772,Invalid Outlet_ID
OUT_08723,2023,4,DIST_W_02,SKU_03,13.543689402340595,4740.260650532306,Invalid Outlet_ID
OUT_08723,2023,11,DIST_W_02,SKU_07,22.65338457489696,14724.744366260147,Invalid Outlet_ID
OUT_00090,2025,7,DIST_W_02,SKU_01,28.91484425307023,8674.426963842578,Invalid Outlet_ID
OUT_06028,2024,10,DIST_W_03,SKU_06,59.15886284802773,4969.316326988169,Invalid Outlet_ID
OUT_09014,2025,10,DIST_C_02,SKU_08,28.3631259004341,12479.761904042192,Invalid Outlet_ID
OUT_02795,2023,1,DIST_W_02,SKU_01,5.26721973570556,1711.8227065061976,Invalid Outlet_ID
OUT_15238,2024,12,DIST_NW_02,SKU_04,64.16103906006263,20852.29548812388,Invalid Outlet_ID
OUT_02862,2024,7,DIST_W_01,SKU_01,5.344495550271201,1737.0038510162012,Invalid Outlet_ID
OUT_10530,2024,5,DIST_C_03,SKU_08,28.424312231788544,12506.742418288022,Invalid Outlet_ID
OUT_14745,2024,10,DIST_NW_01,SKU_08,12.414693394759007,5462.443831749945,Invalid Outlet_ID
OUT_10229,2023,9,DIST_C_03,SKU_02,89.47903712303805,22667.997556999955,Invalid Outlet_ID
OUT_10229,2023,1,DIST_C_03,SKU_04,22.651379325303356,7361.6506220299425,Invalid Outlet_ID
OUT_12565,2023,3,DIST_C_02,SKU_08,5.274568677628768,2320.7915764769027,Invalid Outlet_ID
OUT_10229,2025,8,DIST_C_03,SKU_05,87.15396454313215,7843.884299730988,Invalid Outlet_ID
OUT_10416,2023,9,DIST_C_01,SKU_05,11.075467343279186,996.7468343901306,Invalid Outlet_ID
OUT_10177,2025,6,DIST_C_02,SKU_10,8.703114761706583,3213.455966648429,Invalid Outlet_ID
OUT_19319,2023,4,DIST_S_02,SKU_07,44.16218226454296,28705.46374747917,Invalid Outlet_ID
OUT_02795,2023,7,DIST_W_02,SKU_01,6.973952164209992,3068.5613577121035,Invalid Outlet_ID
OUT_13998,2025,3,DIST_NW_01,SKU_05,108.1173904519685,9730.53780592595,Invalid Outlet_ID
OUT_07259,2025,9,DIST_W_01,SKU_02,92.060066721416,23321.92824883801,Invalid Outlet_ID
OUT_08564,2024,12,DIST_W_02,SKU_07,93.52785445958165,60793.07253035489,Invalid Outlet_ID
OUT_14745,2025,11,DIST_NW_01,SKU_02,33.83975550608102,8572.766805682548,Invalid Outlet_ID
OUT_00090,2024,6,DIST_W_02,SKU_06,215.34415868327105,18088.864945482524,Invalid Outlet_ID
OUT_08723,2025,1,DIST_W_02,SKU_04,10.14727786460305,3297.818540506752,Invalid Outlet_ID
OUT_10229,2023,3,DIST_C_03,SKU_08,32.6924789085454,14384.70926517716,Invalid Outlet_ID
OUT_15238,2024,2,DIST_NW_02,SKU_04,56.91199238993952,18496.376408792272,Invalid Outlet_ID
OUT_15915,2024,7,DIST_NW_02,SKU_10,3.7909983088975534,1399.7537140590296,Invalid Outlet_ID
OUT_03691,2025,4,DIST_W_01,SKU_02,27.301251770633733,6916.352051302574,Invalid Outlet_ID
OUT_10177,2025,8,DIST_C_02,SKU_08,19.31443418476655,8498.35702460007,Invalid Outlet_ID
OUT_15238,2024,11,DIST_NW_02,SKU_07,112.64151071138946,73216.98411452601,Invalid Outlet_ID
OUT_07259,2025,3,DIST_W_01,SKU_07,56.79903011896295,36919.39627160674,Invalid Outlet_ID
OUT_15238,2025,10,DIST_NW_02,SKU_08,57.140944134050216,25142.06412164868,Invalid Outlet_ID
OUT_02862,2023,8,DIST_W_01,SKU_04,4.647371717228454,1510.352011976001,Invalid Outlet_ID
OUT_00090,2023,12,DIST_W_02,SKU_03,39.91973006865986,13971.909735211118,Invalid Outlet_ID
OUT_10530,2023,4,DIST_C_03,SKU_02,143.8276913550221,36436.36160319878,Invalid Outlet_ID
OUT_18975,2023,2,DIST_S_01,SKU_09,8.24212265124431,18132.70296002164,Invalid Outlet_ID
OUT_03691,2025,3,DIST_W_01,SKU_06,66.7491321343227,5606.923764412096,Invalid Outlet_ID
OUT_08564,2025,3,DIST_W_02,SKU_07,56.76351341629201,36896.23983509845,Invalid Outlet_ID
OUT_14745,2025,9,DIST_NW_01,SKU_07,20.12901068257855,13083.823079929032,Invalid Outlet_ID
OUT_07259,2024,2,DIST_W_01,SKU_08,29.44766617750112,12956.9986466458,Invalid Outlet_ID
OUT_12014,2025,3,DIST_C_03,SKU_09,3.032860277721544,6672.256325585305,Invalid Outlet_ID
OUT_15238,2023,8,DIST_NW_02,SKU_10,41.882005610725976,15464.129317209632,Invalid Outlet_ID
OUT_10177,2025,2,DIST_C_02,SKU_07,22.159054766671765,14403.38187141903,Invalid Outlet_ID
OUT_15238,2025,3,DIST_NW_02,SKU_06,618.062426922574,51917.28762503334,Invalid Outlet_ID
OUT_19170,2023,11,DIST_S_02,SKU_08,5.860579226437536,2578.692140017092,Invalid Outlet_ID
OUT_17661,2023,11,DIST_S_02,SKU_07,50.91400379143457,33094.06951798887,Invalid Outlet_ID
OUT_15238,2023,7,DIST_NW_02,SKU_09,27.73403441509649,61014.91695062911,Invalid Outlet_ID
OUT_17661,2024,3,DIST_S_02,SKU_02,84.24478290386364,21341.962000109765,Invalid Outlet_ID
OUT_08723,2025,5,DIST_W_02,SKU_08,6.901085210132615,3036.495457181853,Invalid Outlet_ID
OUT_00090,2024,11,DIST_W_02,SKU_02,86.83875250061189,21999.194011599146,Invalid Outlet_ID
OUT_18975,2024,5,DIST_S_01,SKU_03,6.636479862989676,2322.7468130557995,Invalid Outlet_ID
OUT_13327,2023,7,DIST_NW_01,SKU_02,18.94939198622048,4800.48392137804,Invalid Outlet_ID
OUT_17174,2023,8,DIST_S_01,SKU_10,4.044590058157094,1493.380051537928,Invalid Outlet_ID
OUT_15630,2023,10,DIST_NW_02,SKU_01,3.691472130490072,1363.0339530263122,Invalid Outlet_ID
OUT_00090,2023,11,DIST_W_02,SKU_04,23.333933059208874,7583.479343278983,Invalid Outlet_ID
OUT_10177,2023,4,DIST_C_02,SKU_09,7.559734823072174,16631.407357238993,Invalid Outlet_ID
OUT_17499,2023,3,DIST_S_02,SKU_04,4.703520815424482,1528.661881127986,Invalid Outlet_ID
OUT_07259,2024,2,DIST_W_01,SKU_01,29.02601603922705,8707.80491110953,Invalid Outlet_ID
OUT_13998,2023,10,DIST_NW_01,SKU_01,67.65460694091847,20296.369268923936,Invalid Outlet_ID
OUT_12565,2023,4,DIST_C_02,SKU_01,24.4369204147277,6190.68379183221,Invalid Outlet_ID
OUT_13998,2025,6,DIST_NW_01,SKU_08,50.1879542955655,22082.664194591933,Invalid Outlet_ID
OUT_08564,2024,9,DIST_W_02,SKU_06,329.4596777387527,27674.578376155485,Invalid Outlet_ID
OUT_09014,2024,12,DIST_C_02,SKU_10,26.93500465351152,9945.198171569911,Invalid Outlet_ID
OUT_14745,2025,11,DIST_NW_01,SKU_08,12.75344965955648,5611.476819050475,Invalid Outlet_ID
OUT_14462,2025,10,DIST_NW_02,SKU_01,11.753368993396462,3526.0195126509325,Invalid Outlet_ID
OUT_17661,2023,5,DIST_S_02,SKU_08,20.091032630576525,8840.032293462631,Invalid Outlet_ID
OUT_19170,2023,10,DIST_S_02,SKU_05,11.44609226961781,1030.176134190028,Invalid Outlet_ID
OUT_09014,2025,9,DIST_C_02,SKU_03,24.5092768380938,8578.29659076744,Invalid Outlet_ID
OUT_09014,2025,3,DIST_C_02,SKU_03,24.035200463056768,8412.2895543249,Invalid Outlet_ID
OUT_15238,2025,1,DIST_NW_02,SKU_09,32.72763328514529,72000.83015848769,Invalid Outlet_ID
OUT_10753,2025,10,DIST_C_02,SKU_10,3.5775093446052546,1320.908388893917,Invalid Outlet_ID
OUT_09014,2024,3,DIST_C_02,SKU_04,22.70280576463243,7378.366968986907,Invalid Outlet_ID
OUT_10177,2024,10,DIST_C_02,SKU_02,38.1041127195825,9653.047996722942,Invalid Outlet_ID
OUT_08564,2024,1,DIST_W_02,SKU_04,21.29062572526887,6919.417920384467,Invalid Outlet_ID
OUT_11877,2023,9,DIST_C_01,SKU_07,11.515096444577182,7484.777005260377,Invalid Outlet_ID
OUT_10530,2025,7,DIST_C_03,SKU_05,56.92097874518193,5122.916008750493,Invalid Outlet_ID
OUT_10530,2025,3,DIST_C_03,SKU_08,33.26020510241949,14634.538982854276,Invalid Outlet_ID
OUT_16192,2023,10,DIST_NW_02,SKU_02,37.963641037228896,9617.489224975336,Invalid Outlet_ID
OUT_19170,2025,8,DIST_S_02,SKU_07,10.364595415865978,6736.957597075928,Invalid Outlet_ID
OUT_13998,2023,12,DIST_NW_01,SKU_10,55.99006073696319,20673.29081779657,Invalid Outlet_ID
OUT_11877,2025,7,DIST_C_01,SKU_10,3.920053015986229,1447.3997517235116,Invalid Outlet_ID
OUT_16192,2024,3,DIST_NW_02,SKU_09,5.908099075766026,12997.834205429286,Invalid Outlet_ID
OUT_10229,2024,6,DIST_C_03,SKU_03,22.850221178244496,7997.555031601287,Invalid Outlet_ID
OUT_08564,2023,1,DIST_W_02,SKU_10,19.16209093417808,7075.219037425805,Invalid Outlet_ID
OUT_08723,2024,9,DIST_W_02,SKU_04,10.211133852073084,3318.625793708053,Invalid Outlet_ID
OUT_07259,2025,12,DIST_W_01,SKU_04,38.11183696514541,12386.382404585278,Invalid Outlet_ID
OUT_12565,2025,3,DIST_C_02,SKU_03,4.550705570615257,1592.7108776362973,Invalid Outlet_ID
OUT_13998,2023,8,DIST_NW_01,SKU_09,30.37504648868093,66825.1427225129,Invalid Outlet_ID
OUT_07259,2024,3,DIST_W_01,SKU_06,258.3508656604544,21701.47931737725,Invalid Outlet_ID
OUT_17661,2023,6,DIST_S_02,SKU_05,28.459759866076467,2561.4135570647168,Invalid Outlet_ID
OUT_15630,2025,6,DIST_NW_02,SKU_01,62.57270129847616,5256.124806749367,Invalid Outlet_ID
OUT_19170,2024,8,DIST_S_02,SKU_02,18.113651795840003,4588.823443522891,Invalid Outlet_ID
OUT_09014,2023,5,DIST_C_02,SKU_02,97.97064031984968,24819.27804949892,Invalid Outlet_ID
OUT_08564,2023,1,DIST_W_02,SKU_08,29.899786872948933,13155.902898776518,Invalid Outlet_ID
OUT_17661,2024,3,DIST_S_02,SKU_06,286.3235062856064,24051.17577186319,Invalid Outlet_ID
OUT_07259,2025,11,DIST_W_01,SKU_05,63.72684045602186,5735.460243350389,Invalid Outlet_ID
OUT_14745,2023,7,DIST_NW_01,SKU_06,102.40302894859188,8601.806974755948,Invalid Outlet_ID
OUT_03691,2023,1,DIST_W_01,SKU_06,54.92544354903849,4613.70600745264,Invalid Outlet_ID
OUT_13998,2023,5,DIST_NW_01,SKU_03,52.99522610513739,18548.34666865244,Invalid Outlet_ID
OUT_09014,2025,4,DIST_C_02,SKU_04,32.3491735302434,10513.523262124314,Invalid Outlet_ID
OUT_17661,2025,1,DIST_S_02,SKU_02,131.06664042097117,33203.58922570842,Invalid Outlet_ID
OUT_07259,2024,2,DIST_W_01,SKU_09,15.526229268130209,34157.75227832865,Invalid Outlet_ID
OUT_15238,2024,7,DIST_NW_02,SKU_09,29.357490255051008,64586.522089917504,Invalid Outlet_ID
OUT_09014,2025,1,DIST_C_02,SKU_03,26.56808205810179,9298.798274907716,Invalid Outlet_ID
OUT_17661,2025,6,DIST_S_02,SKU_10,14.8799200877549,5494.1671022182045,Invalid Outlet_ID
OUT_08564,2025,11,DIST_W_02,SKU_03,23.334705360320974,8167.119253049192,Invalid Outlet_ID
OUT_17661,2024,12,DIST_S_02,SKU_09,20.211496132504365,44465.311779821765,Invalid Outlet_ID
OUT_10229,2024,7,DIST_C_03,SKU_02,92.59280088202962,23456.80792717633,Invalid Outlet_ID
OUT_17661,2023,6,DIST_S_02,SKU_10,14.267429273385345,5267.937126702754,Invalid Outlet_ID
OUT_17812,2023,7,DIST_S_02,SKU_01,12.0973223221195,1088.7551482443178,Invalid Outlet_ID
OUT_19170,2024,7,DIST_S_02,SKU_06,62.12657608508944,5218.667693083553,Invalid Outlet_ID
OUT_10530,2024,3,DIST_C_03,SKU_06,323.4940721315313,27173.54164725951,Invalid Outlet_ID
OUT_17812,2023,7,DIST_S_02,SKU_01,6.140236879520089,1842.0501809380528,Invalid Outlet_ID
OUT_17661,2024,5,DIST_S_02,SKU_05,45.559891637075616,4100.418172847242,Invalid Outlet_ID
OUT_10530,2024,9,DIST_C_03,SKU_07,66.88931004606432,43478.05756600569,Invalid Outlet_ID
OUT_08723,2024,1,DIST_W_02,SKU_06,119.2966882787497,10020.907565476746,Invalid Outlet_ID
OUT_17661,2024,7,DIST_S_02,SKU_03,28.960500802161,10136.172313208632,Invalid Outlet_ID
OUT_13327,2025,11,DIST_NW_01,SKU_04,4.7204280505952765,1534.1202867930756,Invalid Outlet_ID
OUT_02795,2023,9,DIST_W_02,SKU_01,6.319760798409657,1895.9312331654253,Invalid Outlet_ID
OUT_08564,2023,4,DIST_W_02,SKU_01,45.73367008407341,13720.0680712168,Invalid Outlet_ID
OUT_08564,2023,9,DIST_W_02,SKU_08,29.6737134908473,13056.40708413221,Invalid Outlet_ID
OUT_17661,2025,4,DIST_S_02,SKU_01,43.26193584329616,12978.623281539894,Invalid Outlet_ID
OUT_08723,2023,12,DIST_W_02,SKU_05,35.15635315338825,3164.109242576969,Invalid Outlet_ID
OUT_02795,2025,1,DIST_W_02,SKU_07,10.642870274836454,6917.862486033682,Invalid Outlet_ID
OUT_17812,2023,8,DIST_S_02,SKU_01,11.55048722226925,1039.5604923354058,Invalid Outlet_ID
OUT_09014,2023,12,DIST_C_02,SKU_05,99.31174567627454,8938.013014049757,Invalid Outlet_ID
OUT_10530,2024,6,DIST_C_03,SKU_08,29.26027811382473,12874.562245204856,Invalid Outlet_ID
OUT_13998,2025,6,DIST_NW_01,SKU_07,119.82005819250756,77883.06138325663,Invalid Outlet_ID
OUT_13567,2024,7,DIST_NW_02,SKU_09,2.955735406520916,6502.636939303118,Invalid Outlet_ID
OUT_12565,2024,5,DIST_C_02,SKU_07,13.544786765604368,8804.092816032668,Invalid Outlet_ID
OUT_14745,2023,3,DIST_NW_01,SKU_08,11.678639822695352,5138.552167522234,Invalid Outlet_ID
OUT_10229,2023,12,DIST_C_03,SKU_08,49.16934013220376,21634.48857791526,Invalid Outlet_ID
OUT_17499,2023,8,DIST_S_02,SKU_05,11.963338606673709,1076.7350816199887,Invalid Outlet_ID
OUT_13998,2024,1,DIST_NW_01,SKU_04,48.569560527386855,15785.145086691104,Invalid Outlet_ID
OUT_10229,2023,8,DIST_C_03,SKU_04,30.93289032316983,10053.222241386726,Invalid Outlet_ID
OUT_10177,2025,7,DIST_C_02,SKU_09,5.655385928088833,12441.855541895884,Invalid Outlet_ID
OUT_10177,2025,1,DIST_C_02,SKU_08,12.043500634706898,5299.1241199954375,Invalid Outlet_ID
OUT_17499,2023,7,DIST_S_02,SKU_01,5.54205762880952,1662.653325053696,Invalid Outlet_ID
OUT_19319,2023,7,DIST_S_02,SKU_05,24.950776359513767,2245.5242427803423,Invalid Outlet_ID
OUT_19330,2024,2,DIST_S_01,SKU_01,27.057321217236726,6854.502857532479,Invalid Outlet_ID
OUT_00090,2024,2,DIST_W_02,SKU_03,23.527105048967968,8234.503300184131,Invalid Outlet_ID
OUT_08564,2023,4,DIST_W_02,SKU_04,35.11904316447965,11413.684780601796,Invalid Outlet_ID
OUT_17661,2025,3,DIST_S_02,SKU_02,92.7587679982272,23498.899744404556,Invalid Outlet_ID
OUT_17661,2025,12,DIST_S_02,SKU_09,22.96350189115705,50519.72019388313,Invalid Outlet_ID
OUT_13998,2024,9,DIST_NW_01,SKU_02,186.38626096665595,47217.88421332092,Invalid Outlet_ID
OUT_09014,2025,8,DIST_C_02,SKU_06,427.6060225821826,35918.939220325374,Invalid Outlet_ID
OUT_16192,2025,11,DIST_NW_02,SKU_03,9.461266145791065,3311.480781800165,Invalid Outlet_ID
OUT_19145,2023,10,DIST_S_01,SKU_03,4.459849931158399,1560.959276727237,Invalid Outlet_ID
OUT_08564,2025,5,DIST_W_02,SKU_06,190.05789382986484,15964.907999007431,Invalid Outlet_ID
OUT_00090,2023,1,DIST_W_02,SKU_10,18.099105832140065,6682.748715952647,Invalid Outlet_ID
OUT_10177,2024,2,DIST_C_02,SKU_01,12.922839365967826,3876.858699959634,Invalid Outlet_ID
OUT_09014,2025,7,DIST_C_02,SKU_08,30.18509543464659,13281.441398693054,Invalid Outlet_ID
OUT_15238,2025,10,DIST_NW_02,SKU_01,63.21129862039829,18963.39639574453,Invalid Outlet_ID
OUT_09014,2024,12,DIST_C_02,SKU_07,61.63740514763684,40064.357389148085,Invalid Outlet_ID
OUT_17661,2023,4,DIST_S_02,SKU_10,29.56096231625566,10914.803188269036,Invalid Outlet_ID
OUT_10753,2024,4,DIST_C_02,SKU_01,7.698892296586276,2309.7158084298862,Invalid Outlet_ID
OUT_13998,2024,10,DIST_NW_01,SKU_09,33.75179601912302,74253.95452121623,Invalid Outlet_ID
OUT_15238,2025,10,DIST_NW_02,SKU_10,33.15734397160594,12242.734541990772,Invalid Outlet_ID
OUT_15915,2023,4,DIST_NW_02,SKU_03,7.127510057283313,2494.624603658604,Invalid Outlet_ID
OUT_16192,2024,4,DIST_NW_02,SKU_04,12.676380446592365,4119.823649924327,Invalid Outlet_ID
OUT_15238,2025,11,DIST_NW_02,SKU_01,58.86481423909426,17659.415566007712,Invalid Outlet_ID
OUT_17812,2025,10,DIST_S_02,SKU_07,13.322293920434811,8659.446397124002,Invalid Outlet_ID
OUT_18975,2025,5,DIST_S_01,SKU_06,75.64840116516751,6354.435678496646,Invalid Outlet_ID
OUT_13327,2025,6,DIST_NW_01,SKU_04,4.395345275468823,1428.4556015936664,Invalid Outlet_ID
OUT_15238,2024,4,DIST_NW_02,SKU_10,53.89947055440524,19901.31674455972,Invalid Outlet_ID
OUT_13998,2023,2,DIST_NW_01,SKU_06,663.7902924986032,55758.41447783901,Invalid Outlet_ID
OUT_15915,2024,7,DIST_NW_02,SKU_07,11.637687972922802,7564.470060981397,Invalid Outlet_ID
OUT_09014,2025,2,DIST_C_02,SKU_08,28.3925972459972,12492.704532122914,Invalid Outlet_ID
OUT_02862,2024,1,DIST_W_01,SKU_08,4.923890849902478,2166.491253912639,Invalid Outlet_ID
OUT_17661,2024,5,DIST_S_02,SKU_08,19.861742888600325,8739.142385381892,Invalid Outlet_ID
OUT_13998,2025,7,DIST_NW_01,SKU_02,230.05806601644065,58281.379475564834,Invalid Outlet_ID
OUT_01864,2025,2,DIST_W_01,SKU_10,8.14671592303008,3008.01766478884,Invalid Outlet_ID
OUT_13998,2025,3,DIST_NW_01,SKU_02,220.40183986004544,55835.13842938576,Invalid Outlet_ID
OUT_15238,2023,1,DIST_NW_02,SKU_04,48.56332755926551,15783.06171747138,Invalid Outlet_ID
OUT_08723,2025,9,DIST_W_02,SKU_06,118.98506339829991,9994.721144710336,Invalid Outlet_ID
OUT_09014,2024,4,DIST_C_02,SKU_01,43.0106515666539,12903.180271615747,Invalid Outlet_ID
OUT_15238,2023,10,DIST_NW_02,SKU_05,114.9194919796232,10342.798276047974,Invalid Outlet_ID
OUT_14745,2023,9,DIST_NW_01,SKU_01,10.759214540501338,3227.7211244085333,Invalid Outlet_ID
OUT_16360,2023,11,DIST_NW_01,SKU_01,4.113655530460589,1336.9416766159452,Invalid Outlet_ID
OUT_10177,2023,7,DIST_C_02,SKU_03,9.091346245102237,3181.9940735192995,Invalid Outlet_ID
OUT_09014,2023,9,DIST_C_02,SKU_08,30.8410130249048,13570.093145269657,Invalid Outlet_ID
OUT_19145,2025,12,DIST_S_01,SKU_07,17.173767929301352,11162.95933695158,Invalid Outlet_ID
OUT_11877,2025,8,DIST_C_01,SKU_01,19.034636037104,12372.52173498615,Invalid Outlet_ID
OUT_18975,2025,7,DIST_S_01,SKU_07,25.21451335477618,16389.47189042474,Invalid Outlet_ID
OUT_19170,2025,2,DIST_S_02,SKU_01,8.00514464918803,2401.495404865857,Invalid Outlet_ID
OUT_18975,2024,12,DIST_S_01,SKU_09,8.007166135481274,17615.737550722544,Invalid Outlet_ID
OUT_19330,2023,1,DIST_S_01,SKU_06,83.23383008686335,6991.639510897444,Invalid Outlet_ID
OUT_02862,2023,2,DIST_W_01,SKU_09,2.697776766870056,5935.129421784408,Invalid Outlet_ID
OUT_08564,2025,11,DIST_W_02,SKU_05,69.76311816729296,6278.687655209312,Invalid Outlet_ID
OUT_14462,2025,8,DIST_NW_02,SKU_03,9.93110446238436,3475.8626130810403,Invalid Outlet_ID
OUT_00090,2025,1,DIST_W_02,SKU_04,23.24014474153943,7553.019672922087,Invalid Outlet_ID
OUT_19145,2023,4,DIST_S_01,SKU_01,8.252749358752341,2475.82156542046,Invalid Outlet_ID
OUT_10229,2023,11,DIST_C_03,SKU_10,20.55890041749718,7590.999443083074,Invalid Outlet_ID
OUT_15238,2024,1,DIST_NW_02,SKU_03,50.16029925295857,17556.13669055939,Invalid Outlet_ID
OUT_13567,2025,7,DIST_NW_02,SKU_01,4.306691018765527,1399.686423655442,Invalid Outlet_ID
OUT_08564,2024,10,DIST_W_02,SKU_01,34.74863294107064,10424.607345161472,Invalid Outlet_ID
OUT_00090,2024,12,DIST_W_02,SKU_03,38.17958129525382,13362.891056210938,Invalid Outlet_ID
OUT_13998,2023,2,DIST_NW_01,SKU_08,54.27794736252488,23882.29593076538,Invalid Outlet_ID
OUT_15630,2024,8,DIST_NW_02,SKU_04,4.716807972185705,1532.9335658040054,Invalid Outlet_ID
OUT_19330,2023,12,DIST_S_01,SKU_08,8.545627888590646,3760.097000940325,Invalid Outlet_ID
OUT_17661,2023,11,DIST_S_02,SKU_09,15.085532897659624,33188.12672015675,Invalid Outlet_ID
OUT_10753,2025,9,DIST_C_02,SKU_05,11.590463250242284,1043.1324427714742,Invalid Outlet_ID
OUT_08564,2023,6,DIST_W_02,SKU_07,43.51907025273599,28287.44276019569,Invalid Outlet_ID
OUT_00090,2023,2,DIST_W_02,SKU_06,312.10672201749685,26216.96405513325,Invalid Outlet_ID
OUT_16192,2023,2,DIST_NW_02,SKU_09,6.383477385691236,14043.652261589552,Invalid Outlet_ID
OUT_11877,2023,7,DIST_C_01,SKU_07,12.916513526676532,8395.71092706642,Invalid Outlet_ID
OUT_06028,2024,9,DIST_W_03,SKU_04,4.547510413646157,1477.8970294783587,Invalid Outlet_ID
OUT_13998,2024,8,DIST_NW_01,SKU_05,104.84950660796748,9436.409727082908,Invalid Outlet_ID
OUT_09014,2023,4,DIST_C_02,SKU_06,372.31401276209033,31274.337897565107,Invalid Outlet_ID
OUT_16192,2024,5,DIST_NW_02,SKU_04,8.53330422757625,2773.2876866036563,Invalid Outlet_ID
OUT_13998,2024,2,DIST_NW_01,SKU_07,121.96690418487402,79278.48886639085,Invalid Outlet_ID
OUT_12014,2024,12,DIST_C_03,SKU_06,83.81371498012581,7040.327926383335,Invalid Outlet_ID
OUT_15238,2025,7,DIST_NW_02,SKU_06,725.585452473679,60949.21260534248,Invalid Outlet_ID
OUT_13327,2023,5,DIST_NW_01,SKU_10,4.32859818387164,1598.2166490196098,Invalid Outlet_ID
OUT_10177,2025,7,DIST_C_02,SKU_01,10.721106115413503,3216.380818154599,Invalid Outlet_ID
OUT_10530,2024,2,DIST_C_03,SKU_10,23.400101391923076,8640.024516225916,Invalid Outlet_ID
OUT_16360,2024,7,DIST_NW_01,SKU_10,4.040856736637912,1491.9631461827053,Invalid Outlet_ID
OUT_17661,2024,12,DIST_S_02,SKU_05,82.80412157283439,7452.371173229322,Invalid Outlet_ID
OUT_18975,2024,8,DIST_S_01,SKU_09,6.427485261707939,14140.493375690348,Invalid Outlet_ID
OUT_07259,2024,11,DIST_W_01,SKU_04,25.983823084731245,8444.720215118092,Invalid Outlet_ID
OUT_09014,2025,7,DIST_C_02,SKU_01,30.5503519727075,9165.10648097058,Invalid Outlet_ID
OUT_00090,2024,4,DIST_W_02,SKU_06,391.54765836469824,32889.97078261995,Invalid Outlet_ID
OUT_08723,2025,12,DIST_W_02,SKU_06,186.738465578039,15686.079051671397,Invalid Outlet_ID
OUT_15915,2023,6,DIST_NW_02,SKU_06,64.22121695703483,5394.601661264696,Invalid Outlet_ID
OUT_19319,2025,6,DIST_S_02,SKU_07,15.12133556766961,9828.85505369206,Invalid Outlet_ID
OUT_15238,2023,6,DIST_NW_02,SKU_09,26.69571668109378,58730.58138056622,Invalid Outlet_ID
OUT_07259,2024,4,DIST_W_01,SKU_10,32.758673958850295,12095.553762220628,Invalid Outlet_ID
OUT_11877,2024,10,DIST_C_01,SKU_07,10.375009873418575,6743.720432470634,Invalid Outlet_ID
OUT_10530,2023,11,DIST_C_03,SKU_09,17.063536053710646,37539.73242063382,Invalid Outlet_ID
OUT_13567,2023,10,DIST_NW_02,SKU_01,17.954422719240135,4548.440317083726,Invalid Outlet_ID
OUT_14745,2024,1,DIST_NW_01,SKU_09,6.6696120148122695,14673.109942865296,Invalid Outlet_ID
OUT_08723,2024,2,DIST_W_02,SKU_08,11.95659285675918,5260.8588722981685,Invalid Outlet_ID
OUT_16192,2025,4,DIST_NW_02,SKU_05,35.81515627288093,3223.3529994456403,Invalid Outlet_ID
OUT_13998,2023,10,DIST_NW_01,SKU_02,183.4193008560496,46466.23588695802,Invalid Outlet_ID
OUT_11877,2023,12,DIST_C_01,SKU_10,5.527455024656243,2040.8774485792885,Invalid Outlet_ID
OUT_17661,2024,4,DIST_S_02,SKU_06,423.3050647711207,35557.62498003183,Invalid Outlet_ID
OUT_08564,2024,1,DIST_W_02,SKU_03,22.091006589062047,7731.845536606211,Invalid Outlet_ID
OUT_16192,2024,1,DIST_NW_02,SKU_08,10.699696124417168,4707.8518386707865,Invalid Outlet_ID
OUT_13998,2024,11,DIST_NW_01,SKU_10,38.96976422591906,14388.848655325892,Invalid Outlet_ID
OUT_09014,2023,11,DIST_C_02,SKU_09,16.370387934697206,36014.820405745115,Invalid Outlet_ID
OUT_14462,2025,8,DIST_NW_02,SKU_03,9.93110446238436,3475.902056800512,Invalid Outlet_ID
OUT_10229,2025,3,DIST_C_03,SKU_02,80.48546477106049,20389.65260396643,Invalid Outlet_ID
OUT_14745,2025,7,DIST_NW_01,SKU_01,11.643566345456748,3493.088794826618,Invalid Outlet_ID
OUT_10229,2025,4,DIST_C_03,SKU_07,96.71218537408556,62862.93515726024,Invalid Outlet_ID
OUT_03691,2024,6,DIST_W_01,SKU_01,7.465663925561169,671.8632296694906,Invalid Outlet_ID
OUT_13998,2025,11,DIST_NW_01,SKU_01,61.59598872891336,18478.75303035996,Invalid Outlet_ID
OUT_07259,2025,5,DIST_W_01,SKU_10,14.709823445789247,5431.352791389692,Invalid Outlet_ID
OUT_00090,2025,1,DIST_W_02,SKU_03,22.14652860956184,7751.332223644993,Invalid Outlet_ID
OUT_17499,2025,1,DIST_S_02,SKU_10,4.794548917431169,1770.254787174884,Invalid Outlet_ID
OUT_10229,2025,8,DIST_C_03,SKU_04,35.87002255919008,11657.719402313103,Invalid Outlet_ID
OUT_12565,2024,1,DIST_C_02,SKU_09,2.721936495798588,5988.300218341164,Invalid Outlet_ID
OUT_00090,2023,8,DIST_W_02,SKU_08,26.124009987174595,11494.559961829793,Invalid Outlet_ID
OUT_15238,2024,6,DIST_NW_02,SKU_07,116.93495348492608,76007.75581737196,Invalid Outlet_ID
OUT_11877,2025,9,DIST_C_01,SKU_08,5.953728689582514,2619.674760991778,Invalid Outlet_ID
OUT_10229,2025,2,DIST_C_03,SKU_06,253.05034273094503,21256.239834679745,Invalid Outlet_ID
OUT_02862,2024,1,DIST_W_01,SKU_03,4.511715179818679,1579.147325241937,Invalid Outlet_ID
OUT_15238,2025,10,DIST_NW_02,SKU_02,194.41578020607983,49252.00144733931,Invalid Outlet_ID
OUT_16360,2023,4,DIST_NW_01,SKU_09,4.622538114553934,10169.57486577652,Invalid Outlet_ID
OUT_10229,2024,11,DIST_C_03,SKU_07,61.68993988685759,40098.4700174314,Invalid Outlet_ID
OUT_10530,2025,7,DIST_C_03,SKU_01,30.086654316959144,9025.983520027745,Invalid Outlet_ID
OUT_15238,2025,12,DIST_NW_02,SKU_08,94.71068991558973,41672.66417939014,Invalid Outlet_ID
OUT_15238,2024,10,DIST_NW_02,SKU_06,571.858944860191,48036.18063666664,Invalid Outlet_ID
OUT_10229,2023,9,DIST_C_03,SKU_05,67.98616611030288,6118.716384498992,Invalid Outlet_ID
OUT_13998,2024,5,DIST_NW_01,SKU_03,46.30131240270677,16205.428282024695,Invalid Outlet_ID
OUT_17661,2023,2,DIST_S_02,SKU_03,40.68334781325419,14239.178477829451,Invalid Outlet_ID
OUT_18356,2024,2,DIST_S_02,SKU_10,5.646986670968428,2085.0052344197047,Invalid Outlet_ID
OUT_09014,2024,2,DIST_C_02,SKU_08,22.242089280655897,9786.502949781112,Invalid Outlet_ID
OUT_19319,2024,9,DIST_S_02,SKU_10,8.570029267384854,3164.307977600812,Invalid Outlet_ID
OUT_06028,2024,8,DIST_W_03,SKU_09,3.0160507986096494,6635.344129645522,Invalid Outlet_ID
OUT_15238,2024,2,DIST_NW_02,SKU_10,50.33225707799157,18584.19565528725,Invalid Outlet_ID
OUT_10416,2023,6,DIST_C_01,SKU_08,6.379116438266394,2806.7844310704845,Invalid Outlet_ID
OUT_19170,2025,7,DIST_S_02,SKU_10,4.432629369845599,1636.7002444127663,Invalid Outlet_ID
OUT_17661,2023,12,DIST_S_02,SKU_06,467.7656913896859,39292.29874922631,Invalid Outlet_ID
OUT_08564,2024,11,DIST_W_02,SKU_10,19.110593505235304,7056.219978026381,Invalid Outlet_ID
OUT_01864,2023,9,DIST_W_01,SKU_07,25.137445949669164,16339.297810689604,Invalid Outlet_ID
OUT_19145,2024,11,DIST_S_01,SKU_03,5.353269365622937,1873.6827950354464,Invalid Outlet_ID
OUT_10229,2023,5,DIST_C_03,SKU_05,62.68866865792337,5641.948204376924,Invalid Outlet_ID
OUT_11877,2023,9,DIST_C_01,SKU_08,7.120891945040857,3133.210921907644,Invalid Outlet_ID
OUT_02795,2024,12,DIST_W_02,SKU_03,8.178861255634045,2862.5786106626592,Invalid Outlet_ID
OUT_02862,2024,12,DIST_W_01,SKU_01,18.47466571157757,1662.7481074279565,Invalid Outlet_ID
OUT_15238,2023,12,DIST_NW_02,SKU_04,66.31625907545452,21552.806942998308,Invalid Outlet_ID
OUT_08723,2024,11,DIST_W_02,SKU_06,123.27224077447414,10354.847038062286,Invalid Outlet_ID
OUT_10229,2023,3,DIST_C_03,SKU_05,64.58286679602399,5812.496242743767,Invalid Outlet_ID
OUT_13998,2024,3,DIST_NW_01,SKU_09,31.893191504883998,70165.00025631046,Invalid Outlet_ID
OUT_00090,2023,11,DIST_W_02,SKU_05,60.48927830228627,5444.005430778097,Invalid Outlet_ID
OUT_08564,2025,6,DIST_W_02,SKU_04,13.374422283362136,4346.647080414095,Invalid Outlet_ID
OUT_16192,2024,10,DIST_NW_02,SKU_03,9.623246216902382,3368.183620623523,Invalid Outlet_ID
OUT_07259,2023,12,DIST_W_01,SKU_08,44.14643397129286,19424.44186008936,Invalid Outlet_ID
OUT_08564,2025,12,DIST_W_02,SKU_07,77.07617248492329,50099.490488282296,Invalid Outlet_ID
OUT_02862,2024,7,DIST_W_01,SKU_09,3.06297141948418,6738.550713930256,Invalid Outlet_ID
OUT_07259,2023,3,DIST_W_01,SKU_08,32.97626605806687,14509.555349584274,Invalid Outlet_ID
OUT_00090,2025,7,DIST_W_02,SKU_07,-63.900844098809856,-41535.59776170486,Invalid Outlet_ID
OUT_12014,2025,7,DIST_C_03,SKU_01,5.373638263822194,1612.103424613257,Invalid Outlet_ID
OUT_17661,2023,7,DIST_S_02,SKU_07,59.42697807924436,38627.49637923514,Invalid Outlet_ID
OUT_18975,2025,7,DIST_S_01,SKU_10,6.888756348295352,2543.544998807587,Invalid Outlet_ID
OUT_10530,2023,10,DIST_C_03,SKU_01,34.41672457954057,10325.009554779708,Invalid Outlet_ID
OUT_13998,2024,7,DIST_NW_01,SKU_01,55.54964288858146,16664.910530287543,Invalid Outlet_ID
OUT_13998,2024,2,DIST_NW_01,SKU_01,54.11079797728963,16233.215642788691,Invalid Outlet_ID
OUT_07259,2023,9,DIST_W_01,SKU_01,30.40270203126372,9120.85966507115,Invalid Outlet_ID
OUT_18975,2024,7,DIST_S_01,SKU_04,10.460899407547972,3399.7926197485317,Invalid Outlet_ID
OUT_07259,2025,6,DIST_W_01,SKU_01,19.41398896689653,5824.238538696894,Invalid Outlet_ID
OUT_17499,2025,5,DIST_S_02,SKU_01,3.1032772663420403,931.026225717864,Invalid Outlet_ID
OUT_06028,2023,1,DIST_W_03,SKU_10,3.913268681294361,1444.882551392962,Invalid Outlet_ID
OUT_11877,2025,9,DIST_C_01,SKU_09,2.6445429378610297,5817.977611597565,Invalid Outlet_ID
OUT_14745,2023,10,DIST_NW_01,SKU_03,9.77335375868887,3420.6248111803898,Invalid Outlet_ID
OUT_19145,2023,1,DIST_S_01,SKU_08,7.966681814155379,3505.373753138638,Invalid Outlet_ID
OUT_13327,2024,7,DIST_NW_01,SKU_01,7.555449919783446,2266.6545506349166,Invalid Outlet_ID
OUT_10177,2023,6,DIST_C_02,SKU_08,12.087494320828911,5318.512471609171,Invalid Outlet_ID
OUT_13998,2024,2,DIST_NW_01,SKU_04,47.79200507283901,15532.385224841424,Invalid Outlet_ID
OUT_14462,2024,1,DIST_NW_02,SKU_04,11.027010981946384,3583.8239147175896,Invalid Outlet_ID
OUT_10416,2024,8,DIST_C_01,SKU_06,82.66777096301091,6944.062844770157,Invalid Outlet_ID
OUT_13998,2024,10,DIST_NW_01,SKU_08,48.68716021659379,21422.400000487505,Invalid Outlet_ID
OUT_10530,2024,8,DIST_C_03,SKU_03,33.70465149984696,11796.618172255134,Invalid Outlet_ID
OUT_10753,2025,7,DIST_C_02,SKU_07,13.791429232798883,8964.397745305005,Invalid Outlet_ID
OUT_17661,2025,3,DIST_S_02,SKU_09,17.309737570574594,38081.37837855252,Invalid Outlet_ID
OUT_08564,2025,12,DIST_W_02,SKU_10,27.548773542377237,10171.883568252264,Invalid Outlet_ID
OUT_09014,2025,3,DIST_C_02,SKU_10,16.143948606146395,5960.826226956542,Invalid Outlet_ID
OUT_19330,2025,8,DIST_S_01,SKU_10,4.685708703241382,1730.1260947611097,Invalid Outlet_ID
OUT_08723,2025,2,DIST_W_02,SKU_07,23.227301561887806,15097.795292862997,Invalid Outlet_ID
OUT_10229,2023,3,DIST_C_03,SKU_03,27.782060843093184,9723.761715770128,Invalid Outlet_ID
OUT_01864,2023,4,DIST_W_01,SKU_08,18.04185028668784,7938.446652545867,Invalid Outlet_ID
OUT_15915,2023,6,DIST_NW_02,SKU_09,2.749067298319475,6047.932914719816,Invalid Outlet_ID
OUT_03691,2025,4,DIST_W_01,SKU_04,6.093962986294622,1980.488960984508,Invalid Outlet_ID
OUT_17661,2023,11,DIST_S_02,SKU_08,23.7516273687478,10450.685325987091,Invalid Outlet_ID
OUT_07259,2024,4,DIST_W_01,SKU_09,27.208363273966327,59858.38405976768,Invalid Outlet_ID
OUT_08723,2025,11,DIST_W_02,SKU_03,8.463952129380237,2962.3560633777565,Invalid Outlet_ID
OUT_13998,2024,7,DIST_NW_01,SKU_06,573.3290884554834,48159.68677142353,Invalid Outlet_ID
OUT_17661,2024,12,DIST_S_02,SKU_01,37.63929026291317,11291.814785299155,Invalid Outlet_ID
OUT_08564,2023,1,DIST_W_02,SKU_09,14.754556442731037,32459.980968881708,Invalid Outlet_ID
OUT_16360,2023,11,DIST_NW_01,SKU_06,66.89888580123952,5619.469828444979,Invalid Outlet_ID
OUT_16192,2025,4,DIST_NW_02,SKU_08,18.38903429255348,8091.185378281792,Invalid Outlet_ID
OUT_08723,2023,9,DIST_W_02,SKU_06,111.15328337083474,9336.92227411082,Invalid Outlet_ID
OUT_08723,2024,2,DIST_W_02,SKU_10,8.696275260802194,3210.926101295446,Invalid Outlet_ID
OUT_15238,2025,12,DIST_NW_02,SKU_02,287.48667755020983,72829.976522668,Invalid Outlet_ID
OUT_19330,2025,7,DIST_S_01,SKU_10,4.17221416953324,1540.5281776563431,Invalid Outlet_ID
OUT_07259,2023,3,DIST_W_01,SKU_09,15.074988538152072,33165.00589585667,Invalid Outlet_ID
OUT_17499,2024,9,DIST_S_02,SKU_03,4.759432304008478,1665.7727343058114,Invalid Outlet_ID
OUT_10177,2024,2,DIST_C_02,SKU_09,7.184314802788704,15805.500695258826,Invalid Outlet_ID
OUT_19319,2025,3,DIST_S_02,SKU_08,12.437456423838752,5472.449126916533,Invalid Outlet_ID
OUT_11877,2023,6,DIST_C_01,SKU_06,51.68817462903483,4341.841805216459,Invalid Outlet_ID
OUT_19319,2024,1,DIST_S_02,SKU_06,159.1834042234398,13371.399315454024,Invalid Outlet_ID
OUT_10530,2025,1,DIST_C_03,SKU_10,18.8512788737634,6960.45298189861,Invalid Outlet_ID
OUT_02862,2025,8,DIST_W_01,SKU_06,57.8041888827949,4855.568452473598,Invalid Outlet_ID
OUT_08723,2025,6,DIST_W_02,SKU_07,16.317499683423602,10606.325080902774,Invalid Outlet_ID
OUT_17812,2025,10,DIST_S_02,SKU_09,3.072117643193369,6758.684288416163,Invalid Outlet_ID
OUT_08723,2024,9,DIST_W_02,SKU_02,35.80634655292754,9070.92364247402,Invalid Outlet_ID
OUT_13998,2024,1,DIST_NW_01,SKU_06,655.9516548847604,55099.95252975781,Invalid Outlet_ID
OUT_19319,2024,12,DIST_S_02,SKU_05,31.950811023721123,2875.565124839539,Invalid Outlet_ID
OUT_15238,2023,1,DIST_NW_02,SKU_02,200.55668186429648,50807.68716411958,Invalid Outlet_ID
OUT_10530,2024,6,DIST_C_03,SKU_07,57.70844928157795,37510.48576080459,Invalid Outlet_ID
OUT_00090,2024,9,DIST_W_02,SKU_05,62.46883408423482,5622.236106571422,Invalid Outlet_ID
OUT_17812,2023,3,DIST_S_02,SKU_03,4.639991848877738,1623.975950812743,Invalid Outlet_ID
OUT_10416,2024,10,DIST_C_01,SKU_04,5.055233379185772,1642.9808670753057,Invalid Outlet_ID
OUT_14745,2023,7,DIST_NW_01,SKU_09,6.240354637146303,13728.781186583748,Invalid Outlet_ID
OUT_13998,2025,7,DIST_NW_01,SKU_04,46.83805296437749,15222.385519390651,Invalid Outlet_ID
OUT_00090,2024,5,DIST_W_02,SKU_02,59.91269990732216,15177.88229117602,Invalid Outlet_ID
OUT_03691,2023,8,DIST_W_01,SKU_06,64.73898343913255,5438.065096120668,Invalid Outlet_ID
OUT_10177,2025,2,DIST_C_02,SKU_04,7.990575616266755,2596.951624319749,Invalid Outlet_ID
OUT_17661,2023,12,DIST_S_02,SKU_02,121.15130668188574,30691.61548453988,Invalid Outlet_ID
OUT_08564,2024,5,DIST_W_02,SKU_10,14.049587450888254,5187.525479460439,Invalid Outlet_ID
OUT_15915,2024,10,DIST_NW_02,SKU_06,59.24990804466098,4977.006670847378,Invalid Outlet_ID
OUT_16360,2024,7,DIST_NW_01,SKU_06,69.77006165422208,5860.656668634503,Invalid Outlet_ID
OUT_17661,2023,12,DIST_S_02,SKU_09,21.778945165012107,47913.693822116,Invalid Outlet_ID
OUT_14462,2025,12,DIST_NW_02,SKU_07,33.986230054180865,22091.04771438416,Invalid Outlet_ID
OUT_19330,2023,10,DIST_S_01,SKU_04,3.847270017543284,1250.3548727633142,Invalid Outlet_ID
OUT_09014,2023,8,DIST_C_02,SKU_04,35.44770363445972,11520.545141755174,Invalid Outlet_ID
OUT_16192,2025,4,DIST_NW_02,SKU_01,18.306826105194943,5492.085889828217,Invalid Outlet_ID
OUT_13998,2025,5,DIST_NW_01,SKU_04,50.98412791067071,16569.850679568222,Invalid Outlet_ID
OUT_19319,2023,9,DIST_S_02,SKU_03,9.961905505327575,3486.652083396055,Invalid Outlet_ID
OUT_10177,2023,9,DIST_C_02,SKU_04,9.115136842927418,2962.4165690324035,Invalid Outlet_ID
OUT_10229,2024,1,DIST_C_03,SKU_06,276.895442116404,23259.19666707581,Invalid Outlet_ID
OUT_13998,2024,11,DIST_NW_01,SKU_06,645.2123491302284,54197.794882469454,Invalid Outlet_ID
OUT_15238,2024,3,DIST_NW_02,SKU_10,35.94656815744138,13272.580256290594,Invalid Outlet_ID
OUT_10177,2023,9,DIST_C_02,SKU_02,34.51922780501023,8744.90367886326,Invalid Outlet_ID
OUT_10229,2023,12,DIST_C_03,SKU_05,82.45212366610696,7420.677187872312,Invalid Outlet_ID
OUT_10416,2023,1,DIST_C_01,SKU_02,19.624651370373755,4971.54685492493,Invalid Outlet_ID
OUT_08564,2023,4,DIST_W_02,SKU_05,84.20271698970534,7578.217713729113,Invalid Outlet_ID
OUT_12565,2023,3,DIST_C_02,SKU_01,7.179554842351253,2153.8303190597526,Invalid Outlet_ID
OUT_00090,2024,8,DIST_W_02,SKU_02,87.70043362630848,22217.40525322602,Invalid Outlet_ID
OUT_13998,2025,3,DIST_NW_01,SKU_07,137.14064930588484,89141.44314922452,Invalid Outlet_ID
OUT_08564,2025,2,DIST_W_02,SKU_09,15.579109085520525,34274.08938187248,Invalid Outlet_ID
OUT_16192,2023,12,DIST_NW_02,SKU_07,36.84356068776749,23948.27174334773,Invalid Outlet_ID
OUT_15238,2025,3,DIST_NW_02,SKU_03,52.74621915609399,18461.176605276916,Invalid Outlet_ID
OUT_15238,2025,8,DIST_NW_02,SKU_05,127.43881244913696,11469.470480635484,Invalid Outlet_ID
OUT_10416,2023,4,DIST_C_01,SKU_10,4.581035329140897,1691.4321410772718,Invalid Outlet_ID
OUT_08564,2025,3,DIST_W_02,SKU_06,228.83107629051327,19221.843361954056,Invalid Outlet_ID
OUT_08564,2024,2,DIST_W_02,SKU_09,15.37357322274519,33821.8904420528,Invalid Outlet_ID
OUT_13567,2025,6,DIST_NW_02,SKU_03,5.0584957358827385,1770.45927559021,Invalid Outlet_ID
OUT_19330,2025,1,DIST_S_01,SKU_03,7.345349604330983,2570.8806025538424,Invalid Outlet_ID
OUT_15238,2023,8,DIST_NW_02,SKU_06,611.9533155893591,51404.11151512026,Invalid Outlet_ID
OUT_01864,2024,2,DIST_W_01,SKU_08,12.476366440284874,5489.6407579314055,Invalid Outlet_ID
OUT_18975,2024,12,DIST_S_01,SKU_07,36.97885975826327,24036.276924197533,Invalid Outlet_ID
OUT_07259,2023,10,DIST_W_01,SKU_07,61.370364705075175,39890.727911777525,Invalid Outlet_ID
OUT_10530,2024,12,DIST_C_03,SKU_04,36.57419503894203,11886.587408479792,Invalid Outlet_ID
OUT_00090,2024,2,DIST_W_02,SKU_09,16.268306542695573,35790.246725187484,Invalid Outlet_ID
OUT_09014,2025,1,DIST_C_02,SKU_07,54.24104224072234,35256.64569146048,Invalid Outlet_ID
OUT_06028,2023,8,DIST_W_03,SKU_01,5.720748569941891,1716.2166608802963,Invalid Outlet_ID
OUT_17661,2024,4,DIST_S_02,SKU_08,42.89039690456136,18871.77970305152,Invalid Outlet_ID
OUT_15238,2025,9,DIST_NW_02,SKU_02,182.3585636550183,46197.5016058981,Invalid Outlet_ID
OUT_14462,2023,2,DIST_NW_02,SKU_03,10.251178096979627,3587.951036741238,Invalid Outlet_ID
OUT_15238,2024,8,DIST_NW_02,SKU_05,115.71292312480696,10414.116900833838,Invalid Outlet_ID
OUT_10530,2025,12,DIST_C_03,SKU_07,78.6406574470546,51116.46925547798,Invalid Outlet_ID
OUT_08723,2023,6,DIST_W_02,SKU_08,7.358619345729291,3237.785746598466,Invalid Outlet_ID
OUT_11877,2025,8,DIST_C_01,SKU_02,22.90394273042815,5802.290518314545,Invalid Outlet_ID
OUT_10229,2023,10,DIST_C_03,SKU_10,20.247642441667075,7476.088731985051,Invalid Outlet_ID
OUT_15238,2025,9,DIST_NW_02,SKU_01,59.14412967067679,17743.206527381415,Invalid Outlet_ID
OUT_08723,2025,1,DIST_W_02,SKU_10,7.281487048248059,2688.517942060137,Invalid Outlet_ID
OUT_07259,2023,12,DIST_W_01,SKU_09,20.65692061214421,45445.18509627241,Invalid Outlet_ID
OUT_15915,2025,10,DIST_NW_02,SKU_03,4.893111192741614,1712.6284638642137,Invalid Outlet_ID
OUT_10530,2024,2,DIST_C_03,SKU_05,61.78649199083978,5560.808364990751,Invalid Outlet_ID
OUT_09014,2023,7,DIST_C_02,SKU_03,25.05755216466884,8770.133834545386,Invalid Outlet_ID
OUT_16360,2025,11,DIST_NW_01,SKU_08,5.775404892031918,2541.1430655702047,Invalid Outlet_ID
OUT_09014,2025,7,DIST_C_02,SKU_03,22.08427662739584,7729.512677040747,Invalid Outlet_ID
OUT_18975,2024,10,DIST_S_01,SKU_06,133.7009188952827,11230.906231011077,Invalid Outlet_ID
OUT_02795,2025,2,DIST_W_02,SKU_06,60.43474590873192,5076.564092834098,Invalid Outlet_ID
OUT_07259,2024,7,DIST_W_01,SKU_06,261.0445246076643,21927.697572847217,Invalid Outlet_ID
OUT_17661,2023,6,DIST_S_02,SKU_02,64.20388031103303,16264.934167230918,Invalid Outlet_ID
OUT_10177,2023,4,DIST_C_02,SKU_08,17.871012595478224,7863.272404334892,Invalid Outlet_ID
OUT_15915,2024,3,DIST_NW_02,SKU_05,11.382738293150632,1024.43303320323,Invalid Outlet_ID
OUT_15915,2023,12,DIST_NW_02,SKU_03,6.820049089617872,2386.986666232513,Invalid Outlet_ID
OUT_19319,2025,4,DIST_S_02,SKU_10,10.291856582058584,3800.045457242024,Invalid Outlet_ID
OUT_15915,2023,11,DIST_NW_02,SKU_01,12.580395469177832,1132.2418580169376,Invalid Outlet_ID
OUT_10177,2025,8,DIST_C_02,SKU_06,182.57994408805416,15336.69235351733,Invalid Outlet_ID
OUT_08564,2024,6,DIST_W_02,SKU_04,16.41900438496081,5336.218686088475,Invalid Outlet_ID
OUT_00090,2025,1,DIST_W_02,SKU_07,54.5782508227264,35475.836246242165,Invalid Outlet_ID
OUT_00090,2023,8,DIST_W_02,SKU_07,58.30606601120781,37898.92984237869,Invalid Outlet_ID
OUT_18975,2024,7,DIST_S_01,SKU_07,24.12775856748998,15683.085136705886,Invalid Outlet_ID
OUT_15238,2024,10,DIST_NW_02,SKU_03,55.780026010914014,19523.03066820252,Invalid Outlet_ID
OUT_02795,2023,4,DIST_W_02,SKU_02,25.612024780991945,6488.389890279398,Invalid Outlet_ID
OUT_08564,2023,9,DIST_W_02,SKU_09,16.27228998048499,35799.0106134135,Invalid Outlet_ID
OUT_16192,2025,8,DIST_NW_02,SKU_01,11.030954089731916,3309.2740315485,Invalid Outlet_ID
OUT_14745,2025,1,DIST_NW_01,SKU_07,20.78536438016584,13510.4985763389,Invalid Outlet_ID
OUT_19330,2023,1,DIST_S_01,SKU_03,7.895245140089154,2763.385353723783,Invalid Outlet_ID
OUT_15238,2024,4,DIST_NW_02,SKU_06,912.3337664049416,76636.04847586594,Invalid Outlet_ID
OUT_10177,2025,11,DIST_C_02,SKU_05,22.923962270351147,2063.193180062364,Invalid Outlet_ID
OUT_17661,2023,9,DIST_S_02,SKU_06,310.60258455840244,26090.63630209561,Invalid Outlet_ID
OUT_14462,2024,11,DIST_NW_02,SKU_07,21.282006010100147,13833.263291522144,Invalid Outlet_ID
OUT_10229,2024,7,DIST_C_03,SKU_08,35.51849547919751,15628.153100761569,Invalid Outlet_ID
OUT_17661,2024,4,DIST_S_02,SKU_01,39.70146349635522,11910.41373919074,Invalid Outlet_ID
OUT_17812,2023,10,DIST_S_02,SKU_05,13.771682554706569,1239.4069439110804,Invalid Outlet_ID
OUT_18975,2025,6,DIST_S_01,SKU_07,15.620792207539337,10153.532477418295,Invalid Outlet_ID
OUT_17661,2023,7,DIST_S_02,SKU_04,22.43269626495608,7290.628176740111,Invalid Outlet_ID
OUT_13998,2025,10,DIST_NW_01,SKU_01,64.16384771783112,19249.12024391852,Invalid Outlet_ID
OUT_08564,2023,2,DIST_W_02,SKU_02,90.68404423294064,22973.28807495556,Invalid Outlet_ID
OUT_09014,2024,11,DIST_C_02,SKU_01,27.67359761954466,8302.118183224242,Invalid Outlet_ID
OUT_10229,2023,9,DIST_C_03,SKU_07,62.56585410836429,40667.80560562705,Invalid Outlet_ID
OUT_10530,2023,8,DIST_C_03,SKU_06,408.5780665553065,34320.58463071447,Invalid Outlet_ID
OUT_16192,2023,4,DIST_NW_02,SKU_03,13.226761068678565,4629.3408240185645,Invalid Outlet_ID
OUT_06028,2024,2,DIST_W_03,SKU_01,5.571051550183324,1671.3243532296976,Invalid Outlet_ID
OUT_02389,2025,8,DIST_W_02,SKU_01,3.060235732227356,6732.514877812234,Invalid Outlet_ID
OUT_00090,2024,4,DIST_W_02,SKU_08,47.70051084688095,20988.23465455985,Invalid Outlet_ID
OUT_09014,2024,10,DIST_C_02,SKU_08,22.927659941118897,10088.208834935498,Invalid Outlet_ID
OUT_14462,2023,7,DIST_NW_02,SKU_09,4.924774634461167,10834.454402315574,Invalid Outlet_ID
OUT_13567,2025,7,DIST_NW_02,SKU_02,20.73191881892233,5252.118285105995,Invalid Outlet_ID
OUT_13998,2025,9,DIST_NW_01,SKU_03,52.42724983281916,18349.517402500533,Invalid Outlet_ID
OUT_09014,2023,1,DIST_C_02,SKU_01,29.09941977253325,8729.84909875374,Invalid Outlet_ID
OUT_12014,2025,8,DIST_C_03,SKU_10,6.304180235262834,2327.727153925042,Invalid Outlet_ID
OUT_02389,2025,5,DIST_W_02,SKU_02,12.347786560375445,3128.06276384829,Invalid Outlet_ID
OUT_13567,2023,5,DIST_NW_02,SKU_10,4.120958392397895,1521.5924280276115,Invalid Outlet_ID
OUT_19145,2023,8,DIST_S_01,SKU_04,4.420986591118022,1436.832454978055,Invalid Outlet_ID
OUT_15238,2024,7,DIST_NW_02,SKU_04,49.45232468854621,16071.992019630128,Invalid Outlet_ID
OUT_10229,2024,7,DIST_C_03,SKU_10,19.68039630740557,7266.56285356018,Invalid Outlet_ID
OUT_10416,2023,11,DIST_C_01,SKU_07,12.324961080652574,8011.198829160718,Invalid Outlet_ID
OUT_01864,2024,5,DIST_W_01,SKU_02,23.664386279276645,5995.026284529589,Invalid Outlet_ID
OUT_00090,2024,5,DIST_W_02,SKU_05,38.16107123269436,3434.454829557893,Invalid Outlet_ID
OUT_17661,2023,6,DIST_S_02,SKU_09,7.797101499407853,17153.657085521423,Invalid Outlet_ID
OUT_16192,2024,5,DIST_NW_02,SKU_06,129.2004339340117,10852.803430697464,Invalid Outlet_ID
OUT_19319,2023,6,DIST_S_02,SKU_08,8.446117232429467,3716.291095772792,Invalid Outlet_ID
OUT_00090,2024,7,DIST_W_02,SKU_10,20.25685999358349,7479.455815887924,Invalid Outlet_ID
OUT_19145,2023,8,DIST_S_01,SKU_05,13.050697591543887,1174.5315042182287,Invalid Outlet_ID
OUT_02795,2023,8,DIST_W_02,SKU_08,5.926940896320134,2607.86604332882,Invalid Outlet_ID
OUT_07259,2023,7,DIST_W_01,SKU_10,17.371916221021166,6414.234919324003,Invalid Outlet_ID
OUT_13327,2023,11,DIST_NW_01,SKU_05,10.683941388955493,961.5755374236018,Invalid Outlet_ID
OUT_09014,2023,3,DIST_C_02,SKU_03,21.38984627955101,7486.480495019437,Invalid Outlet_ID
OUT_15238,2023,3,DIST_NW_02,SKU_10,40.520605709675685,14961.503735810697,Invalid Outlet_ID
OUT_06028,2025,4,DIST_W_03,SKU_05,17.558942791678344,1580.2807258205828,Invalid Outlet_ID
OUT_08723,2024,3,DIST_W_02,SKU_08,10.620691997507404,4673.055206229798,Invalid Outlet_ID
OUT_06028,2024,12,DIST_W_03,SKU_08,8.863248927926689,3899.860170327387,Invalid Outlet_ID
OUT_02389,2024,7,DIST_W_02,SKU_01,6.228913351677937,1868.6785744712167,Invalid Outlet_ID
OUT_00090,2023,8,DIST_W_02,SKU_05,59.69854271403712,5372.820368270795,Invalid Outlet_ID
OUT_08564,2025,9,DIST_W_02,SKU_04,28.62727928193773,9303.89616733883,Invalid Outlet_ID
OUT_09014,2023,5,DIST_C_02,SKU_09,13.402994518458602,29486.5734673502,Invalid Outlet_ID
OUT_07259,2025,11,DIST_W_01,SKU_07,65.44055961282676,42536.40915782708,Invalid Outlet_ID
OUT_15238,2025,12,DIST_NW_02,SKU_03,63.81383972319177,22334.846458602107,Invalid Outlet_ID
OUT_17661,2025,10,DIST_S_02,SKU_09,15.646251755981428,34421.70586148748,Invalid Outlet_ID
OUT_14462,2024,1,DIST_NW_02,SKU_09,5.9787406628292965,13153.235984584726,Invalid Outlet_ID
OUT_15238,2024,7,DIST_NW_02,SKU_07,108.5083152296572,70530.3950549008,Invalid Outlet_ID
OUT_14745,2025,4,DIST_NW_01,SKU_09,9.470734895645023,20835.60676225031,Invalid Outlet_ID
OUT_19170,2025,5,DIST_S_02,SKU_09,1.8917583649427216,4161.877875586628,Invalid Outlet_ID
OUT_00090,2025,11,DIST_W_02,SKU_03,27.96270699887249,9786.96138416415,Invalid Outlet_ID
OUT_17661,2023,4,DIST_S_02,SKU_03,33.803743876872986,11831.357662471555,Invalid Outlet_ID
OUT_17661,2024,12,DIST_S_02,SKU_08,49.58510826950682,21817.41707659364,Invalid Outlet_ID
OUT_19319,2024,3,DIST_S_02,SKU_10,6.62097995262451,2444.6646605589685,Invalid Outlet_ID
OUT_01864,2025,2,DIST_W_01,SKU_05,26.075366979076087,2346.792543854396,Invalid Outlet_ID
OUT_01864,2024,2,DIST_W_01,SKU_01,11.53012719656223,3459.003495571583,Invalid Outlet_ID
OUT_17812,2023,3,DIST_S_02,SKU_10,3.9776876378555706,1468.6694226537716,Invalid Outlet_ID
OUT_15238,2025,7,DIST_NW_02,SKU_03,47.38972734001512,16586.416569711513,Invalid Outlet_ID
OUT_01864,2025,2,DIST_W_01,SKU_06,121.40560887639242,10198.062084316363,Invalid Outlet_ID
OUT_14462,2024,6,DIST_NW_02,SKU_08,12.683817963583383,5580.864173503177,Invalid Outlet_ID
OUT_09014,2024,10,DIST_C_02,SKU_10,21.91408960408117,8091.355045964783,Invalid Outlet_ID
OUT_01864,2024,6,DIST_W_01,SKU_02,18.354267635159932,4649.758511171597,Invalid Outlet_ID
OUT_00090,2024,7,DIST_W_02,SKU_08,29.323622226473187,12902.35172758997,Invalid Outlet_ID
OUT_08723,2025,3,DIST_W_02,SKU_06,99.4368364114598,8352.690607228666,Invalid Outlet_ID
OUT_15915,2023,6,DIST_NW_02,SKU_02,18.47980786774625,4681.517925375862,Invalid Outlet_ID
OUT_15238,2025,11,DIST_NW_02,SKU_09,31.268419982024184,68790.52930290894,Invalid Outlet_ID
OUT_10530,2024,5,DIST_C_03,SKU_02,83.11012363985743,21054.542688541933,Invalid Outlet_ID
OUT_17661,2023,5,DIST_S_02,SKU_05,37.93318141615361,3414.0108595198844,Invalid Outlet_ID
OUT_10229,2025,5,DIST_C_03,SKU_08,28.414459406239857,12502.331700431432,Invalid Outlet_ID
OUT_07259,2023,7,DIST_W_01,SKU_01,34.87522071823331,10462.578792481265,Invalid Outlet_ID
OUT_10416,2024,9,DIST_C_01,SKU_10,4.130075122227365,1524.978968436641,Invalid Outlet_ID
OUT_14462,2024,3,DIST_NW_02,SKU_08,11.41270776702244,5021.570235317639,Invalid Outlet_ID
OUT_00090,2025,8,DIST_W_02,SKU_01,30.07516638258884,9022.510394518918,Invalid Outlet_ID
OUT_01864,2023,10,DIST_W_01,SKU_04,9.712535756104367,3156.575201505901,Invalid Outlet_ID
OUT_12014,2025,8,DIST_C_03,SKU_01,21.10439637722373,5346.44086928552,Invalid Outlet_ID
OUT_15238,2024,12,DIST_NW_02,SKU_01,103.44749970672204,31034.274973196985,Invalid Outlet_ID
OUT_09014,2023,9,DIST_C_02,SKU_01,29.545643330996903,8863.678386504074,Invalid Outlet_ID
OUT_19319,2025,6,DIST_S_02,SKU_01,9.480630251964907,2844.175331209359,Invalid Outlet_ID
OUT_02795,2024,8,DIST_W_02,SKU_05,13.299383826862798,1196.9527689067522,Invalid Outlet_ID
OUT_13327,2023,7,DIST_NW_01,SKU_04,4.448934636966112,1445.932617101049,Invalid Outlet_ID
OUT_17812,2024,12,DIST_S_02,SKU_01,8.003990850971235,2401.1931771159234,Invalid Outlet_ID
OUT_15238,2024,3,DIST_NW_02,SKU_03,41.613063616216586,14564.601012897843,Invalid Outlet_ID
OUT_10229,2024,7,DIST_C_03,SKU_06,326.9443411784102,27463.36891689203,Invalid Outlet_ID
OUT_09014,2024,6,DIST_C_02,SKU_01,24.39619039734123,7318.86356892799,Invalid Outlet_ID
OUT_19170,2024,5,DIST_S_02,SKU_09,1.8413257106325227,4050.901680775221,Invalid Outlet_ID
OUT_15238,2024,3,DIST_NW_02,SKU_09,30.9081175465666,67997.86304133122,Invalid Outlet_ID
OUT_15238,2023,9,DIST_NW_02,SKU_02,188.3791130117501,47722.72371007029,Invalid Outlet_ID
OUT_10530,2023,10,DIST_C_03,SKU_04,23.57571442952296,7662.114771738148,Invalid Outlet_ID
OUT_17661,2024,7,DIST_S_02,SKU_05,53.28918138703654,4795.980860523127,Invalid Outlet_ID
OUT_14462,2023,10,DIST_NW_02,SKU_02,36.99547307754043,9372.217002627256,Invalid Outlet_ID
OUT_17499,2025,1,DIST_S_02,SKU_05,17.884344587666956,1609.6006643062744,Invalid Outlet_ID
OUT_17661,2023,12,DIST_S_02,SKU_10,29.727640390099616,10976.36604991814,Invalid Outlet_ID
OUT_00090,2024,2,DIST_W_02,SKU_08,27.15955041705185,11950.22949959436,Invalid Outlet_ID
OUT_16192,2025,2,DIST_NW_02,SKU_07,23.13335100272164,15036.707819953746,Invalid Outlet_ID
OUT_15238,2023,12,DIST_NW_02,SKU_02,293.6199853152491,74383.76539845401,Invalid Outlet_ID
OUT_17661,2024,5,DIST_S_02,SKU_06,194.697393111351,16354.614664043163,Invalid Outlet_ID
OUT_13998,2024,9,DIST_NW_01,SKU_06,631.5167954421316,53047.39207281579,Invalid Outlet_ID
OUT_10177,2025,10,DIST_C_02,SKU_08,12.483579991959829,5492.758196176865,Invalid Outlet_ID
OUT_13998,2025,12,DIST_NW_01,SKU_08,78.49039703425063,34535.79283129934,Invalid Outlet_ID
OUT_19319,2025,6,DIST_S_02,SKU_05,19.31099873233149,1738.0349404500191,Invalid Outlet_ID
OUT_02426,2025,1,DIST_W_02,SKU_02,18.81773898239977,4767.117823503411,Invalid Outlet_ID
OUT_10229,2023,11,DIST_C_03,SKU_03,25.870814500257183,9054.76133265443,Invalid Outlet_ID
OUT_09014,2025,1,DIST_C_02,SKU_08,32.67299236136772,14376.086328524343,Invalid Outlet_ID
OUT_10530,2024,10,DIST_C_03,SKU_07,59.49196030814266,38669.77180164013,Invalid Outlet_ID
OUT_19319,2024,8,DIST_S_02,SKU_02,34.84902922324511,8828.432317709849,Invalid Outlet_ID
OUT_13998,2025,1,DIST_NW_01,SKU_05,143.17808860386342,12886.052990861655,Invalid Outlet_ID
OUT_15238,2023,2,DIST_NW_02,SKU_03,56.92446185580789,19923.53793943713,Invalid Outlet_ID
OUT_14462,2023,4,DIST_NW_02,SKU_10,13.240300401625955,4888.694776239614,Invalid Outlet_ID
OUT_14462,2024,3,DIST_NW_02,SKU_09,5.900180911056368,12980.354535536368,Invalid Outlet_ID
OUT_13998,2025,6,DIST_NW_01,SKU_10,42.33253238847316,15630.479110226395,Invalid Outlet_ID
OUT_18975,2023,4,DIST_S_01,SKU_05,36.6810743163469,3301.3334954034863,Invalid Outlet_ID
OUT_08564,2023,2,DIST_W_02,SKU_04,19.978106284596773,6492.8913453687055,Invalid Outlet_ID
OUT_15915,2023,8,DIST_NW_02,SKU_08,6.2741153967160255,2760.5931090241,Invalid Outlet_ID
OUT_15238,2023,5,DIST_NW_02,SKU_07,111.17345299984945,72262.75938883497,Invalid Outlet_ID
OUT_17174,2023,11,DIST_S_01,SKU_01,4.760484206395018,1428.095622625486,Invalid Outlet_ID
OUT_10416,2023,9,DIST_C_01,SKU_09,3.073817863750285,6762.371311017538,Invalid Outlet_ID
OUT_19319,2023,6,DIST_S_02,SKU_07,14.139520206403866,9190.639383111053,Invalid Outlet_ID
OUT_15238,2024,10,DIST_NW_02,SKU_01,60.43751729306305,18131.231131133,Invalid Outlet_ID
OUT_10530,2024,4,DIST_C_03,SKU_03,32.62963333790662,11420.377037591388,Invalid Outlet_ID
OUT_08564,2023,3,DIST_W_02,SKU_06,291.35698547328934,24474.034107643503,Invalid Outlet_ID
OUT_02389,2024,4,DIST_W_02,SKU_05,16.52971791925407,1487.7232035988511,Invalid Outlet_ID
OUT_08564,2023,8,DIST_W_02,SKU_04,18.637966487194305,6057.3046582841125,Invalid Outlet_ID
OUT_10530,2025,7,DIST_C_03,SKU_04,22.036220277452045,7161.734705018558,Invalid Outlet_ID
OUT_15238,2023,3,DIST_NW_02,SKU_02,186.8427532738524,47333.48203344218,Invalid Outlet_ID
OUT_18975,2025,8,DIST_S_01,SKU_01,12.583194825691368,3774.916897008756,Invalid Outlet_ID
OUT_10753,2024,7,DIST_C_02,SKU_03,4.310167279165493,1508.5632770232032,Invalid Outlet_ID
OUT_18975,2025,10,DIST_S_01,SKU_10,7.279399246028214,2687.8262380508386,Invalid Outlet_ID
OUT_08564,2023,3,DIST_W_02,SKU_07,65.85136360450545,42803.342278210446,Invalid Outlet_ID
OUT_13998,2023,9,DIST_NW_01,SKU_03,48.69793079911109,17044.315203019203,Invalid Outlet_ID
OUT_14745,2024,1,DIST_NW_01,SKU_03,8.950968747391109,3132.8512934107544,Invalid Outlet_ID
OUT_10530,2023,6,DIST_C_03,SKU_01,31.91976061485077,9575.927213133882,Invalid Outlet_ID
OUT_09014,2024,4,DIST_C_02,SKU_04,26.86424007861516,8730.839629361817,Invalid Outlet_ID
OUT_08564,2024,11,DIST_W_02,SKU_08,27.95628244538438,12300.762873429105,Invalid Outlet_ID
OUT_09014,2025,9,DIST_C_02,SKU_05,73.6230225368761,6626.063425438557,Invalid Outlet_ID
OUT_10229,2023,5,DIST_C_03,SKU_02,78.78168729351876,19958.06573940349,Invalid Outlet_ID
OUT_08564,2024,8,DIST_W_02,SKU_06,316.5427441126859,26589.58109881968,Invalid Outlet_ID
OUT_12565,2023,5,DIST_C_02,SKU_01,6.613557031912995,1984.0553695339488,Invalid Outlet_ID
OUT_13998,2023,2,DIST_NW_01,SKU_01,68.95596178511614,20686.78966886554,Invalid Outlet_ID
OUT_10229,2025,7,DIST_C_03,SKU_06,276.1542668772663,23196.94198284769,Invalid Outlet_ID
OUT_10530,2025,7,DIST_C_03,SKU_09,16.684286722608128,36705.430640371,Invalid Outlet_ID
OUT_13998,2023,5,DIST_NW_01,SKU_07,109.01058810562282,70856.90218598113,Invalid Outlet_ID
OUT_06028,2024,1,DIST_W_03,SKU_03,4.704501365181146,1646.62187737398,Invalid Outlet_ID
OUT_10229,2023,10,DIST_C_03,SKU_08,27.338067074475063,12028.751913382155,Invalid Outlet_ID
OUT_03691,2023,7,DIST_W_01,SKU_01,6.45377741131736,1936.1722885097804,Invalid Outlet_ID
OUT_10530,2025,3,DIST_C_03,SKU_03,23.42127421216145,8197.425367019765,Invalid Outlet_ID
OUT_01864,2023,2,DIST_W_01,SKU_03,10.166221003899274,3558.190173979935,Invalid Outlet_ID
OUT_12014,2024,8,DIST_C_03,SKU_08,9.501942805856755,4180.8838494421125,Invalid Outlet_ID
OUT_19145,2024,8,DIST_S_01,SKU_01,3.0450897303721574,6699.157155785831,Invalid Outlet_ID
OUT_17661,2025,11,DIST_S_02,SKU_05,53.33003596041879,4799.697404497751,Invalid Outlet_ID
OUT_10530,2023,12,DIST_C_03,SKU_02,128.378181750766,32522.52176742187,Invalid Outlet_ID
OUT_15238,2024,5,DIST_NW_02,SKU_01,71.5560821685944,21466.859264664377,Invalid Outlet_ID
OUT_14462,2023,8,DIST_NW_02,SKU_04,8.76618611117539,2849.0242579507667,Invalid Outlet_ID
OUT_08723,2025,12,DIST_W_02,SKU_07,36.2483208770655,23561.458389176933,Invalid Outlet_ID
OUT_13998,2025,10,DIST_NW_01,SKU_10,38.838969133866605,14340.50211926941,Invalid Outlet_ID
OUT_17661,2024,2,DIST_S_02,SKU_08,34.07600401322902,14993.476640739773,Invalid Outlet_ID
OUT_08564,2025,4,DIST_W_02,SKU_01,45.950879858278334,13785.242655372387,Invalid Outlet_ID
OUT_10530,2023,4,DIST_C_03,SKU_04,36.67962133741269,11920.85978082995,Invalid Outlet_ID
OUT_09014,2025,3,DIST_C_02,SKU_06,271.7901928723769,22830.373040002127,Invalid Outlet_ID
OUT_01864,2023,4,DIST_W_01,SKU_10,11.35198040389054,4191.4778226664575,Invalid Outlet_ID
OUT_00090,2023,5,DIST_W_02,SKU_09,9.682376027755543,21301.199420730216,Invalid Outlet_ID
OUT_08564,2024,10,DIST_W_02,SKU_08,33.570332877805576,14770.908037816916,Invalid Outlet_ID
OUT_08564,2023,6,DIST_W_02,SKU_05,38.31981226817481,3448.800005584839,Invalid Outlet_ID
OUT_14745,2025,7,DIST_NW_01,SKU_10,7.989669600823225,2950.060515541898,Invalid Outlet_ID
OUT_07259,2023,3,DIST_W_01,SKU_05,64.37273539758675,5793.525298664833,Invalid Outlet_ID
OUT_00090,2025,8,DIST_W_02,SKU_08,30.92643973252365,13607.663244029718,Invalid Outlet_ID
OUT_08564,2025,6,DIST_W_02,SKU_05,37.84234783261469,3405.798781365285,Invalid Outlet_ID
OUT_12014,2024,1,DIST_C_03,SKU_05,9.88842406049448,889.9949459315831,Invalid Outlet_ID
OUT_08564,2024,2,DIST_W_02,SKU_02,81.88871871823699,20745.16208507993,Invalid Outlet_ID
OUT_07259,2025,3,DIST_W_01,SKU_10,16.559940279624012,6114.411275084982,Invalid Outlet_ID
OUT_08723,2025,2,DIST_W_02,SKU_08,12.357065730586324,5437.069858047919,Invalid Outlet_ID
OUT_08564,2025,3,DIST_W_02,SKU_05,66.70734897098986,6003.664467843739,Invalid Outlet_ID
OUT_15238,2025,1,DIST_NW_02,SKU_08,52.3226349287708,23021.935683333857,Invalid Outlet_ID
OUT_15238,2025,11,DIST_NW_02,SKU_04,43.93942130879214,14280.284229558993,Invalid Outlet_ID
OUT_08564,2023,3,DIST_W_02,SKU_09,14.677851573981467,32291.28726771021,Invalid Outlet_ID
OUT_08564,2023,6,DIST_W_02,SKU_03,12.283914945135578,4299.357829743,Invalid Outlet_ID
OUT_08564,2025,3,DIST_W_02,SKU_02,93.222002530083,23616.214608059,Invalid Outlet_ID
OUT_10530,2025,9,DIST_C_03,SKU_05,54.85511301839739,4936.927683218483,Invalid Outlet_ID
OUT_10177,2023,4,DIST_C_02,SKU_01,18.870284521635377,5661.0951882879,Invalid Outlet_ID
OUT_00090,2025,7,DIST_W_02,SKU_03,27.202194807556253,9520.719460722295,Invalid Outlet_ID
OUT_02426,2025,5,DIST_W_02,SKU_03,3.4124233841612126,1194.3031260716418,Invalid Outlet_ID
OUT_13327,2024,2,DIST_NW_01,SKU_01,6.834461188785299,2050.313053197974,Invalid Outlet_ID
OUT_10177,2023,7,DIST_C_02,SKU_08,9.438018230044996,4152.710971141161,Invalid Outlet_ID
OUT_10177,2024,6,DIST_C_02,SKU_07,29.413478707133734,19118.768039306917,Invalid Outlet_ID
OUT_17661,2023,1,DIST_S_02,SKU_01,43.93537308493926,13180.649911871064,Invalid Outlet_ID
OUT_18975,2023,12,DIST_S_01,SKU_02,43.22839623063325,10951.181669409038,Invalid Outlet_ID
OUT_17661,2025,1,DIST_S_02,SKU_08,45.901641806025445,20196.684839985148,Invalid Outlet_ID
OUT_17661,2024,9,DIST_S_02,SKU_01,31.586575688553445,9475.941148994743,Invalid Outlet_ID
OUT_08564,2024,10,DIST_W_02,SKU_09,12.701060913388586,27942.345201137487,Invalid Outlet_ID
OUT_16360,2025,9,DIST_NW_01,SKU_05,11.03885745253555,993.4801805674256,Invalid Outlet_ID
OUT_00090,2025,10,DIST_W_02,SKU_10,21.875748307769832,8077.206124046107,Invalid Outlet_ID
OUT_07259,2023,12,DIST_W_01,SKU_01,43.93833525656046,13181.48604255494,Invalid Outlet_ID
OUT_18975,2024,5,DIST_S_01,SKU_01,8.427579936367653,2528.2483844294616,Invalid Outlet_ID
OUT_14462,2023,10,DIST_NW_02,SKU_08,10.511867063748529,4625.242850128948,Invalid Outlet_ID
OUT_10229,2024,9,DIST_C_03,SKU_06,323.3923100310293,27164.9174846092,Invalid Outlet_ID
OUT_02389,2024,7,DIST_W_02,SKU_10,4.39825557028215,1623.9886052186089,Invalid Outlet_ID
OUT_08723,2025,5,DIST_W_02,SKU_03,5.213730698337709,1824.8444135223608,Invalid Outlet_ID
OUT_13998,2024,11,DIST_NW_01,SKU_09,27.966199668997884,61525.68389663719,Invalid Outlet_ID
OUT_10229,2025,10,DIST_C_03,SKU_08,33.43168111157963,14709.942201632251,Invalid Outlet_ID
OUT_10229,2023,5,DIST_C_03,SKU_04,25.52951387546075,8297.095767820683,Invalid Outlet_ID
OUT_10229,2024,11,DIST_C_03,SKU_04,22.455080118915703,7297.904277886996,Invalid Outlet_ID
OUT_13998,2023,4,DIST_NW_01,SKU_01,74.11423103654253,22234.22122760156,Invalid Outlet_ID
OUT_10177,2024,3,DIST_C_02,SKU_10,7.853752318722317,2899.881478637009,Invalid Outlet_ID
OUT_11877,2023,7,DIST_C_01,SKU_01,2.990331545523654,6578.720991967212,Invalid Outlet_ID
OUT_08564,2025,10,DIST_W_02,SKU_05,58.80996454086178,5292.884939484175,Invalid Outlet_ID
OUT_12565,2024,4,DIST_C_02,SKU_01,9.47010755503,2841.0178569760865,Invalid Outlet_ID
OUT_10530,2024,4,DIST_C_03,SKU_05,79.39023999091054,7145.150365377082,Invalid Outlet_ID
OUT_01864,2024,8,DIST_W_01,SKU_06,120.04556468467412,10083.807705029483,Invalid Outlet_ID
OUT_16192,2024,5,DIST_NW_02,SKU_02,38.52525908713787,9759.704373219334,Invalid Outlet_ID
OUT_15630,2025,6,DIST_NW_02,SKU_09,3.275633298197257,7206.412119445618,Invalid Outlet_ID
OUT_15238,2023,3,DIST_NW_02,SKU_03,54.000476682087005,18900.11687437625,Invalid Outlet_ID
OUT_19330,2024,1,DIST_S_01,SKU_02,26.860395559042946,6804.672400224408,Invalid Outlet_ID
OUT_10530,2023,12,DIST_C_03,SKU_08,51.9693093362601,22866.45362973928,Invalid Outlet_ID
OUT_00090,2025,1,DIST_W_02,SKU_09,13.735227217326656,30217.462536548945,Invalid Outlet_ID
OUT_15238,2025,9,DIST_NW_02,SKU_07,121.27720470219448,78830.16050039491,Invalid Outlet_ID
OUT_18975,2023,4,DIST_S_01,SKU_10,10.969003003517711,4050.0473756381607,Invalid Outlet_ID
OUT_06028,2025,12,DIST_W_03,SKU_07,19.624787447200703,12756.158616198943,Invalid Outlet_ID
OUT_09014,2023,4,DIST_C_02,SKU_07,75.35019716690036,48977.61811478538,Invalid Outlet_ID
OUT_08723,2024,1,DIST_W_02,SKU_01,12.105213642820305,3631.55351528,Invalid Outlet_ID
OUT_17812,2023,8,DIST_S_02,SKU_04,4.151095099143414,1349.093551232128,Invalid Outlet_ID
OUT_00090,2025,9,DIST_W_02,SKU_02,98.98041511305718,25074.992454724765,Invalid Outlet_ID
OUT_09014,2023,9,DIST_C_02,SKU_07,65.89834971561757,42833.93836550223,Invalid Outlet_ID
OUT_15915,2025,2,DIST_NW_02,SKU_01,7.343400787601946,2203.028642553244,Invalid Outlet_ID
OUT_09014,2025,3,DIST_C_02,SKU_07,61.964773434053626,40277.134909935136,Invalid Outlet_ID
OUT_08723,2023,2,DIST_W_02,SKU_07,24.29390731242693,15791.000656846629,Invalid Outlet_ID
OUT_17661,2024,11,DIST_S_02,SKU_10,19.62288993704679,7245.396247958874,Invalid Outlet_ID
OUT_13327,2024,4,DIST_NW_01,SKU_04,5.775753017142104,1877.132910185143,Invalid Outlet_ID
OUT_00090,2023,11,DIST_W_02,SKU_06,301.30560214048194,25309.631612156158,Invalid Outlet_ID
OUT_19170,2024,6,DIST_S_02,SKU_06,46.81424276773048,3932.419588883767,Invalid Outlet_ID
OUT_15238,2023,1,DIST_NW_02,SKU_03,49.76714371865854,17418.473405086246,Invalid Outlet_ID
OUT_10530,2023,3,DIST_C_03,SKU_06,294.52546709425496,24740.10559644217,Invalid Outlet_ID
OUT_09014,2023,6,DIST_C_02,SKU_09,15.416571987237637,33916.425867618986,Invalid Outlet_ID
OUT_09014,2023,6,DIST_C_02,SKU_10,18.18347739390855,6713.874718998282,Invalid Outlet_ID
OUT_15630,2024,1,DIST_NW_02,SKU_07,12.456132721678935,8096.475492299399,Invalid Outlet_ID
OUT_00090,2023,1,DIST_W_02,SKU_09,17.62436511478041,38773.65033630417,Invalid Outlet_ID
OUT_14745,2023,1,DIST_NW_01,SKU_01,11.33641891791182,3400.9457147015264,Invalid Outlet_ID
OUT_10177,2025,6,DIST_C_02,SKU_08,11.120704698700962,4893.126706051912,Invalid Outlet_ID
OUT_19145,2025,7,DIST_S_01,SKU_02,18.00034576514978,4560.063933243777,Invalid Outlet_ID
OUT_18975,2024,8,DIST_S_01,SKU_10,7.497671014138735,2768.395026507505,Invalid Outlet_ID
OUT_08723,2025,6,DIST_W_02,SKU_09,3.95662168723716,8704.552699519261,Invalid Outlet_ID
OUT_17661,2025,11,DIST_S_02,SKU_03,20.72486429892241,7253.752151043848,Invalid Outlet_ID
OUT_15238,2025,12,DIST_NW_02,SKU_05,175.14979501026727,15763.524598181111,Invalid Outlet_ID
OUT_10229,2023,1,DIST_C_03,SKU_10,20.19974728773808,7458.353191785975,Invalid Outlet_ID
OUT_18975,2023,3,DIST_S_01,SKU_10,8.332977071414255,3076.8298990905487,Invalid Outlet_ID
OUT_10229,2023,9,DIST_C_03,SKU_06,336.50632591227,28266.514333812967,Invalid Outlet_ID
OUT_10530,2025,10,DIST_C_03,SKU_10,21.19637568330653,7826.375066603423,Invalid Outlet_ID
OUT_14745,2024,4,DIST_NW_01,SKU_08,15.626240603289304,6875.529210315192,Invalid Outlet_ID
OUT_16192,2023,10,DIST_NW_02,SKU_06,125.92861476005066,10577.984260156883,Invalid Outlet_ID
OUT_07259,2023,8,DIST_W_01,SKU_08,29.480643398142767,12971.494902070404,Invalid Outlet_ID
OUT_08723,2023,2,DIST_W_02,SKU_05,24.98528306632921,2248.701322206027,Invalid Outlet_ID
OUT_19145,2024,11,DIST_S_01,SKU_06,58.81700272238754,4940.649862945361,Invalid Outlet_ID
OUT_13998,2025,6,DIST_NW_01,SKU_05,109.63529479235216,9867.18561086214,Invalid Outlet_ID
OUT_02862,2025,5,DIST_W_01,SKU_04,3.6734046725123912,1193.811466383814,Invalid Outlet_ID
OUT_17661,2025,5,DIST_S_02,SKU_10,11.707244199962028,4322.695192960777,Invalid Outlet_ID
OUT_06028,2024,1,DIST_W_03,SKU_09,3.2884453129546234,7234.597252102126,Invalid Outlet_ID
OUT_17661,2023,2,DIST_S_02,SKU_09,24.57737928261065,54070.20623224557,Invalid Outlet_ID
OUT_17661,2024,2,DIST_S_02,SKU_03,32.5023580536493,11375.7995029275,Invalid Outlet_ID
OUT_13998,2023,6,DIST_NW_01,SKU_01,63.30771242340291,18992.35345348397,Invalid Outlet_ID
OUT_15238,2024,9,DIST_NW_02,SKU_03,53.58432969001939,18754.50231848861,Invalid Outlet_ID
OUT_16360,2025,1,DIST_NW_01,SKU_01,5.823390275296249,1747.0071900740786,Invalid Outlet_ID
OUT_15238,2024,9,DIST_NW_02,SKU_05,107.6845329555022,9691.647023435416,Invalid Outlet_ID
OUT_11877,2025,4,DIST_C_01,SKU_09,3.990633378900367,8779.395958472085,Invalid Outlet_ID
OUT_08564,2024,8,DIST_W_02,SKU_03,24.45838774060868,8560.432762099468,Invalid Outlet_ID
OUT_08564,2024,12,DIST_W_02,SKU_01,43.84032995347828,13152.083913819111,Invalid Outlet_ID
OUT_17661,2024,5,DIST_S_02,SKU_04,15.370821370582062,4995.502576755593,Invalid Outlet_ID
OUT_19319,2023,7,DIST_S_02,SKU_09,5.707455513939107,12556.416103535468,Invalid Outlet_ID
OUT_10530,2023,10,DIST_C_03,SKU_10,19.705445130284996,7275.810745400162,Invalid Outlet_ID
OUT_10229,2024,12,DIST_C_03,SKU_04,30.93949526709816,10055.306018969077,Invalid Outlet_ID
OUT_13998,2025,8,DIST_NW_01,SKU_04,50.30550162975709,16349.257746441615,Invalid Outlet_ID
OUT_10229,2023,4,DIST_C_03,SKU_01,46.34719465663449,13904.111051388125,Invalid Outlet_ID
OUT_15238,2023,5,DIST_NW_02,SKU_08,50.53340898080261,22234.68189714135,Invalid Outlet_ID
OUT_18975,2025,11,DIST_S_01,SKU_01,12.799161267494725,3839.7118692488025,Invalid Outlet_ID
OUT_07259,2023,1,DIST_W_01,SKU_06,311.8856205681852,26198.4276306215,Invalid Outlet_ID
OUT_19170,2025,1,DIST_S_02,SKU_07,17.907516029644277,11639.906522254012,Invalid Outlet_ID
OUT_00090,2024,8,DIST_W_02,SKU_08,31.1173161770827,13691.636745691443,Invalid Outlet_ID
OUT_02862,2024,12,DIST_W_01,SKU_01,7.505481624139287,2251.602116231685,Invalid Outlet_ID
OUT_19319,2025,3,DIST_S_02,SKU_04,10.3844299796908,3374.9165525069,Invalid Outlet_ID
OUT_17661,2025,3,DIST_S_02,SKU_06,261.7044778796424,21983.218125731542,Invalid Outlet_ID
OUT_11877,2023,6,DIST_C_01,SKU_07,10.934631023376436,7107.527934545515,Invalid Outlet_ID
OUT_15238,2024,2,DIST_NW_02,SKU_03,49.57946566888384,17352.76737296246,Invalid Outlet_ID
OUT_16360,2023,1,DIST_NW_01,SKU_03,5.139652213678897,1798.8434149687305,Invalid Outlet_ID
OUT_14462,2023,10,DIST_NW_02,SKU_03,11.169952300191405,3909.5027273951214,Invalid Outlet_ID
OUT_19170,2025,4,DIST_S_02,SKU_05,18.16391938917539,1634.7415909323358,Invalid Outlet_ID
OUT_14745,2024,4,DIST_NW_01,SKU_10,12.444849418637457,4594.981379165831,Invalid Outlet_ID
OUT_10530,2025,9,DIST_C_03,SKU_07,65.40861195610653,42515.63541144393,Invalid Outlet_ID
OUT_07259,2025,9,DIST_W_01,SKU_06,314.810391667262,26444.055726341765,Invalid Outlet_ID
OUT_09014,2023,9,DIST_C_02,SKU_09,15.235226849289935,33517.541686999226,Invalid Outlet_ID
OUT_11877,2025,12,DIST_C_01,SKU_01,7.92575965259307,3487.298934872121,Invalid Outlet_ID
OUT_10416,2025,1,DIST_C_01,SKU_02,20.13088468976361,5099.813734562847,Invalid Outlet_ID
OUT_12014,2024,10,DIST_C_03,SKU_03,4.755834149845991,1664.5594847945956,Invalid Outlet_ID
OUT_15238,2024,6,DIST_NW_02,SKU_08,56.82914304957698,25004.81438625326,Invalid Outlet_ID
OUT_11877,2025,7,DIST_C_01,SKU_02,18.535949935225474,4695.770859529789,Invalid Outlet_ID
OUT_07259,2025,1,DIST_W_01,SKU_08,23.75708997504956,10453.139618540665,Invalid Outlet_ID
OUT_17499,2023,10,DIST_S_02,SKU_09,2.721252639764544,5986.714191080486,Invalid Outlet_ID
OUT_13998,2024,2,DIST_NW_01,SKU_09,31.981473485917995,70359.27243465776,Invalid Outlet_ID
OUT_08723,2024,7,DIST_W_02,SKU_07,24.20793701598011,15735.18448009974,Invalid Outlet_ID
OUT_01864,2024,2,DIST_W_01,SKU_02,34.18897834906957,8661.243249154348,Invalid Outlet_ID
OUT_14745,2025,4,DIST_NW_01,SKU_03,13.66186610534224,4781.603178981472,Invalid Outlet_ID
OUT_03691,2025,2,DIST_W_01,SKU_06,60.31511841609537,5066.510402027742,Invalid Outlet_ID
OUT_10530,2024,4,DIST_C_03,SKU_07,70.46284790659985,45800.85900611221,Invalid Outlet_ID
OUT_15915,2023,1,DIST_NW_02,SKU_01,3.7974966365484346,1402.111393490835,Invalid Outlet_ID
OUT_09014,2025,2,DIST_C_02,SKU_03,21.573704249181105,7550.80168917434,Invalid Outlet_ID
OUT_02426,2024,12,DIST_W_02,SKU_02,25.83456384178121,6544.747086298932,Invalid Outlet_ID
OUT_01864,2025,6,DIST_W_01,SKU_09,4.340039215244705,9548.098471442516,Invalid Outlet_ID
OUT_17661,2025,8,DIST_S_02,SKU_03,25.0470798967818,8766.436814163964,Invalid Outlet_ID
OUT_16360,2025,11,DIST_NW_01,SKU_10,4.337825414781605,1601.614649827177,Invalid Outlet_ID
OUT_10416,2025,12,DIST_C_01,SKU_09,4.598888591804633,10117.600813039588,Invalid Outlet_ID
OUT_15238,2024,5,DIST_NW_02,SKU_06,613.8441908894974,51562.89786981833,Invalid Outlet_ID
OUT_13998,2023,6,DIST_NW_01,SKU_05,135.10961934568292,12159.844585206754,Invalid Outlet_ID
OUT_10177,2024,2,DIST_C_02,SKU_08,13.823964625041109,6082.578618539806,Invalid Outlet_ID
OUT_17661,2025,3,DIST_S_02,SKU_04,25.77218728423344,8375.99057397774,Invalid Outlet_ID
OUT_07259,2025,11,DIST_W_01,SKU_08,29.425188503324375,12947.063137617346,Invalid Outlet_ID
OUT_18356,2024,3,DIST_S_02,SKU_01,6.503152482715739,1950.9326607689688,Invalid Outlet_ID
OUT_06028,2024,2,DIST_W_03,SKU_09,2.99107694558543,6580.330917932492,Invalid Outlet_ID
OUT_12014,2024,1,DIST_C_03,SKU_04,4.9458928441581484,1607.411253570433,Invalid Outlet_ID
OUT_17499,2025,5,DIST_S_02,SKU_09,1.705626847870108,3752.422798787304,Invalid Outlet_ID
OUT_12565,2024,4,DIST_C_02,SKU_06,103.15580250756162,8665.102287241229,Invalid Outlet_ID
OUT_02426,2024,5,DIST_W_02,SKU_01,4.080532728126844,1224.1591469822908,Invalid Outlet_ID
OUT_08564,2024,3,DIST_W_02,SKU_01,30.288479640752524,9086.563594006268,Invalid Outlet_ID
OUT_09014,2024,12,DIST_C_02,SKU_03,33.27092659149777,11644.848955193462,Invalid Outlet_ID
OUT_08564,2024,6,DIST_W_02,SKU_09,9.665974268258186,21265.13389949115,Invalid Outlet_ID
OUT_00090,2024,10,DIST_W_02,SKU_08,30.459721170920854,13402.240857207673,Invalid Outlet_ID
OUT_07259,2024,8,DIST_W_01,SKU_03,27.283714674316045,9549.343078693271,Invalid Outlet_ID
OUT_11877,2025,9,DIST_C_01,SKU_10,4.027091147364884,1486.969240993971,Invalid Outlet_ID
OUT_08564,2025,1,DIST_W_02,SKU_01,27.351360394479904,8205.3823570878,Invalid Outlet_ID
OUT_19319,2025,9,DIST_S_02,SKU_10,7.485058964469074,2763.731004707317,Invalid Outlet_ID
OUT_14462,2023,5,DIST_NW_02,SKU_07,23.75865989037925,15443.146968374462,Invalid Outlet_ID
OUT_07259,2025,10,DIST_W_01,SKU_09,15.111130810294984,33244.49814538048,Invalid Outlet_ID
OUT_12565,2025,1,DIST_C_02,SKU_06,68.464164859581,5750.990309692063,Invalid Outlet_ID
OUT_00090,2024,2,DIST_W_02,SKU_05,59.791361497166925,5381.238690272444,Invalid Outlet_ID
OUT_00090,2025,9,DIST_W_02,SKU_04,22.7136821617784,7381.951695434564,Invalid Outlet_ID
OUT_08564,2025,5,DIST_W_02,SKU_02,60.05154413985373,15213.036086419748,Invalid Outlet_ID
OUT_10177,2024,8,DIST_C_02,SKU_01,19.64639750771929,5893.928068450546,Invalid Outlet_ID
OUT_15238,2025,9,DIST_NW_02,SKU_05,126.04128696512224,11343.69781380984,Invalid Outlet_ID
OUT_09014,2024,12,DIST_C_02,SKU_02,132.84656796664277,33654.511098972565,Invalid Outlet_ID
OUT_13998,2024,7,DIST_NW_01,SKU_07,109.46157865569978,71150.06358897642,Invalid Outlet_ID
OUT_10229,2025,12,DIST_C_03,SKU_07,95.03091448407302,61770.12587428199,Invalid Outlet_ID
OUT_10530,2024,5,DIST_C_03,SKU_05,63.886474005102045,5749.799113785804,Invalid Outlet_ID
OUT_17499,2023,10,DIST_S_02,SKU_01,60.91093164387004,5116.567222187025,Invalid Outlet_ID
OUT_11877,2024,5,DIST_C_01,SKU_05,13.873057272375004,1248.5832428599088,Invalid Outlet_ID
OUT_15915,2024,11,DIST_NW_02,SKU_10,4.148590610558859,1531.8102016516723,Invalid Outlet_ID
OUT_07259,2023,2,DIST_W_01,SKU_06,292.4375716081669,24564.79824042062,Invalid Outlet_ID
OUT_02795,2023,8,DIST_W_02,SKU_07,14.085850705805198,9155.815081438206,Invalid Outlet_ID
OUT_10229,2024,1,DIST_C_03,SKU_03,28.00220018007537,9800.750845150444,Invalid Outlet_ID
OUT_15238,2024,4,DIST_NW_02,SKU_02,218.91617035955585,55458.746276366815,Invalid Outlet_ID
OUT_15915,2024,1,DIST_NW_02,SKU_03,4.477667890735296,1567.1885943046227,Invalid Outlet_ID
OUT_13998,2024,3,DIST_NW_01,SKU_02,165.287987634235,41873.00160338177,Invalid Outlet_ID
OUT_07259,2024,3,DIST_W_01,SKU_03,25.089800494820334,8781.465708335394,Invalid Outlet_ID
OUT_14462,2024,2,DIST_NW_02,SKU_01,11.317535200644826,3395.284217395079,Invalid Outlet_ID
OUT_00090,2025,6,DIST_W_02,SKU_02,51.73774310692535,13106.860933050077,Invalid Outlet_ID
OUT_10416,2025,8,DIST_C_01,SKU_01,10.47114334141199,3141.298727547584,Invalid Outlet_ID
OUT_15238,2024,3,DIST_NW_02,SKU_08,64.70031692246432,28468.126336910937,Invalid Outlet_ID
OUT_13998,2023,9,DIST_NW_01,SKU_02,201.33262170301217,51004.22176482521,Invalid Outlet_ID
OUT_16192,2024,10,DIST_NW_02,SKU_04,9.997020031050628,3248.997602924151,Invalid Outlet_ID
OUT_09014,2025,12,DIST_C_02,SKU_04,29.280909918710485,9516.262155914268,Invalid Outlet_ID
OUT_10229,2024,8,DIST_C_03,SKU_02,111.28450410345404,28192.033526152736,Invalid Outlet_ID
OUT_15630,2025,5,DIST_NW_02,SKU_02,20.03430299537386,5075.357749468051,Invalid Outlet_ID
OUT_12014,2024,8,DIST_C_03,SKU_03,6.335635508672787,2217.485364424007,Invalid Outlet_ID
OUT_08564,2023,2,DIST_W_02,SKU_05,63.38863509337746,5704.993769735702,Invalid Outlet_ID
OUT_15238,2025,4,DIST_NW_02,SKU_05,208.38502908158333,18754.67282377345,Invalid Outlet_ID
OUT_16192,2025,4,DIST_NW_02,SKU_07,39.26652796384254,25523.222736728232,Invalid Outlet_ID
OUT_07259,2024,5,DIST_W_01,SKU_06,178.6523102451045,15006.822887824746,Invalid Outlet_ID
OUT_00090,2024,11,DIST_W_02,SKU_09,13.94731930820763,30684.098960697003,Invalid Outlet_ID
OUT_08564,2025,1,DIST_W_02,SKU_03,23.311783393855368,8159.131724503369,Invalid Outlet_ID
OUT_12014,2024,7,DIST_C_03,SKU_02,15.726144296491633,3983.931478695328,Invalid Outlet_ID
OUT_19145,2025,3,DIST_S_01,SKU_08,5.225894119667194,2299.3991932516174,Invalid Outlet_ID
OUT_10229,2023,2,DIST_C_03,SKU_05,59.55953602246468,5360.317799884371,Invalid Outlet_ID
OUT_09014,2024,10,DIST_C_02,SKU_04,28.489607687477577,9259.090195150677,Invalid Outlet_ID
OUT_10177,2025,1,DIST_C_02,SKU_10,8.450120078380614,3120.0430645221186,Invalid Outlet_ID
OUT_15238,2024,12,DIST_NW_02,SKU_02,240.1506090809406,60838.141749179726,Invalid Outlet_ID
OUT_02862,2025,6,DIST_W_01,SKU_06,38.41559452864671,3226.9444475590394,Invalid Outlet_ID
OUT_15238,2025,5,DIST_NW_02,SKU_07,139.7160171442559,90815.36576837405,Invalid Outlet_ID
OUT_01864,2024,5,DIST_W_01,SKU_01,7.955373271307455,2386.656609573233,Invalid Outlet_ID
OUT_10530,2024,5,DIST_C_03,SKU_06,339.8902640115582,28550.80853513746,Invalid Outlet_ID
OUT_15630,2024,4,DIST_NW_02,SKU_03,6.091616591359967,2132.044986831411,Invalid Outlet_ID
OUT_07259,2023,8,DIST_W_01,SKU_05,65.63638419827325,5907.234213583129,Invalid Outlet_ID
OUT_10229,2023,7,DIST_C_03,SKU_07,53.45674005974361,34746.84185982243,Invalid Outlet_ID
OUT_13567,2025,1,DIST_NW_02,SKU_05,11.717449660795864,1054.580458293586,Invalid Outlet_ID
OUT_07259,2025,9,DIST_W_01,SKU_03,30.27406797805828,10595.951920538037,Invalid Outlet_ID
OUT_17661,2024,6,DIST_S_02,SKU_02,64.37174427462755,16307.487984421892,Invalid Outlet_ID
OUT_00090,2024,8,DIST_W_02,SKU_04,22.694984680478942,7375.826949367261,Invalid Outlet_ID
OUT_02862,2024,6,DIST_W_01,SKU_04,2.934151882021275,953.6232098365628,Invalid Outlet_ID
OUT_10753,2025,10,DIST_C_02,SKU_05,13.112741468735605,1180.115997396319,Invalid Outlet_ID
OUT_09014,2024,3,DIST_C_02,SKU_03,27.022117414393676,9457.713768401138,Invalid Outlet_ID
OUT_00090,2025,1,DIST_W_02,SKU_01,33.79790933736002,10139.411872419952,Invalid Outlet_ID
OUT_17661,2024,8,DIST_S_02,SKU_02,96.07608189941531,24339.3084184593,Invalid Outlet_ID
OUT_14462,2024,12,DIST_NW_02,SKU_02,56.483892624543,14309.284317532258,Invalid Outlet_ID
OUT_08564,2024,2,DIST_W_02,SKU_06,314.64991976926126,26430.566375850256,Invalid Outlet_ID
OUT_09014,2024,3,DIST_C_02,SKU_07,50.2009648306401,32630.61056052498,Invalid Outlet_ID
OUT_16360,2025,12,DIST_NW_01,SKU_09,4.61542573514705,10153.904338328057,Invalid Outlet_ID
OUT_13998,2023,7,DIST_NW_01,SKU_05,128.7660197926091,11588.91193509724,Invalid Outlet_ID
OUT_15238,2025,8,DIST_NW_02,SKU_01,56.38752175301119,16916.22392361062,Invalid Outlet_ID
OUT_08564,2025,2,DIST_W_02,SKU_04,29.18523377810708,9485.16050139215,Invalid Outlet_ID
OUT_09014,2024,11,DIST_C_02,SKU_08,26.039632410257028,11457.44763849088,Invalid Outlet_ID
OUT_18975,2023,5,DIST_S_01,SKU_04,5.9779901740183945,1942.84764630769,Invalid Outlet_ID
OUT_17661,2024,2,DIST_S_02,SKU_07,99.11680352600494,64425.950463319976,Invalid Outlet_ID
OUT_13998,2025,4,DIST_NW_01,SKU_07,189.59872932614093,123239.13040121048,Invalid Outlet_ID
OUT_09014,2023,1,DIST_C_02,SKU_09,14.286139565020584,31429.49124530184,Invalid Outlet_ID
OUT_07259,2025,6,DIST_W_01,SKU_04,15.865164631058764,5156.2201851152,Invalid Outlet_ID
OUT_19319,2024,5,DIST_S_02,SKU_10,4.428978461934183,1635.3584006239687,Invalid Outlet_ID
OUT_13998,2023,12,DIST_NW_01,SKU_04,71.98252770297645,23394.34487832953,Invalid Outlet_ID
OUT_17661,2025,6,DIST_S_02,SKU_08,22.638081536749723,9960.728621916169,Invalid Outlet_ID
OUT_17661,2023,6,DIST_S_02,SKU_04,18.433630767975853,5990.959295047884,Invalid Outlet_ID
OUT_00090,2023,10,DIST_W_02,SKU_06,275.03788884082434,23103.19012083912,Invalid Outlet_ID
OUT_07259,2025,11,DIST_W_01,SKU_02,86.32347759404948,21868.64995618549,Invalid Outlet_ID
OUT_17661,2023,2,DIST_S_02,SKU_04,36.11088605949858,11736.014916977196,Invalid Outlet_ID
OUT_01864,2025,10,DIST_W_01,SKU_09,7.206836441038526,15855.034425613125,Invalid Outlet_ID
OUT_10530,2024,8,DIST_C_03,SKU_07,88.5663168938344,57568.11001767061,Invalid Outlet_ID
OUT_19319,2024,6,DIST_S_02,SKU_06,75.09442154365419,6307.922329284641,Invalid Outlet_ID
OUT_12014,2023,10,DIST_C_03,SKU_01,6.106854197959575,1832.1048347461167,Invalid Outlet_ID
OUT_10229,2025,3,DIST_C_03,SKU_05,56.11765161565438,5050.63114718708,Invalid Outlet_ID
OUT_17661,2025,4,DIST_S_02,SKU_08,43.71053055733384,19232.63125638506,Invalid Outlet_ID
OUT_08564,2024,9,DIST_W_02,SKU_02,83.65316615325378,21192.08871520416,Invalid Outlet_ID
OUT_18975,2024,8,DIST_S_01,SKU_03,8.290027285394448,2901.4894371112296,Invalid Outlet_ID
OUT_06028,2025,10,DIST_W_03,SKU_10,3.796789113255757,1401.9244216099942,Invalid Outlet_ID
OUT_12565,2023,11,DIST_C_02,SKU_01,3.3516527795607507,7373.655581357036,Invalid Outlet_ID
OUT_13998,2025,5,DIST_NW_01,SKU_08,65.26951417075804,28718.55906305627,Invalid Outlet_ID
OUT_17661,2024,9,DIST_S_02,SKU_10,24.96024929112565,9216.120672817342,Invalid Outlet_ID
OUT_07259,2024,2,DIST_W_01,SKU_03,24.936053516698458,8727.612304273662,Invalid Outlet_ID
OUT_00090,2025,8,DIST_W_02,SKU_02,83.67839307979476,21198.57605816067,Invalid Outlet_ID
OUT_15238,2023,9,DIST_NW_02,SKU_10,41.68306298266402,15390.7092294652,Invalid Outlet_ID
OUT_12014,2023,10,DIST_C_03,SKU_06,50.64076165488417,4253.857474421502,Invalid Outlet_ID
OUT_13998,2025,1,DIST_NW_01,SKU_07,106.78167995360192,69408.05162823749,Invalid Outlet_ID
OUT_13998,2023,2,DIST_NW_01,SKU_09,30.211800810963645,66465.93555662461,Invalid Outlet_ID
OUT_19319,2025,2,DIST_S_02,SKU_01,16.245523865428485,4873.628131173898,Invalid Outlet_ID
OUT_17661,2024,12,DIST_S_02,SKU_02,146.7201564405807,37169.13645160731,Invalid Outlet_ID
OUT_07259,2024,3,DIST_W_01,SKU_05,65.09628679342913,5858.692827247893,Invalid Outlet_ID
OUT_10229,2025,7,DIST_C_03,SKU_09,14.311428042473016,31485.11000216348,Invalid Outlet_ID
OUT_03691,2025,12,DIST_W_01,SKU_01,7.637848093911008,2291.382374592067,Invalid Outlet_ID
OUT_09014,2024,11,DIST_C_02,SKU_09,14.961193851858354,32914.6442203233,Invalid Outlet_ID
OUT_06028,2024,6,DIST_W_03,SKU_04,2.7592655011149128,896.7991232459665,Invalid Outlet_ID
OUT_09014,2025,1,DIST_C_02,SKU_01,26.443588793477005,7933.078098392373,Invalid Outlet_ID
OUT_19145,2024,9,DIST_S_01,SKU_03,4.6394363367674645,1623.8277279222732,Invalid Outlet_ID
OUT_16360,2025,1,DIST_NW_01,SKU_05,13.126330668835594,1181.3400570206195,Invalid Outlet_ID
OUT_02389,2023,8,DIST_W_02,SKU_04,5.295775857217518,1721.1329946235016,Invalid Outlet_ID
OUT_15238,2023,2,DIST_NW_02,SKU_07,130.4255216872289,84776.62169207913,Invalid Outlet_ID
OUT_10177,2023,10,DIST_C_02,SKU_02,35.13071764965672,8899.824080056123,Invalid Outlet_ID
OUT_17499,2025,3,DIST_S_02,SKU_01,56.87740486707065,1706.3182131936037,Invalid Outlet_ID
OUT_17499,2025,12,DIST_S_02,SKU_01,96.8783497318584,8137.780285501809,Invalid Outlet_ID
OUT_13998,2025,1,DIST_NW_01,SKU_04,59.73500502553633,19413.872082056638,Invalid Outlet_ID
OUT_13998,2025,2,DIST_NW_01,SKU_08,37.20088642252412,16368.42806664728,Invalid Outlet_ID
OUT_11877,2024,1,DIST_C_01,SKU_04,4.586222113512156,1490.5150804687212,Invalid Outlet_ID
OUT_19319,2025,9,DIST_S_02,SKU_06,113.03974506233854,9495.355253705578,Invalid Outlet_ID
OUT_07259,2025,7,DIST_W_01,SKU_02,79.46386619454726,20130.86717563793,Invalid Outlet_ID
OUT_00090,2024,10,DIST_W_02,SKU_05,58.91745883134957,5302.594062053428,Invalid Outlet_ID
OUT_10530,2025,9,DIST_C_03,SKU_03,21.680981236380877,7588.341128315053,Invalid Outlet_ID
OUT_14462,2023,8,DIST_NW_02,SKU_10,8.757209117488895,3233.4323756371086,Invalid Outlet_ID
OUT_06028,2023,12,DIST_W_03,SKU_08,9.175127243270246,4037.088672893051,Invalid Outlet_ID
OUT_13327,2023,4,DIST_NW_01,SKU_04,6.384620274281244,2075.0127863278626,Invalid Outlet_ID
OUT_09014,2023,6,DIST_C_02,SKU_03,25.951019665429147,9082.829109762371,Invalid Outlet_ID
OUT_17661,2023,1,DIST_S_02,SKU_05,83.56493706605791,7520.852141428511,Invalid Outlet_ID
OUT_02426,2025,5,DIST_W_02,SKU_08,4.557785922310838,2005.383238675036,Invalid Outlet_ID
OUT_07259,2025,6,DIST_W_01,SKU_03,15.6046306457371,5461.572924778299,Invalid Outlet_ID
OUT_15238,2023,1,DIST_NW_02,SKU_01,60.00748887700796,18002.22627215361,Invalid Outlet_ID
OUT_06028,2023,12,DIST_W_03,SKU_09,3.696373820410899,8132.010673004266,Invalid Outlet_ID
OUT_15915,2024,11,DIST_NW_02,SKU_07,10.710315000814033,6961.687022191131,Invalid Outlet_ID
OUT_16192,2025,12,DIST_NW_02,SKU_02,49.03588571710273,12422.397989657957,Invalid Outlet_ID
OUT_19170,2025,4,DIST_S_02,SKU_04,5.919764337289895,1923.9655711515736,Invalid Outlet_ID
OUT_09014,2023,3,DIST_C_02,SKU_08,34.12904911818639,15016.80172086367,Invalid Outlet_ID
OUT_16360,2023,2,DIST_NW_01,SKU_09,3.737658162905418,8222.896248468438,Invalid Outlet_ID
OUT_13998,2025,6,DIST_NW_01,SKU_01,58.12562097800999,17437.67016396832,Invalid Outlet_ID
OUT_19319,2023,6,DIST_S_02,SKU_08,8.446117232429467,3716.309168190824,Invalid Outlet_ID
OUT_17812,2025,7,DIST_S_02,SKU_07,12.170787950103772,7911.045483793481,Invalid Outlet_ID
OUT_16192,2024,3,DIST_NW_02,SKU_07,21.45200761975766,13943.821674497436,Invalid Outlet_ID
OUT_09014,2024,3,DIST_C_02,SKU_09,14.08121088825627,30978.67195154061,Invalid Outlet_ID
OUT_17812,2025,4,DIST_S_02,SKU_04,8.162680404417648,2652.8389771270927,Invalid Outlet_ID
OUT_03691,2023,7,DIST_W_01,SKU_05,10.888288727880823,979.92159744594,Invalid Outlet_ID
OUT_17661,2024,3,DIST_S_02,SKU_05,70.90230617903939,6381.167495266742,Invalid Outlet_ID
OUT_08564,2023,8,DIST_W_02,SKU_02,94.75463476626314,24004.51452647808,Invalid Outlet_ID
OUT_09014,2025,1,DIST_C_02,SKU_04,25.952787772282107,8434.62485848613,Invalid Outlet_ID
OUT_02862,2024,6,DIST_W_01,SKU_03,3.229082964126804,1130.1333354751855,Invalid Outlet_ID
OUT_14462,2025,10,DIST_NW_02,SKU_08,11.315576410615844,4978.856320295566,Invalid Outlet_ID
OUT_14745,2024,6,DIST_NW_01,SKU_03,10.52665520919898,3684.293151308927,Invalid Outlet_ID
OUT_02862,2024,7,DIST_W_01,SKU_05,12.590635003407852,1133.13507101965,Invalid Outlet_ID
OUT_10530,2025,2,DIST_C_03,SKU_02,88.70488109818562,22471.91151214644,Invalid Outlet_ID
OUT_10530,2025,2,DIST_C_03,SKU_08,29.41234058888012,12941.422344565535,Invalid Outlet_ID
OUT_15238,2023,3,DIST_NW_02,SKU_07,100.3438490820608,65223.54818682071,Invalid Outlet_ID
OUT_09014,2024,7,DIST_C_02,SKU_09,13.754346794505691,30259.60166915196,Invalid Outlet_ID
OUT_10229,2024,6,DIST_C_03,SKU_02,100.42045922377132,25439.86574951262,Invalid Outlet_ID
OUT_08564,2025,4,DIST_W_02,SKU_03,35.02952116954273,12260.347799919917,Invalid Outlet_ID
OUT_16192,2023,4,DIST_NW_02,SKU_07,38.38703745072375,24951.571466333964,Invalid Outlet_ID
OUT_17661,2023,4,DIST_S_02,SKU_06,445.09145600378383,37387.63754117341,Invalid Outlet_ID
OUT_13998,2025,2,DIST_NW_01,SKU_09,24.20406246582652,53248.92885464878,Invalid Outlet_ID
OUT_10229,2023,2,DIST_C_03,SKU_07,57.85877110679676,37608.20262234364,Invalid Outlet_ID
OUT_19319,2025,4,DIST_S_02,SKU_09,9.09860702444474,20016.902788178955,Invalid Outlet_ID
OUT_19319,2023,11,DIST_S_02,SKU_07,22.41006537878111,14566.51441326918,Invalid Outlet_ID
OUT_10229,2025,7,DIST_C_03,SKU_07,64.51889173045993,41937.25789178917,Invalid Outlet_ID
OUT_02862,2025,6,DIST_W_01,SKU_10,2.964445509280825,1094.5617843195266,Invalid Outlet_ID
OUT_08564,2024,6,DIST_W_02,SKU_07,37.18583938537863,24170.7690265256,Invalid Outlet_ID
OUT_15238,2024,2,DIST_NW_02,SKU_05,125.46885615784116,11292.19841409788,Invalid Outlet_ID
OUT_07259,2025,12,DIST_W_01,SKU_05,94.4853490068352,8503.634816076925,Invalid Outlet_ID
OUT_13998,2025,12,DIST_NW_01,SKU_05,144.76780539814038,13029.074492292277,Invalid Outlet_ID
OUT_18975,2024,1,DIST_S_01,SKU_07,27.991728323938656,18194.586297517868,Invalid Outlet_ID
OUT_15915,2025,2,DIST_NW_02,SKU_03,4.477006866695979,1566.9827607471782,Invalid Outlet_ID
OUT_15238,2023,8,DIST_NW_02,SKU_09,30.359906444041588,66791.7642572715,Invalid Outlet_ID
OUT_08723,2023,4,DIST_W_02,SKU_02,46.147721415058754,11690.787951111575,Invalid Outlet_ID
OUT_15915,2023,12,DIST_NW_02,SKU_09,3.929941734283283,8645.89659903396,Invalid Outlet_ID
OUT_19170,2025,6,DIST_S_02,SKU_06,34.79618827862454,2922.89715176064,Invalid Outlet_ID
OUT_14745,2023,10,DIST_NW_01,SKU_08,12.560374894930046,5526.557210063724,Invalid Outlet_ID
OUT_13327,2024,1,DIST_NW_01,SKU_03,4.946137681338836,1731.1758658179838,Invalid Outlet_ID
OUT_19319,2024,11,DIST_S_02,SKU_07,21.3326200893956,13866.204084802575,Invalid Outlet_ID
OUT_16360,2025,12,DIST_NW_01,SKU_08,9.39154988001632,4132.263616357589,Invalid Outlet_ID
OUT_18356,2025,10,DIST_S_02,SKU_02,16.70848247770883,4232.8147315379365,Invalid Outlet_ID
OUT_13998,2023,1,DIST_NW_01,SKU_04,48.73532072286364,15838.989396068771,Invalid Outlet_ID
OUT_07259,2023,10,DIST_W_01,SKU_09,14.63904437459012,32205.85163069589,Invalid Outlet_ID
OUT_13998,2024,3,DIST_NW_01,SKU_03,46.46789857167409,16263.770101427224,Invalid Outlet_ID
OUT_17661,2025,3,DIST_S_02,SKU_05,54.50129069332517,4905.076668527891,Invalid Outlet_ID
OUT_10753,2024,8,DIST_C_02,SKU_01,10.562757159061771,3168.796866058912,Invalid Outlet_ID
OUT_15630,2024,8,DIST_NW_02,SKU_08,5.862931834029453,2579.6631204950368,Invalid Outlet_ID
OUT_07259,2025,4,DIST_W_01,SKU_04,30.575054573441744,9936.877301013104,Invalid Outlet_ID
OUT_02389,2024,4,DIST_W_02,SKU_04,6.3905277083253615,2076.9268512043877,Invalid Outlet_ID
OUT_16192,2023,7,DIST_NW_02,SKU_06,122.96739439523203,10329.28768245819,Invalid Outlet_ID
OUT_03691,2025,3,DIST_W_01,SKU_04,5.632007772533527,1830.3989391319856,Invalid Outlet_ID
OUT_15630,2024,8,DIST_NW_02,SKU_05,9.770280549634997,879.3304241473834,Invalid Outlet_ID
OUT_08564,2023,1,DIST_W_02,SKU_04,27.239815781377764,8852.89944538513,Invalid Outlet_ID
OUT_19170,2023,8,DIST_S_02,SKU_10,4.114815578210236,1519.2889298238686,Invalid Outlet_ID
OUT_10530,2025,11,DIST_C_03,SKU_02,92.83089829457924,23517.17006386529,Invalid Outlet_ID
OUT_13998,2025,1,DIST_NW_01,SKU_02,174.3360899501966,44165.10260194556,Invalid Outlet_ID
OUT_10416,2023,9,DIST_C_01,SKU_03,4.665231865151916,1632.855460849484,Invalid Outlet_ID
OUT_17661,2024,10,DIST_S_02,SKU_05,57.40107949157603,5166.119525306478,Invalid Outlet_ID
OUT_10416,2025,4,DIST_C_01,SKU_05,16.466042826514585,1481.9583506993497,Invalid Outlet_ID
OUT_13327,2023,7,DIST_NW_01,SKU_10,3.77899070700176,1395.364404057102,Invalid Outlet_ID
OUT_07259,2025,10,DIST_W_01,SKU_02,93.1010461415937,23585.589427111125,Invalid Outlet_ID
OUT_11877,2023,3,DIST_C_01,SKU_08,5.510535351781331,2424.601416898947,Invalid Outlet_ID
OUT_12014,2024,2,DIST_C_03,SKU_08,5.171752919491082,2275.5935977761183,Invalid Outlet_ID
OUT_07259,2025,4,DIST_W_01,SKU_07,100.69566894660318,65452.14526150924,Invalid Outlet_ID
OUT_10177,2025,2,DIST_C_02,SKU_07,22.159054766671765,14403.422975664404,Invalid Outlet_ID
OUT_18975,2024,10,DIST_S_01,SKU_05,25.28601036457041,2275.7402819270023,Invalid Outlet_ID
OUT_08564,2024,9,DIST_W_02,SKU_08,27.357138307553477,12037.09331896498,Invalid Outlet_ID
OUT_09014,2025,2,DIST_C_02,SKU_06,257.75308438490407,21651.276011266295,Invalid Outlet_ID
OUT_16360,2025,1,DIST_NW_01,SKU_06,62.406682260549246,5242.1519871401615,Invalid Outlet_ID
OUT_09014,2024,11,DIST_C_02,SKU_05,62.71622970106306,5644.492176306108,Invalid Outlet_ID
OUT_08564,2025,1,DIST_W_02,SKU_10,21.04799126738297,7771.5839561212015,Invalid Outlet_ID
OUT_18356,2025,7,DIST_S_02,SKU_06,53.51861027951094,4495.5359361764695,Invalid Outlet_ID
OUT_08564,2024,1,DIST_W_02,SKU_10,18.413327956053624,6798.783484068194,Invalid Outlet_ID
OUT_10177,2024,9,DIST_C_02,SKU_07,24.951450273043385,16218.409917939873,Invalid Outlet_ID
OUT_02795,2024,9,DIST_W_02,SKU_10,3.803087164684899,1404.2023355602278,Invalid Outlet_ID
OUT_13998,2024,1,DIST_NW_01,SKU_05,130.93087334273835,11783.757704763546,Invalid Outlet_ID
OUT_19145,2025,3,DIST_S_01,SKU_09,2.4262392820872347,5337.708260851973,Invalid Outlet_ID
OUT_19319,2025,10,DIST_S_02,SKU_02,38.25138324711214,9690.389814390306,Invalid Outlet_ID
OUT_19319,2024,8,DIST_S_02,SKU_09,6.544475943841652,14397.87005494908,Invalid Outlet_ID
OUT_10530,2024,12,DIST_C_03,SKU_09,17.776934189545866,39109.26621241764,Invalid Outlet_ID
OUT_15238,2025,2,DIST_NW_02,SKU_01,57.1536517962321,17146.09848973424,Invalid Outlet_ID
OUT_13998,2023,11,DIST_NW_01,SKU_09,24.751443662434063,54453.19479384618,Invalid Outlet_ID
OUT_08564,2024,4,DIST_W_02,SKU_07,68.7751884033427,44703.86069122744,Invalid Outlet_ID
OUT_15238,2025,7,DIST_NW_02,SKU_09,28.822174215592035,63408.814861736006,Invalid Outlet_ID
OUT_08723,2024,1,DIST_W_02,SKU_10,8.301141939258295,3065.057509716074,Invalid Outlet_ID
OUT_10229,2024,9,DIST_C_03,SKU_10,18.016688663778467,6652.297807823589,Invalid Outlet_ID
OUT_10530,2024,10,DIST_C_03,SKU_06,294.4089054028637,24730.374579293788,Invalid Outlet_ID
OUT_12565,2023,4,DIST_C_02,SKU_06,86.276009347696,7247.191469479259,Invalid Outlet_ID
OUT_02862,2023,4,DIST_W_01,SKU_01,7.92741596900887,2378.2099772196534,Invalid Outlet_ID
OUT_08564,2025,2,DIST_W_02,SKU_01,31.59802316321873,9479.3917731099,Invalid Outlet_ID
OUT_19319,2024,3,DIST_S_02,SKU_02,33.963220435513634,8604.007220979267,Invalid Outlet_ID
OUT_16360,2023,10,DIST_NW_01,SKU_06,63.2470165591895,5312.74612865772,Invalid Outlet_ID
OUT_16192,2025,10,DIST_NW_02,SKU_02,32.85835648210923,8324.166399232497,Invalid Outlet_ID
OUT_10416,2025,12,DIST_C_01,SKU_06,85.06475140093208,7145.433123583423,Invalid Outlet_ID
OUT_02795,2024,12,DIST_W_02,SKU_06,100.8566858350402,8471.961562334365,Invalid Outlet_ID
OUT_09014,2024,7,DIST_C_02,SKU_08,30.576923561936333,13453.867310602363,Invalid Outlet_ID
OUT_10530,2024,7,DIST_C_03,SKU_04,23.346343716568512,7587.542165374555,Invalid Outlet_ID
OUT_14462,2024,12,DIST_NW_02,SKU_01,18.4493393391364,5534.776100019568,Invalid Outlet_ID
OUT_12014,2025,4,DIST_C_03,SKU_10,5.741860882951365,2120.10581228676,Invalid Outlet_ID
OUT_10229,2023,3,DIST_C_03,SKU_01,27.234622627256883,8170.433819877628,Invalid Outlet_ID
OUT_15238,2024,3,DIST_NW_02,SKU_05,143.09711637554352,12878.69288275707,Invalid Outlet_ID
OUT_08564,2023,9,DIST_W_02,SKU_04,26.53055690752461,8622.462666649628,Invalid Outlet_ID
OUT_01864,2023,3,DIST_W_01,SKU_06,117.96165705737012,9908.81086223126,Invalid Outlet_ID
OUT_19319,2023,6,DIST_S_02,SKU_10,4.796442882918478,1770.954030918154,Invalid Outlet_ID
OUT_07259,2023,6,DIST_W_01,SKU_03,13.156618555274688,4604.813091610348,Invalid Outlet_ID
OUT_15238,2025,10,DIST_NW_02,SKU_07,132.80617747981137,86323.99248264534,Invalid Outlet_ID
OUT_17661,2025,7,DIST_S_02,SKU_10,16.413701520038096,6060.424628096595,Invalid Outlet_ID
OUT_17661,2024,2,DIST_S_02,SKU_05,88.18102044346182,7936.265931606282,Invalid Outlet_ID
OUT_19330,2025,1,DIST_S_01,SKU_05,19.5218492288723,1756.9727381982534,Invalid Outlet_ID
OUT_00090,2024,12,DIST_W_02,SKU_10,28.71649950215736,10603.063346742976,Invalid Outlet_ID
OUT_00090,2023,2,DIST_W_02,SKU_08,36.04103506228056,15858.046253122351,Invalid Outlet_ID
OUT_19319,2025,9,DIST_S_02,SKU_01,12.025399800850115,3607.5760236707742,Invalid Outlet_ID
OUT_10177,2024,6,DIST_C_02,SKU_02,35.509694511386144,8995.761195382704,Invalid Outlet_ID
OUT_02426,2025,5,DIST_W_02,SKU_09,2.0588402383643167,4529.400670279465,Invalid Outlet_ID
OUT_17499,2025,11,DIST_S_02,SKU_09,2.828338816892869,6222.372126826517,Invalid Outlet_ID
OUT_15915,2023,6,DIST_NW_02,SKU_08,6.887475259979483,3030.4857109483,Invalid Outlet_ID
OUT_07259,2023,5,DIST_W_01,SKU_01,19.395170024429667,5818.591218435884,Invalid Outlet_ID
OUT_14745,2025,7,DIST_NW_01,SKU_05,26.36311032655599,2372.65030956451,Invalid Outlet_ID
OUT_09014,2023,12,DIST_C_02,SKU_06,431.4161526490568,36238.912149823205,Invalid Outlet_ID
OUT_07259,2023,7,DIST_W_01,SKU_09,14.942621535939535,32873.73148810548,Invalid Outlet_ID
OUT_00090,2025,7,DIST_W_02,SKU_10,18.06879607373301,6671.552000546282,Invalid Outlet_ID
OUT_17661,2024,2,DIST_S_02,SKU_02,132.11437104094492,33469.0117549897,Invalid Outlet_ID
OUT_17661,2023,6,DIST_S_02,SKU_08,16.37677530424098,7205.731166766986,Invalid Outlet_ID
OUT_14462,2025,6,DIST_NW_02,SKU_03,10.478666909613946,3667.571033448909,Invalid Outlet_ID
OUT_17661,2024,5,DIST_S_02,SKU_03,16.043456230279133,5615.2320178346345,Invalid Outlet_ID
OUT_17661,2023,9,DIST_S_02,SKU_02,93.35166998874962,23649.055951156068,Invalid Outlet_ID
OUT_00090,2025,8,DIST_W_02,SKU_07,51.42367607232139,33425.36148494849,Invalid Outlet_ID
OUT_10416,2023,11,DIST_C_01,SKU_02,15.31201753483784,3879.087615954183,Invalid Outlet_ID
OUT_00090,2023,12,DIST_W_02,SKU_10,26.46730496498608,9772.509859826225,Invalid Outlet_ID
OUT_14462,2025,9,DIST_NW_02,SKU_01,12.315029342636413,3694.503313975361,Invalid Outlet_ID
OUT_10530,2025,2,DIST_C_03,SKU_09,13.596908389076962,29913.23103020456,Invalid Outlet_ID
OUT_15238,2024,6,DIST_NW_02,SKU_09,28.53699627373405,62781.36772877003,Invalid Outlet_ID
OUT_01864,2024,5,DIST_W_01,SKU_09,3.818283261033328,8400.260610686773,Invalid Outlet_ID
OUT_17661,2024,9,DIST_S_02,SKU_05,56.21246269973562,5059.089066709117,Invalid Outlet_ID
OUT_02795,2023,7,DIST_W_02,SKU_06,51.01745728644943,4285.451283884561,Invalid Outlet_ID
OUT_10416,2024,4,DIST_C_01,SKU_06,76.19978500571916,6400.798849088295,Invalid Outlet_ID
OUT_00090,2025,6,DIST_W_02,SKU_01,20.777918275142472,6233.337979001904,Invalid Outlet_ID
OUT_13998,2025,4,DIST_NW_01,SKU_02,203.3658314110085,51519.38040148023,Invalid Outlet_ID
OUT_09014,2025,6,DIST_C_02,SKU_09,12.582999684996064,27682.630018045977,Invalid Outlet_ID
OUT_14745,2023,1,DIST_NW_01,SKU_09,7.503800941467551,16508.312587627614,Invalid Outlet_ID
OUT_13998,2023,9,DIST_NW_01,SKU_01,63.25001837750509,18975.05021265039,Invalid Outlet_ID
OUT_13998,2024,12,DIST_NW_01,SKU_04,66.92843379172008,21751.75006622366,Invalid Outlet_ID
OUT_10530,2025,10,DIST_C_03,SKU_02,87.14409023277736,22076.473560806167,Invalid Outlet_ID
OUT_02862,2025,8,DIST_W_01,SKU_01,5.838138433970527,1751.421349407983,Invalid Outlet_ID
OUT_10416,2023,11,DIST_C_01,SKU_08,5.883964729148426,2588.9077607982867,Invalid Outlet_ID
OUT_09014,2025,5,DIST_C_02,SKU_10,19.11758126316463,7058.769981868399,Invalid Outlet_ID
OUT_01864,2024,2,DIST_W_01,SKU_03,10.72552987248602,3753.984692603474,Invalid Outlet_ID
OUT_19319,2023,9,DIST_S_02,SKU_09,5.173119078526085,11380.902269050435,Invalid Outlet_ID
OUT_19170,2025,8,DIST_S_02,SKU_08,6.418795119478935,2824.319206382057,Invalid Outlet_ID
OUT_19145,2025,3,DIST_S_01,SKU_03,4.147509863219359,1451.669282490819,Invalid Outlet_ID
OUT_00090,2024,6,DIST_W_02,SKU_05,34.87741782854834,3138.985657794445,Invalid Outlet_ID
OUT_02389,2023,12,DIST_W_02,SKU_08,10.031043788164592,4413.700439302421,Invalid Outlet_ID
OUT_13998,2025,9,DIST_NW_01,SKU_01,55.35395358625309,16606.227778155306,Invalid Outlet_ID
OUT_07259,2025,4,DIST_W_01,SKU_08,41.71151022028632,18353.05791023021,Invalid Outlet_ID
OUT_15238,2025,4,DIST_NW_02,SKU_04,81.1265004395303,26366.109454185447,Invalid Outlet_ID
OUT_15238,2024,11,DIST_NW_02,SKU_10,38.400657410657566,14178.738708646088,Invalid Outlet_ID
OUT_07259,2024,5,DIST_W_01,SKU_08,20.77491720563757,9140.936176102825,Invalid Outlet_ID
OUT_19319,2023,2,DIST_S_02,SKU_09,8.980318384555083,19756.66916250244,Invalid Outlet_ID
OUT_10530,2024,10,DIST_C_03,SKU_10,17.679587088908153,6527.884365610439,Invalid Outlet_ID
OUT_13567,2023,8,DIST_NW_02,SKU_01,5.643987695339679,1693.148923273203,Invalid Outlet_ID
OUT_19330,2025,7,DIST_S_01,SKU_08,4.989408148626794,2195.3640770536526,Invalid Outlet_ID
OUT_15238,2023,2,DIST_NW_02,SKU_06,584.0359175535305,49059.02977448124,Invalid Outlet_ID
OUT_18975,2023,3,DIST_S_01,SKU_02,36.328726517832514,9203.263188309456,Invalid Outlet_ID
OUT_10530,2025,1,DIST_C_03,SKU_05,58.25013619465336,5242.528623334881,Invalid Outlet_ID
OUT_14462,2023,2,DIST_NW_02,SKU_10,6.7954950249743735,2509.098721074244,Invalid Outlet_ID
OUT_17661,2024,10,DIST_S_02,SKU_06,311.90069407760166,26199.658335262782,Invalid Outlet_ID
OUT_08564,2025,10,DIST_W_02,SKU_01,27.921944440309392,8376.538202101818,Invalid Outlet_ID
OUT_09014,2024,2,DIST_C_02,SKU_02,99.56310394395985,25222.613683971023,Invalid Outlet_ID
OUT_11877,2025,7,DIST_C_01,SKU_03,4.235605393667879,1482.497579342187,Invalid Outlet_ID
OUT_13327,2024,12,DIST_NW_01,SKU_01,8.31314619932196,2493.972111232287,Invalid Outlet_ID
OUT_00090,2025,3,DIST_W_02,SKU_07,61.87312997207325,40217.53272208864,Invalid Outlet_ID
OUT_18975,2024,12,DIST_S_01,SKU_01,17.863807426522772,5359.1037143622525,Invalid Outlet_ID
OUT_09014,2023,1,DIST_C_02,SKU_06,277.9733034017254,23349.7786405245,Invalid Outlet_ID
OUT_18975,2023,10,DIST_S_01,SKU_09,6.1264832976032455,13478.23913747987,Invalid Outlet_ID
OUT_17661,2025,1,DIST_S_02,SKU_05,89.52521731929275,8057.25013700838,Invalid Outlet_ID
OUT_02426,2025,10,DIST_W_02,SKU_04,4.984095261150178,1619.8183801409884,Invalid Outlet_ID
OUT_14462,2024,6,DIST_NW_02,SKU_03,9.361970177143135,3276.651629877601,Invalid Outlet_ID
OUT_13998,2024,3,DIST_NW_01,SKU_10,36.95582343902041,13645.264093732969,Invalid Outlet_ID
OUT_15238,2023,9,DIST_NW_02,SKU_04,47.32752248674771,15381.491551746743,Invalid Outlet_ID
OUT_13998,2023,12,DIST_NW_01,SKU_07,173.59834955402,112838.96200769574,Invalid Outlet_ID
OUT_10416,2024,2,DIST_C_01,SKU_09,3.5502011430097866,7810.455016714464,Invalid Outlet_ID
OUT_07259,2025,7,DIST_W_01,SKU_03,24.20892972646953,8473.121822892135,Invalid Outlet_ID
OUT_09014,2025,8,DIST_C_02,SKU_02,120.45282886730256,30514.713027097037,Invalid Outlet_ID
OUT_10229,2025,7,DIST_C_03,SKU_10,23.90505517904716,8826.531423746965,Invalid Outlet_ID
OUT_07259,2025,9,DIST_W_01,SKU_04,21.025244349737417,6833.234595728734,Invalid Outlet_ID
OUT_10229,2023,2,DIST_C_03,SKU_06,300.6403309378608,25253.77502868919,Invalid Outlet_ID
OUT_10530,2024,9,DIST_C_03,SKU_09,14.27084617913182,31395.820290163312,Invalid Outlet_ID
OUT_10229,2025,6,DIST_C_03,SKU_10,18.13553778928316,6696.155615464007,Invalid Outlet_ID
OUT_07259,2025,4,DIST_W_01,SKU_09,21.923083735035625,48230.81149007825,Invalid Outlet_ID
OUT_16192,2024,8,DIST_NW_02,SKU_06,112.70623639453038,9467.36162027216,Invalid Outlet_ID
OUT_10229,2023,3,DIST_C_03,SKU_02,95.2048138260337,24118.514321767187,Invalid Outlet_ID
OUT_08564,2025,8,DIST_W_02,SKU_04,26.73831811632641,8689.999233972943,Invalid Outlet_ID
OUT_01864,2024,6,DIST_W_01,SKU_09,4.343272322567105,9555.21335635353,Invalid Outlet_ID
OUT_10753,2023,5,DIST_C_02,SKU_07,12.30536423813749,7998.496135045174,Invalid Outlet_ID
OUT_17661,2023,4,DIST_S_02,SKU_05,95.59105655740034,8603.2392332327,Invalid Outlet_ID
OUT_17661,2024,7,DIST_S_02,SKU_09,18.40593993621277,40493.05418924536,Invalid Outlet_ID
OUT_17661,2023,7,DIST_S_02,SKU_01,29.68653480735766,8905.968234276863,Invalid Outlet_ID
OUT_08564,2025,12,DIST_W_02,SKU_02,148.58035149197724,37640.33440279696,Invalid Outlet_ID
OUT_13998,2025,7,DIST_NW_01,SKU_01,64.4204782061819,19326.190036621665,Invalid Outlet_ID
OUT_15238,2025,1,DIST_NW_02,SKU_03,47.2234110145966,16528.22480762769,Invalid Outlet_ID
OUT_18975,2023,4,DIST_S_01,SKU_01,16.456263806177322,4936.91596186135,Invalid Outlet_ID
OUT_15915,2023,4,DIST_NW_02,SKU_02,27.94883286752268,7080.420254700713,Invalid Outlet_ID
OUT_09014,2025,3,DIST_C_02,SKU_02,94.8657419382448,24032.69270971262,Invalid Outlet_ID
OUT_15915,2024,11,DIST_NW_02,SKU_05,12.644831226750288,1137.993452813343,Invalid Outlet_ID
OUT_08723,2025,10,DIST_W_02,SKU_03,10.819531499533738,3786.828290075953,Invalid Outlet_ID
OUT_10753,2025,9,DIST_C_02,SKU_01,15.779812370672708,3997.5104302836135,Invalid Outlet_ID
OUT_15238,2025,10,DIST_NW_02,SKU_05,144.30021470029968,12986.976152061055,Invalid Outlet_ID
OUT_07259,2025,8,DIST_W_01,SKU_01,28.65666259635684,8596.972141148748,Invalid Outlet_ID
OUT_08723,2024,3,DIST_W_02,SKU_01,12.023977838037816,3607.166387864825,Invalid Outlet_ID
OUT_13327,2025,2,DIST_NW_01,SKU_08,5.213421782107256,2293.939087363587,Invalid Outlet_ID
OUT_10229,2023,1,DIST_C_03,SKU_05,64.8249032796269,5834.276017500014,Invalid Outlet_ID
OUT_10530,2025,6,DIST_C_03,SKU_03,24.236362140662607,8482.71687114918,Invalid Outlet_ID
OUT_08564,2025,5,DIST_W_02,SKU_09,11.027967642277453,24261.498498766163,Invalid Outlet_ID
OUT_10229,2023,5,DIST_C_03,SKU_03,25.073155073644458,8775.644489789574,Invalid Outlet_ID
OUT_14745,2024,12,DIST_NW_01,SKU_10,12.723773901360172,4698.034362328289,Invalid Outlet_ID
OUT_15238,2023,12,DIST_NW_02,SKU_05,167.4968686352801,15074.690181585693,Invalid Outlet_ID
OUT_16192,2023,4,DIST_NW_02,SKU_06,168.85442298176974,14183.818863231483,Invalid Outlet_ID
OUT_10530,2024,8,DIST_C_03,SKU_08,38.439722515037865,16913.52245993641,Invalid Outlet_ID
OUT_11877,2024,6,DIST_C_01,SKU_05,-11.435808237463306,-1029.2493218346149,Invalid Outlet_ID
OUT_13998,2024,8,DIST_NW_01,SKU_10,34.8367254507493,12862.785076016522,Invalid Outlet_ID
OUT_01864,2023,9,DIST_W_01,SKU_05,24.329841079596143,2189.6447283785237,Invalid Outlet_ID
OUT_15238,2023,9,DIST_NW_02,SKU_06,566.0258177467806,47546.162155888975,Invalid Outlet_ID
OUT_10530,2024,10,DIST_C_03,SKU_04,23.398079845907183,7604.410810030169,Invalid Outlet_ID
OUT_10229,2023,7,DIST_C_03,SKU_01,32.42286892834048,9726.854375465224,Invalid Outlet_ID
OUT_15238,2023,12,DIST_NW_02,SKU_06,906.3810417039792,76135.9730943908,Invalid Outlet_ID
OUT_15238,2024,10,DIST_NW_02,SKU_08,58.12354415401774,25574.40505714319,Invalid Outlet_ID
OUT_14745,2024,6,DIST_NW_01,SKU_06,137.86168795938858,11580.369347936752,Invalid Outlet_ID
OUT_10177,2024,8,DIST_C_02,SKU_03,12.709127277349133,4448.229890163476,Invalid Outlet_ID
OUT_13998,2025,5,DIST_NW_01,SKU_06,482.288403178341,40512.2037907944,Invalid Outlet_ID
OUT_15238,2024,8,DIST_NW_02,SKU_07,113.82706882875348,73987.5525633359,Invalid Outlet_ID
OUT_10753,2023,5,DIST_C_02,SKU_09,2.917794897115797,6419.197465030962,Invalid Outlet_ID
OUT_07259,2023,8,DIST_W_01,SKU_03,23.164597557130858,8107.5908995140035,Invalid Outlet_ID
OUT_18975,2024,12,DIST_S_01,SKU_02,48.73592694171834,12346.427696297382,Invalid Outlet_ID
OUT_01864,2023,3,DIST_W_01,SKU_02,36.79739253727936,9321.964849968528,Invalid Outlet_ID
OUT_07259,2025,3,DIST_W_01,SKU_02,75.53944443782628,19136.617141471397,Invalid Outlet_ID
OUT_17661,2024,3,DIST_S_02,SKU_03,27.510650774753444,9628.771195117222,Invalid Outlet_ID
OUT_09014,2025,4,DIST_C_02,SKU_09,22.695419405213997,49929.96149005557,Invalid Outlet_ID
OUT_09014,2023,11,DIST_C_02,SKU_05,62.09495833344104,5588.542697449818,Invalid Outlet_ID
OUT_15238,2025,4,DIST_NW_02,SKU_03,71.75377892537976,25113.84864306537,Invalid Outlet_ID
OUT_10416,2025,1,DIST_C_01,SKU_03,4.982327798339092,1743.8261740649466,Invalid Outlet_ID
OUT_09014,2025,6,DIST_C_02,SKU_01,30.771611009899186,9231.510724902437,Invalid Outlet_ID
OUT_08564,2025,3,DIST_W_02,SKU_09,14.431576763641193,31749.50331246689,Invalid Outlet_ID
OUT_19170,2023,10,DIST_S_02,SKU_07,11.029977913037616,7169.456650242734,Invalid Outlet_ID
OUT_10530,2024,5,DIST_C_03,SKU_01,30.724453127024105,9217.29917636979,Invalid Outlet_ID
OUT_19170,2024,8,DIST_S_02,SKU_06,60.7172097613908,5100.207360201831,Invalid Outlet_ID
OUT_14745,2025,9,DIST_NW_01,SKU_08,12.763147305765049,5615.790953965828,Invalid Outlet_ID
OUT_17661,2023,1,DIST_S_02,SKU_02,122.91536195460232,31138.559048467087,Invalid Outlet_ID
OUT_09014,2024,3,DIST_C_02,SKU_08,32.853334106372664,14455.463450796082,Invalid Outlet_ID
OUT_00090,2025,5,DIST_W_02,SKU_10,12.53061484293542,4626.655293404203,Invalid Outlet_ID
OUT_09014,2025,8,DIST_C_02,SKU_03,35.52724547486699,12434.584143861011,Invalid Outlet_ID
OUT_00090,2025,10,DIST_W_02,SKU_05,61.58989098238963,5543.054892547263,Invalid Outlet_ID
OUT_09014,2023,11,DIST_C_02,SKU_04,22.936002261950545,7454.22564341111,Invalid Outlet_ID
OUT_00090,2024,3,DIST_W_02,SKU_10,24.29861475927991,8971.77606850256,Invalid Outlet_ID
OUT_17499,2023,3,DIST_S_02,SKU_09,2.999293258338061,6598.422315010001,Invalid Outlet_ID
OUT_10229,2025,10,DIST_C_03,SKU_03,18.10187693944065,6335.701626133839,Invalid Outlet_ID
OUT_09014,2025,3,DIST_C_02,SKU_08,25.377470373967835,11166.090373486702,Invalid Outlet_ID
OUT_13327,2023,2,DIST_NW_01,SKU_05,12.159911985190686,1094.4048885207114,Invalid Outlet_ID
OUT_10530,2025,4,DIST_C_03,SKU_07,84.31870664415872,54807.14128357375,Invalid Outlet_ID
OUT_10416,2024,2,DIST_C_01,SKU_08,6.16619318321696,2713.094388076982,Invalid Outlet_ID
OUT_00090,2023,11,DIST_W_02,SKU_07,51.71694316780458,33616.0602093951,Invalid Outlet_ID
OUT_19170,2024,2,DIST_S_02,SKU_04,7.888496451144039,2563.793948920887,Invalid Outlet_ID
OUT_07259,2024,5,DIST_W_01,SKU_09,10.711699053582109,23565.771374609067,Invalid Outlet_ID
OUT_10530,2025,7,DIST_C_03,SKU_10,16.854425549317646,6223.126607109215,Invalid Outlet_ID
OUT_10229,2023,8,DIST_C_03,SKU_06,450.479148725686,37840.25118116889,Invalid Outlet_ID
OUT_10530,2025,8,DIST_C_03,SKU_01,47.07122998270686,14121.410362140305,Invalid Outlet_ID
OUT_08564,2025,10,DIST_W_02,SKU_09,15.788295534034052,34734.24900837381,Invalid Outlet_ID
OUT_12565,2024,12,DIST_C_02,SKU_01,9.355269293790949,2806.567453598879,Invalid Outlet_ID
OUT_10530,2024,5,DIST_C_03,SKU_07,71.0571422929388,46187.18078685707,Invalid Outlet_ID
OUT_10177,2024,12,DIST_C_02,SKU_05,34.36204677857594,3092.5931575996688,Invalid Outlet_ID
OUT_07259,2024,8,DIST_W_01,SKU_04,19.74808779614322,6418.144884581889,Invalid Outlet_ID
OUT_01864,2023,9,DIST_W_01,SKU_04,11.207749955608868,3642.5526539565913,Invalid Outlet_ID
OUT_07259,2024,11,DIST_W_01,SKU_07,48.34247197707645,31422.648997859185,Invalid Outlet_ID
OUT_00090,2024,5,DIST_W_02,SKU_07,34.666348919384376,22533.12159711686,Invalid Outlet_ID
OUT_19330,2024,6,DIST_S_01,SKU_01,7.042714038260798,633.8456801345618,Invalid Outlet_ID
OUT_14462,2025,5,DIST_NW_02,SKU_07,28.396043461234484,18457.43013530204,Invalid Outlet_ID
OUT_08564,2023,10,DIST_W_02,SKU_10,21.421799426599627,7909.606085305874,Invalid Outlet_ID
OUT_00090,2023,10,DIST_W_02,SKU_04,25.173650335431844,8181.436428907738,Invalid Outlet_ID
OUT_17661,2023,12,DIST_S_02,SKU_05,98.88194181472426,8899.376455010002,Invalid Outlet_ID
OUT_00090,2023,10,DIST_W_02,SKU_08,34.74402815074352,15287.360610906311,Invalid Outlet_ID
OUT_19319,2025,4,DIST_S_02,SKU_08,19.96966987771377,8786.640084413644,Invalid Outlet_ID
OUT_19319,2025,12,DIST_S_02,SKU_09,9.814451589872515,21591.817843318528,Invalid Outlet_ID
OUT_07259,2023,1,DIST_W_01,SKU_02,80.27176237226422,20335.52521488058,Invalid Outlet_ID
OUT_13998,2024,10,DIST_NW_01,SKU_04,61.49182183234196,19984.891839356347,Invalid Outlet_ID
OUT_06028,2025,7,DIST_W_03,SKU_06,59.68512085200901,5013.512370218422,Invalid Outlet_ID
OUT_19319,2024,4,DIST_S_02,SKU_04,13.814865566772548,4489.792702547782,Invalid Outlet_ID
OUT_10530,2024,9,DIST_C_03,SKU_08,30.547891442226017,13441.064762226815,Invalid Outlet_ID
OUT_06028,2025,1,DIST_W_03,SKU_10,3.399214675361278,1255.0480690466766,Invalid Outlet_ID
OUT_09014,2023,11,DIST_C_02,SKU_07,55.69230492456089,36199.9966339884,Invalid Outlet_ID
OUT_07259,2023,3,DIST_W_01,SKU_03,21.68476966863993,7589.66837299868,Invalid Outlet_ID
OUT_18975,2023,4,DIST_S_01,SKU_06,201.92343731696616,16961.567484978525,Invalid Outlet_ID
OUT_00090,2025,11,DIST_W_02,SKU_08,33.10482350258364,14566.160194279792,Invalid Outlet_ID
OUT_13998,2025,2,DIST_NW_01,SKU_10,45.26746756471221,16714.12976128906,Invalid Outlet_ID
OUT_00090,2024,3,DIST_W_02,SKU_06,288.8074697240333,24259.80544233175,Invalid Outlet_ID
OUT_08564,2023,6,DIST_W_02,SKU_08,18.061396148517087,7946.970050491528,Invalid Outlet_ID
OUT_16192,2024,10,DIST_NW_02,SKU_05,21.77685167092439,1959.8875415227392,Invalid Outlet_ID
OUT_15238,2024,12,DIST_NW_02,SKU_09,42.558041181798544,93627.71055679915,Invalid Outlet_ID
OUT_08564,2025,8,DIST_W_02,SKU_02,97.61713765898872,24729.72340645233,Invalid Outlet_ID
OUT_19319,2025,4,DIST_S_02,SKU_07,34.91187344307042,22692.701674333828,Invalid Outlet_ID
OUT_19330,2025,8,DIST_S_01,SKU_09,2.951936435119236,6494.255283158374,Invalid Outlet_ID
OUT_08564,2025,5,DIST_W_02,SKU_07,40.21590688844462,26140.34318888737,Invalid Outlet_ID
OUT_10530,2025,10,DIST_C_03,SKU_01,28.49949923525232,8549.885581945053,Invalid Outlet_ID
OUT_08564,2024,11,DIST_W_02,SKU_02,70.73823334859999,17920.383205732887,Invalid Outlet_ID
OUT_14462,2025,11,DIST_NW_02,SKU_10,7.80616181602054,2882.2511245766527,Invalid Outlet_ID
OUT_00090,2025,3,DIST_W_02,SKU_02,106.09133004682896,26876.424502759182,Invalid Outlet_ID
OUT_19319,2023,10,DIST_S_02,SKU_06,126.14092932521464,10595.839033153075,Invalid Outlet_ID
OUT_15238,2023,10,DIST_NW_02,SKU_06,475.3334129609202,39927.97360954598,Invalid Outlet_ID
OUT_13327,2024,10,DIST_NW_01,SKU_01,5.565107828037309,1669.557929181814,Invalid Outlet_ID
OUT_08723,2024,11,DIST_W_02,SKU_05,16.820000219277755,1513.8421119674358,Invalid Outlet_ID
OUT_08564,2024,12,DIST_W_02,SKU_08,45.05540186214054,19824.342677092773,Invalid Outlet_ID
OUT_09014,2023,12,DIST_C_02,SKU_09,22.696743741156617,49932.8519257886,Invalid Outlet_ID
OUT_01864,2024,4,DIST_W_01,SKU_05,36.29265826895421,3266.383688100608,Invalid Outlet_ID
OUT_10530,2025,6,DIST_C_03,SKU_09,13.740648768214117,30229.45248642407,Invalid Outlet_ID
OUT_13998,2023,11,DIST_NW_01,SKU_02,175.57423100585763,44478.82453913024,Invalid Outlet_ID
OUT_07259,2025,5,DIST_W_01,SKU_04,16.000234765446148,5200.096773278424,Invalid Outlet_ID
OUT_10229,2024,7,DIST_C_03,SKU_01,29.199035630423545,8759.741706493558,Invalid Outlet_ID
OUT_15238,2025,9,DIST_NW_02,SKU_06,650.1067294772276,54608.92330758693,Invalid Outlet_ID
OUT_18975,2025,6,DIST_S_01,SKU_01,6.256892213106387,1877.0706866701937,Invalid Outlet_ID
OUT_14462,2024,8,DIST_NW_02,SKU_05,21.64382505811031,1947.981461302246,Invalid Outlet_ID
OUT_09014,2023,7,DIST_C_02,SKU_07,54.433349673741006,35381.71721173652,Invalid Outlet_ID
OUT_19319,2024,11,DIST_S_02,SKU_02,42.96019106866521,10883.204337614528,Invalid Outlet_ID
OUT_16192,2025,11,DIST_NW_02,SKU_09,5.614390439676943,12351.697042269572,Invalid Outlet_ID
OUT_10530,2023,7,DIST_C_03,SKU_08,28.699398730939308,12627.714717201665,Invalid Outlet_ID
OUT_17661,2025,3,DIST_S_02,SKU_07,62.30982285336459,40501.394051236886,Invalid Outlet_ID
OUT_08564,2024,3,DIST_W_02,SKU_06,278.90508083352194,23428.060926472263,Invalid Outlet_ID
OUT_09014,2024,11,DIST_C_02,SKU_10,21.68791028555729,8007.85172496294,Invalid Outlet_ID
OUT_17661,2024,6,DIST_S_02,SKU_03,18.110230235981412,6338.596446784575,Invalid Outlet_ID
OUT_02862,2024,12,DIST_W_01,SKU_07,19.1329620907806,12436.447050719276,Invalid Outlet_ID
OUT_13327,2024,7,DIST_NW_01,SKU_09,2.6556342269498763,5842.413074642853,Invalid Outlet_ID
OUT_00090,2023,8,DIST_W_02,SKU_02,88.31594631582183,22373.385187387023,Invalid Outlet_ID
OUT_07259,2025,7,DIST_W_01,SKU_10,18.598199049143364,6866.996956858591,Invalid Outlet_ID
OUT_10229,2024,12,DIST_C_03,SKU_06,381.7820913968603,32069.65909143935,Invalid Outlet_ID
OUT_10177,2025,6,DIST_C_02,SKU_01,10.75950397939937,3227.872224557228,Invalid Outlet_ID
OUT_03691,2024,12,DIST_W_01,SKU_01,93.12793531585982,7822.7170570744975,Invalid Outlet_ID
OUT_10229,2024,2,DIST_C_03,SKU_09,11.93165094533102,26249.629870260786,Invalid Outlet_ID
OUT_09014,2025,10,DIST_C_02,SKU_10,20.903432769803416,7718.181897537554,Invalid Outlet_ID
OUT_17661,2023,8,DIST_S_02,SKU_02,86.8067508561671,21991.074176959773,Invalid Outlet_ID
OUT_19319,2024,9,DIST_S_02,SKU_06,121.40070389842708,10197.62264419547,Invalid Outlet_ID
OUT_00090,2024,6,DIST_W_02,SKU_01,18.725549972432905,5617.658453550138,Invalid Outlet_ID
OUT_10229,2024,12,DIST_C_03,SKU_03,27.195870401934947,9518.565433516154,Invalid Outlet_ID
OUT_10530,2024,9,DIST_C_03,SKU_04,29.55721127289586,9606.065451968128,Invalid Outlet_ID
OUT_02795,2025,11,DIST_W_02,SKU_05,14.225682753839337,1280.3077538433954,Invalid Outlet_ID
OUT_13998,2025,9,DIST_NW_01,SKU_08,56.35117172089174,24794.526521747488,Invalid Outlet_ID
OUT_17661,2024,12,DIST_S_02,SKU_10,29.705362998842187,10968.17901393855,Invalid Outlet_ID
OUT_15238,2023,7,DIST_NW_02,SKU_05,121.07007611240648,10896.31245963795,Invalid Outlet_ID
OUT_19330,2025,5,DIST_S_01,SKU_01,11.39368269561102,2886.3904012916555,Invalid Outlet_ID
OUT_15238,2024,9,DIST_NW_02,SKU_01,69.89283408501039,20967.81460418692,Invalid Outlet_ID
OUT_15238,2023,2,DIST_NW_02,SKU_10,37.01743181320918,13667.959960903328,Invalid Outlet_ID
OUT_15238,2024,8,DIST_NW_02,SKU_09,31.60454290275243,69530.03420003153,Invalid Outlet_ID
OUT_06028,2025,4,DIST_W_03,SKU_06,93.65312232551126,7866.824283290954,Invalid Outlet_ID
OUT_07259,2025,12,DIST_W_01,SKU_06,387.9401106631977,32586.94384407081,Invalid Outlet_ID
OUT_15238,2025,11,DIST_NW_02,SKU_07,111.34340054147394,72373.21205162237,Invalid Outlet_ID
OUT_08564,2023,5,DIST_W_02,SKU_03,14.169631569258923,4959.378588480842,Invalid Outlet_ID
OUT_10530,2025,4,DIST_C_03,SKU_03,34.046873538258005,11916.439581467865,Invalid Outlet_ID
OUT_08564,2023,6,DIST_W_02,SKU_04,18.284325407161003,5942.420338098653,Invalid Outlet_ID
OUT_09014,2024,4,DIST_C_02,SKU_03,39.24966331880376,13737.384234010618,Invalid Outlet_ID
OUT_17812,2023,3,DIST_S_02,SKU_09,3.565962768108388,7845.128130176162,Invalid Outlet_ID
OUT_00090,2025,5,DIST_W_02,SKU_05,40.96498159935026,3686.824990544759,Invalid Outlet_ID
OUT_08723,2024,3,DIST_W_02,SKU_10,7.74987714688236,2861.498965561083,Invalid Outlet_ID
OUT_00090,2024,11,DIST_W_02,SKU_03,21.31277453348255,7459.511487163703,Invalid Outlet_ID
OUT_18975,2023,5,DIST_S_01,SKU_10,4.684157186396763,1729.494132176981,Invalid Outlet_ID
OUT_17661,2025,8,DIST_S_02,SKU_08,27.68950238565225,12183.379178573296,Invalid Outlet_ID
OUT_07259,2025,1,DIST_W_01,SKU_07,54.99439034607715,35746.3826648931,Invalid Outlet_ID
OUT_01864,2023,1,DIST_W_01,SKU_08,11.142464625450843,4902.636634960443,Invalid Outlet_ID
OUT_19319,2024,6,DIST_S_02,SKU_08,6.876187305228076,3025.5443773021498,Invalid Outlet_ID
OUT_09014,2025,8,DIST_C_02,SKU_08,45.01016111383532,19804.50786754809,Invalid Outlet_ID
OUT_16192,2024,11,DIST_NW_02,SKU_04,9.540674671266768,3100.695192265544,Invalid Outlet_ID
OUT_00090,2024,2,DIST_W_02,SKU_10,12.886939545461248,4758.284482645548,Invalid Outlet_ID
OUT_08564,2023,10,DIST_W_02,SKU_04,32.42338068607486,10537.626256759684,Invalid Outlet_ID
OUT_08564,2024,10,DIST_W_02,SKU_05,52.55016097982944,4729.528350627097,Invalid Outlet_ID
OUT_10177,2023,7,DIST_C_02,SKU_02,34.86261596718105,8831.826404568425,Invalid Outlet_ID
OUT_15238,2025,2,DIST_NW_02,SKU_05,123.61016943634588,11124.92780785868,Invalid Outlet_ID
OUT_09014,2025,5,DIST_C_02,SKU_02,86.86165517135555,22004.974111394175,Invalid Outlet_ID
OUT_07259,2023,6,DIST_W_01,SKU_10,13.976170734978634,5160.424814382169,Invalid Outlet_ID
OUT_09014,2024,4,DIST_C_02,SKU_08,40.4761325574983,17809.51166095524,Invalid Outlet_ID
OUT_18975,2024,11,DIST_S_01,SKU_04,9.329582824491265,3032.0852558890388,Invalid Outlet_ID
OUT_09014,2023,4,DIST_C_02,SKU_08,43.11885796199944,18972.26363223056,Invalid Outlet_ID
OUT_07259,2024,3,DIST_W_01,SKU_01,30.337331068425986,9101.2152761947,Invalid Outlet_ID
OUT_18975,2024,11,DIST_S_01,SKU_01,11.99738472493446,3599.243478434777,Invalid Outlet_ID
OUT_01864,2023,7,DIST_W_01,SKU_05,25.360688002750592,2282.4761101354616,Invalid Outlet_ID
OUT_11877,2024,5,DIST_C_01,SKU_08,6.397149104274754,2814.7558285713435,Invalid Outlet_ID
OUT_10177,2025,6,DIST_C_02,SKU_05,23.07002712951415,2076.322328834326,Invalid Outlet_ID
OUT_16360,2023,5,DIST_NW_01,SKU_08,5.885529688501275,2589.6622083829666,Invalid Outlet_ID
OUT_19170,2025,5,DIST_S_02,SKU_06,47.71684273980763,4008.227868771941,Invalid Outlet_ID
OUT_11877,2025,3,DIST_C_01,SKU_05,10.443176450152375,939.864127694102,Invalid Outlet_ID
OUT_08564,2024,6,DIST_W_02,SKU_06,227.9830293091017,19150.5897637105,Invalid Outlet_ID
OUT_14462,2023,7,DIST_NW_02,SKU_06,100.950042642701,8479.772889575126,Invalid Outlet_ID
OUT_10229,2024,2,DIST_C_03,SKU_08,29.882926653680613,13148.454648930696,Invalid Outlet_ID
OUT_10530,2024,11,DIST_C_03,SKU_05,74.91267709384515,6742.158288004139,Invalid Outlet_ID
OUT_13998,2025,10,DIST_NW_01,SKU_06,660.7600616350608,55503.869446084,Invalid Outlet_ID
OUT_16360,2023,1,DIST_NW_01,SKU_08,5.1428703209717535,2262.8319729910904,Invalid Outlet_ID
OUT_00090,2025,5,DIST_W_02,SKU_03,14.639399918356132,5123.803946555667,Invalid Outlet_ID
OUT_14462,2024,7,DIST_NW_02,SKU_07,25.321196943792252,16458.749184876342,Invalid Outlet_ID
OUT_19330,2023,6,DIST_S_01,SKU_01,2.570730698275246,835.5306663288385,Invalid Outlet_ID
OUT_00090,2024,7,DIST_W_02,SKU_07,66.31330891778107,43103.67744770717,Invalid Outlet_ID
OUT_09014,2025,3,DIST_C_02,SKU_09,16.348321021972964,35966.30474450855,Invalid Outlet_ID
OUT_07259,2025,12,DIST_W_01,SKU_01,40.85204828035302,12255.569033171892,Invalid Outlet_ID
OUT_02862,2023,5,DIST_W_01,SKU_05,7.1304730026720655,641.7685552383736,Invalid Outlet_ID
OUT_10229,2023,7,DIST_C_03,SKU_09,15.034382881829208,33075.68600686289,Invalid Outlet_ID
OUT_02862,2025,11,DIST_W_01,SKU_03,4.181850182539978,1463.6377268185297,Invalid Outlet_ID
OUT_08564,2024,8,DIST_W_02,SKU_02,83.2088643067076,21079.59605419061,Invalid Outlet_ID
OUT_07259,2025,10,DIST_W_01,SKU_06,260.7202884724803,21900.520345983008,Invalid Outlet_ID
OUT_14462,2023,3,DIST_NW_02,SKU_02,39.37443090350888,9974.874216955574,Invalid Outlet_ID
OUT_01864,2024,7,DIST_W_01,SKU_02,33.02368149943514,8366.01313560311,Invalid Outlet_ID
OUT_14745,2025,1,DIST_NW_01,SKU_01,9.845386819497303,2953.6223342701637,Invalid Outlet_ID
OUT_01864,2025,12,DIST_W_01,SKU_09,8.499147857401475,18698.07926101699,Invalid Outlet_ID
OUT_15238,2025,3,DIST_NW_02,SKU_08,60.80265821745652,26753.15737813125,Invalid Outlet_ID
OUT_10177,2023,8,DIST_C_02,SKU_02,51.19484185864172,12969.371446884905,Invalid Outlet_ID
OUT_10229,2023,4,DIST_C_03,SKU_10,26.95680643701113,9953.328136809758,Invalid Outlet_ID
OUT_19319,2023,2,DIST_S_02,SKU_03,15.477361727945478,5417.029509612304,Invalid Outlet_ID
OUT_09014,2023,5,DIST_C_02,SKU_07,61.24824261161558,39811.39725658125,Invalid Outlet_ID
OUT_10229,2025,2,DIST_C_03,SKU_04,26.10855789644773,8485.307588553342,Invalid Outlet_ID
OUT_00090,2024,9,DIST_W_02,SKU_10,18.673074384491454,6894.699084616161,Invalid Outlet_ID
OUT_07259,2024,12,DIST_W_01,SKU_02,126.9166779281459,32152.175212009988,Invalid Outlet_ID
OUT_10530,2024,7,DIST_C_03,SKU_06,264.1941826572548,22192.307495276546,Invalid Outlet_ID
OUT_17499,2025,11,DIST_S_02,SKU_06,58.98620341418328,4954.868601178966,Invalid Outlet_ID
OUT_01864,2024,3,DIST_W_01,SKU_01,10.957463434803364,3287.248221426296,Invalid Outlet_ID
OUT_13998,2023,11,DIST_NW_01,SKU_08,58.12657145992805,25575.73843869584,Invalid Outlet_ID
OUT_07259,2024,4,DIST_W_01,SKU_01,43.8584510149375,13157.5247344051,Invalid Outlet_ID
OUT_15238,2025,2,DIST_NW_02,SKU_02,201.89114902885456,51145.72321009599,Invalid Outlet_ID
OUT_09014,2025,7,DIST_C_02,SKU_05,61.48722354162188,5533.852199326194,Invalid Outlet_ID
OUT_13998,2024,1,DIST_NW_01,SKU_10,41.148010251674485,15193.116166133244,Invalid Outlet_ID
OUT_09014,2024,6,DIST_C_02,SKU_05,56.7191969125442,5104.774899141592,Invalid Outlet_ID
OUT_10416,2023,11,DIST_C_01,SKU_10,3.8569520522936265,1424.140032468673,Invalid Outlet_ID
OUT_15238,2024,6,DIST_NW_02,SKU_03,50.41190759349761,17644.13807606905,Invalid Outlet_ID
OUT_18356,2023,1,DIST_S_02,SKU_09,3.653930364923501,8038.605860156,Invalid Outlet_ID
OUT_08564,2023,2,DIST_W_02,SKU_09,15.690176144148936,34518.43703354003,Invalid Outlet_ID
OUT_18975,2025,9,DIST_S_01,SKU_06,107.01143185003048,8988.939424630613,Invalid Outlet_ID
OUT_14745,2024,2,DIST_NW_01,SKU_02,31.79873655016069,8055.664201144973,Invalid Outlet_ID
OUT_08564,2025,10,DIST_W_02,SKU_07,57.86238420929723,37610.56551755082,Invalid Outlet_ID
OUT_09014,2025,11,DIST_C_02,SKU_06,249.3383456367337,20944.387312398503,Invalid Outlet_ID
OUT_10530,2025,2,DIST_C_03,SKU_07,71.98434789179755,46789.83992577718,Invalid Outlet_ID
OUT_00090,2024,12,DIST_W_02,SKU_05,88.8474784378609,7996.304279371461,Invalid Outlet_ID
OUT_14462,2024,2,DIST_NW_02,SKU_03,8.521275043227902,2982.4047536939524,Invalid Outlet_ID
OUT_03691,2025,1,DIST_W_01,SKU_01,7.162071206079795,2148.590137524989,Invalid Outlet_ID
OUT_07259,2025,8,DIST_W_01,SKU_07,53.45112427367357,34743.27598394089,Invalid Outlet_ID
OUT_01864,2025,3,DIST_W_01,SKU_10,7.572083714401785,2795.8439221259323,Invalid Outlet_ID
OUT_08723,2023,4,DIST_W_02,SKU_09,8.570033671276475,18854.099327773107,Invalid Outlet_ID
OUT_08723,2023,2,DIST_W_02,SKU_03,7.90657803945308,2767.3166409701794,Invalid Outlet_ID
OUT_07259,2025,2,DIST_W_01,SKU_10,22.197709890552773,8196.103262927987,Invalid Outlet_ID
OUT_07259,2025,12,DIST_W_01,SKU_09,21.57855616299893,47472.85304226537,Invalid Outlet_ID
OUT_19145,2024,4,DIST_S_01,SKU_05,19.646426923271537,1768.224134586122,Invalid Outlet_ID
OUT_00090,2025,3,DIST_W_02,SKU_06,240.69061322867825,20218.040612859088,Invalid Outlet_ID
OUT_14462,2025,7,DIST_NW_02,SKU_04,8.797753167383428,2859.283130274014,Invalid Outlet_ID
OUT_18356,2023,4,DIST_S_02,SKU_03,6.842948893258821,2395.0235407050145,Invalid Outlet_ID
OUT_10753,2023,8,DIST_C_02,SKU_06,77.41129982098184,6502.565271972495,Invalid Outlet_ID
OUT_10530,2024,4,DIST_C_03,SKU_01,41.98069900992243,12594.217032659955,Invalid Outlet_ID
OUT_10530,2024,5,DIST_C_03,SKU_04,23.11318179769387,7511.816749054588,Invalid Outlet_ID
OUT_17812,2023,8,DIST_S_02,SKU_08,6.612838264710973,2909.658189945544,Invalid Outlet_ID
OUT_00090,2024,8,DIST_W_02,SKU_10,21.559778514124943,7960.580324141979,Invalid Outlet_ID
OUT_10530,2025,11,DIST_C_03,SKU_08,30.31555186357291,13338.841998464131,Invalid Outlet_ID
OUT_17661,2024,4,DIST_S_02,SKU_03,34.78309701947736,12174.079116796387,Invalid Outlet_ID
OUT_14462,2024,1,DIST_NW_02,SKU_03,9.925205937820886,3473.8243939810886,Invalid Outlet_ID
OUT_15238,2025,12,DIST_NW_02,SKU_09,45.96097444571213,101114.11017535416,Invalid Outlet_ID
OUT_08564,2024,11,DIST_W_02,SKU_04,27.251196774286463,8856.596929702595,Invalid Outlet_ID
OUT_07259,2024,5,DIST_W_01,SKU_02,58.89382405223856,14919.794981155386,Invalid Outlet_ID
OUT_19319,2025,12,DIST_S_02,SKU_04,13.83414924954979,4496.10359332484,Invalid Outlet_ID
OUT_09014,2025,10,DIST_C_02,SKU_09,15.430832160276909,33947.806319833064,Invalid Outlet_ID
OUT_13998,2023,7,DIST_NW_01,SKU_04,42.99675762469614,13973.932962113022,Invalid Outlet_ID
OUT_14462,2025,12,DIST_NW_02,SKU_08,14.444329718444177,6355.464020062933,Invalid Outlet_ID
OUT_10530,2024,8,DIST_C_03,SKU_02,135.21314652978646,34253.987945565284,Invalid Outlet_ID
OUT_18356,2024,3,DIST_S_02,SKU_03,4.786340607151241,1675.2361292202906,Invalid Outlet_ID
OUT_13998,2023,8,DIST_NW_01,SKU_10,34.186825438377845,12622.870190093594,Invalid Outlet_ID
OUT_15238,2024,12,DIST_NW_02,SKU_03,67.17010254745023,23509.51166132405,Invalid Outlet_ID
OUT_14462,2024,11,DIST_NW_02,SKU_03,9.044227290464256,3165.529444553839,Invalid Outlet_ID
OUT_15238,2024,3,DIST_NW_02,SKU_02,172.57075517053562,43717.96265136828,Invalid Outlet_ID
OUT_13998,2024,7,DIST_NW_01,SKU_10,48.89269658926285,18052.696473923,Invalid Outlet_ID
OUT_15238,2025,10,DIST_NW_02,SKU_06,585.1929849249595,49156.22948244186,Invalid Outlet_ID
OUT_08723,2025,4,DIST_W_02,SKU_07,38.44304575549756,24987.940467486595,Invalid Outlet_ID
OUT_08723,2025,3,DIST_W_02,SKU_09,6.519055504818528,14341.89575994484,Invalid Outlet_ID
OUT_10229,2023,3,DIST_C_03,SKU_06,289.3176873961197,24302.69869539954,Invalid Outlet_ID
OUT_11877,2024,9,DIST_C_01,SKU_05,11.483138072132528,1033.4897909023327,Invalid Outlet_ID
OUT_02862,2023,3,DIST_W_01,SKU_04,4.852946642027883,1577.2499291177792,Invalid Outlet_ID
OUT_00090,2025,5,DIST_W_02,SKU_08,19.44209161373593,8554.478042718592,Invalid Outlet_ID
OUT_13998,2023,7,DIST_NW_01,SKU_08,54.05014063624758,23782.0945620728,Invalid Outlet_ID
OUT_10177,2025,7,DIST_C_02,SKU_10,7.967808895709245,2941.9213795314167,Invalid Outlet_ID
OUT_09014,2024,3,DIST_C_02,SKU_05,55.062204477924645,4955.597526369217,Invalid Outlet_ID
OUT_14745,2025,8,DIST_NW_01,SKU_10,8.304538129866836,3066.3379589458577,Invalid Outlet_ID
OUT_17812,2025,4,DIST_S_02,SKU_01,16.105752018059327,10468.712303835053,Invalid Outlet_ID
OUT_17174,2023,2,DIST_S_01,SKU_06,90.93928851048432,7638.868367638435,Invalid Outlet_ID
OUT_13998,2024,9,DIST_NW_01,SKU_03,44.5063433863814,15577.220284465764,Invalid Outlet_ID
OUT_10530,2025,3,DIST_C_03,SKU_09,15.144684662744844,33318.31413332509,Invalid Outlet_ID
OUT_01864,2024,1,DIST_W_01,SKU_09,6.198726989704976,13637.2054507682,Invalid Outlet_ID
OUT_08564,2025,7,DIST_W_02,SKU_02,100.17656488754592,25378.099551767813,Invalid Outlet_ID
OUT_10530,2025,11,DIST_C_03,SKU_04,20.64137582215176,6708.495220925382,Invalid Outlet_ID
OUT_10177,2023,9,DIST_C_02,SKU_01,12.181893777746366,3654.606990988832,Invalid Outlet_ID
OUT_18356,2025,10,DIST_S_02,SKU_01,4.569076556969188,1687.0922685516266,Invalid Outlet_ID
OUT_08564,2024,7,DIST_W_02,SKU_08,25.947887914678848,11417.110915391946,Invalid Outlet_ID
OUT_10229,2023,3,DIST_C_03,SKU_07,76.32258611960292,49609.68536281818,Invalid Outlet_ID
OUT_10177,2024,5,DIST_C_02,SKU_02,30.92866086810657,7835.214607169097,Invalid Outlet_ID
OUT_14745,2024,4,DIST_NW_01,SKU_09,10.065542824376973,22144.158675862385,Invalid Outlet_ID
OUT_14462,2024,8,DIST_NW_02,SKU_03,9.759689721213473,3415.873936412528,Invalid Outlet_ID
OUT_16192,2023,9,DIST_NW_02,SKU_05,23.543497996892505,2118.958923549696,Invalid Outlet_ID
OUT_10530,2024,3,DIST_C_03,SKU_04,21.852577102965597,7102.1031783671815,Invalid Outlet_ID
OUT_00090,2023,5,DIST_W_02,SKU_03,14.32168488023204,5012.62013299576,Invalid Outlet_ID
OUT_10229,2023,7,DIST_C_03,SKU_05,54.98232463424234,4948.365635488381,Invalid Outlet_ID
OUT_10530,2024,2,DIST_C_03,SKU_06,279.0707555354046,23441.957865573317,Invalid Outlet_ID
OUT_12565,2024,6,DIST_C_02,SKU_07,10.811258940721489,7027.356454714162,Invalid Outlet_ID
OUT_14462,2023,5,DIST_NW_02,SKU_10,6.729315282070924,2484.6760073522614,Invalid Outlet_ID
OUT_08564,2025,3,DIST_W_02,SKU_01,28.149122422398563,8444.692833897154,Invalid Outlet_ID
OUT_18975,2024,5,DIST_S_01,SKU_06,75.25580100891814,6321.444339943961,Invalid Outlet_ID
OUT_14745,2025,4,DIST_NW_01,SKU_02,54.081328374339925,13700.593459320482,Invalid Outlet_ID
OUT_12565,2024,2,DIST_C_02,SKU_10,4.719223284280863,1742.4720349057025,Invalid Outlet_ID
OUT_17661,2024,7,DIST_S_02,SKU_02,91.58391884855844,23201.302660310776,Invalid Outlet_ID
OUT_08723,2024,12,DIST_W_02,SKU_05,37.30727561127634,3357.687371501311,Invalid Outlet_ID
OUT_02389,2024,10,DIST_W_02,SKU_07,10.67618651715508,6939.535048160616,Invalid Outlet_ID
OUT_00090,2024,6,DIST_W_02,SKU_08,17.051952348842416,7502.87203360637,Invalid Outlet_ID
OUT_10229,2023,8,DIST_C_03,SKU_09,22.76213655171035,50076.6869450139,Invalid Outlet_ID
OUT_02795,2025,3,DIST_W_02,SKU_07,12.355835427658862,8031.320793283858,Invalid Outlet_ID
OUT_17661,2024,4,DIST_S_02,SKU_07,79.81892151410122,51882.34551461637,Invalid Outlet_ID
OUT_17661,2025,6,DIST_S_02,SKU_02,63.0278163892384,15967.060618393998,Invalid Outlet_ID
OUT_17812,2024,12,DIST_S_02,SKU_04,5.606382751677674,1822.1206543441729,Invalid Outlet_ID
OUT_07259,2023,9,DIST_W_01,SKU_03,22.88318780794969,8009.153294820207,Invalid Outlet_ID
OUT_15238,2023,8,DIST_NW_02,SKU_03,40.270387668130766,14094.611078836984,Invalid Outlet_ID
OUT_19145,2024,12,DIST_S_01,SKU_10,4.817850100925445,1778.9368108922365,Invalid Outlet_ID
OUT_10530,2025,2,DIST_C_03,SKU_03,23.599605564280967,8259.820249141898,Invalid Outlet_ID
OUT_15238,2023,2,DIST_NW_02,SKU_08,59.323193904232056,26102.178157641003,Invalid Outlet_ID
OUT_10229,2024,1,DIST_C_03,SKU_05,53.96009109782603,4856.38697053271,Invalid Outlet_ID
OUT_13327,2023,10,DIST_NW_01,SKU_08,5.501747427239859,2420.796053222947,Invalid Outlet_ID
OUT_18975,2024,1,DIST_S_01,SKU_06,198.525542114146,16676.135115098303,Invalid Outlet_ID
OUT_10530,2023,6,DIST_C_03,SKU_03,23.88836045117735,8360.915640725298,Invalid Outlet_ID
OUT_00090,2025,1,DIST_W_02,SKU_02,97.20030695816868,24624.0366794986,Invalid Outlet_ID
OUT_07259,2023,5,DIST_W_01,SKU_10,11.455208434713647,4229.637746800911,Invalid Outlet_ID
OUT_13567,2025,6,DIST_NW_02,SKU_09,2.2179016822472213,4879.420148717664,Invalid Outlet_ID
OUT_16192,2023,1,DIST_NW_02,SKU_10,6.815549287337494,2516.5084337927447,Invalid Outlet_ID
OUT_15238,2023,12,DIST_NW_02,SKU_09,45.75534690756341,100661.77506732842,Invalid Outlet_ID
OUT_07259,2025,6,DIST_W_01,SKU_05,38.551048598004805,3469.583872769992,Invalid Outlet_ID
OUT_06028,2023,4,DIST_W_03,SKU_05,16.2239700704143,1460.1760359466705,Invalid Outlet_ID
OUT_09014,2025,4,DIST_C_02,SKU_05,88.86696656797008,7998.070780936297,Invalid Outlet_ID
OUT_15238,2024,1,DIST_NW_02,SKU_08,57.612946528363054,25349.689840262374,Invalid Outlet_ID
OUT_19319,2024,12,DIST_S_02,SKU_01,18.244061498327284,5473.244036549439,Invalid Outlet_ID
OUT_08723,2025,4,DIST_W_02,SKU_01,19.1237518757194,5737.103613477097,Invalid Outlet_ID
OUT_10530,2024,8,DIST_C_03,SKU_10,26.13551303960714,9650.03331532734,Invalid Outlet_ID
OUT_13998,2024,6,DIST_NW_01,SKU_06,724.2238926667467,60834.759984362376,Invalid Outlet_ID
OUT_10229,2023,9,DIST_C_03,SKU_03,27.3256338354536,9563.974677773957,Invalid Outlet_ID
OUT_18975,2025,8,DIST_S_01,SKU_03,10.35850584587622,3625.434085117041,Invalid Outlet_ID
OUT_10229,2024,9,DIST_C_03,SKU_04,24.7704887018321,8050.382749544924,Invalid Outlet_ID
OUT_00090,2025,9,DIST_W_02,SKU_10,19.27769261744024,7117.942345819128,Invalid Outlet_ID
OUT_09014,2024,11,DIST_C_02,SKU_04,23.49129373195997,7634.69618062891,Invalid Outlet_ID
OUT_01864,2025,8,DIST_W_01,SKU_01,10.7252683018151,3217.578238133652,Invalid Outlet_ID
OUT_17499,2023,6,DIST_S_02,SKU_10,2.4421214256501718,901.71019233879,Invalid Outlet_ID
OUT_14462,2025,5,DIST_NW_02,SKU_03,8.80558393539009,3081.904686781625,Invalid Outlet_ID
OUT_18975,2023,12,DIST_S_01,SKU_05,37.97657330601643,3417.862993843012,Invalid Outlet_ID
OUT_10530,2024,2,DIST_C_03,SKU_08,28.80705911093014,12675.070545861752,Invalid Outlet_ID
OUT_16360,2024,7,DIST_NW_01,SKU_05,8.966610524594689,806.9826781879291,Invalid Outlet_ID
OUT_15630,2024,1,DIST_NW_02,SKU_08,6.558227192000874,2885.5744175228065,Invalid Outlet_ID
OUT_03691,2025,11,DIST_W_01,SKU_08,5.654874870358906,2488.164860337998,Invalid Outlet_ID
OUT_13998,2024,12,DIST_NW_01,SKU_09,45.5627446966224,100238.01672118867,Invalid Outlet_ID
OUT_02795,2024,12,DIST_W_02,SKU_05,18.70310446725264,1683.2647830074288,Invalid Outlet_ID
OUT_07259,2023,1,DIST_W_01,SKU_01,29.347320355030327,8804.20792896239,Invalid Outlet_ID
OUT_13998,2024,2,DIST_NW_01,SKU_05,99.3155987487966,8938.419632176827,Invalid Outlet_ID
OUT_08564,2023,2,DIST_W_02,SKU_03,25.71042399468377,8998.690680355206,Invalid Outlet_ID
OUT_06028,2025,10,DIST_W_03,SKU_05,12.533162999646091,1127.999333293792,Invalid Outlet_ID
OUT_09014,2024,12,DIST_C_02,SKU_09,24.455748115823237,53802.6751053373,Invalid Outlet_ID
OUT_14745,2023,7,DIST_NW_01,SKU_01,11.34417669930978,3403.2882299582707,Invalid Outlet_ID
OUT_15238,2023,3,DIST_NW_02,SKU_09,24.905852798588533,54792.85951064246,Invalid Outlet_ID
OUT_15238,2024,5,DIST_NW_02,SKU_08,72.02790972727736,31692.281498150824,Invalid Outlet_ID
OUT_07259,2025,7,DIST_W_01,SKU_09,13.999382017729204,30798.67416352739,Invalid Outlet_ID
OUT_13327,2023,5,DIST_NW_01,SKU_01,10.67447760034907,960.6721416878938,Invalid Outlet_ID
OUT_15238,2025,6,DIST_NW_02,SKU_01,66.24076079385739,19872.19119736695,Invalid Outlet_ID
OUT_16360,2024,2,DIST_NW_01,SKU_04,4.488009128077812,1458.568193668055,Invalid Outlet_ID
OUT_19170,2025,4,DIST_S_02,SKU_08,8.23223673966226,3622.2306815251513,Invalid Outlet_ID
OUT_07259,2025,2,DIST_W_01,SKU_07,62.70565437131009,40758.64068733922,Invalid Outlet_ID
OUT_15238,2025,2,DIST_NW_02,SKU_10,40.92712676909631,15111.56031816986,Invalid Outlet_ID
OUT_17661,2024,8,DIST_S_02,SKU_03,22.847077114003955,7996.498370499101,Invalid Outlet_ID
OUT_01864,2024,8,DIST_W_01,SKU_02,35.295345220430406,8941.473368559382,Invalid Outlet_ID
OUT_15238,2025,7,DIST_NW_02,SKU_04,49.765128565178586,16173.713619696344,Invalid Outlet_ID
OUT_01864,2024,5,DIST_W_01,SKU_07,13.490281528810906,8768.65674248187,Invalid Outlet_ID
OUT_09014,2023,7,DIST_C_02,SKU_02,76.85015167056821,19468.664950552677,Invalid Outlet_ID
OUT_14745,2025,2,DIST_NW_01,SKU_09,5.830884682181292,12827.984901022332,Invalid Outlet_ID
OUT_19319,2024,8,DIST_S_02,SKU_06,103.2476770198878,8672.791537911049,Invalid Outlet_ID
OUT_10229,2023,1,DIST_C_03,SKU_03,24.89271843259946,8712.491347069037,Invalid Outlet_ID
OUT_14745,2025,9,DIST_NW_01,SKU_09,6.588230138179198,14494.121009829452,Invalid Outlet_ID
OUT_03691,2024,12,DIST_W_01,SKU_10,6.547935387737803,2417.738214888968,Invalid Outlet_ID
OUT_11877,2024,5,DIST_C_01,SKU_04,5.16280381153733,1677.8654228498158,Invalid Outlet_ID
OUT_13998,2025,3,DIST_NW_01,SKU_01,69.85080454083003,20955.22912232088,Invalid Outlet_ID
OUT_13998,2024,8,DIST_NW_01,SKU_06,654.4564080599952,54974.377533054125,Invalid Outlet_ID
OUT_13998,2025,6,DIST_NW_01,SKU_03,50.57488722108619,17701.25426845874,Invalid Outlet_ID
OUT_08564,2024,1,DIST_W_02,SKU_02,71.91196034929513,18217.688417189584,Invalid Outlet_ID
OUT_13998,2024,10,DIST_NW_01,SKU_06,436.03353136761314,36626.85767013651,Invalid Outlet_ID
OUT_17661,2023,9,DIST_S_02,SKU_07,58.704228619696565,38157.76137546221,Invalid Outlet_ID
OUT_08723,2023,9,DIST_W_02,SKU_03,10.301416935821742,3605.527717669598,Invalid Outlet_ID
OUT_19319,2024,11,DIST_S_02,SKU_05,24.38247732965216,2194.4544275702747,Invalid Outlet_ID
OUT_14745,2024,2,DIST_NW_01,SKU_05,19.961806325695814,1796.522214298573,Invalid Outlet_ID
OUT_07259,2023,5,DIST_W_01,SKU_03,15.151129687462277,5302.925394593382,Invalid Outlet_ID
OUT_13998,2024,4,DIST_NW_01,SKU_06,843.9547143018909,70892.16766872336,Invalid Outlet_ID
OUT_13327,2023,4,DIST_NW_01,SKU_01,7.393197039979753,2587.649660830982,Invalid Outlet_ID
OUT_10753,2024,7,DIST_C_02,SKU_09,2.460169373927477,5412.402458291634,Invalid Outlet_ID
OUT_14745,2023,11,DIST_NW_01,SKU_10,9.665898422744858,3568.9885525885325,Invalid Outlet_ID
OUT_15238,2024,2,DIST_NW_02,SKU_02,191.2568423388056,48451.744230056094,Invalid Outlet_ID
OUT_14462,2024,3,DIST_NW_02,SKU_07,20.16194761414868,13105.311752936468,Invalid Outlet_ID
OUT_18975,2024,8,DIST_S_01,SKU_02,35.46889450638959,8985.408997067634,Invalid Outlet_ID
OUT_13998,2025,1,DIST_NW_01,SKU_08,61.709004519467015,27151.91900588634,Invalid Outlet_ID
OUT_17174,2023,12,DIST_S_01,SKU_04,7.1684925021668775,2329.7186269801605,Invalid Outlet_ID
OUT_17661,2025,8,DIST_S_02,SKU_09,13.455838097843433,29602.86929825743,Invalid Outlet_ID
OUT_00090,2025,6,DIST_W_02,SKU_05,46.69074790078453,4202.133279311457,Invalid Outlet_ID
OUT_06028,2025,12,DIST_W_03,SKU_02,28.10329973117208,7119.497964783521,Invalid Outlet_ID
OUT_14462,2024,2,DIST_NW_02,SKU_06,112.83557776716152,9478.162014842675,Invalid Outlet_ID
OUT_06028,2024,6,DIST_W_03,SKU_08,3.094646173489767,1361.684268361186,Invalid Outlet_ID
OUT_01864,2024,3,DIST_W_01,SKU_03,9.217236680091874,3226.001337940834,Invalid Outlet_ID
OUT_17661,2023,3,DIST_S_02,SKU_03,28.39666784492269,9938.812498669073,Invalid Outlet_ID
OUT_18356,2023,12,DIST_S_02,SKU_08,7.648222626882717,3365.187645651526,Invalid Outlet_ID
OUT_19145,2025,12,DIST_S_01,SKU_06,87.08780178782499,7315.352004160427,Invalid Outlet_ID
OUT_16192,2023,6,DIST_NW_02,SKU_05,23.354153888941628,2101.85017217891,Invalid Outlet_ID
OUT_01864,2024,5,DIST_W_01,SKU_05,15.280272077052416,1375.2468940297715,Invalid Outlet_ID
OUT_09014,2025,12,DIST_C_02,SKU_02,127.15134389618882,32211.705412688287,Invalid Outlet_ID
OUT_09014,2023,1,DIST_C_02,SKU_03,24.16339323802981,8457.171167899847,Invalid Outlet_ID
OUT_15238,2024,8,DIST_NW_02,SKU_01,61.229192314029625,18368.713633423045,Invalid Outlet_ID
OUT_10229,2024,6,DIST_C_03,SKU_09,17.215048421799672,37873.1121313491,Invalid Outlet_ID
OUT_12014,2025,3,DIST_C_03,SKU_02,18.985564175862464,4809.627171056333,Invalid Outlet_ID
OUT_00090,2024,1,DIST_W_02,SKU_10,21.315824645270084,7870.450764131653,Invalid Outlet_ID
OUT_15238,2025,9,DIST_NW_02,SKU_09,33.65723461803675,74045.90677310518,Invalid Outlet_ID
OUT_00090,2023,9,DIST_W_02,SKU_03,22.759928423784476,7965.9763980500575,Invalid Outlet_ID
OUT_10229,2024,11,DIST_C_03,SKU_03,27.129484443310982,9495.309976123985,Invalid Outlet_ID
OUT_17661,2023,3,DIST_S_02,SKU_02,88.35640613848307,22383.60091265306,Invalid Outlet_ID
OUT_09014,2024,4,DIST_C_02,SKU_09,22.219439394314303,48882.74268134391,Invalid Outlet_ID
OUT_02795,2023,4,DIST_W_02,SKU_10,5.446406766240931,2010.9703637066032,Invalid Outlet_ID
OUT_10530,2025,4,DIST_C_03,SKU_04,34.01338375469279,11054.33772995567,Invalid Outlet_ID
OUT_15238,2024,10,DIST_NW_02,SKU_07,110.08552005977324,71555.56405466865,Invalid Outlet_ID
OUT_10753,2024,7,DIST_C_02,SKU_05,11.883380407919653,1069.4842035406955,Invalid Outlet_ID
OUT_10229,2024,9,DIST_C_03,SKU_05,59.865760563564976,5387.938510179174,Invalid Outlet_ID
OUT_10530,2025,5,DIST_C_03,SKU_10,19.503421569993904,7201.24154536891,Invalid Outlet_ID
OUT_18356,2025,10,DIST_S_02,SKU_05,12.409940985042882,1116.8584130806369,Invalid Outlet_ID
OUT_19319,2025,10,DIST_S_02,SKU_03,7.337998276251927,2568.266680357989,Invalid Outlet_ID
OUT_17661,2023,6,DIST_S_02,SKU_07,37.57686177125499,24425.001138993048,Invalid Outlet_ID
OUT_14462,2024,7,DIST_NW_02,SKU_09,6.897686515470305,15174.867057371976,Invalid Outlet_ID
OUT_09014,2024,2,DIST_C_02,SKU_01,29.962234343572757,8988.667155871171,Invalid Outlet_ID
OUT_10177,2025,12,DIST_C_02,SKU_07,32.34832758965068,21026.37169506546,Invalid Outlet_ID
OUT_15238,2023,8,DIST_NW_02,SKU_01,65.83385517195663,19750.196179855346,Invalid Outlet_ID
OUT_15238,2025,3,DIST_NW_02,SKU_04,57.67771778659958,18745.255125998072,Invalid Outlet_ID
OUT_15915,2023,4,DIST_NW_02,SKU_08,8.691451946629533,3824.243648896405,Invalid Outlet_ID
OUT_18975,2025,8,DIST_S_01,SKU_06,108.34182513223138,9100.71126820195,Invalid Outlet_ID
OUT_07259,2024,7,DIST_W_01,SKU_07,59.35827877602952,38582.9078074622,Invalid Outlet_ID
OUT_13998,2023,2,DIST_NW_01,SKU_10,37.50554819289324,13848.1891232059,Invalid Outlet_ID
OUT_14462,2023,3,DIST_NW_02,SKU_03,10.520190600840388,3682.030588347549,Invalid Outlet_ID
OUT_11877,2023,1,DIST_C_01,SKU_09,3.165550974642179,6964.234476212103,Invalid Outlet_ID
OUT_14745,2025,6,DIST_NW_01,SKU_06,118.8575544676455,9984.001283094103,Invalid Outlet_ID
OUT_13998,2024,12,DIST_NW_01,SKU_10,55.29567022198031,20416.88962508071,Invalid Outlet_ID
OUT_17661,2025,5,DIST_S_02,SKU_09,10.35264145735531,22775.85893609608,Invalid Outlet_ID
OUT_07259,2024,12,DIST_W_01,SKU_10,27.94309580465525,10317.464943257131,Invalid Outlet_ID
OUT_13998,2023,9,DIST_NW_01,SKU_04,47.091978280669615,15304.940333545495,Invalid Outlet_ID
OUT_13998,2025,8,DIST_NW_01,SKU_05,117.9157901860252,10612.445354751202,Invalid Outlet_ID
OUT_10177,2024,9,DIST_C_02,SKU_06,105.6085569627186,8871.114842838759,Invalid Outlet_ID
OUT_02862,2023,4,DIST_W_01,SKU_09,4.952454714126145,10895.443922001488,Invalid Outlet_ID
OUT_10177,2023,3,DIST_C_02,SKU_08,11.859701258224945,5218.25825990714,Invalid Outlet_ID
OUT_10530,2023,1,DIST_C_03,SKU_04,28.75879183331428,9346.606162659627,Invalid Outlet_ID
OUT_08564,2023,2,DIST_W_02,SKU_06,306.57320850685744,25752.16699908829,Invalid Outlet_ID
OUT_01864,2024,10,DIST_W_01,SKU_05,24.49503893006008,2204.516007614629,Invalid Outlet_ID
OUT_08564,2023,3,DIST_W_02,SKU_05,52.25103605006876,4702.612022593117,Invalid Outlet_ID
OUT_15238,2023,8,DIST_NW_02,SKU_02,204.0863552709708,51701.85298610484,Invalid Outlet_ID
OUT_10229,2023,11,DIST_C_03,SKU_08,29.04146090585723,12778.20847948251,Invalid Outlet_ID
OUT_14462,2024,11,DIST_NW_02,SKU_08,10.453753616772149,4599.657355350112,Invalid Outlet_ID
OUT_08564,2025,4,DIST_W_02,SKU_10,30.449260462658017,11242.79750075012,Invalid Outlet_ID
OUT_13998,2025,4,DIST_NW_01,SKU_08,71.2761110436641,31361.47363178084,Invalid Outlet_ID
OUT_10416,2024,6,DIST_C_01,SKU_07,11.53430849835079,7497.307801570921,Invalid Outlet_ID
OUT_16192,2025,12,DIST_NW_02,SKU_08,16.688789561765184,7343.042241388484,Invalid Outlet_ID
OUT_16192,2023,3,DIST_NW_02,SKU_09,6.794161729265214,14947.202548877172,Invalid Outlet_ID
OUT_10753,2025,3,DIST_C_02,SKU_01,12.624565100343313,1136.1650521301838,Invalid Outlet_ID
OUT_17661,2023,1,DIST_S_02,SKU_07,107.91866040056809,70147.08407900884,Invalid Outlet_ID
OUT_08564,2025,9,DIST_W_02,SKU_05,55.58002603842819,5002.206341689978,Invalid Outlet_ID
OUT_10177,2025,12,DIST_C_02,SKU_05,35.155348796676066,3163.9622369613085,Invalid Outlet_ID
OUT_07259,2025,4,DIST_W_01,SKU_05,75.02053716052107,6751.889464243969,Invalid Outlet_ID
OUT_11877,2024,12,DIST_C_01,SKU_06,94.93864302092794,7974.851415746662,Invalid Outlet_ID
OUT_15238,2025,10,DIST_NW_02,SKU_09,29.40146497152212,64683.21087949405,Invalid Outlet_ID
OUT_10530,2023,6,DIST_C_03,SKU_09,13.75454699724409,30260.012572388725,Invalid Outlet_ID
OUT_02795,2024,8,DIST_W_02,SKU_07,13.974931375840107,9083.68704198096,Invalid Outlet_ID
OUT_17661,2023,4,DIST_S_02,SKU_01,39.43058059138218,11829.149083645883,Invalid Outlet_ID
OUT_17661,2023,8,DIST_S_02,SKU_03,24.460508315630435,8561.156383604155,Invalid Outlet_ID
OUT_15238,2025,4,DIST_NW_02,SKU_01,98.06819792572816,29420.43674748932,Invalid Outlet_ID
OUT_19170,2024,12,DIST_S_02,SKU_06,89.72088525275637,7536.55927149367,Invalid Outlet_ID
OUT_08564,2024,3,DIST_W_02,SKU_05,67.76758894393626,6099.045760834994,Invalid Outlet_ID
OUT_02426,2023,9,DIST_W_02,SKU_06,63.16976942282778,5306.268875482374,Invalid Outlet_ID
OUT_10229,2024,7,DIST_C_03,SKU_05,58.14264324735634,5232.8455184382565,Invalid Outlet_ID
OUT_13567,2023,12,DIST_NW_02,SKU_10,5.715081889143896,2110.166025787856,Invalid Outlet_ID
OUT_10530,2024,7,DIST_C_03,SKU_01,32.21692435971885,9665.067456755813,Invalid Outlet_ID
OUT_07259,2025,11,DIST_W_01,SKU_03,25.11846126590585,8791.50345117345,Invalid Outlet_ID
OUT_08564,2024,6,DIST_W_02,SKU_08,18.602254667388564,8185.021703735407,Invalid Outlet_ID
OUT_00090,2025,1,DIST_W_02,SKU_05,50.47037352330749,4542.3169162963295,Invalid Outlet_ID
OUT_19319,2023,9,DIST_S_02,SKU_01,11.40496958545604,3421.4806028633484,Invalid Outlet_ID
OUT_01864,2025,12,DIST_W_01,SKU_03,11.94358835927542,4180.244905286409,Invalid Outlet_ID
OUT_17812,2025,10,DIST_S_02,SKU_06,55.75786424904744,4683.676210114319,Invalid Outlet_ID
OUT_16192,2023,6,DIST_NW_02,SKU_10,7.756516067590767,2863.966749645208,Invalid Outlet_ID
OUT_10229,2025,12,DIST_C_03,SKU_08,43.2450514892947,19027.832074450664,Invalid Outlet_ID
OUT_15238,2025,8,DIST_NW_02,SKU_03,44.084813440732425,15429.728056986036,Invalid Outlet_ID
OUT_02426,2025,4,DIST_W_02,SKU_07,17.264173242864175,11221.716999156662,Invalid Outlet_ID
OUT_19330,2024,7,DIST_S_01,SKU_05,12.002047774535072,1080.204175746108,Invalid Outlet_ID
OUT_07259,2024,10,DIST_W_01,SKU_09,14.724244532118634,32393.304868713392,Invalid Outlet_ID
OUT_19170,2024,6,DIST_S_02,SKU_04,3.083575701994635,1002.1314468275592,Invalid Outlet_ID
OUT_08564,2024,5,DIST_W_02,SKU_09,9.557088470980707,21025.605806253163,Invalid Outlet_ID
OUT_00090,2023,1,DIST_W_02,SKU_01,29.774567499569947,8932.372126999539,Invalid Outlet_ID
OUT_12565,2023,6,DIST_C_02,SKU_03,5.158538312295923,1805.444414836317,Invalid Outlet_ID
OUT_16360,2024,11,DIST_NW_01,SKU_07,10.83971879669751,7045.829192640869,Invalid Outlet_ID
OUT_08564,2023,5,DIST_W_02,SKU_01,18.687292825427942,5606.18412033786,Invalid Outlet_ID
OUT_13998,2025,3,DIST_NW_01,SKU_08,52.30185443185548,23012.771424552287,Invalid Outlet_ID
OUT_16192,2024,8,DIST_NW_02,SKU_03,10.301334291931507,3605.4744549634975,Invalid Outlet_ID
OUT_10229,2023,5,DIST_C_03,SKU_08,31.31539565514497,13778.79012738878,Invalid Outlet_ID
OUT_10530,2024,10,DIST_C_03,SKU_02,84.29530567910561,21354.799037930366,Invalid Outlet_ID
OUT_08564,2023,6,DIST_W_02,SKU_09,10.181176035788068,22398.56033222337,Invalid Outlet_ID
OUT_15238,2025,5,DIST_NW_02,SKU_06,585.3609879209529,49170.33869233272,Invalid Outlet_ID
OUT_07259,2024,1,DIST_W_01,SKU_09,14.17041597149892,31174.87665778869,Invalid Outlet_ID
OUT_07259,2023,1,DIST_W_01,SKU_05,64.16155017889051,5774.5070902801535,Invalid Outlet_ID
OUT_13327,2023,12,DIST_NW_01,SKU_01,7.0744029422668335,2122.2991793119827,Invalid Outlet_ID
OUT_15238,2023,5,DIST_NW_02,SKU_02,184.01004446492604,46615.87480001124,Invalid Outlet_ID
OUT_12014,2025,10,DIST_C_03,SKU_08,6.488365159126605,2854.8659156757967,Invalid Outlet_ID
OUT_10229,2025,8,DIST_C_03,SKU_03,31.41685186532355,10995.891573398509,Invalid Outlet_ID
OUT_00090,2024,1,DIST_W_02,SKU_07,69.84103251134552,45396.64315764256,Invalid Outlet_ID
OUT_00090,2024,8,DIST_W_02,SKU_07,71.96887741544032,46779.79094242176,Invalid Outlet_ID
OUT_19330,2025,12,DIST_S_01,SKU_01,6.21885748921694,2296.19561178497,Invalid Outlet_ID
OUT_13567,2023,5,DIST_NW_02,SKU_05,11.201116747456524,1008.0839855238462,Invalid Outlet_ID
OUT_14462,2025,11,DIST_NW_02,SKU_07,23.60995737449733,15346.424665146187,Invalid Outlet_ID
OUT_16360,2023,10,DIST_NW_01,SKU_09,3.0662522336968703,6745.766270435914,Invalid Outlet_ID
OUT_09014,2023,6,DIST_C_02,SKU_07,51.88152744208971,33723.02397327024,Invalid Outlet_ID
OUT_17661,2023,3,DIST_S_02,SKU_01,29.197465189505586,8759.265792616121,Invalid Outlet_ID
OUT_10229,2023,11,DIST_C_03,SKU_05,64.07299728946057,5766.523945403507,Invalid Outlet_ID
OUT_15238,2025,1,DIST_NW_02,SKU_02,180.06642994995394,45616.87405947051,Invalid Outlet_ID
OUT_10229,2023,12,DIST_C_03,SKU_10,28.14250512949269,10391.070124635551,Invalid Outlet_ID
OUT_11877,2024,12,DIST_C_01,SKU_01,9.302484949884402,2790.787530460329,Invalid Outlet_ID
OUT_06028,2025,7,DIST_W_03,SKU_08,5.388538807835159,2370.9855052554667,Invalid Outlet_ID
OUT_16192,2025,8,DIST_NW_02,SKU_09,6.072451521516272,13359.37754033844,Invalid Outlet_ID
OUT_15238,2024,6,DIST_NW_02,SKU_04,53.12658794551047,17266.09320316588,Invalid Outlet_ID
OUT_17661,2023,12,DIST_S_02,SKU_01,38.59654633839546,11578.945419714602,Invalid Outlet_ID
OUT_13998,2024,6,DIST_NW_01,SKU_01,59.24536824072454,17773.628288140808,Invalid Outlet_ID
OUT_19319,2023,7,DIST_S_02,SKU_05,24.950776359513767,2245.588910748486,Invalid Outlet_ID
OUT_08564,2024,1,DIST_W_02,SKU_01,26.26051638603288,7878.173809622166,Invalid Outlet_ID
OUT_07259,2025,11,DIST_W_01,SKU_06,306.9124832287588,25780.61738499316,Invalid Outlet_ID
OUT_08564,2024,7,DIST_W_02,SKU_06,319.5893867857799,26845.534506931555,Invalid Outlet_ID
OUT_07259,2023,8,DIST_W_01,SKU_01,32.10934347205894,9632.774819935736,Invalid Outlet_ID
OUT_18356,2025,1,DIST_S_02,SKU_05,18.01697837717261,1621.4986214662304,Invalid Outlet_ID
OUT_15238,2024,7,DIST_NW_02,SKU_06,531.2961156891643,44628.84216439368,Invalid Outlet_ID
OUT_09014,2025,6,DIST_C_02,SKU_07,62.83507114040778,40842.83429244988,Invalid Outlet_ID
OUT_10530,2023,8,DIST_C_03,SKU_09,19.868994784170884,43711.79510613559,Invalid Outlet_ID
OUT_00090,2023,11,DIST_W_02,SKU_02,98.0010493030328,24826.93923044154,Invalid Outlet_ID
OUT_10530,2025,10,DIST_C_03,SKU_09,16.213247248465414,35669.1723072098,Invalid Outlet_ID
OUT_00090,2024,3,DIST_W_02,SKU_03,23.411645199084667,8194.120197246935,Invalid Outlet_ID
OUT_15915,2024,4,DIST_NW_02,SKU_01,7.091613383485632,2127.472200463684,Invalid Outlet_ID
OUT_02389,2023,9,DIST_W_02,SKU_06,58.956084136311176,4952.297320890758,Invalid Outlet_ID
OUT_08723,2024,10,DIST_W_02,SKU_09,6.353030930617125,13976.705628624824,Invalid Outlet_ID
OUT_13567,2025,6,DIST_NW_02,SKU_06,54.03828965471986,4539.236791084478,Invalid Outlet_ID
OUT_18975,2023,2,DIST_S_01,SKU_01,16.987559811639322,5096.266841455068,Invalid Outlet_ID
OUT_02862,2024,7,DIST_W_01,SKU_07,12.450700595595965,8092.974784794259,Invalid Outlet_ID
OUT_14745,2025,4,DIST_NW_01,SKU_01,20.17341107165431,6052.061440991318,Invalid Outlet_ID
OUT_07259,2024,10,DIST_W_01,SKU_08,30.96961976138709,13626.637162072157,Invalid Outlet_ID
OUT_07259,2024,2,DIST_W_01,SKU_10,20.39375970951146,7530.020194747302,Invalid Outlet_ID
OUT_17661,2023,8,DIST_S_02,SKU_09,15.038695021271456,33085.13269463333,Invalid Outlet_ID
OUT_07259,2024,12,DIST_W_01,SKU_04,34.13856142237174,11095.051193650828,Invalid Outlet_ID
OUT_13327,2024,12,DIST_NW_01,SKU_09,4.529287411238127,9964.416687382827,Invalid Outlet_ID
OUT_19330,2024,6,DIST_S_01,SKU_07,8.71447371443223,5664.36312848402,Invalid Outlet_ID
OUT_13998,2024,8,DIST_NW_01,SKU_01,67.58276360310313,20274.781150458475,Invalid Outlet_ID
OUT_19319,2025,3,DIST_S_02,SKU_09,5.410049101321265,11902.151271119865,Invalid Outlet_ID
OUT_13998,2024,9,DIST_NW_01,SKU_08,55.47844443331352,24410.507194811325,Invalid Outlet_ID
OUT_15630,2024,12,DIST_NW_02,SKU_06,87.68312255923578,7365.360724669109,Invalid Outlet_ID
OUT_08723,2025,11,DIST_W_02,SKU_05,25.86831064217257,2328.1272311762064,Invalid Outlet_ID
OUT_15238,2023,6,DIST_NW_02,SKU_01,65.06939049537422,19520.85078396988,Invalid Outlet_ID
OUT_08564,2025,5,DIST_W_02,SKU_08,20.469712928707427,9006.660401331257,Invalid Outlet_ID
OUT_10416,2025,2,DIST_C_01,SKU_06,59.33052579857917,4983.754360073606,Invalid Outlet_ID
OUT_15238,2025,1,DIST_NW_02,SKU_04,49.94923151422239,16233.48968962574,Invalid Outlet_ID
OUT_08564,2025,7,DIST_W_02,SKU_05,58.33234454488464,5249.95190153526,Invalid Outlet_ID
OUT_06028,2024,6,DIST_W_03,SKU_02,11.622977182571136,2944.4599537687523,Invalid Outlet_ID
OUT_10177,2024,5,DIST_C_02,SKU_09,5.899404728113282,12978.70581782885,Invalid Outlet_ID
OUT_13998,2023,1,DIST_NW_01,SKU_03,48.90728094398972,17117.499956105403,Invalid Outlet_ID
OUT_13998,2023,6,DIST_NW_01,SKU_07,106.92755542054168,69502.9179703546,Invalid Outlet_ID
OUT_19145,2024,12,DIST_S_01,SKU_08,9.507954552306291,4183.4512986707405,Invalid Outlet_ID
OUT_10177,2023,8,DIST_C_02,SKU_05,36.2861955565771,3265.7471705460493,Invalid Outlet_ID
OUT_02862,2023,3,DIST_W_01,SKU_06,54.03583437953912,4539.034903997126,Invalid Outlet_ID
OUT_14745,2023,11,DIST_NW_01,SKU_09,6.084781687263352,13386.54882954564,Invalid Outlet_ID
OUT_15238,2025,12,DIST_NW_02,SKU_04,72.20078413142384,23465.21552992766,Invalid Outlet_ID
OUT_17174,2024,4,DIST_S_01,SKU_07,17.115754175135855,11125.243249757592,Invalid Outlet_ID
OUT_16192,2023,7,DIST_NW_02,SKU_07,24.47306302191862,15907.498948893412,Invalid Outlet_ID
OUT_02389,2024,9,DIST_W_02,SKU_09,3.059546404671323,6730.98039376066,Invalid Outlet_ID
OUT_10229,2024,11,DIST_C_03,SKU_02,79.5347206947977,20148.764846349804,Invalid Outlet_ID
OUT_02795,2025,2,DIST_W_02,SKU_01,4.750373132715228,1662.6481066286908,Invalid Outlet_ID
OUT_09014,2024,6,DIST_C_02,SKU_08,32.50431966299989,14301.912763884357,Invalid Outlet_ID
OUT_13998,2025,5,DIST_NW_01,SKU_09,37.28676162213374,82030.86071841426,Invalid Outlet_ID
OUT_07259,2023,2,DIST_W_01,SKU_07,61.31161032359302,39852.51457543045,Invalid Outlet_ID
OUT_02389,2024,9,DIST_W_02,SKU_01,4.677929227785459,1520.2864354958408,Invalid Outlet_ID
OUT_15238,2024,5,DIST_NW_02,SKU_07,116.3976197193694,75658.48630140575,Invalid Outlet_ID
OUT_10416,2025,4,DIST_C_01,SKU_07,15.885002269994986,10325.290508712164,Invalid Outlet_ID
OUT_15238,2024,3,DIST_NW_02,SKU_06,535.2528690163249,44961.21097886615,Invalid Outlet_ID
OUT_00090,2024,11,DIST_W_02,SKU_07,63.761455095193405,41444.96281068681,Invalid Outlet_ID
OUT_16192,2025,11,DIST_NW_02,SKU_10,7.290773971961891,2692.0098983940707,Invalid Outlet_ID
OUT_15915,2023,8,DIST_NW_02,SKU_07,11.202685167888646,7281.759146551713,Invalid Outlet_ID
OUT_14745,2024,8,DIST_NW_01,SKU_07,27.35134161684225,17778.382168398362,Invalid Outlet_ID
OUT_14462,2024,7,DIST_NW_02,SKU_05,24.406501636010773,2196.593387502033,Invalid Outlet_ID
OUT_17661,2023,9,DIST_S_02,SKU_04,25.825701455658045,8393.320108202259,Invalid Outlet_ID
OUT_08564,2023,10,DIST_W_02,SKU_06,251.9506673863128,21163.83080805957,Invalid Outlet_ID
OUT_14745,2024,1,DIST_NW_01,SKU_06,135.3029325246795,11365.449575303852,Invalid Outlet_ID
OUT_01864,2025,4,DIST_W_01,SKU_02,42.46342367235336,10757.43566884725,Invalid Outlet_ID
OUT_07259,2025,5,DIST_W_01,SKU_01,18.78911767359834,5636.742392905439,Invalid Outlet_ID
OUT_00090,2025,12,DIST_W_02,SKU_08,45.27021816325589,19918.939676107577,Invalid Outlet_ID
OUT_10177,2023,12,DIST_C_02,SKU_02,53.678982767737,13598.682837318624,Invalid Outlet_ID
OUT_18356,2025,1,DIST_S_02,SKU_01,19.83362254951735,12891.812304852549,Invalid Outlet_ID
OUT_12565,2023,11,DIST_C_02,SKU_03,5.2887918895719785,1851.0920686190052,Invalid Outlet_ID
OUT_12014,2025,4,DIST_C_03,SKU_01,7.694996232981676,2308.533205419069,Invalid Outlet_ID
OUT_17661,2023,5,DIST_S_02,SKU_03,15.759370929390473,5515.765397742116,Invalid Outlet_ID
OUT_17661,2025,4,DIST_S_02,SKU_04,33.34836439120343,10838.199331400743,Invalid Outlet_ID
OUT_07259,2023,6,DIST_W_01,SKU_01,20.30004955289926,6090.011907329117,Invalid Outlet_ID
OUT_09014,2025,2,DIST_C_02,SKU_10,20.66362504250648,7629.615759980996,Invalid Outlet_ID
OUT_00090,2025,5,DIST_W_02,SKU_09,9.206132845518564,20253.46373041219,Invalid Outlet_ID
OUT_16192,2025,8,DIST_NW_02,SKU_03,10.31879504093657,3611.582461050551,Invalid Outlet_ID
OUT_15238,2025,6,DIST_NW_02,SKU_09,33.87040216623109,74514.8876239972,Invalid Outlet_ID
OUT_10229,2023,8,DIST_C_03,SKU_02,141.62052430833123,35877.22797802665,Invalid Outlet_ID
OUT_10229,2025,8,DIST_C_03,SKU_06,436.957937366821,36704.474006983495,Invalid Outlet_ID
OUT_08723,2025,12,DIST_W_02,SKU_01,17.891354941636106,5367.431793166133,Invalid Outlet_ID
OUT_14462,2023,8,DIST_NW_02,SKU_10,8.757209117488895,3233.446441511536,Invalid Outlet_ID
OUT_10753,2023,1,DIST_C_02,SKU_01,4.237550053433289,1377.2415264110311,Invalid Outlet_ID
OUT_02795,2023,1,DIST_W_02,SKU_03,4.427703211745312,1549.7428751490786,Invalid Outlet_ID
OUT_17661,2025,6,DIST_S_02,SKU_07,37.33376564561557,24266.95600090628,Invalid Outlet_ID
OUT_01864,2024,1,DIST_W_01,SKU_06,117.58125320195876,9876.77570714405,Invalid Outlet_ID
OUT_19170,2025,12,DIST_S_02,SKU_01,9.827958989128492,2948.3815422236817,Invalid Outlet_ID
OUT_17661,2023,7,DIST_S_02,SKU_06,348.8837912609731,29306.222029937984,Invalid Outlet_ID
OUT_16192,2024,1,DIST_NW_02,SKU_01,12.910779581974296,3873.225684004517,Invalid Outlet_ID
OUT_14462,2023,6,DIST_NW_02,SKU_04,8.73030878117607,2837.3737400663963,Invalid Outlet_ID
OUT_16192,2023,1,DIST_NW_02,SKU_09,5.804616763870123,12770.134391572228,Invalid Outlet_ID
OUT_13998,2024,6,DIST_NW_01,SKU_09,28.836934053824017,63441.21572095342,Invalid Outlet_ID
OUT_10753,2023,12,DIST_C_02,SKU_05,14.184111904357632,1276.590553847017,Invalid Outlet_ID
OUT_14745,2024,4,DIST_NW_01,SKU_06,194.10041416187624,16304.468175684522,Invalid Outlet_ID
OUT_07259,2023,7,DIST_W_01,SKU_08,35.7366777789761,15724.095103311796,Invalid Outlet_ID
OUT_08723,2023,3,DIST_W_02,SKU_04,9.813139205853313,3189.2370097984717,Invalid Outlet_ID
OUT_00090,2025,12,DIST_W_02,SKU_07,102.85793681992892,66857.69110445108,Invalid Outlet_ID
OUT_07259,2024,6,DIST_W_01,SKU_06,227.33839947950457,19096.40226918417,Invalid Outlet_ID
OUT_00090,2025,10,DIST_W_02,SKU_02,72.06367245592469,18256.13638022913,Invalid Outlet_ID
OUT_00090,2024,6,DIST_W_02,SKU_10,12.300898425783402,4541.898969668675,Invalid Outlet_ID
OUT_15238,2024,4,DIST_NW_02,SKU_07,170.89194655538716,111079.7501293364,Invalid Outlet_ID
OUT_13998,2025,12,DIST_NW_01,SKU_04,50.30780897750691,16350.016985580489,Invalid Outlet_ID
OUT_01864,2025,8,DIST_W_01,SKU_08,13.769175158549055,6058.408704914724,Invalid Outlet_ID
OUT_08723,2025,12,DIST_W_02,SKU_04,14.906952547408356,4844.772903823302,Invalid Outlet_ID
OUT_08723,2025,11,DIST_W_02,SKU_04,9.371861430389677,3045.8821308308493,Invalid Outlet_ID
OUT_14462,2024,11,DIST_NW_02,SKU_02,46.80361659051879,11856.930764008344,Invalid Outlet_ID
OUT_15238,2024,7,DIST_NW_02,SKU_05,117.81793882927732,10603.630361877522,Invalid Outlet_ID
OUT_15238,2024,11,DIST_NW_02,SKU_08,65.5097611904243,28824.2807035002,Invalid Outlet_ID
OUT_17174,2024,5,DIST_S_01,SKU_04,2.9257433415440084,950.8923671625028,Invalid Outlet_ID
OUT_17661,2025,7,DIST_S_02,SKU_09,13.927641619755503,30640.84716029876,Invalid Outlet_ID
OUT_00090,2025,10,DIST_W_02,SKU_07,54.98748611550191,35741.83415812232,Invalid Outlet_ID
OUT_14462,2025,9,DIST_NW_02,SKU_06,138.75532533406837,11655.450832424614,Invalid Outlet_ID
OUT_01864,2024,4,DIST_W_01,SKU_07,26.999844327703013,17549.862079134906,Invalid Outlet_ID
OUT_18356,2024,12,DIST_S_02,SKU_01,4.327420635915679,9520.317256969967,Invalid Outlet_ID
OUT_02795,2023,1,DIST_W_02,SKU_01,6.258637277637872,1877.6368538834663,Invalid Outlet_ID
OUT_01864,2024,6,DIST_W_01,SKU_05,16.92876284030565,1523.6303993378465,Invalid Outlet_ID
OUT_14745,2025,4,DIST_NW_01,SKU_05,32.4377778402483,2919.44757336295,Invalid Outlet_ID
OUT_12565,2024,1,DIST_C_02,SKU_07,12.728132571638556,8273.280946187206,Invalid Outlet_ID
OUT_06028,2023,7,DIST_W_03,SKU_07,11.583653664990598,7529.358345470979,Invalid Outlet_ID
OUT_17661,2024,3,DIST_S_02,SKU_01,-30.548103176213846,-9164.452608821975,Invalid Outlet_ID
OUT_10177,2023,3,DIST_C_02,SKU_01,11.756597379418595,3526.9569300742883,Invalid Outlet_ID
OUT_09014,2023,7,DIST_C_02,SKU_09,17.247909722880593,37945.44507848634,Invalid Outlet_ID
OUT_13998,2023,11,DIST_NW_01,SKU_05,111.35752229757522,10022.198163659534,Invalid Outlet_ID
OUT_13998,2024,9,DIST_NW_01,SKU_05,131.0724255192957,11796.567727316284,Invalid Outlet_ID
OUT_13998,2023,12,DIST_NW_01,SKU_03,68.71656633089013,24050.79784083891,Invalid Outlet_ID
OUT_19330,2023,10,DIST_S_01,SKU_10,4.253414425990265,1570.5059052379818,Invalid Outlet_ID
OUT_00090,2025,12,DIST_W_02,SKU_03,36.43440639437974,12752.091636335736,Invalid Outlet_ID
OUT_16192,2024,11,DIST_NW_02,SKU_03,9.326292209671909,3264.241886585585,Invalid Outlet_ID
OUT_08564,2025,3,DIST_W_02,SKU_05,66.70734897098986,6003.652642440668,Invalid Outlet_ID
OUT_17174,2024,5,DIST_S_01,SKU_10,2.995302940030142,1105.9202136787285,Invalid Outlet_ID
OUT_16192,2024,1,DIST_NW_02,SKU_06,115.51069944353772,9702.86858195605,Invalid Outlet_ID
OUT_13998,2024,2,DIST_NW_01,SKU_08,64.97603004091053,28589.48196316848,Invalid Outlet_ID
OUT_16192,2023,9,DIST_NW_02,SKU_03,8.909967116308598,3118.498671411985,Invalid Outlet_ID
OUT_14462,2025,2,DIST_NW_02,SKU_02,34.117270606456344,8643.050330467382,Invalid Outlet_ID
OUT_02389,2025,8,DIST_W_02,SKU_07,10.290142280941872,6688.593836938159,Invalid Outlet_ID
OUT_03691,2024,12,DIST_W_01,SKU_07,20.19184031995083,13124.706515464866,Invalid Outlet_ID
OUT_14462,2023,10,DIST_NW_02,SKU_10,8.35850498605341,3086.240018200186,Invalid Outlet_ID
OUT_14745,2025,5,DIST_NW_01,SKU_10,8.262011854728625,3050.60939708639,Invalid Outlet_ID
OUT_08723,2025,1,DIST_W_02,SKU_08,10.90788375791187,4799.487078017609,Invalid Outlet_ID
OUT_08564,2024,12,DIST_W_02,SKU_04,32.445308618918475,10544.750935130733,Invalid Outlet_ID
OUT_08564,2025,6,DIST_W_02,SKU_02,55.443568530667534,14045.693340273636,Invalid Outlet_ID
OUT_10416,2025,6,DIST_C_01,SKU_07,13.259924557900648,8618.927856499731,Invalid Outlet_ID
OUT_00090,2024,5,DIST_W_02,SKU_08,17.133593092412823,7538.823923050812,Invalid Outlet_ID
OUT_16192,2024,5,DIST_NW_02,SKU_03,8.708775311301503,3048.118664758064,Invalid Outlet_ID
OUT_10530,2023,8,DIST_C_03,SKU_03,34.14658874356689,11951.293603554132,Invalid Outlet_ID
OUT_15915,2024,10,DIST_NW_02,SKU_04,5.067240514760193,1646.8840132118946,Invalid Outlet_ID
OUT_02426,2025,11,DIST_W_02,SKU_01,6.083971228659204,1825.2071311219677,Invalid Outlet_ID
OUT_08723,2023,12,DIST_W_02,SKU_02,57.8492504559643,14655.13531088298,Invalid Outlet_ID
OUT_06028,2024,3,DIST_W_03,SKU_05,11.714637192118884,1054.316063956643,Invalid Outlet_ID
OUT_08564,2024,9,DIST_W_02,SKU_01,27.42373107213767,8227.12278958928,Invalid Outlet_ID
OUT_08564,2023,5,DIST_W_02,SKU_04,16.62912970342745,5404.465696820587,Invalid Outlet_ID
OUT_13998,2025,10,DIST_NW_01,SKU_07,110.62338000279578,71905.19318056491,Invalid Outlet_ID
OUT_17661,2025,5,DIST_S_02,SKU_02,56.697796883905866,14363.450784351056,Invalid Outlet_ID
OUT_13998,2025,12,DIST_NW_01,SKU_01,79.32732590277335,23798.15908059813,Invalid Outlet_ID
OUT_14462,2024,4,DIST_NW_02,SKU_06,170.92308907575827,14357.546838612758,Invalid Outlet_ID
OUT_07259,2024,3,DIST_W_01,SKU_02,87.44746190163553,22153.401646845046,Invalid Outlet_ID
OUT_13567,2025,4,DIST_NW_02,SKU_01,7.161542580960548,2148.506152554773,Invalid Outlet_ID
OUT_14745,2025,8,DIST_NW_01,SKU_09,5.820601606898343,12805.31202084166,Invalid Outlet_ID
OUT_16192,2023,9,DIST_NW_02,SKU_10,7.444007528355487,2748.5534001470137,Invalid Outlet_ID
OUT_15238,2025,9,DIST_NW_02,SKU_08,52.16558582329788,22952.86559453412,Invalid Outlet_ID
OUT_07259,2023,6,DIST_W_01,SKU_08,19.339857463435298,8509.584380240698,Invalid Outlet_ID
OUT_10177,2023,6,DIST_C_02,SKU_07,21.825814272047488,14186.756370338868,Invalid Outlet_ID
OUT_19170,2024,8,DIST_S_02,SKU_09,3.0961704825443945,6811.541909540239,Invalid Outlet_ID
OUT_17812,2024,6,DIST_S_02,SKU_02,13.174988567441488,3337.658477963356,Invalid Outlet_ID
OUT_15238,2024,5,DIST_NW_02,SKU_04,50.05247511684125,16267.012629587129,Invalid Outlet_ID
OUT_19330,2025,1,DIST_S_01,SKU_01,8.52194500477256,2556.555603392364,Invalid Outlet_ID
OUT_15238,2023,7,DIST_NW_02,SKU_08,66.8577063700985,29417.380150784,Invalid Outlet_ID
OUT_09014,2025,4,DIST_C_02,SKU_07,87.78791330581338,57062.17651829887,Invalid Outlet_ID
OUT_19319,2023,4,DIST_S_02,SKU_01,16.18072065971965,4854.192974777655,Invalid Outlet_ID
OUT_15915,2025,2,DIST_NW_02,SKU_04,4.325756161509934,1405.87506009427,Invalid Outlet_ID
OUT_19319,2025,10,DIST_S_02,SKU_06,126.47667299938,10624.0143091887,Invalid Outlet_ID
OUT_17661,2023,4,DIST_S_02,SKU_08,46.824096572886205,20602.56936389972,Invalid Outlet_ID
OUT_10177,2025,10,DIST_C_02,SKU_04,9.735500097832157,3164.038113162336,Invalid Outlet_ID
OUT_15630,2023,10,DIST_NW_02,SKU_01,11.318717100536478,1018.6347297528466,Invalid Outlet_ID
OUT_14462,2025,11,DIST_NW_02,SKU_08,13.316179777798007,5859.139801427501,Invalid Outlet_ID
OUT_13327,2024,9,DIST_NW_01,SKU_05,11.756422247120865,1058.0980505583195,Invalid Outlet_ID
OUT_13327,2025,5,DIST_NW_01,SKU_08,6.591127846233232,2900.067698326007,Invalid Outlet_ID
OUT_14462,2025,5,DIST_NW_02,SKU_10,7.8375426051400385,2893.830466087733,Invalid Outlet_ID
OUT_14745,2024,11,DIST_NW_01,SKU_06,108.01386064907234,9073.167395628212,Invalid Outlet_ID
OUT_06028,2025,4,DIST_W_03,SKU_03,6.301654051188383,2205.624464600768,Invalid Outlet_ID
OUT_07259,2023,5,DIST_W_01,SKU_05,39.51807780030169,3556.645440809354,Invalid Outlet_ID
OUT_00090,2024,10,DIST_W_02,SKU_06,325.3102529432587,27326.079255266464,Invalid Outlet_ID
OUT_14462,2024,2,DIST_NW_02,SKU_08,12.686911986803114,5582.211656437124,Invalid Outlet_ID
OUT_17661,2023,11,DIST_S_02,SKU_06,253.9938326164777,21335.452123203733,Invalid Outlet_ID
OUT_19145,2023,4,DIST_S_01,SKU_09,3.386322432652288,7449.871944699769,Invalid Outlet_ID
OUT_08723,2024,11,DIST_W_02,SKU_10,8.322424418209229,3072.856406418941,Invalid Outlet_ID
OUT_19330,2023,12,DIST_S_01,SKU_01,8.583925183958353,2789.810360626964,Invalid Outlet_ID
OUT_13567,2024,7,DIST_NW_02,SKU_07,9.484942665632635,6165.258761013057,Invalid Outlet_ID
OUT_07259,2024,8,DIST_W_01,SKU_07,59.90565281710957,38938.66583785877,Invalid Outlet_ID
OUT_19170,2025,7,DIST_S_02,SKU_07,11.331728911805811,7365.599279555846,Invalid Outlet_ID
OUT_13998,2024,10,DIST_NW_01,SKU_01,65.25036939731625,19575.106675678784,Invalid Outlet_ID
OUT_17812,2023,10,DIST_S_02,SKU_01,3.669999415744171,1284.5353827242086,Invalid Outlet_ID
OUT_19145,2023,7,DIST_S_01,SKU_09,2.648236078776376,5826.13992294052,Invalid Outlet_ID
OUT_18975,2024,7,DIST_S_01,SKU_02,37.9609719102206,9616.771460667296,Invalid Outlet_ID
OUT_00090,2025,9,DIST_W_02,SKU_08,32.62379310485916,14354.457782468187,Invalid Outlet_ID
OUT_15238,2023,7,DIST_NW_02,SKU_07,144.400761729732,93860.45220491596,Invalid Outlet_ID
OUT_09014,2025,2,DIST_C_02,SKU_09,12.571711978795287,27657.741633060643,Invalid Outlet_ID
OUT_10530,2024,6,DIST_C_03,SKU_03,24.88550198740141,8709.968461634155,Invalid Outlet_ID
OUT_02426,2024,6,DIST_W_02,SKU_04,3.056663005800024,993.4585055291354,Invalid Outlet_ID
OUT_17499,2023,8,DIST_S_02,SKU_04,4.132374993718499,1342.9739011318786,Invalid Outlet_ID
OUT_10229,2025,4,DIST_C_03,SKU_09,21.661178103103676,47654.622113057536,Invalid Outlet_ID
OUT_09014,2025,2,DIST_C_02,SKU_02,88.07027096117702,22311.15934361717,Invalid Outlet_ID
OUT_11877,2023,7,DIST_C_01,SKU_03,5.268486200320645,1843.992922311953,Invalid Outlet_ID
OUT_10530,2023,8,DIST_C_03,SKU_08,46.63419608652988,20519.08340531209,Invalid Outlet_ID
OUT_15238,2023,1,DIST_NW_02,SKU_09,30.14382673428562,66316.40105816828,Invalid Outlet_ID
OUT_15238,2023,6,DIST_NW_02,SKU_03,50.17529849179935,17561.375470235493,Invalid Outlet_ID
OUT_11877,2023,1,DIST_C_01,SKU_06,66.06527776195827,5549.464815169496,Invalid Outlet_ID
OUT_19319,2023,2,DIST_S_02,SKU_05,37.79961413071708,3401.983234431438,Invalid Outlet_ID
OUT_10530,2024,6,DIST_C_03,SKU_10,23.338124176664675,8617.131210970643,Invalid Outlet_ID
OUT_17661,2025,10,DIST_S_02,SKU_01,28.81905943428016,8645.715485654964,Invalid Outlet_ID
OUT_17661,2025,6,DIST_S_02,SKU_03,17.354175151303824,6073.918875279878,Invalid Outlet_ID
OUT_08564,2024,5,DIST_W_02,SKU_06,173.8655908474635,14604.729479384596,Invalid Outlet_ID
OUT_00090,2023,9,DIST_W_02,SKU_01,28.538616474719667,8561.557783565398,Invalid Outlet_ID
OUT_08723,2024,9,DIST_W_02,SKU_01,11.892251585837428,3567.629943491537,Invalid Outlet_ID
OUT_15238,2024,4,DIST_NW_02,SKU_08,99.86944016616236,43942.515198867884,Invalid Outlet_ID
OUT_14462,2023,8,DIST_NW_02,SKU_07,23.885390616039917,15525.47138877201,Invalid Outlet_ID
OUT_16192,2024,4,DIST_NW_02,SKU_02,48.44297233976575,12272.19213101995,Invalid Outlet_ID
OUT_12565,2024,7,DIST_C_02,SKU_03,4.968761222802559,1739.0271799604398,Invalid Outlet_ID
OUT_19145,2024,11,DIST_S_01,SKU_02,16.651276930412102,4218.304314483293,Invalid Outlet_ID
OUT_02389,2025,8,DIST_W_02,SKU_01,5.780229675328976,1734.083053492354,Invalid Outlet_ID
OUT_08564,2025,7,DIST_W_02,SKU_09,13.60389707379573,29928.613675880213,Invalid Outlet_ID
OUT_07259,2024,11,DIST_W_01,SKU_05,63.29386825926355,5696.406558641467,Invalid Outlet_ID
OUT_17661,2024,9,DIST_S_02,SKU_06,304.303920699706,25561.48511727452,Invalid Outlet_ID
OUT_10229,2023,2,DIST_C_03,SKU_01,31.54387542801983,9463.132712063329,Invalid Outlet_ID
OUT_18975,2025,5,DIST_S_01,SKU_08,8.26313983865481,3635.8292814547945,Invalid Outlet_ID
OUT_02862,2025,5,DIST_W_01,SKU_06,36.36928190660056,3054.9702710583497,Invalid Outlet_ID
OUT_10530,2023,8,DIST_C_03,SKU_02,112.17524241801492,28417.74924477989,Invalid Outlet_ID
OUT_10229,2023,11,DIST_C_03,SKU_04,23.438203603379804,7617.425436758363,Invalid Outlet_ID
OUT_07259,2023,3,DIST_W_01,SKU_07,66.63886464137369,43315.30383079845,Invalid Outlet_ID
OUT_17661,2024,1,DIST_S_02,SKU_07,94.19085235417504,61224.05894247871,Invalid Outlet_ID
OUT_00090,2024,8,DIST_W_02,SKU_01,35.23671743079208,10571.018558336891,Invalid Outlet_ID
OUT_12565,2024,9,DIST_C_02,SKU_08,5.029437948114646,2212.9704583774387,Invalid Outlet_ID
OUT_08564,2024,8,DIST_W_02,SKU_05,72.99020656968518,6569.140927495404,Invalid Outlet_ID
OUT_14745,2023,9,DIST_NW_01,SKU_09,6.10810331903717,13437.863956291729,Invalid Outlet_ID
OUT_13327,2023,11,DIST_NW_01,SKU_06,64.54658330734841,5421.888424032394,Invalid Outlet_ID
OUT_08723,2024,11,DIST_W_02,SKU_04,8.671265735059425,2818.1125479566817,Invalid Outlet_ID
OUT_15238,2024,8,DIST_NW_02,SKU_03,48.67712357568582,17036.99332403804,Invalid Outlet_ID
OUT_01864,2024,7,DIST_W_01,SKU_09,5.307366823224263,11676.224871155982,Invalid Outlet_ID
OUT_10229,2025,3,DIST_C_03,SKU_01,28.34738403108828,8504.166820980437,Invalid Outlet_ID
OUT_00090,2024,7,DIST_W_02,SKU_06,319.4717940205081,26835.61623522791,Invalid Outlet_ID
OUT_13998,2023,10,DIST_NW_01,SKU_10,32.42136016794075,11970.915127151622,Invalid Outlet_ID
OUT_12014,2025,7,DIST_C_03,SKU_05,11.700220909671316,1053.0008149394505,Invalid Outlet_ID
OUT_08564,2024,12,DIST_W_02,SKU_10,23.30515299923889,8604.981025695952,Invalid Outlet_ID
OUT_15630,2025,8,DIST_NW_02,SKU_01,5.890723458417614,1767.262399418929,Invalid Outlet_ID
OUT_18975,2025,12,DIST_S_01,SKU_04,16.569678945882767,5385.154019232601,Invalid Outlet_ID
OUT_02795,2025,2,DIST_W_02,SKU_07,12.911680941644487,8392.586930865395,Invalid Outlet_ID
OUT_10530,2023,12,DIST_C_03,SKU_07,94.74964103951784,61587.27798834572,Invalid Outlet_ID
OUT_03691,2023,7,DIST_W_01,SKU_02,16.072101518664425,4071.637826132627,Invalid Outlet_ID
OUT_10530,2023,3,DIST_C_03,SKU_04,21.58338562616536,7014.576131422122,Invalid Outlet_ID
OUT_13998,2024,2,DIST_NW_01,SKU_03,53.00209515226689,18550.765163989097,Invalid Outlet_ID
OUT_14462,2025,7,DIST_NW_02,SKU_06,104.03895159058472,8739.268976662164,Invalid Outlet_ID
OUT_02795,2025,11,DIST_W_02,SKU_06,55.66575442858596,4675.881723118137,Invalid Outlet_ID
OUT_13567,2023,2,DIST_NW_02,SKU_07,11.78018963365179,7657.128279061859,Invalid Outlet_ID
OUT_00090,2024,7,DIST_W_02,SKU_03,25.083608098527726,8779.246662341335,Invalid Outlet_ID
OUT_15915,2023,11,DIST_NW_02,SKU_07,12.78030099306988,8307.16081321375,Invalid Outlet_ID
OUT_00090,2024,4,DIST_W_02,SKU_04,40.136076666302266,13044.218354988516,Invalid Outlet_ID
OUT_15238,2023,7,DIST_NW_02,SKU_03,40.53906579811657,14188.722231651083,Invalid Outlet_ID
OUT_17661,2024,7,DIST_S_02,SKU_04,23.13279904469961,7518.19787524076,Invalid Outlet_ID
OUT_13998,2025,5,DIST_NW_01,SKU_07,131.59413144496384,85536.18106367401,Invalid Outlet_ID
OUT_09014,2024,4,DIST_C_02,SKU_05,86.83934156092998,7815.555478413613,Invalid Outlet_ID
OUT_17661,2023,9,DIST_S_02,SKU_10,19.164241148297823,7076.040061484208,Invalid Outlet_ID
OUT_01864,2025,9,DIST_W_01,SKU_07,22.47352295560673,14607.769143486552,Invalid Outlet_ID
OUT_14745,2024,10,DIST_NW_01,SKU_01,12.820540454405204,3846.1526387790695,Invalid Outlet_ID
OUT_07259,2024,10,DIST_W_01,SKU_06,300.8993207208422,25275.59184056111,Invalid Outlet_ID
OUT_19145,2023,8,DIST_S_01,SKU_03,5.390349105373191,1886.6568009200728,Invalid Outlet_ID
OUT_10177,2025,1,DIST_C_02,SKU_03,8.933988075617979,3126.8593913534837,Invalid Outlet_ID
OUT_09014,2025,4,DIST_C_02,SKU_03,35.272537729672464,12345.407528806769,Invalid Outlet_ID
OUT_14745,2024,5,DIST_NW_01,SKU_05,23.456642920446782,2111.053823854359,Invalid Outlet_ID
OUT_19319,2025,1,DIST_S_02,SKU_10,10.989988289330086,4057.830457209224,Invalid Outlet_ID
OUT_13998,2023,12,DIST_NW_01,SKU_05,160.74133837143555,14466.731992969491,Invalid Outlet_ID
OUT_09014,2023,8,DIST_C_02,SKU_01,36.28980046941639,10886.920164583264,Invalid Outlet_ID
OUT_07259,2023,3,DIST_W_01,SKU_02,74.56902560505114,18890.838793699742,Invalid Outlet_ID
OUT_10229,2025,6,DIST_C_03,SKU_04,27.926987661522777,9076.300262891476,Invalid Outlet_ID
OUT_17661,2025,8,DIST_S_02,SKU_10,17.714208485620645,6540.600884407625,Invalid Outlet_ID
OUT_19319,2023,11,DIST_S_02,SKU_01,13.360459669062344,4008.132344502624,Invalid Outlet_ID
OUT_18356,2024,2,DIST_S_02,SKU_03,6.77180133024943,2370.159697887467,Invalid Outlet_ID
OUT_15238,2023,7,DIST_NW_02,SKU_01,65.43179369422572,19629.496781716294,Invalid Outlet_ID
OUT_08723,2025,10,DIST_W_02,SKU_07,27.54800961441292,17906.159442247506,Invalid Outlet_ID
OUT_15238,2023,1,DIST_NW_02,SKU_10,38.82394860358193,14335.04543489558,Invalid Outlet_ID
OUT_08564,2025,7,DIST_W_02,SKU_04,20.405233515541788,6631.685872910788,Invalid Outlet_ID
OUT_08564,2025,10,DIST_W_02,SKU_03,25.31317045636073,8859.58360942158,Invalid Outlet_ID
OUT_01864,2024,5,DIST_W_01,SKU_04,7.56737243632034,2459.4247286131285,Invalid Outlet_ID
OUT_15238,2023,12,DIST_NW_02,SKU_01,71.95972272133189,21587.92917316096,Invalid Outlet_ID
OUT_16192,2024,5,DIST_NW_02,SKU_10,7.269975975505623,2684.279275115791,Invalid Outlet_ID
OUT_11877,2025,8,DIST_C_01,SKU_04,8.847336202291293,2875.411468776038,Invalid Outlet_ID
OUT_14745,2025,7,DIST_NW_01,SKU_02,46.83689371211207,11865.381021110115,Invalid Outlet_ID
OUT_13998,2025,11,DIST_NW_01,SKU_02,146.3688161030075,37080.08315536689,Invalid Outlet_ID
OUT_08564,2023,8,DIST_W_02,SKU_08,28.80608097958716,12674.710613850606,Invalid Outlet_ID
OUT_09014,2024,3,DIST_C_02,SKU_01,33.01493432070814,9904.50859855898,Invalid Outlet_ID
OUT_07259,2025,9,DIST_W_01,SKU_08,27.81790747534214,12239.864795417452,Invalid Outlet_ID
OUT_16192,2024,10,DIST_NW_02,SKU_06,118.34285432744784,9940.753027471364,Invalid Outlet_ID
OUT_15238,2025,7,DIST_NW_02,SKU_10,36.90521124285971,13626.511879510594,Invalid Outlet_ID
OUT_00090,2023,7,DIST_W_02,SKU_09,13.089517363956215,28796.963256773564,Invalid Outlet_ID
OUT_13998,2024,11,DIST_NW_01,SKU_01,58.30203970449381,17490.659203425283,Invalid Outlet_ID
OUT_07259,2025,10,DIST_W_01,SKU_05,56.54299603511338,5088.910024615261,Invalid Outlet_ID
OUT_01864,2025,9,DIST_W_01,SKU_06,128.18295794982836,10767.323190908452,Invalid Outlet_ID
OUT_16360,2023,4,DIST_NW_01,SKU_01,7.981405259017758,2394.3730786537867,Invalid Outlet_ID
OUT_08564,2023,6,DIST_W_02,SKU_06,226.7775121724507,19049.291191549964,Invalid Outlet_ID
OUT_17661,2025,11,DIST_S_02,SKU_04,24.82561017635951,8068.362337813171,Invalid Outlet_ID
OUT_08564,2024,1,DIST_W_02,SKU_09,14.829368140223371,32624.657280039723,Invalid Outlet_ID
OUT_07259,2023,1,DIST_W_01,SKU_09,12.922283878497936,28429.064247073427,Invalid Outlet_ID
OUT_03691,2025,3,DIST_W_01,SKU_01,5.541881674922046,1662.595507667844,Invalid Outlet_ID
OUT_19145,2025,2,DIST_S_01,SKU_08,8.970821357913598,3947.194935833321,Invalid Outlet_ID
OUT_10229,2024,11,DIST_C_03,SKU_06,284.81262848063017,23924.30370736412,Invalid Outlet_ID
OUT_02862,2025,10,DIST_W_01,SKU_01,6.280840298489826,1884.2521873006528,Invalid Outlet_ID
OUT_08723,2023,3,DIST_W_02,SKU_02,42.18380449203215,10686.535890750729,Invalid Outlet_ID
OUT_19319,2024,8,DIST_S_02,SKU_01,13.349959011954656,4005.034417721727,Invalid Outlet_ID
OUT_08723,2024,11,DIST_W_02,SKU_08,12.633657842510967,5558.819676333668,Invalid Outlet_ID
OUT_13327,2023,6,DIST_NW_01,SKU_08,6.115153665779663,2690.7156939225174,Invalid Outlet_ID
OUT_08564,2024,8,DIST_W_02,SKU_09,14.168987638735608,31171.723038457138,Invalid Outlet_ID
OUT_18356,2024,3,DIST_S_02,SKU_10,3.1554285559329984,1165.0970614482756,Invalid Outlet_ID
OUT_18356,2025,10,DIST_S_02,SKU_08,5.836441148849753,2567.994315568968,Invalid Outlet_ID
OUT_08564,2024,12,DIST_W_02,SKU_03,28.792544880052265,10077.37251538693,Invalid Outlet_ID
OUT_10177,2023,9,DIST_C_02,SKU_07,24.57481920351772,15973.646779335617,Invalid Outlet_ID
OUT_13998,2025,11,DIST_NW_01,SKU_05,111.43298921746856,10028.96339224526,Invalid Outlet_ID
OUT_00090,2025,3,DIST_W_02,SKU_01,29.17131549175679,8751.408703330759,Invalid Outlet_ID
OUT_10177,2023,7,DIST_C_02,SKU_05,25.68232693856019,2311.369871907665,Invalid Outlet_ID
OUT_17661,2023,1,DIST_S_02,SKU_03,34.38685384038764,12035.362675825469,Invalid Outlet_ID
OUT_00090,2024,3,DIST_W_02,SKU_07,56.740270353599314,36881.17635673541,Invalid Outlet_ID
OUT_15238,2024,1,DIST_NW_02,SKU_09,30.86655860989301,67906.37895892092,Invalid Outlet_ID
OUT_10229,2025,5,DIST_C_03,SKU_02,97.5535865366086,24713.57256773613,Invalid Outlet_ID
OUT_17661,2025,7,DIST_S_02,SKU_01,27.800947568262256,8340.244994406528,Invalid Outlet_ID
OUT_16192,2024,7,DIST_NW_02,SKU_02,36.81046650011774,9325.355090544926,Invalid Outlet_ID
OUT_00090,2024,10,DIST_W_02,SKU_03,20.352455523705423,7123.38170132999,Invalid Outlet_ID
OUT_08564,2025,11,DIST_W_02,SKU_09,13.176920929657028,28989.213295211823,Invalid Outlet_ID
OUT_14745,2025,2,DIST_NW_01,SKU_05,21.4009731623235,1926.1037935358397,Invalid Outlet_ID
OUT_11877,2024,6,DIST_C_01,SKU_02,17.53215541443144,4441.514170008229,Invalid Outlet_ID
OUT_01864,2024,6,DIST_W_01,SKU_06,76.38925605067467,6416.741363654889,Invalid Outlet_ID
OUT_14462,2025,9,DIST_NW_02,SKU_04,8.979632253653977,2918.335919177367,Invalid Outlet_ID
OUT_01864,2025,8,DIST_W_01,SKU_03,9.79135982090246,3426.989706709823,Invalid Outlet_ID
OUT_18975,2023,3,DIST_S_01,SKU_07,19.456882261776084,12646.982723152894,Invalid Outlet_ID
OUT_15238,2024,8,DIST_NW_02,SKU_08,58.07514193500526,25553.03601484336,Invalid Outlet_ID
OUT_02862,2025,6,DIST_W_01,SKU_04,3.252377098558708,1057.0327483038443,Invalid Outlet_ID
OUT_10229,2024,9,DIST_C_03,SKU_07,60.924910411874265,39601.21204221404,Invalid Outlet_ID
OUT_18975,2023,1,DIST_S_01,SKU_02,56.85098740487533,14402.29766277422,Invalid Outlet_ID
OUT_10229,2024,1,DIST_C_03,SKU_07,53.4617913837425,34750.17936462192,Invalid Outlet_ID
OUT_07259,2024,12,DIST_W_01,SKU_09,22.65793863688922,49847.49290448766,Invalid Outlet_ID
OUT_13998,2025,1,DIST_NW_01,SKU_06,608.3161058488917,51098.59827933252,Invalid Outlet_ID
OUT_03691,2024,1,DIST_W_01,SKU_01,5.440501768950654,1632.1196906781884,Invalid Outlet_ID
OUT_15915,2024,3,DIST_NW_02,SKU_01,7.546351918142941,2263.8818078295108,Invalid Outlet_ID
OUT_10229,2023,4,DIST_C_03,SKU_03,34.97320316462957,12240.64881604466,Invalid Outlet_ID
OUT_13998,2024,3,DIST_NW_01,SKU_06,617.038744227584,51831.26613078176,Invalid Outlet_ID
OUT_06028,2025,4,DIST_W_03,SKU_01,8.346717790588388,2504.0319774066456,Invalid Outlet_ID
OUT_12565,2024,10,DIST_C_02,SKU_04,5.493400308526373,1785.398447330559,Invalid Outlet_ID
OUT_15630,2025,5,DIST_NW_02,SKU_04,5.320293125209313,1729.1317186252784,Invalid Outlet_ID
OUT_07259,2024,12,DIST_W_01,SKU_08,47.75233324276652,21011.00548122104,Invalid Outlet_ID
OUT_01864,2024,8,DIST_W_01,SKU_08,11.932462199943306,5250.328135416612,Invalid Outlet_ID
OUT_09014,2024,11,DIST_C_02,SKU_07,66.59610964628676,43287.47530284588,Invalid Outlet_ID
OUT_15915,2024,1,DIST_NW_02,SKU_02,17.8514112466454,4522.310782974878,Invalid Outlet_ID
OUT_10177,2024,6,DIST_C_02,SKU_03,9.697935752165693,3394.233515778746,Invalid Outlet_ID
OUT_10229,2024,11,DIST_C_03,SKU_10,20.217600867819385,7465.006905754564,Invalid Outlet_ID
OUT_09014,2023,1,DIST_C_02,SKU_08,25.88921131745092,11391.254049977251,Invalid Outlet_ID
OUT_17661,2023,8,DIST_S_02,SKU_05,51.35148154923184,4621.646359467533,Invalid Outlet_ID
OUT_17661,2024,6,DIST_S_02,SKU_09,10.246646754540546,22542.584471646325,Invalid Outlet_ID
OUT_18975,2025,10,DIST_S_01,SKU_03,9.448033549635293,3306.806500318211,Invalid Outlet_ID
OUT_17661,2025,10,DIST_S_02,SKU_06,272.3106600070905,22874.053204675856,Invalid Outlet_ID
OUT_08564,2025,8,DIST_W_02,SKU_09,18.930187315046,41646.38076523311,Invalid Outlet_ID
OUT_02862,2025,11,DIST_W_01,SKU_10,3.4279792566122698,1265.764451493494,Invalid Outlet_ID
OUT_18975,2025,11,DIST_S_01,SKU_02,35.50044553990506,8993.429298354382,Invalid Outlet_ID
OUT_14745,2023,3,DIST_NW_01,SKU_09,6.172668384311084,13579.902151103728,Invalid Outlet_ID
OUT_13998,2024,4,DIST_NW_01,SKU_03,79.95116631563718,27982.940320061494,Invalid Outlet_ID
OUT_19170,2024,3,DIST_S_02,SKU_07,11.636965845534837,7564.0658025333505,Invalid Outlet_ID
OUT_13998,2024,8,DIST_NW_01,SKU_07,130.24052831874351,84656.33509478914,Invalid Outlet_ID
OUT_13998,2025,1,DIST_NW_01,SKU_09,26.547092474255617,58403.56066876131,Invalid Outlet_ID
OUT_16192,2023,3,DIST_NW_02,SKU_04,8.998376176451032,2924.4865012443893,Invalid Outlet_ID
OUT_03691,2023,1,DIST_W_01,SKU_04,4.7675225039510485,1549.452629335928,Invalid Outlet_ID
OUT_10530,2024,9,DIST_C_03,SKU_05,67.91423484143911,6112.280454415123,Invalid Outlet_ID
OUT_19145,2024,12,DIST_S_01,SKU_03,8.021255750875445,2807.483244124576,Invalid Outlet_ID
OUT_10530,2025,2,DIST_C_03,SKU_06,262.1507348223187,22020.673840244577,Invalid Outlet_ID
OUT_17661,2025,8,DIST_S_02,SKU_05,60.46675088944309,5441.997391082116,Invalid Outlet_ID
OUT_13998,2024,6,DIST_NW_01,SKU_10,50.54088984014412,18661.23807224304,Invalid Outlet_ID
OUT_08723,2023,4,DIST_W_02,SKU_06,191.20833972722696,16061.539573591464,Invalid Outlet_ID
OUT_15238,2024,6,DIST_NW_02,SKU_05,120.07205150849362,10806.467306035163,Invalid Outlet_ID
OUT_14745,2025,5,DIST_NW_01,SKU_09,4.633547301483528,10193.76172822852,Invalid Outlet_ID
OUT_06028,2025,12,DIST_W_03,SKU_08,8.526838834821943,3751.839177383397,Invalid Outlet_ID
OUT_19319,2025,10,DIST_S_02,SKU_01,11.474421518209258,3442.374113688237,Invalid Outlet_ID
OUT_15238,2025,9,DIST_NW_02,SKU_03,50.87243773395793,17805.38923103921,Invalid Outlet_ID
OUT_10530,2023,1,DIST_C_03,SKU_07,63.89251387734269,41530.157953742375,Invalid Outlet_ID
OUT_14745,2023,5,DIST_NW_01,SKU_06,111.79529286449622,9390.840140310724,Invalid Outlet_ID
OUT_17661,2024,7,DIST_S_02,SKU_08,26.375745177789256,11605.371379448672,Invalid Outlet_ID
OUT_02795,2024,9,DIST_W_02,SKU_01,7.138846434875038,2141.666915670072,Invalid Outlet_ID
OUT_08564,2025,8,DIST_W_02,SKU_01,28.47410617139066,8542.270385397653,Invalid Outlet_ID
OUT_16192,2023,1,DIST_NW_02,SKU_01,14.548944686227838,4364.7234681016025,Invalid Outlet_ID
OUT_07259,2023,5,DIST_W_01,SKU_08,18.95717035370884,8341.135962768802,Invalid Outlet_ID
OUT_14462,2024,5,DIST_NW_02,SKU_03,9.496648770761212,3323.811454381875,Invalid Outlet_ID
OUT_15238,2025,6,DIST_NW_02,SKU_04,51.5637313911446,16758.186738754837,Invalid Outlet_ID
OUT_14462,2023,7,DIST_NW_02,SKU_07,21.906437863619576,14239.213463964552,Invalid Outlet_ID
OUT_02862,2025,8,DIST_W_01,SKU_10,4.376746550750619,1616.070805129778,Invalid Outlet_ID
OUT_10229,2024,2,DIST_C_03,SKU_05,54.72443831200304,4925.249075329503,Invalid Outlet_ID
OUT_13998,2023,12,DIST_NW_01,SKU_09,44.9083339374559,98798.3622668551,Invalid Outlet_ID
OUT_08723,2025,9,DIST_W_02,SKU_02,38.50831535760467,9755.462177070634,Invalid Outlet_ID
OUT_13998,2023,4,DIST_NW_01,SKU_10,63.698748345438176,23519.509373395154,Invalid Outlet_ID
OUT_15915,2024,1,DIST_NW_02,SKU_05,11.4807664993348,1033.2256697405946,Invalid Outlet_ID
OUT_12014,2024,2,DIST_C_03,SKU_02,18.17612403963588,4604.593067301616,Invalid Outlet_ID
OUT_18975,2023,5,DIST_S_01,SKU_03,6.539509225146232,2288.7824213608565,Invalid Outlet_ID
OUT_02389,2023,1,DIST_W_02,SKU_05,12.936756809221794,1164.3348966520605,Invalid Outlet_ID
OUT_18975,2024,9,DIST_S_01,SKU_03,8.6677197689737,3033.65287630497,Invalid Outlet_ID
OUT_02426,2025,1,DIST_W_02,SKU_06,56.32477239491085,4731.29982593412,Invalid Outlet_ID
OUT_15238,2024,4,DIST_NW_02,SKU_03,65.00393904593449,22751.337737428472,Invalid Outlet_ID
OUT_15238,2024,9,DIST_NW_02,SKU_10,33.24486135739613,12274.99972878958,Invalid Outlet_ID
OUT_08564,2024,3,DIST_W_02,SKU_08,31.125301746464764,13695.162497030582,Invalid Outlet_ID
OUT_14462,2023,8,DIST_NW_02,SKU_08,12.183620903561462,5360.82200036597,Invalid Outlet_ID
OUT_19145,2025,3,DIST_S_01,SKU_10,4.324218454977114,1596.5894889299582,Invalid Outlet_ID
OUT_00090,2025,3,DIST_W_02,SKU_09,17.375322958106516,38225.7253839687,Invalid Outlet_ID
OUT_17661,2025,10,DIST_S_02,SKU_04,20.83864117112147,6772.522007184987,Invalid Outlet_ID
OUT_09014,2025,8,DIST_C_02,SKU_01,45.38838695436616,13616.501991112527,Invalid Outlet_ID
OUT_16192,2023,12,DIST_NW_02,SKU_02,52.142044371822045,13209.33178613421,Invalid Outlet_ID
OUT_10177,2025,2,DIST_C_02,SKU_09,5.912409924418947,13007.32132292018,Invalid Outlet_ID
OUT_18356,2023,5,DIST_S_02,SKU_03,3.3270932177711288,1164.5284580718378,Invalid Outlet_ID
OUT_14745,2024,1,DIST_NW_01,SKU_02,38.584109575010245,9774.637636382104,Invalid Outlet_ID
OUT_14745,2023,10,DIST_NW_01,SKU_04,8.994537478692756,2923.2668825157634,Invalid Outlet_ID
OUT_13998,2023,9,DIST_NW_01,SKU_10,38.143903091655,14083.932124991428,Invalid Outlet_ID
OUT_18975,2025,11,DIST_S_01,SKU_09,6.124344110279524,13473.51865104924,Invalid Outlet_ID
OUT_13998,2025,1,DIST_NW_01,SKU_03,57.89878306061494,20264.563650961896,Invalid Outlet_ID
OUT_08723,2025,5,DIST_W_02,SKU_04,6.328563189062689,2056.791449849411,Invalid Outlet_ID
OUT_15238,2024,10,DIST_NW_02,SKU_09,31.96374315177502,70320.24184986191,Invalid Outlet_ID
OUT_08723,2023,12,DIST_W_02,SKU_03,13.926352233093969,4874.2609977045095,Invalid Outlet_ID
OUT_13998,2025,10,DIST_NW_01,SKU_08,73.39238366495502,32292.676052481736,Invalid Outlet_ID
OUT_15238,2025,6,DIST_NW_02,SKU_06,616.9588683820082,51824.54274496881,Invalid Outlet_ID
OUT_09014,2023,11,DIST_C_02,SKU_06,232.7430775465261,19550.40546188913,Invalid Outlet_ID
OUT_17661,2025,12,DIST_S_02,SKU_02,143.8993699767332,36454.54800334112,Invalid Outlet_ID
OUT_19319,2023,4,DIST_S_02,SKU_08,16.823645008128818,7402.450452212065,Invalid Outlet_ID
OUT_14745,2025,6,DIST_NW_01,SKU_09,6.103970253816216,13428.7838795113,Invalid Outlet_ID
OUT_19319,2024,6,DIST_S_02,SKU_05,17.341946842848937,1560.784225814002,Invalid Outlet_ID
OUT_16360,2023,11,DIST_NW_01,SKU_08,5.713367871598738,2513.847360886614,Invalid Outlet_ID
OUT_19145,2023,7,DIST_S_01,SKU_01,4.942062725016034,1482.6056154069645,Invalid Outlet_ID
OUT_12565,2024,4,DIST_C_02,SKU_01,16.95161689406036,1525.6784782821555,Invalid Outlet_ID
OUT_15630,2024,8,DIST_NW_02,SKU_01,4.953407903276337,1486.040919119751,Invalid Outlet_ID
OUT_02389,2023,8,DIST_W_02,SKU_05,10.825384146686856,974.2455325217476,Invalid Outlet_ID
OUT_14462,2024,5,DIST_NW_02,SKU_04,10.132227602256004,3292.9965374318936,Invalid Outlet_ID
OUT_19330,2023,8,DIST_S_01,SKU_09,2.477672799596439,5450.879130458837,Invalid Outlet_ID
OUT_16360,2023,11,DIST_NW_01,SKU_07,11.640347937748224,7566.189396944733,Invalid Outlet_ID
OUT_00090,2024,3,DIST_W_02,SKU_01,26.50590356458997,7951.7581002751485,Invalid Outlet_ID
OUT_11877,2024,12,DIST_C_01,SKU_02,25.10943311166742,6361.082469058405,Invalid Outlet_ID
OUT_10177,2024,9,DIST_C_02,SKU_01,12.452188384133144,3735.667271132784,Invalid Outlet_ID
OUT_14745,2025,6,DIST_NW_01,SKU_04,8.708826102327183,2830.375756287033,Invalid Outlet_ID
OUT_16192,2023,2,DIST_NW_02,SKU_01,12.398898756069382,3719.6360557138687,Invalid Outlet_ID
OUT_08564,2025,8,DIST_W_02,SKU_07,64.72903137563168,42073.84175931818,Invalid Outlet_ID
OUT_10229,2023,12,DIST_C_03,SKU_03,35.89458123288866,12563.059403521618,Invalid Outlet_ID
OUT_15915,2025,2,DIST_NW_02,SKU_07,13.008980479897623,8455.820275037246,Invalid Outlet_ID
OUT_08564,2024,2,DIST_W_02,SKU_08,30.15056185720152,13266.284573895273,Invalid Outlet_ID
OUT_07259,2023,10,DIST_W_01,SKU_04,24.52718900052896,7971.307318792873,Invalid Outlet_ID
OUT_00090,2023,3,DIST_W_02,SKU_06,277.7702927135182,23332.69608233276,Invalid Outlet_ID
OUT_10530,2023,8,DIST_C_03,SKU_10,29.630227115202945,10940.429818314004,Invalid Outlet_ID
OUT_15630,2023,12,DIST_NW_02,SKU_06,73.98748079922744,6214.928226890035,Invalid Outlet_ID
OUT_14745,2023,1,DIST_NW_01,SKU_05,22.892253241898235,2060.318276931548,Invalid Outlet_ID
OUT_18975,2023,4,DIST_S_01,SKU_03,15.025628194248478,5258.989175129891,Invalid Outlet_ID
OUT_07259,2024,4,DIST_W_01,SKU_06,499.993368762018,41999.4703550739,Invalid Outlet_ID
OUT_10753,2025,3,DIST_C_02,SKU_10,3.917986460399221,1446.671487808717,Invalid Outlet_ID
OUT_09014,2023,5,DIST_C_02,SKU_08,29.93387168909757,13170.854556621003,Invalid Outlet_ID
OUT_09014,2025,11,DIST_C_02,SKU_10,21.23268286126097,7839.733058544664,Invalid Outlet_ID
OUT_19319,2025,3,DIST_S_02,SKU_03,8.860371818977521,3101.0947161890394,Invalid Outlet_ID
OUT_17661,2024,2,DIST_S_02,SKU_04,42.83162851355242,13920.32655371904,Invalid Outlet_ID
OUT_16192,2023,3,DIST_NW_02,SKU_01,12.529004458879614,3758.67156287178,Invalid Outlet_ID
OUT_11877,2024,10,DIST_C_01,SKU_08,5.724884117420328,2518.91519168921,Invalid Outlet_ID
OUT_10530,2023,12,DIST_C_03,SKU_09,18.425980728078024,40537.15081709751,Invalid Outlet_ID
OUT_10416,2025,1,DIST_C_01,SKU_10,3.9493114282105473,1458.1610000017438,Invalid Outlet_ID
OUT_15915,2024,4,DIST_NW_02,SKU_01,6.016572382770641,2221.5071253455653,Invalid Outlet_ID
OUT_14462,2023,7,DIST_NW_02,SKU_08,13.243924849554237,5827.362388696149,Invalid Outlet_ID
OUT_15238,2025,7,DIST_NW_02,SKU_07,117.75481410080523,76540.61278260418,Invalid Outlet_ID
OUT_18975,2024,9,DIST_S_01,SKU_04,9.526113249808748,3095.9740282655043,Invalid Outlet_ID
OUT_15238,2023,9,DIST_NW_02,SKU_09,29.83296210488481,65632.48457211035,Invalid Outlet_ID
OUT_08723,2023,11,DIST_W_02,SKU_03,10.652746074821811,3728.412768000128,Invalid Outlet_ID
OUT_18975,2023,2,DIST_S_01,SKU_06,166.58859774203057,13993.451454924923,Invalid Outlet_ID
OUT_10177,2025,7,DIST_C_02,SKU_02,36.47103035938526,9239.346790115484,Invalid Outlet_ID
OUT_08564,2024,8,DIST_W_02,SKU_07,59.19134820667571,38474.33174217411,Invalid Outlet_ID
OUT_14462,2024,7,DIST_NW_02,SKU_01,12.195760848309568,3658.7149043026,Invalid Outlet_ID
OUT_17812,2024,11,DIST_S_02,SKU_01,5.57667653144615,1673.043237854836,Invalid Outlet_ID
OUT_10229,2025,12,DIST_C_03,SKU_05,99.79475097101955,8981.555866596516,Invalid Outlet_ID
OUT_16192,2025,11,DIST_NW_02,SKU_06,133.15692254513726,11185.224660514212,Invalid Outlet_ID
OUT_16192,2024,4,DIST_NW_02,SKU_08,16.57357178019844,7292.377752630859,Invalid Outlet_ID
OUT_10177,2025,11,DIST_C_02,SKU_07,22.73174945325038,14775.634826559615,Invalid Outlet_ID
OUT_14462,2023,3,DIST_NW_02,SKU_06,143.92819568144634,12089.966392418071,Invalid Outlet_ID
OUT_17661,2025,8,DIST_S_02,SKU_04,24.24153584554739,7878.510742795809,Invalid Outlet_ID
OUT_14745,2023,3,DIST_NW_01,SKU_07,23.83967749486944,15495.83259697065,Invalid Outlet_ID
OUT_02862,2024,3,DIST_W_01,SKU_07,10.74447229265599,6983.925236184648,Invalid Outlet_ID
OUT_10177,2023,10,DIST_C_02,SKU_08,11.715143648793743,5154.631329265359,Invalid Outlet_ID
OUT_13998,2025,5,DIST_NW_01,SKU_10,41.34420107989077,15265.593934187173,Invalid Outlet_ID
OUT_10177,2023,10,DIST_C_02,SKU_06,126.27285224664833,10606.91967254604,Invalid Outlet_ID
OUT_13998,2023,6,DIST_NW_01,SKU_08,63.07793976601779,27754.319670343903,Invalid Outlet_ID
OUT_10530,2023,4,DIST_C_03,SKU_06,406.1719813137185,34118.41536768847,Invalid Outlet_ID
OUT_13998,2024,7,DIST_NW_01,SKU_08,51.37329094068173,22604.27689243593,Invalid Outlet_ID
OUT_00090,2023,5,DIST_W_02,SKU_04,18.259812985774776,5934.395636842661,Invalid Outlet_ID
OUT_08723,2023,6,DIST_W_02,SKU_03,4.941449097929247,1729.527900631841,Invalid Outlet_ID
OUT_10177,2025,11,DIST_C_02,SKU_04,9.895164593758825,3215.976458382708,Invalid Outlet_ID
OUT_10229,2023,12,DIST_C_03,SKU_09,23.237920450777956,51123.3977474017,Invalid Outlet_ID
OUT_10530,2024,7,DIST_C_03,SKU_05,59.942714443745615,5394.839804459862,Invalid Outlet_ID
OUT_19145,2024,4,DIST_S_01,SKU_09,4.536633254980254,9980.590080757383,Invalid Outlet_ID
OUT_10530,2025,7,DIST_C_03,SKU_06,276.41573099694773,23218.8928317983,Invalid Outlet_ID
OUT_07259,2023,9,DIST_W_01,SKU_09,15.726043811983448,34597.32653922605,Invalid Outlet_ID
OUT_15915,2024,11,DIST_NW_02,SKU_06,49.69003591769695,4173.941161565324,Invalid Outlet_ID
OUT_10229,2025,7,DIST_C_03,SKU_08,30.053646438945652,13223.620772265189,Invalid Outlet_ID
OUT_10753,2023,4,DIST_C_02,SKU_07,17.580778492210836,11427.515786223474,Invalid Outlet_ID
OUT_02795,2023,4,DIST_W_02,SKU_06,80.79509508488681,6786.738783944111,Invalid Outlet_ID
OUT_08564,2023,1,DIST_W_02,SKU_05,65.42701436082949,5888.450538610766,Invalid Outlet_ID
OUT_13998,2023,10,DIST_NW_01,SKU_06,657.6642586439041,55243.75204001676,Invalid Outlet_ID
OUT_19170,2025,7,DIST_S_02,SKU_05,13.457137121813483,1211.0943340975462,Invalid Outlet_ID
OUT_10229,2023,10,DIST_C_03,SKU_01,23.30314410928314,6990.9138096315455,Invalid Outlet_ID
OUT_10530,2025,4,DIST_C_03,SKU_09,21.940692381506665,48269.50832430848,Invalid Outlet_ID
OUT_09014,2025,6,DIST_C_02,SKU_10,17.080991217770634,6306.783943318395,Invalid Outlet_ID
OUT_17661,2024,7,DIST_S_02,SKU_10,17.34292406990641,6403.502828141886,Invalid Outlet_ID
OUT_01864,2023,10,DIST_W_01,SKU_05,25.339882145364516,2280.6269885703377,Invalid Outlet_ID
OUT_18356,2023,4,DIST_S_02,SKU_02,23.08370961884465,5847.897204563559,Invalid Outlet_ID
OUT_09014,2023,5,DIST_C_02,SKU_03,23.707256821600016,8297.510335491575,Invalid Outlet_ID
OUT_02862,2025,5,DIST_W_01,SKU_01,3.398167325037728,1019.477212247083,Invalid Outlet_ID
OUT_14462,2024,7,DIST_NW_02,SKU_10,9.054025904702078,3343.0228245128524,Invalid Outlet_ID
OUT_09014,2024,2,DIST_C_02,SKU_10,20.06037667905799,7406.86736833756,Invalid Outlet_ID
OUT_17661,2024,1,DIST_S_02,SKU_02,124.24505943775284,31475.451775256664,Invalid Outlet_ID
OUT_09014,2024,7,DIST_C_02,SKU_01,30.08656539492496,9025.97465305992,Invalid Outlet_ID
OUT_00090,2025,12,DIST_W_02,SKU_02,148.44806183676866,37606.80960589444,Invalid Outlet_ID
OUT_19170,2023,11,DIST_S_02,SKU_02,17.954933247562057,4548.597113830189,Invalid Outlet_ID
OUT_13998,2025,2,DIST_NW_01,SKU_02,198.5758520467317,50305.84273130656,Invalid Outlet_ID
OUT_19319,2025,10,DIST_S_02,SKU_04,9.36231997129765,3042.759053950031,Invalid Outlet_ID
OUT_09014,2025,10,DIST_C_02,SKU_02,93.51494855734988,23690.45579102237,Invalid Outlet_ID
OUT_00090,2025,3,DIST_W_02,SKU_03,26.97394905369957,9440.88138721332,Invalid Outlet_ID
OUT_19319,2023,4,DIST_S_02,SKU_02,53.03008805579297,13434.292030997116,Invalid Outlet_ID
OUT_02426,2025,7,DIST_W_02,SKU_02,19.19323197854498,4862.281792464078,Invalid Outlet_ID
OUT_10229,2025,3,DIST_C_03,SKU_08,28.39346024925473,12493.097999762333,Invalid Outlet_ID
OUT_10530,2025,5,DIST_C_03,SKU_01,30.50028548855257,9150.10551924039,Invalid Outlet_ID
OUT_10530,2025,9,DIST_C_03,SKU_08,30.614177320234635,13470.249321406684,Invalid Outlet_ID
OUT_17661,2023,12,DIST_S_02,SKU_07,82.06506401375177,53342.260577083136,Invalid Outlet_ID
OUT_13998,2023,5,DIST_NW_01,SKU_06,517.8777623104329,43501.69294844675,Invalid Outlet_ID
OUT_15238,2023,5,DIST_NW_02,SKU_09,33.68551646899123,74108.15479404388,Invalid Outlet_ID
OUT_16192,2024,10,DIST_NW_02,SKU_07,24.32750377059542,15812.843259915877,Invalid Outlet_ID
OUT_13998,2025,8,DIST_NW_01,SKU_08,71.59167135621084,31500.348417591755,Invalid Outlet_ID
OUT_14462,2024,7,DIST_NW_02,SKU_03,9.556866586928576,3344.898682038121,Invalid Outlet_ID
OUT_10177,2025,6,DIST_C_02,SKU_07,25.71550272044167,16715.056264275903,Invalid Outlet_ID
OUT_10229,2025,7,DIST_C_03,SKU_01,31.920644623110157,9576.179589844372,Invalid Outlet_ID
OUT_08564,2024,6,DIST_W_02,SKU_01,16.905431547833487,5071.63807967035,Invalid Outlet_ID
OUT_13998,2023,7,DIST_NW_01,SKU_01,64.84175587213079,19452.537708505657,Invalid Outlet_ID
OUT_10753,2024,4,DIST_C_02,SKU_09,4.568223674966583,10050.07427356168,Invalid Outlet_ID
OUT_13998,2025,7,DIST_NW_01,SKU_03,47.31239608954092,16559.347569943297,Invalid Outlet_ID
OUT_10229,2024,9,DIST_C_03,SKU_02,86.3601194500228,21877.888420373125,Invalid Outlet_ID
OUT_01864,2024,7,DIST_W_01,SKU_01,11.938026612306924,3581.3934869612044,Invalid Outlet_ID
OUT_00090,2024,2,DIST_W_02,SKU_02,94.82076045261846,24021.243171637736,Invalid Outlet_ID
OUT_09014,2025,9,DIST_C_02,SKU_08,23.424550197646973,10306.765380619085,Invalid Outlet_ID
OUT_08723,2024,1,DIST_W_02,SKU_04,10.066497282030229,3271.5642156332515,Invalid Outlet_ID
OUT_07259,2023,2,DIST_W_01,SKU_03,24.736731933163203,8657.863369270852,Invalid Outlet_ID
OUT_10229,2023,4,DIST_C_03,SKU_05,89.43818025351104,8049.425806275157,Invalid Outlet_ID
OUT_10229,2024,1,DIST_C_03,SKU_10,22.794445238132436,8416.434488177852,Invalid Outlet_ID
OUT_14462,2023,2,DIST_NW_02,SKU_04,9.052950682649303,2942.192298146491,Invalid Outlet_ID
OUT_08723,2023,11,DIST_W_02,SKU_05,25.57766585517044,2302.03656663177,Invalid Outlet_ID
OUT_09014,2025,9,DIST_C_02,SKU_09,15.22887419651865,33503.54024620827,Invalid Outlet_ID
OUT_08564,2023,9,DIST_W_02,SKU_05,70.38317828936495,6334.515319057935,Invalid Outlet_ID
OUT_03691,2025,12,DIST_W_01,SKU_09,3.722750854806767,8190.054529242562,Invalid Outlet_ID
OUT_10229,2025,12,DIST_C_03,SKU_02,143.80148660131545,36429.73830344545,Invalid Outlet_ID
OUT_13567,2025,6,DIST_NW_02,SKU_07,14.369547889158683,9340.17848520866,Invalid Outlet_ID
OUT_14745,2024,2,DIST_NW_01,SKU_10,7.9284586293118595,2927.4060223061624,Invalid Outlet_ID
OUT_08564,2025,8,DIST_W_02,SKU_10,17.303329947403046,6388.969521752579,Invalid Outlet_ID
OUT_08564,2024,10,DIST_W_02,SKU_03,25.30728179901497,8857.520398279372,Invalid Outlet_ID
OUT_10229,2025,6,DIST_C_03,SKU_02,88.71208188762218,22473.76902001725,Invalid Outlet_ID
OUT_00090,2024,5,DIST_W_02,SKU_09,8.377898689120087,18431.41577910368,Invalid Outlet_ID
OUT_02795,2024,4,DIST_W_02,SKU_05,17.078891148010474,1537.1450663135286,Invalid Outlet_ID
OUT_19319,2023,7,DIST_S_02,SKU_01,12.947453192069148,3884.218949789971,Invalid Outlet_ID
OUT_07259,2025,8,DIST_W_01,SKU_05,51.39559530908702,4625.5852994718425,Invalid Outlet_ID
OUT_08723,2025,3,DIST_W_02,SKU_01,11.986568407251346,3595.953114076159,Invalid Outlet_ID
OUT_13998,2024,12,DIST_NW_01,SKU_06,866.772139261878,72808.84925311165,Invalid Outlet_ID
OUT_09014,2024,3,DIST_C_02,SKU_06,296.44040984306656,24901.00505227958,Invalid Outlet_ID
OUT_00090,2023,10,DIST_W_02,SKU_07,58.50968738831747,38031.342103923314,Invalid Outlet_ID
OUT_02795,2024,8,DIST_W_02,SKU_08,5.770342132814978,2538.962363929114,Invalid Outlet_ID
OUT_00090,2024,3,DIST_W_02,SKU_09,15.907550637004622,34996.63479754118,Invalid Outlet_ID
OUT_18356,2023,1,DIST_S_02,SKU_06,68.60341895366527,5762.666401873861,Invalid Outlet_ID
OUT_17499,2023,7,DIST_S_02,SKU_07,12.449548568128716,8092.231227330831,Invalid Outlet_ID
OUT_17661,2024,3,DIST_S_02,SKU_09,16.16100100549074,35554.17039621973,Invalid Outlet_ID
OUT_17661,2024,1,DIST_S_02,SKU_05,74.6535786821978,6718.848753292942,Invalid Outlet_ID
OUT_10229,2023,12,DIST_C_03,SKU_04,37.19274834574252,12087.62916400918,Invalid Outlet_ID
OUT_14462,2025,6,DIST_NW_02,SKU_05,28.09585423420544,2528.6550282918747,Invalid Outlet_ID
OUT_13327,2025,11,DIST_NW_01,SKU_09,3.0070813594915062,6615.589563114934,Invalid Outlet_ID
OUT_07259,2025,10,DIST_W_01,SKU_10,19.792683239843058,7308.026615928927,Invalid Outlet_ID
OUT_10229,2025,4,DIST_C_03,SKU_10,29.199573133372127,10781.424113453775,Invalid Outlet_ID
OUT_17661,2025,12,DIST_S_02,SKU_04,36.10937253809299,11735.502551634085,Invalid Outlet_ID
OUT_07259,2023,6,DIST_W_01,SKU_05,36.647651778190045,3298.328151740691,Invalid Outlet_ID
OUT_14462,2025,5,DIST_NW_02,SKU_04,9.104542368537006,2959.0235069198,Invalid Outlet_ID
OUT_13998,2023,1,DIST_NW_01,SKU_09,22.73646507017093,50020.21586720213,Invalid Outlet_ID
OUT_12565,2024,5,DIST_C_02,SKU_07,13.544786765604368,8804.150912587367,Invalid Outlet_ID
OUT_02389,2023,4,DIST_W_02,SKU_01,19.038595379762505,1713.5054139168765,Invalid Outlet_ID
OUT_13998,2025,12,DIST_NW_01,SKU_04,50.30780897750691,16350.081119197666,Invalid Outlet_ID
OUT_10177,2025,12,DIST_C_02,SKU_06,189.0076773974592,15876.68872530916,Invalid Outlet_ID
OUT_17812,2024,5,DIST_S_02,SKU_01,4.0741458907598185,1222.2577939383027,Invalid Outlet_ID
OUT_10229,2023,1,DIST_C_03,SKU_01,29.51423901313757,8854.273012693595,Invalid Outlet_ID
OUT_00090,2023,1,DIST_W_02,SKU_06,257.9218418460092,21665.39701014913,Invalid Outlet_ID
OUT_02389,2024,7,DIST_W_02,SKU_02,17.24881818663832,4369.689837678169,Invalid Outlet_ID
OUT_12565,2023,4,DIST_C_02,SKU_04,6.486715466765554,2108.148948586046,Invalid Outlet_ID
OUT_15630,2023,12,DIST_NW_02,SKU_02,26.118329492461797,6616.687827329523,Invalid Outlet_ID
OUT_01864,2025,8,DIST_W_01,SKU_05,27.58815927100224,2482.9250237237347,Invalid Outlet_ID
OUT_16192,2024,3,DIST_NW_02,SKU_01,11.392924295345487,3417.8326357545234,Invalid Outlet_ID
OUT_12565,2024,12,DIST_C_02,SKU_03,7.186142970217691,2515.1726130870297,Invalid Outlet_ID
OUT_07259,2025,12,DIST_W_01,SKU_07,89.78337433907829,58359.161893360135,Invalid Outlet_ID
OUT_15630,2024,11,DIST_NW_02,SKU_04,4.613553559607281,1499.371489875508,Invalid Outlet_ID
OUT_10229,2024,8,DIST_C_03,SKU_09,23.58450371702778,51885.88588968192,Invalid Outlet_ID
OUT_12565,2024,6,DIST_C_02,SKU_01,12.088549670035372,1087.971211654204,Invalid Outlet_ID
OUT_00090,2024,1,DIST_W_02,SKU_06,321.34064573179626,26992.595138202432,Invalid Outlet_ID
OUT_10229,2025,7,DIST_C_03,SKU_02,97.64415056886946,24736.468817371588,Invalid Outlet_ID
OUT_10530,2025,6,DIST_C_03,SKU_07,52.257358343501934,33967.299974437505,Invalid Outlet_ID
OUT_10229,2023,7,DIST_C_03,SKU_02,90.84830009824697,23014.923743542757,Invalid Outlet_ID
OUT_00090,2025,1,DIST_W_02,SKU_10,19.712062141893373,7278.318379801349,Invalid Outlet_ID
OUT_13567,2023,2,DIST_NW_02,SKU_04,5.443165042299757,1769.0439197100836,Invalid Outlet_ID
OUT_10229,2023,10,DIST_C_03,SKU_09,17.845074011981563,39259.13704052189,Invalid Outlet_ID
OUT_08564,2023,10,DIST_W_02,SKU_01,29.70635255338297,8911.952389448577,Invalid Outlet_ID
OUT_16192,2025,10,DIST_NW_02,SKU_01,12.204112603419247,3661.221713275345,Invalid Outlet_ID
OUT_08723,2024,12,DIST_W_02,SKU_10,13.085592342694186,4831.581273403617,Invalid Outlet_ID
OUT_17661,2023,7,DIST_S_02,SKU_09,12.859753873877594,28291.48066430292,Invalid Outlet_ID
OUT_02795,2025,11,DIST_W_02,SKU_10,3.8094201659905886,1406.5818796300491,Invalid Outlet_ID
OUT_02795,2023,8,DIST_W_02,SKU_02,15.6646962907477,3968.352891232536,Invalid Outlet_ID
OUT_15238,2024,2,DIST_NW_02,SKU_06,588.0274341901545,49394.32197554778,Invalid Outlet_ID
OUT_06028,2023,4,DIST_W_03,SKU_06,100.16835368421717,8414.133738967279,Invalid Outlet_ID
OUT_10416,2024,4,DIST_C_01,SKU_07,18.542986341329208,12052.924534378586,Invalid Outlet_ID
OUT_10229,2024,9,DIST_C_03,SKU_03,24.135281524022776,8447.37611766154,Invalid Outlet_ID
OUT_14745,2025,9,DIST_NW_01,SKU_04,9.26314510858224,3010.5101875011064,Invalid Outlet_ID
OUT_11877,2023,1,DIST_C_01,SKU_05,10.495357059142233,944.6264823186824,Invalid Outlet_ID
OUT_14462,2025,6,DIST_NW_02,SKU_10,8.289802225448943,3060.8095492062457,Invalid Outlet_ID
OUT_15238,2024,5,DIST_NW_02,SKU_10,44.86845594453817,16566.790113023864,Invalid Outlet_ID
OUT_16360,2025,1,DIST_NW_01,SKU_04,5.047052378121002,1640.25024117547,Invalid Outlet_ID
OUT_18356,2023,2,DIST_S_02,SKU_01,11.400433202036544,3420.176489497686,Invalid Outlet_ID
OUT_07259,2025,8,DIST_W_01,SKU_02,84.49653763229819,21405.741205890718,Invalid Outlet_ID
OUT_16192,2024,12,DIST_NW_02,SKU_08,16.254233056100748,7151.898476628285,Invalid Outlet_ID
OUT_15238,2024,9,DIST_NW_02,SKU_06,588.538432110968,49437.24227335008,Invalid Outlet_ID
OUT_17661,2024,4,DIST_S_02,SKU_02,139.71074567203598,35393.40500768462,Invalid Outlet_ID
OUT_12565,2023,12,DIST_C_02,SKU_01,8.190778814968676,2457.254618417799,Invalid Outlet_ID
OUT_13998,2024,10,DIST_NW_01,SKU_10,39.33374566057673,14523.213082348351,Invalid Outlet_ID
OUT_10229,2024,12,DIST_C_03,SKU_07,93.33143208066772,60665.419637201165,Invalid Outlet_ID
OUT_18975,2024,11,DIST_S_01,SKU_08,12.458917090012504,5481.934139679349,Invalid Outlet_ID
OUT_11877,2025,4,DIST_C_01,SKU_05,13.353065790699247,1201.786078461107,Invalid Outlet_ID
OUT_08564,2025,12,DIST_W_02,SKU_01,50.59587262676778,15178.75753975627,Invalid Outlet_ID
OUT_15238,2025,11,DIST_NW_02,SKU_10,35.65656916232234,13165.453322059073,Invalid Outlet_ID
OUT_15238,2024,4,DIST_NW_02,SKU_05,185.55081853706477,16699.528182181395,Invalid Outlet_ID
OUT_13327,2023,2,DIST_NW_01,SKU_03,5.502175629414461,1925.7965861417035,Invalid Outlet_ID
OUT_10530,2025,11,DIST_C_03,SKU_07,70.24559830448833,45659.59275308205,Invalid Outlet_ID
OUT_07259,2025,1,DIST_W_01,SKU_03,23.50981835670234,8228.423785949031,Invalid Outlet_ID
OUT_07259,2024,1,DIST_W_01,SKU_03,22.5926513568179,7907.438022373259,Invalid Outlet_ID
OUT_02389,2024,7,DIST_W_02,SKU_05,12.664669325399302,1139.8638367903338,Invalid Outlet_ID
OUT_14745,2024,8,DIST_NW_01,SKU_06,120.35708417948447,10109.96510385827,Invalid Outlet_ID
OUT_16192,2025,3,DIST_NW_02,SKU_06,121.016073035706,10165.332432184114,Invalid Outlet_ID
OUT_07259,2023,1,DIST_W_01,SKU_07,48.63476836518071,31612.600510033408,Invalid Outlet_ID
OUT_07259,2025,12,DIST_W_01,SKU_08,46.03044458623924,20253.359365038654,Invalid Outlet_ID
OUT_10530,2023,10,DIST_C_03,SKU_07,67.86687092066396,44113.45895066796,Invalid Outlet_ID
OUT_16192,2025,12,DIST_NW_02,SKU_01,16.109692981510324,4832.8651183972015,Invalid Outlet_ID
OUT_10530,2025,2,DIST_C_03,SKU_05,70.6545403804184,6358.862170565644,Invalid Outlet_ID
OUT_17661,2025,11,DIST_S_02,SKU_02,85.95026953309004,21774.09665242834,Invalid Outlet_ID
OUT_15238,2024,10,DIST_NW_02,SKU_10,36.29156521507552,13399.916599743863,Invalid Outlet_ID
OUT_09014,2025,6,DIST_C_02,SKU_05,54.488278724361486,4903.958394113549,Invalid Outlet_ID
OUT_14745,2024,8,DIST_NW_01,SKU_03,9.583049980502777,3354.0557581991707,Invalid Outlet_ID
OUT_06028,2023,8,DIST_W_03,SKU_01,12.377988162268862,8045.739976020622,Invalid Outlet_ID
OUT_10530,2024,3,DIST_C_03,SKU_03,23.387143336607945,8185.541520037787,Invalid Outlet_ID
OUT_17661,2023,11,DIST_S_02,SKU_01,30.11176686543153,9033.51169215866,Invalid Outlet_ID
OUT_17661,2023,1,DIST_S_02,SKU_09,24.52867570970788,53963.08044020903,Invalid Outlet_ID
OUT_02795,2023,6,DIST_W_02,SKU_07,8.336999836538451,5419.061717554536,Invalid Outlet_ID
OUT_10229,2023,2,DIST_C_03,SKU_02,77.17029001083813,19549.85327567405,Invalid Outlet_ID
OUT_00090,2025,8,DIST_W_02,SKU_06,379.30124546718514,31861.33206557357,Invalid Outlet_ID
OUT_13998,2023,11,DIST_NW_01,SKU_03,52.01360103384481,18204.798330037276,Invalid Outlet_ID
OUT_08564,2023,1,DIST_W_02,SKU_03,23.131550371349828,8096.07511855247,Invalid Outlet_ID
OUT_00090,2024,9,DIST_W_02,SKU_04,24.83067080638396,8069.951127624112,Invalid Outlet_ID
OUT_15238,2025,11,DIST_NW_02,SKU_06,668.9619360054216,56192.82618834264,Invalid Outlet_ID
OUT_10530,2025,12,DIST_C_03,SKU_04,37.04637629622624,12040.084297445926,Invalid Outlet_ID
OUT_12565,2025,3,DIST_C_02,SKU_08,6.163208050493047,2711.855962239502,Invalid Outlet_ID
OUT_01864,2024,5,DIST_W_01,SKU_10,5.0930979760437225,1880.52916034,Invalid Outlet_ID
OUT_09014,2023,4,DIST_C_02,SKU_10,29.261866283975905,10804.347036709434,Invalid Outlet_ID
OUT_07259,2023,3,DIST_W_01,SKU_06,311.1807036673512,26139.21399133479,Invalid Outlet_ID
OUT_07259,2024,7,DIST_W_01,SKU_02,92.75069806481224,23496.886185156607,Invalid Outlet_ID
OUT_08564,2024,5,DIST_W_02,SKU_03,16.96948340970253,5939.367956936919,Invalid Outlet_ID
OUT_10530,2023,3,DIST_C_03,SKU_03,23.74794764885499,8311.809835565608,Invalid Outlet_ID
OUT_02862,2024,6,DIST_W_01,SKU_01,3.5377091806482865,1556.5540950540485,Invalid Outlet_ID
OUT_06028,2024,1,DIST_W_03,SKU_01,6.0580342031803776,1817.3779506553556,Invalid Outlet_ID
OUT_10530,2025,12,DIST_C_03,SKU_08,37.78721081416119,16626.388636438984,Invalid Outlet_ID
OUT_13998,2025,12,DIST_NW_01,SKU_09,46.92767536485836,103240.90503964978,Invalid Outlet_ID
OUT_10530,2023,5,DIST_C_03,SKU_05,54.82542066679877,4934.274796325658,Invalid Outlet_ID
OUT_13998,2024,2,DIST_NW_01,SKU_10,38.33272430394712,14153.631956366862,Invalid Outlet_ID
OUT_13998,2025,9,DIST_NW_01,SKU_04,48.094638968404766,15630.7706784086,Invalid Outlet_ID
OUT_13998,2023,5,DIST_NW_01,SKU_05,111.45664827792376,10031.093542098964,Invalid Outlet_ID
OUT_19170,2025,5,DIST_S_02,SKU_05,6.735292783959522,606.2244253731541,Invalid Outlet_ID
OUT_01864,2025,3,DIST_W_01,SKU_07,21.850351990909648,14202.773698275629,Invalid Outlet_ID
OUT_17661,2023,5,DIST_S_02,SKU_01,22.535083290411688,6760.554088827034,Invalid Outlet_ID
OUT_18975,2024,1,DIST_S_01,SKU_10,11.253783722501822,4155.259082602049,Invalid Outlet_ID
OUT_16192,2025,2,DIST_NW_02,SKU_09,5.873733303850977,12922.235454456944,Invalid Outlet_ID
OUT_11877,2025,9,DIST_C_01,SKU_01,13.379245375676586,8696.5042157892,Invalid Outlet_ID
OUT_17661,2025,7,DIST_S_02,SKU_05,59.1852847620132,5326.717910639312,Invalid Outlet_ID
OUT_18975,2025,9,DIST_S_01,SKU_07,25.11449819590424,16324.39763532146,Invalid Outlet_ID
OUT_10530,2025,3,DIST_C_03,SKU_07,61.79548627948001,40167.111070463936,Invalid Outlet_ID
OUT_13998,2023,11,DIST_NW_01,SKU_07,148.47118859021032,96506.27745592465,Invalid Outlet_ID
OUT_13567,2023,8,DIST_NW_02,SKU_06,54.92741998870268,4613.890162623719,Invalid Outlet_ID
OUT_18975,2024,9,DIST_S_01,SKU_09,5.459075314655608,12010.006445106592,Invalid Outlet_ID
OUT_13998,2023,1,DIST_NW_01,SKU_10,35.41361382309065,13075.795932970934,Invalid Outlet_ID
OUT_10530,2024,10,DIST_C_03,SKU_01,27.94185377313332,8382.586434328867,Invalid Outlet_ID
OUT_08564,2023,10,DIST_W_02,SKU_02,90.03513320497258,22808.87046578148,Invalid Outlet_ID
OUT_13998,2023,9,DIST_NW_01,SKU_05,107.400919461808,9666.054835189518,Invalid Outlet_ID
OUT_17661,2023,5,DIST_S_02,SKU_09,8.762982891747365,19278.52237806344,Invalid Outlet_ID
OUT_14462,2025,6,DIST_NW_02,SKU_06,145.2215012759591,12198.598979815357,Invalid Outlet_ID
OUT_14462,2025,8,DIST_NW_02,SKU_06,139.50042935801008,11718.003967567842,Invalid Outlet_ID
OUT_07259,2024,7,DIST_W_01,SKU_08,31.01920396511131,13648.410814061064,Invalid Outlet_ID
OUT_13327,2023,5,DIST_NW_01,SKU_07,10.916099063208508,7095.464123411914,Invalid Outlet_ID
OUT_13998,2023,6,DIST_NW_01,SKU_06,479.7406960783673,40298.19971855725,Invalid Outlet_ID
OUT_10177,2025,8,DIST_C_02,SKU_04,13.652311044107089,4437.003208958761,Invalid Outlet_ID
OUT_07259,2023,1,DIST_W_01,SKU_10,14.953350965288063,5521.242213331657,Invalid Outlet_ID
OUT_17661,2023,2,DIST_S_02,SKU_01,37.32088038453816,11196.310735104207,Invalid Outlet_ID
OUT_02795,2024,4,DIST_W_02,SKU_02,25.34592370632747,6420.951351839651,Invalid Outlet_ID
OUT_19319,2023,6,DIST_S_02,SKU_02,24.28719567332911,6152.760962863715,Invalid Outlet_ID
OUT_15630,2023,3,DIST_NW_02,SKU_07,12.610774402939215,8196.982380127949,Invalid Outlet_ID
OUT_10530,2023,8,DIST_C_03,SKU_05,93.35761218262203,8402.226530045406,Invalid Outlet_ID
OUT_07259,2024,2,DIST_W_01,SKU_07,65.7754942442304,42754.08675814354,Invalid Outlet_ID
OUT_07259,2024,2,DIST_W_01,SKU_05,59.40645226609952,5346.544167410608,Invalid Outlet_ID
OUT_09014,2025,8,DIST_C_02,SKU_09,23.482612699763585,51661.72044920455,Invalid Outlet_ID
OUT_10753,2024,3,DIST_C_02,SKU_06,57.0572974861316,4792.852837151145,Invalid Outlet_ID
OUT_17661,2025,6,DIST_S_02,SKU_05,34.41800591184742,3097.5817484555027,Invalid Outlet_ID
OUT_18975,2024,9,DIST_S_01,SKU_06,129.43996927559198,10872.975154976131,Invalid Outlet_ID
OUT_02389,2023,4,DIST_W_02,SKU_07,18.175671281977877,11814.165525489883,Invalid Outlet_ID
OUT_07259,2024,4,DIST_W_01,SKU_07,74.90149112102726,48685.92667559797,Invalid Outlet_ID
OUT_13998,2023,10,DIST_NW_01,SKU_09,34.156121470652174,75143.47798156907,Invalid Outlet_ID
OUT_00090,2024,4,DIST_W_02,SKU_03,31.80209772429069,11130.737440349312,Invalid Outlet_ID
OUT_13998,2024,8,DIST_NW_01,SKU_09,28.496435761632323,62692.20767316308,Invalid Outlet_ID
OUT_13998,2023,4,DIST_NW_01,SKU_08,61.99171893127039,27276.356111275512,Invalid Outlet_ID
OUT_17661,2024,6,DIST_S_02,SKU_07,34.001357553535136,22100.862100771632,Invalid Outlet_ID
OUT_07259,2025,8,DIST_W_01,SKU_08,28.67135072222334,12615.395324347246,Invalid Outlet_ID
OUT_10530,2024,4,DIST_C_03,SKU_02,140.17624908072173,35511.299110087166,Invalid Outlet_ID
OUT_15238,2025,5,DIST_NW_02,SKU_03,47.34179630527456,16569.629996206066,Invalid Outlet_ID
OUT_09014,2025,9,DIST_C_02,SKU_02,76.32691675194296,19336.13706376577,Invalid Outlet_ID
OUT_10229,2025,5,DIST_C_03,SKU_06,308.54610671467185,25917.858288891777,Invalid Outlet_ID
OUT_19145,2023,7,DIST_S_01,SKU_04,5.587314327609114,1815.8488179846768,Invalid Outlet_ID
OUT_16192,2024,4,DIST_NW_02,SKU_01,13.965337594286204,4189.640250050139,Invalid Outlet_ID
OUT_14462,2024,2,DIST_NW_02,SKU_05,27.835889536081783,2505.2474326838246,Invalid Outlet_ID
OUT_00090,2024,1,DIST_W_02,SKU_08,32.03662400835783,14096.150636314458,Invalid Outlet_ID
OUT_15238,2024,1,DIST_NW_02,SKU_05,130.85696357537364,11777.07798221112,Invalid Outlet_ID
OUT_19330,2024,1,DIST_S_01,SKU_03,6.761009668737086,2366.3260936368283,Invalid Outlet_ID
OUT_13998,2025,11,DIST_NW_01,SKU_07,156.80241769839404,101921.59050792344,Invalid Outlet_ID
OUT_10229,2024,1,DIST_C_03,SKU_02,95.74010813802172,24254.157161628667,Invalid Outlet_ID
OUT_10530,2025,1,DIST_C_03,SKU_06,308.43765089771244,25908.782379220127,Invalid Outlet_ID
OUT_01864,2023,9,DIST_W_01,SKU_08,14.296837779835537,6290.657635399821,Invalid Outlet_ID
OUT_02389,2024,2,DIST_W_02,SKU_02,15.937536841906493,4037.473971158452,Invalid Outlet_ID
OUT_08723,2024,2,DIST_W_02,SKU_01,12.820432612924538,3846.154078642722,Invalid Outlet_ID
OUT_11877,2023,7,DIST_C_01,SKU_06,63.11436366319334,5301.598490106955,Invalid Outlet_ID
OUT_08564,2024,7,DIST_W_02,SKU_05,57.87371150083544,5208.657040363613,Invalid Outlet_ID
OUT_12565,2024,5,DIST_C_02,SKU_09,2.8645229832857417,6301.980210059987,Invalid Outlet_ID
OUT_14462,2023,6,DIST_NW_02,SKU_01,12.80093256330472,3840.239964380592,Invalid Outlet_ID
OUT_06028,2025,10,DIST_W_03,SKU_01,6.341193590769397,1902.404779751073,Invalid Outlet_ID
OUT_16192,2023,10,DIST_NW_02,SKU_03,8.87757999620117,3107.143553205291,Invalid Outlet_ID
OUT_13998,2025,2,DIST_NW_01,SKU_05,115.23411059822052,10371.043990479282,Invalid Outlet_ID
OUT_08723,2025,5,DIST_W_02,SKU_02,26.387348272572297,6684.776038158183,Invalid Outlet_ID
OUT_09014,2023,7,DIST_C_02,SKU_08,27.142774613410552,11942.780735114342,Invalid Outlet_ID
OUT_12014,2024,10,DIST_C_03,SKU_10,4.633558679336847,1710.8892311202424,Invalid Outlet_ID
OUT_02862,2025,6,DIST_W_01,SKU_02,10.172621364534324,2577.08902735097,Invalid Outlet_ID
OUT_13998,2023,5,DIST_NW_01,SKU_04,52.67988873516983,17120.965317982882,Invalid Outlet_ID
OUT_07259,2023,3,DIST_W_01,SKU_04,26.40249057913552,8580.764113323434,Invalid Outlet_ID
OUT_08723,2023,8,DIST_W_02,SKU_09,6.248768052405902,13747.27287466826,Invalid Outlet_ID
OUT_10416,2025,5,DIST_C_01,SKU_04,5.331253864286464,1732.6680735028651,Invalid Outlet_ID
OUT_13998,2025,8,DIST_NW_01,SKU_09,30.01733406949615,66038.13607468929,Invalid Outlet_ID
OUT_03691,2025,12,DIST_W_01,SKU_04,6.827726507235887,2218.982955386481,Invalid Outlet_ID
OUT_12014,2024,8,DIST_C_03,SKU_04,5.764516544909956,1873.4233274220155,Invalid Outlet_ID
OUT_19319,2023,6,DIST_S_02,SKU_01,7.238056757325021,2171.3907603298026,Invalid Outlet_ID
OUT_00090,2024,6,DIST_W_02,SKU_03,16.776090909509275,5871.676767034426,Invalid Outlet_ID
OUT_15238,2023,8,DIST_NW_02,SKU_08,54.14681766984471,23824.5534508135,Invalid Outlet_ID
OUT_00090,2023,10,DIST_W_02,SKU_03,21.342593353994804,7469.893259188286,Invalid Outlet_ID
OUT_15238,2025,4,DIST_NW_02,SKU_07,157.75179334238214,102538.65451681432,Invalid Outlet_ID
OUT_10229,2024,5,DIST_C_03,SKU_03,24.63572836951953,8622.509433739635,Invalid Outlet_ID
OUT_01864,2024,7,DIST_W_01,SKU_04,10.733515527033507,3488.42192731868,Invalid Outlet_ID
OUT_02426,2023,2,DIST_W_02,SKU_04,4.600181850465887,1495.0853326158765,Invalid Outlet_ID
OUT_13998,2024,7,DIST_NW_01,SKU_03,36.22172647978084,12677.639132116556,Invalid Outlet_ID
OUT_08564,2024,5,DIST_W_02,SKU_01,20.54400825887724,6163.24603223409,Invalid Outlet_ID
OUT_02389,2023,12,DIST_W_02,SKU_07,16.537785142487678,10749.5929415091,Invalid Outlet_ID
OUT_02795,2023,8,DIST_W_02,SKU_09,3.128882646167851,6883.5243425878125,Invalid Outlet_ID
OUT_09014,2024,10,DIST_C_02,SKU_06,270.7014332575867,22738.880451423785,Invalid Outlet_ID
OUT_10530,2023,7,DIST_C_03,SKU_04,24.535213461728272,7973.898826347307,Invalid Outlet_ID
OUT_19330,2025,3,DIST_S_01,SKU_07,12.127225732325387,7882.736642753703,Invalid Outlet_ID
OUT_07259,2024,8,DIST_W_01,SKU_09,14.69537040932429,32329.807101627477,Invalid Outlet_ID
OUT_15238,2024,8,DIST_NW_02,SKU_06,560.9690822298079,47121.39175156372,Invalid Outlet_ID
OUT_18975,2024,1,DIST_S_01,SKU_08,18.023259496733225,7930.190893003105,Invalid Outlet_ID
OUT_16360,2023,10,DIST_NW_01,SKU_03,5.007709822992858,1752.655635502956,Invalid Outlet_ID
OUT_00090,2025,7,DIST_W_02,SKU_05,61.03570702768928,5493.261355010623,Invalid Outlet_ID
OUT_14462,2023,4,DIST_NW_02,SKU_06,173.71004053979226,14591.682857680536,Invalid Outlet_ID
OUT_13998,2024,8,DIST_NW_01,SKU_02,149.04632333458616,37758.39404881575,Invalid Outlet_ID
OUT_02795,2023,7,DIST_W_02,SKU_09,3.0067118608109773,6614.77803290397,Invalid Outlet_ID
OUT_18975,2023,4,DIST_S_01,SKU_02,47.59733082321955,12057.94934762922,Invalid Outlet_ID
OUT_15915,2023,12,DIST_NW_02,SKU_07,18.253944484184544,11865.0788852307,Invalid Outlet_ID
OUT_10177,2023,6,DIST_C_02,SKU_03,9.711031358848938,3398.8374809765605,Invalid Outlet_ID
OUT_15238,2023,3,DIST_NW_02,SKU_04,55.65452150909537,18087.742349922577,Invalid Outlet_ID
OUT_09014,2023,11,DIST_C_02,SKU_10,17.632565533224703,6510.475525052285,Invalid Outlet_ID
OUT_10177,2023,7,DIST_C_02,SKU_07,26.922202242126158,17499.477026101034,Invalid Outlet_ID
OUT_00090,2025,11,DIST_W_02,SKU_10,23.77116203244892,8777.082410600911,Invalid Outlet_ID
OUT_12565,2024,4,DIST_C_02,SKU_10,5.167563990174518,1908.056068869828,Invalid Outlet_ID
OUT_07259,2025,6,DIST_W_01,SKU_09,9.150501484962165,20131.15301781192,Invalid Outlet_ID
OUT_14745,2024,6,DIST_NW_01,SKU_01,13.371786559021889,4011.56076865792,Invalid Outlet_ID
OUT_17661,2024,3,DIST_S_02,SKU_10,19.212514456112025,7093.80930448334,Invalid Outlet_ID
OUT_08564,2025,4,DIST_W_02,SKU_06,433.32970451945687,36399.71204097753,Invalid Outlet_ID
OUT_19319,2024,4,DIST_S_02,SKU_01,16.00938447930399,4802.78040395744,Invalid Outlet_ID
OUT_14745,2023,10,DIST_NW_01,SKU_07,21.839094091099145,14195.420512355277,Invalid Outlet_ID
OUT_03691,2024,5,DIST_W_01,SKU_09,1.873477564314809,4121.697529974718,Invalid Outlet_ID
OUT_19319,2024,4,DIST_S_02,SKU_03,14.576544192320032,5101.748984039629,Invalid Outlet_ID
OUT_13998,2024,4,DIST_NW_01,SKU_10,61.504759863372605,22709.440430359704,Invalid Outlet_ID
OUT_15915,2023,8,DIST_NW_02,SKU_02,19.147028975197,4850.538403648625,Invalid Outlet_ID
OUT_19319,2023,10,DIST_S_02,SKU_09,6.283271806535708,13823.193658880116,Invalid Outlet_ID
OUT_10177,2023,8,DIST_C_02,SKU_01,15.001339701396056,4500.440023288192,Invalid Outlet_ID
OUT_08723,2024,3,DIST_W_02,SKU_04,9.15909364976564,2976.7119503927524,Invalid Outlet_ID
OUT_10530,2024,11,DIST_C_03,SKU_04,25.19326821594922,8187.848601112044,Invalid Outlet_ID
OUT_17661,2024,6,DIST_S_02,SKU_01,20.036297836425284,6010.840785930992,Invalid Outlet_ID
OUT_10530,2024,2,DIST_C_03,SKU_03,26.744349648550777,9360.563244143666,Invalid Outlet_ID
OUT_13998,2024,1,DIST_NW_01,SKU_03,50.39471401232511,17638.11241355633,Invalid Outlet_ID
OUT_10229,2023,5,DIST_C_03,SKU_01,34.222669461951035,10266.766916311388,Invalid Outlet_ID
OUT_06028,2024,3,DIST_W_03,SKU_04,4.803317316799976,1561.1143697034586,Invalid Outlet_ID
OUT_10530,2023,6,DIST_C_03,SKU_02,87.8284567289315,22249.83664643636,Invalid Outlet_ID
OUT_10229,2025,5,DIST_C_03,SKU_01,26.553545986261952,7966.101636611934,Invalid Outlet_ID
OUT_18975,2025,5,DIST_S_01,SKU_01,7.418268602138299,2225.461312544523,Invalid Outlet_ID
OUT_09014,2023,8,DIST_C_02,SKU_07,85.34145013312701,55471.95931027657,Invalid Outlet_ID
OUT_07259,2025,5,DIST_W_01,SKU_05,39.07526511365632,3516.7774111173576,Invalid Outlet_ID
OUT_17812,2025,7,DIST_S_02,SKU_05,10.358640727546454,932.2366452715784,Invalid Outlet_ID
OUT_15238,2023,11,DIST_NW_02,SKU_07,109.26791720224402,71024.11242983174,Invalid Outlet_ID
OUT_10229,2023,5,DIST_C_03,SKU_06,294.9332880706992,24774.3910755026,Invalid Outlet_ID
OUT_17661,2025,12,DIST_S_02,SKU_05,74.69071649474533,6722.145749578011,Invalid Outlet_ID
OUT_00090,2023,11,DIST_W_02,SKU_09,15.997806995325377,35195.165767431135,Invalid Outlet_ID
OUT_16192,2023,3,DIST_NW_02,SKU_08,11.248168004301895,4949.16106607633,Invalid Outlet_ID
OUT_14745,2023,8,DIST_NW_01,SKU_03,9.503710500779516,3326.304735769997,Invalid Outlet_ID
OUT_00090,2025,8,DIST_W_02,SKU_04,19.400802907651936,6305.306590819791,Invalid Outlet_ID
OUT_15238,2025,7,DIST_NW_02,SKU_05,126.05281090376585,11344.764765995827,Invalid Outlet_ID
OUT_14462,2024,4,DIST_NW_02,SKU_01,16.254659164332782,4876.392771768897,Invalid Outlet_ID
OUT_13998,2023,12,DIST_NW_01,SKU_01,96.74833049910248,29024.45932818741,Invalid Outlet_ID
OUT_10177,2023,8,DIST_C_02,SKU_07,38.31311217869549,24903.56284760499,Invalid Outlet_ID
OUT_15238,2025,11,DIST_NW_02,SKU_08,76.86039115927706,33818.55270627691,Invalid Outlet_ID
OUT_15238,2024,12,DIST_NW_02,SKU_06,880.9378835649168,73998.73707669355,Invalid Outlet_ID
OUT_13998,2023,5,DIST_NW_01,SKU_09,29.43349286335395,64753.72051757223,Invalid Outlet_ID
OUT_18975,2025,2,DIST_S_01,SKU_06,161.0377078882173,13527.20697579895,Invalid Outlet_ID
OUT_08564,2025,7,DIST_W_02,SKU_10,23.27217983823832,8592.787318696603,Invalid Outlet_ID
OUT_10229,2023,11,DIST_C_03,SKU_07,60.28167106020472,39183.07967799354,Invalid Outlet_ID
OUT_17661,2023,1,DIST_S_02,SKU_04,29.7903938275336,9681.888725756671,Invalid Outlet_ID
OUT_12014,2025,3,DIST_C_03,SKU_04,5.12109344246934,1664.3366909960612,Invalid Outlet_ID
OUT_07259,2023,12,DIST_W_01,SKU_05,90.88130487392893,8179.36377239225,Invalid Outlet_ID
OUT_13998,2024,3,DIST_NW_01,SKU_08,71.88037094379911,31627.36718264665,Invalid Outlet_ID
OUT_15915,2024,6,DIST_NW_02,SKU_10,3.813693468231316,1408.1276536008145,Invalid Outlet_ID
OUT_10530,2023,11,DIST_C_03,SKU_07,51.59450561982224,33536.474088095136,Invalid Outlet_ID
OUT_02862,2023,5,DIST_W_01,SKU_07,7.869135253995516,5114.908810557464,Invalid Outlet_ID
OUT_06028,2024,9,DIST_W_03,SKU_01,39.47786567793111,3316.0995006605704,Invalid Outlet_ID
OUT_15630,2024,12,DIST_NW_02,SKU_03,7.55879336370386,2645.567204130152,Invalid Outlet_ID
OUT_13998,2025,4,DIST_NW_01,SKU_05,193.71339479555436,17434.242165972268,Invalid Outlet_ID
OUT_13327,2025,2,DIST_NW_01,SKU_07,12.544844068718811,8154.168895926432,Invalid Outlet_ID
OUT_17661,2025,5,DIST_S_02,SKU_04,15.13437583673208,4918.653265012912,Invalid Outlet_ID
OUT_02795,2023,9,DIST_W_02,SKU_05,12.607391843194607,1134.641536102322,Invalid Outlet_ID
OUT_10229,2023,8,DIST_C_03,SKU_05,101.85522315682512,9166.957848692908,Invalid Outlet_ID
OUT_10229,2025,10,DIST_C_03,SKU_06,261.52132429871665,21967.78010884975,Invalid Outlet_ID
OUT_13998,2023,1,DIST_NW_01,SKU_02,160.2398594530747,40594.13390625329,Invalid Outlet_ID
OUT_12565,2024,10,DIST_C_02,SKU_03,5.168704441942679,1809.0417625171008,Invalid Outlet_ID
OUT_10530,2025,3,DIST_C_03,SKU_04,22.15924503107827,7201.7056370874,Invalid Outlet_ID
OUT_19319,2023,11,DIST_S_02,SKU_04,8.937877661968235,2904.785846193985,Invalid Outlet_ID
OUT_13998,2025,9,DIST_NW_01,SKU_07,114.60209276125444,74491.34613224523,Invalid Outlet_ID
OUT_18975,2025,10,DIST_S_01,SKU_08,9.69390645506367,4265.332699226104,Invalid Outlet_ID
OUT_08723,2024,1,DIST_W_02,SKU_09,6.68757237315847,14712.614775936723,Invalid Outlet_ID
OUT_09014,2025,3,DIST_C_02,SKU_05,58.92067690743332,5302.830551821066,Invalid Outlet_ID
OUT_09014,2024,12,DIST_C_02,SKU_04,36.8068172305891,11962.180902648044,Invalid Outlet_ID
OUT_19319,2024,12,DIST_S_02,SKU_04,14.048206703983496,4565.700847284171,Invalid Outlet_ID
OUT_06028,2024,9,DIST_W_03,SKU_08,5.7331502333423074,2522.596198565032,Invalid Outlet_ID
OUT_08564,2024,8,DIST_W_02,SKU_10,19.302475765319404,7127.043062977096,Invalid Outlet_ID
OUT_15915,2023,12,DIST_NW_02,SKU_01,16.507182354516615,1485.6356878451063,Invalid Outlet_ID
OUT_08723,2024,1,DIST_W_02,SKU_08,12.166985946270556,5353.467512070602,Invalid Outlet_ID
OUT_13998,2023,8,DIST_NW_01,SKU_04,47.88531072776894,15562.761244953534,Invalid Outlet_ID
OUT_16192,2024,8,DIST_NW_02,SKU_07,18.6229960177534,12104.983093716137,Invalid Outlet_ID
OUT_14745,2023,8,DIST_NW_01,SKU_06,117.91543497857997,9904.8881322422,Invalid Outlet_ID
OUT_13998,2023,1,DIST_NW_01,SKU_06,486.7766334197081,40889.21396659509,Invalid Outlet_ID
OUT_14462,2025,2,DIST_NW_02,SKU_06,132.54722611042152,11133.992993303153,Invalid Outlet_ID
OUT_19170,2024,2,DIST_S_02,SKU_07,16.374865991072955,10643.650598883996,Invalid Outlet_ID
OUT_10229,2025,6,DIST_C_03,SKU_05,67.63731851827818,6087.392358208816,Invalid Outlet_ID
OUT_08723,2023,6,DIST_W_02,SKU_07,14.65735874657488,9527.269594316322,Invalid Outlet_ID
OUT_13327,2024,9,DIST_NW_01,SKU_10,4.072630006850733,1503.755222765207,Invalid Outlet_ID
OUT_10177,2025,11,DIST_C_02,SKU_09,4.9945743853034354,10988.077456980616,Invalid Outlet_ID
OUT_10229,2025,2,DIST_C_03,SKU_09,19.06072402396601,41933.61120522527,Invalid Outlet_ID
OUT_13998,2024,1,DIST_NW_01,SKU_08,65.81029095204676,28956.56300266802,Invalid Outlet_ID
OUT_10229,2023,5,DIST_C_03,SKU_09,16.560448353568102,36432.96860413706,Invalid Outlet_ID
OUT_00090,2024,10,DIST_W_02,SKU_01,25.8097983217096,7742.892329667265,Invalid Outlet_ID
OUT_10753,2023,1,DIST_C_02,SKU_05,12.369911152437943,1113.29274310658,Invalid Outlet_ID
OUT_14462,2025,8,DIST_NW_02,SKU_05,28.805662971921087,2592.472735664413,Invalid Outlet_ID
OUT_14745,2025,4,DIST_NW_01,SKU_04,13.576301137441398,4412.256297968904,Invalid Outlet_ID
OUT_09014,2023,3,DIST_C_02,SKU_09,15.539712669050695,34187.33023178636,Invalid Outlet_ID
OUT_14462,2025,10,DIST_NW_02,SKU_02,35.48342101222899,8989.119428516564,Invalid Outlet_ID
OUT_17661,2025,3,DIST_S_02,SKU_08,29.828818157573355,13124.72363072654,Invalid Outlet_ID
OUT_07259,2023,5,DIST_W_01,SKU_09,8.84750890063845,19464.47832896809,Invalid Outlet_ID
OUT_15238,2025,7,DIST_NW_02,SKU_01,65.84100081053937,19752.319781123835,Invalid Outlet_ID
OUT_14745,2025,1,DIST_NW_01,SKU_02,39.011716929020885,9882.954212390488,Invalid Outlet_ID
OUT_08564,2024,11,DIST_W_02,SKU_09,17.29631911654781,38051.86058936985,Invalid Outlet_ID
OUT_00090,2023,7,DIST_W_02,SKU_02,87.80430758595,22243.79151385177,Invalid Outlet_ID
OUT_10229,2024,11,DIST_C_03,SKU_09,11.260178163343294,24772.43401095446,Invalid Outlet_ID
OUT_13998,2023,12,DIST_NW_01,SKU_08,85.969322256187,37826.51400116846,Invalid Outlet_ID
OUT_10416,2025,12,DIST_C_01,SKU_03,7.518208980835197,2631.3674444701555,Invalid Outlet_ID
OUT_15630,2024,12,DIST_NW_02,SKU_04,5.603852614811625,1821.2368998260008,Invalid Outlet_ID
OUT_13998,2025,3,DIST_NW_01,SKU_09,33.96960126678464,74733.13955638424,Invalid Outlet_ID
OUT_10530,2025,6,DIST_C_03,SKU_05,56.42347365251765,5078.143395621562,Invalid Outlet_ID
OUT_10753,2023,8,DIST_C_02,SKU_08,9.858944638204044,4337.9318163858525,Invalid Outlet_ID
OUT_10177,2025,11,DIST_C_02,SKU_08,13.23888182552342,5825.082041213031,Invalid Outlet_ID
OUT_18975,2025,11,DIST_S_01,SKU_08,10.58806433067468,4658.742657061899,Invalid Outlet_ID
OUT_02389,2024,4,DIST_W_02,SKU_06,85.0447030371277,7143.774107644713,Invalid Outlet_ID
OUT_15238,2025,5,DIST_NW_02,SKU_09,33.22109953459689,73086.41375796196,Invalid Outlet_ID
OUT_07259,2025,4,DIST_W_01,SKU_02,135.7377034551378,34386.913294995225,Invalid Outlet_ID
OUT_07259,2024,11,DIST_W_01,SKU_02,85.87227206654654,21754.282420925552,Invalid Outlet_ID
OUT_08564,2023,11,DIST_W_02,SKU_05,48.1129554856216,4330.190934000346,Invalid Outlet_ID
OUT_08564,2025,2,DIST_W_02,SKU_06,279.58489142274794,23485.12427840295,Invalid Outlet_ID
OUT_19170,2024,2,DIST_S_02,SKU_02,22.98076151567401,5821.838712464888,Invalid Outlet_ID
OUT_17661,2023,8,DIST_S_02,SKU_07,47.90871553229592,31140.62776055307,Invalid Outlet_ID
OUT_10530,2024,5,DIST_C_03,SKU_09,13.307221151485107,29275.909245756506,Invalid Outlet_ID
OUT_17812,2023,7,DIST_S_02,SKU_07,12.569155011087451,8169.92025711677,Invalid Outlet_ID
OUT_19330,2023,8,DIST_S_01,SKU_10,3.60205044413011,1329.9672005153304,Invalid Outlet_ID
OUT_13998,2024,10,DIST_NW_01,SKU_07,119.41502631750888,77619.78259776918,Invalid Outlet_ID
OUT_01864,2025,4,DIST_W_01,SKU_02,42.46342367235336,10757.441910949296,Invalid Outlet_ID
OUT_10530,2025,8,DIST_C_03,SKU_07,80.59064824473901,52383.89726663027,Invalid Outlet_ID
OUT_08723,2025,11,DIST_W_02,SKU_01,14.501564022478783,4350.425445764774,Invalid Outlet_ID
OUT_10229,2023,3,DIST_C_03,SKU_10,16.832321476850026,6215.05026106366,Invalid Outlet_ID
OUT_14462,2023,8,DIST_NW_02,SKU_09,6.01478855743376,13232.560700273636,Invalid Outlet_ID
OUT_10753,2024,4,DIST_C_02,SKU_06,92.11242665011112,7737.413581609197,Invalid Outlet_ID
OUT_15238,2025,3,DIST_NW_02,SKU_02,134.1505837541912,33984.794407409485,Invalid Outlet_ID
OUT_13998,2023,11,DIST_NW_01,SKU_10,38.42038731055455,14186.006292026736,Invalid Outlet_ID
OUT_19145,2024,11,DIST_S_01,SKU_01,3.113729005990188,6850.182129051302,Invalid Outlet_ID
OUT_13998,2024,3,DIST_NW_01,SKU_01,54.853343898943066,16456.044777604246,Invalid Outlet_ID
OUT_00090,2024,4,DIST_W_02,SKU_09,20.537820299503288,45183.17142102563,Invalid Outlet_ID
OUT_06028,2023,2,DIST_W_03,SKU_05,13.834058325298647,1245.0594380326088,Invalid Outlet_ID
OUT_06028,2023,2,DIST_W_03,SKU_07,13.863725522807274,9011.445788184115,Invalid Outlet_ID
OUT_15238,2025,6,DIST_NW_02,SKU_02,191.9279039811095,48621.75611910896,Invalid Outlet_ID
OUT_13998,2023,7,DIST_NW_01,SKU_03,43.026555331229126,15059.322025591431,Invalid Outlet_ID
OUT_16192,2023,3,DIST_NW_02,SKU_06,136.81466289770196,11492.40969737323,Invalid Outlet_ID
OUT_10229,2024,5,DIST_C_03,SKU_09,13.502651332491991,29705.824000635053,Invalid Outlet_ID
OUT_03691,2025,2,DIST_W_01,SKU_08,4.689597885499991,2063.4362254373536,Invalid Outlet_ID
OUT_00090,2025,10,DIST_W_02,SKU_06,273.7660714610633,22996.34242990384,Invalid Outlet_ID
OUT_17661,2023,5,DIST_S_02,SKU_02,56.77619605979714,14383.312147525796,Invalid Outlet_ID
OUT_08564,2025,4,DIST_W_02,SKU_08,38.18654898808645,16802.08167219313,Invalid Outlet_ID
OUT_08564,2025,11,DIST_W_02,SKU_01,30.16446574409025,9049.37573651102,Invalid Outlet_ID
OUT_15238,2025,2,DIST_NW_02,SKU_09,27.52809486801215,60561.83839951506,Invalid Outlet_ID
OUT_14462,2024,3,DIST_NW_02,SKU_05,23.90874523499853,2151.7692234616825,Invalid Outlet_ID
OUT_00090,2023,2,DIST_W_02,SKU_09,14.178156375845768,31191.90322968474,Invalid Outlet_ID
OUT_16360,2023,10,DIST_NW_01,SKU_04,5.006559618368961,1627.1590804433336,Invalid Outlet_ID
OUT_14745,2023,7,DIST_NW_01,SKU_03,9.862122648720415,3451.7526727141653,Invalid Outlet_ID
OUT_13327,2024,12,DIST_NW_01,SKU_02,26.32910412201306,6670.024200598978,Invalid Outlet_ID
OUT_08723,2023,4,DIST_W_02,SKU_07,35.275214337241785,22928.878210855342,Invalid Outlet_ID
OUT_17661,2024,10,DIST_S_02,SKU_09,17.93291106178865,39452.3879474237,Invalid Outlet_ID
OUT_15238,2025,3,DIST_NW_02,SKU_07,122.28911692254692,79487.9199850073,Invalid Outlet_ID
OUT_13998,2024,5,DIST_NW_01,SKU_02,194.9398647588987,49384.78558572961,Invalid Outlet_ID
OUT_18975,2023,5,DIST_S_01,SKU_05,15.399183677982094,1385.9278645192237,Invalid Outlet_ID
OUT_09014,2024,10,DIST_C_02,SKU_02,94.64636949177924,23977.04229590269,Invalid Outlet_ID
OUT_00090,2025,7,DIST_W_02,SKU_09,12.968449931186958,28530.55456872334,Invalid Outlet_ID
OUT_15238,2024,6,DIST_NW_02,SKU_06,612.9740324531681,51489.79624853201,Invalid Outlet_ID
OUT_08564,2023,5,DIST_W_02,SKU_10,13.398949859038796,4947.296943562147,Invalid Outlet_ID
OUT_17661,2025,1,DIST_S_02,SKU_06,488.84943520728376,41063.392804894094,Invalid Outlet_ID
OUT_08564,2024,2,DIST_W_02,SKU_07,65.53936246416924,42600.55703138023,Invalid Outlet_ID
OUT_01864,2025,6,DIST_W_01,SKU_02,23.828264895624187,6036.451652873161,Invalid Outlet_ID
OUT_00090,2024,11,DIST_W_02,SKU_10,16.804841589099457,6204.880764667663,Invalid Outlet_ID
OUT_14462,2024,12,DIST_NW_02,SKU_04,14.305637311065489,4649.311496775104,Invalid Outlet_ID
OUT_00090,2025,12,DIST_W_02,SKU_03,36.43440639437974,12752.042172239266,Invalid Outlet_ID
OUT_15238,2025,10,DIST_NW_02,SKU_04,44.80001678289733,14560.034976324883,Invalid Outlet_ID
OUT_01864,2025,10,DIST_W_01,SKU_08,12.243810595935669,5387.242247507517,Invalid Outlet_ID
OUT_10229,2024,6,DIST_C_03,SKU_08,31.533872842232302,13874.920688685468,Invalid Outlet_ID
OUT_08564,2025,10,DIST_W_02,SKU_04,23.42974605828487,7614.66742581279,Invalid Outlet_ID
OUT_02426,2025,5,DIST_W_02,SKU_04,3.852924869558695,1252.2079970548557,Invalid Outlet_ID
OUT_08564,2025,3,DIST_W_02,SKU_04,27.196555872214823,8838.918621616906,Invalid Outlet_ID
OUT_19319,2025,4,DIST_S_02,SKU_04,13.764685278434731,4473.53981003955,Invalid Outlet_ID
OUT_14462,2025,7,DIST_NW_02,SKU_03,10.029600109210188,3510.401353402839,Invalid Outlet_ID
OUT_17661,2025,1,DIST_S_02,SKU_10,30.6698005270325,11324.20380008056,Invalid Outlet_ID
OUT_10177,2023,9,DIST_C_02,SKU_10,7.828850427020856,2890.6870861459474,Invalid Outlet_ID
OUT_09014,2023,4,DIST_C_02,SKU_04,41.52763967844436,13496.510001768636,Invalid Outlet_ID
OUT_09014,2025,1,DIST_C_02,SKU_06,288.3683262608577,24222.96482281134,Invalid Outlet_ID
OUT_17661,2025,10,DIST_S_02,SKU_05,67.9741101782246,6117.62207098049,Invalid Outlet_ID
OUT_08564,2024,1,DIST_W_02,SKU_08,26.505714127076157,11662.525465027056,Invalid Outlet_ID
OUT_02862,2024,7,DIST_W_01,SKU_08,6.091244132519137,2680.1837280639584,Invalid Outlet_ID
OUT_00090,2023,12,DIST_W_02,SKU_07,87.60465782347534,56943.00188859521,Invalid Outlet_ID
OUT_10177,2025,1,DIST_C_02,SKU_05,21.01234501089765,1891.1415168623728,Invalid Outlet_ID
OUT_13998,2023,7,DIST_NW_01,SKU_09,25.65383627287919,56438.44933406247,Invalid Outlet_ID
OUT_13567,2023,2,DIST_NW_02,SKU_05,14.41728707912021,1297.5345691428222,Invalid Outlet_ID
OUT_02795,2025,8,DIST_W_02,SKU_03,5.06470301110204,1772.6393175669698,Invalid Outlet_ID
OUT_08723,2023,11,DIST_W_02,SKU_04,10.86844868781524,3532.270768722884,Invalid Outlet_ID
OUT_17661,2024,12,DIST_S_02,SKU_07,99.59327375126225,64735.65923403772,Invalid Outlet_ID
OUT_03691,2024,3,DIST_W_01,SKU_09,3.017925599906287,6639.407144162868,Invalid Outlet_ID
OUT_08723,2025,11,DIST_W_02,SKU_06,116.1283674901051,9754.813505124428,Invalid Outlet_ID
OUT_18975,2023,1,DIST_S_01,SKU_07,31.85301520665008,20704.48352965157,Invalid Outlet_ID
OUT_10530,2025,8,DIST_C_03,SKU_10,28.906464536852532,10673.107659060352,Invalid Outlet_ID
OUT_07259,2023,7,DIST_W_01,SKU_02,76.78124543817552,19451.20367558502,Invalid Outlet_ID
OUT_19330,2025,3,DIST_S_01,SKU_05,10.899430501015754,980.9830484640422,Invalid Outlet_ID
OUT_00090,2024,5,DIST_W_02,SKU_03,16.98206137961318,5943.76700058544,Invalid Outlet_ID
OUT_10229,2024,6,DIST_C_03,SKU_10,17.033514224210247,6289.247574207825,Invalid Outlet_ID
OUT_10530,2023,5,DIST_C_03,SKU_10,17.30751375016671,6390.4796823814695,Invalid Outlet_ID
OUT_00090,2024,12,DIST_W_02,SKU_02,133.28404256303136,33765.269210844825,Invalid Outlet_ID
OUT_02862,2024,12,DIST_W_01,SKU_06,99.24912965229936,8336.968450035818,Invalid Outlet_ID
OUT_16192,2023,10,DIST_NW_02,SKU_05,26.337153820680197,2370.310131224392,Invalid Outlet_ID
OUT_10229,2023,4,DIST_C_03,SKU_02,143.94445080380257,36465.89825940485,Invalid Outlet_ID
OUT_18975,2025,12,DIST_S_01,SKU_03,15.838511600202828,5543.451031721757,Invalid Outlet_ID
OUT_17499,2025,2,DIST_S_02,SKU_01,8.043377789157127,2412.9659286931583,Invalid Outlet_ID
OUT_08564,2024,10,DIST_W_02,SKU_07,58.32979469908406,37914.38787518665,Invalid Outlet_ID
OUT_10416,2024,10,DIST_C_01,SKU_09,3.010808306419643,6623.793925826001,Invalid Outlet_ID
OUT_14745,2023,9,DIST_NW_01,SKU_07,21.539992530947156,14000.959027889374,Invalid Outlet_ID
OUT_16360,2023,4,DIST_NW_01,SKU_10,6.31948488921052,2333.33140132265,Invalid Outlet_ID
OUT_10530,2023,11,DIST_C_03,SKU_05,61.85363244868277,5566.851302629822,Invalid Outlet_ID
OUT_13327,2023,10,DIST_NW_01,SKU_01,5.7253617629162274,1717.6015825078046,Invalid Outlet_ID
OUT_08564,2024,4,DIST_W_02,SKU_09,24.008919730553963,52819.6357150318,Invalid Outlet_ID
OUT_12565,2024,12,DIST_C_02,SKU_04,7.749685358504462,2518.684583231048,Invalid Outlet_ID
OUT_02389,2023,11,DIST_W_02,SKU_09,3.3533103140114853,7377.295759829726,Invalid Outlet_ID
OUT_02862,2024,3,DIST_W_01,SKU_03,5.292557698331229,1852.3645593055571,Invalid Outlet_ID
OUT_13998,2024,2,DIST_NW_01,SKU_02,214.92517891096787,54447.74903466699,Invalid Outlet_ID
OUT_16192,2025,4,DIST_NW_02,SKU_06,157.62438795667018,13240.4983156043,Invalid Outlet_ID
OUT_15238,2025,4,DIST_NW_02,SKU_08,85.72831710626991,37720.46785108244,Invalid Outlet_ID
OUT_03691,2025,1,DIST_W_01,SKU_09,2.953999798868969,6498.770043072281,Invalid Outlet_ID
OUT_02795,2025,3,DIST_W_02,SKU_01,6.5286809971595785,1958.6489601387643,Invalid Outlet_ID
OUT_09014,2024,4,DIST_C_02,SKU_10,33.565485237249085,12393.386726045464,Invalid Outlet_ID
OUT_08564,2024,8,DIST_W_02,SKU_01,27.62202765436208,8286.60919478248,Invalid Outlet_ID
OUT_10416,2025,5,DIST_C_01,SKU_01,11.520433798950805,1036.813737356251,Invalid Outlet_ID
OUT_16360,2024,11,DIST_NW_01,SKU_01,15.252300076534972,3863.928697298388,Invalid Outlet_ID
OUT_15630,2024,11,DIST_NW_02,SKU_05,12.914609291928272,1162.319878317182,Invalid Outlet_ID
OUT_17661,2023,11,DIST_S_02,SKU_02,92.35591598000178,23396.84100972121,Invalid Outlet_ID
OUT_18975,2023,12,DIST_S_01,SKU_08,19.607468261379733,8627.24585979444,Invalid Outlet_ID
OUT_19145,2023,10,DIST_S_01,SKU_07,13.00023391941179,8450.152542675214,Invalid Outlet_ID
OUT_19330,2024,2,DIST_S_01,SKU_09,4.696948689960186,10333.28684503968,Invalid Outlet_ID
OUT_14745,2024,12,DIST_NW_01,SKU_03,13.333073081034662,4666.575826850559,Invalid Outlet_ID
OUT_00090,2025,11,DIST_W_02,SKU_04,23.506803087531942,7639.731351499065,Invalid Outlet_ID
OUT_13998,2024,12,DIST_NW_01,SKU_05,207.37187334370603,18663.46538166031,Invalid Outlet_ID
OUT_12014,2024,12,DIST_C_03,SKU_03,5.557104207368424,1944.956286379528,Invalid Outlet_ID
OUT_13998,2023,9,DIST_NW_01,SKU_08,49.89252906885759,21952.759523652723,Invalid Outlet_ID
OUT_17661,2023,11,DIST_S_02,SKU_03,28.06927147566043,9824.205616650095,Invalid Outlet_ID
OUT_15238,2025,9,DIST_NW_02,SKU_10,37.39259873054988,13806.518569589422,Invalid Outlet_ID
OUT_10530,2024,3,DIST_C_03,SKU_05,45.48814905268232,4093.970669453639,Invalid Outlet_ID
OUT_08723,2023,11,DIST_W_02,SKU_10,7.234111250142885,2671.06993014112,Invalid Outlet_ID
OUT_10177,2023,7,DIST_C_02,SKU_04,9.635864096667149,3131.6328125612526,Invalid Outlet_ID
OUT_08723,2025,11,DIST_W_02,SKU_09,6.611812308707849,14545.953927982546,Invalid Outlet_ID
OUT_00090,2024,2,DIST_W_02,SKU_04,23.66695762127502,7691.799097518852,Invalid Outlet_ID
OUT_11877,2025,4,DIST_C_01,SKU_01,7.424726063763982,2227.3735513188158,Invalid Outlet_ID
OUT_00090,2023,7,DIST_W_02,SKU_04,26.63440780262439,8656.139050699849,Invalid Outlet_ID
OUT_15238,2024,11,DIST_NW_02,SKU_09,29.44233804269522,64773.1563533474,Invalid Outlet_ID
OUT_01864,2024,1,DIST_W_01,SKU_05,23.49268583124744,2114.2923493207027,Invalid Outlet_ID
OUT_09014,2024,10,DIST_C_02,SKU_03,25.937497333719246,9078.146579952589,Invalid Outlet_ID
OUT_14462,2024,12,DIST_NW_02,SKU_03,15.358949622149442,5375.637097022717,Invalid Outlet_ID
OUT_17661,2024,6,DIST_S_02,SKU_08,16.14197612163593,7102.517597992462,Invalid Outlet_ID
OUT_10416,2023,9,DIST_C_01,SKU_08,6.9168890461554415,3043.396590120833,Invalid Outlet_ID
OUT_10229,2023,4,DIST_C_03,SKU_04,33.2197466191241,10796.430389041996,Invalid Outlet_ID
OUT_15915,2023,6,DIST_NW_02,SKU_01,4.247867069001338,1380.5531026236483,Invalid Outlet_ID
OUT_12014,2025,4,DIST_C_03,SKU_05,19.12432265730706,1721.1988501920043,Invalid Outlet_ID
OUT_12565,2024,2,DIST_C_02,SKU_02,18.68605070636421,4733.797206575179,Invalid Outlet_ID
OUT_15915,2024,1,DIST_NW_02,SKU_09,3.357175714804025,7385.807414399517,Invalid Outlet_ID
OUT_16192,2024,7,DIST_NW_02,SKU_04,7.480139783289459,2431.054671243739,Invalid Outlet_ID
OUT_13998,2023,9,DIST_NW_01,SKU_06,605.7700624713837,50884.704153052655,Invalid Outlet_ID
OUT_02795,2025,7,DIST_W_02,SKU_06,60.66429226658484,5095.80998728998,Invalid Outlet_ID
OUT_02426,2023,10,DIST_W_02,SKU_09,3.001381241940556,6603.082029380168,Invalid Outlet_ID
OUT_17812,2024,5,DIST_S_02,SKU_01,3.1944194149844227,1405.5693201751087,Invalid Outlet_ID
OUT_00090,2025,11,DIST_W_02,SKU_01,27.24499037302324,8173.503589763655,Invalid Outlet_ID
OUT_19319,2025,10,DIST_S_02,SKU_09,6.205325205894654,13651.706696327345,Invalid Outlet_ID
OUT_13998,2024,9,DIST_NW_01,SKU_01,62.370247616944326,18711.02980378295,Invalid Outlet_ID
OUT_13998,2025,5,DIST_NW_01,SKU_05,131.45049975786452,11830.538463511166,Invalid Outlet_ID
OUT_10530,2024,3,DIST_C_03,SKU_10,19.47676180735988,7191.466134209146,Invalid Outlet_ID
OUT_17661,2024,10,DIST_S_02,SKU_04,24.123753026740395,7840.245371586304,Invalid Outlet_ID
OUT_10530,2025,1,DIST_C_03,SKU_07,53.27752534915327,34630.40630286764,Invalid Outlet_ID
OUT_19319,2025,1,DIST_S_02,SKU_09,7.300669963018138,16061.451013301648,Invalid Outlet_ID
OUT_00090,2023,10,DIST_W_02,SKU_10,15.083089401690591,5569.121496187385,Invalid Outlet_ID
OUT_15238,2023,7,DIST_NW_02,SKU_06,508.0191476837047,42673.59848911052,Invalid Outlet_ID
OUT_07259,2024,2,DIST_W_01,SKU_06,319.946976883556,26875.560459241467,Invalid Outlet_ID
OUT_15630,2023,11,DIST_NW_02,SKU_01,7.645855736335461,2293.775721840104,Invalid Outlet_ID
OUT_02389,2023,12,DIST_W_02,SKU_01,8.933218883513131,2679.9508463424586,Invalid Outlet_ID
OUT_17661,2023,3,DIST_S_02,SKU_08,26.431231407220444,11629.75760796416,Invalid Outlet_ID
OUT_18975,2023,4,DIST_S_01,SKU_07,36.45114725849006,23693.29213827184,Invalid Outlet_ID
OUT_08564,2024,4,DIST_W_02,SKU_01,39.63194333292197,11889.624447432085,Invalid Outlet_ID
OUT_15630,2025,5,DIST_NW_02,SKU_05,12.489580918076754,1124.0765017559715,Invalid Outlet_ID
OUT_16192,2025,2,DIST_NW_02,SKU_08,10.236064682528362,4503.913361735021,Invalid Outlet_ID
OUT_09014,2025,3,DIST_C_02,SKU_01,25.476239192212876,7642.8690633357455,Invalid Outlet_ID
OUT_17661,2024,11,DIST_S_02,SKU_08,29.93071750694002,13169.54702919934,Invalid Outlet_ID
OUT_14462,2023,4,DIST_NW_02,SKU_09,9.76726968925997,21488.028611055583,Invalid Outlet_ID
OUT_13327,2024,4,DIST_NW_01,SKU_03,6.708414727559578,2347.962579174417,Invalid Outlet_ID
OUT_15915,2024,9,DIST_NW_02,SKU_01,12.134850549588826,1092.153038557288,Invalid Outlet_ID
OUT_10416,2024,7,DIST_C_01,SKU_10,3.625903452127503,1338.8357031990708,Invalid Outlet_ID
OUT_01864,2025,4,DIST_W_01,SKU_10,9.083916094605556,3354.08116496745,Invalid Outlet_ID
OUT_03691,2025,1,DIST_W_01,SKU_10,4.249343084117116,1568.9809662062007,Invalid Outlet_ID
OUT_10177,2024,12,DIST_C_02,SKU_09,9.224468390430967,20293.839142262088,Invalid Outlet_ID
OUT_15238,2023,2,DIST_NW_02,SKU_04,56.787775881647896,18456.070014509984,Invalid Outlet_ID
OUT_07259,2025,2,DIST_W_01,SKU_03,21.9420185283046,7679.6646888106225,Invalid Outlet_ID
OUT_10177,2024,3,DIST_C_02,SKU_04,10.09216866626492,3280.0005914339267,Invalid Outlet_ID
OUT_16360,2023,5,DIST_NW_01,SKU_06,61.37211900040535,5155.258693590889,Invalid Outlet_ID
OUT_06028,2023,4,DIST_W_03,SKU_01,9.027753274157314,2708.3607610871727,Invalid Outlet_ID
OUT_13998,2023,8,DIST_NW_01,SKU_03,45.3620613335801,15876.704046862578,Invalid Outlet_ID
OUT_17661,2025,5,DIST_S_02,SKU_06,190.69191468837192,16018.1263619507,Invalid Outlet_ID
OUT_14462,2025,9,DIST_NW_02,SKU_10,6.5618997145356905,2422.819066951826,Invalid Outlet_ID
OUT_14462,2024,11,DIST_NW_02,SKU_05,23.413087449459432,2107.21251278966,Invalid Outlet_ID
OUT_10416,2025,5,DIST_C_01,SKU_08,5.861482945465071,2579.061033379386,Invalid Outlet_ID
OUT_13998,2025,9,DIST_NW_01,SKU_02,182.06704527603316,46123.67314820595,Invalid Outlet_ID
OUT_13998,2023,4,DIST_NW_01,SKU_02,269.2963345388713,68221.78548692977,Invalid Outlet_ID
OUT_09014,2025,1,DIST_C_02,SKU_05,65.74442858705225,5916.958691082099,Invalid Outlet_ID
OUT_02426,2023,9,DIST_W_02,SKU_10,3.0702564609825096,1133.6226213833963,Invalid Outlet_ID
OUT_01864,2023,7,DIST_W_01,SKU_08,11.533302653010638,5074.632419218106,Invalid Outlet_ID
OUT_19319,2025,3,DIST_S_02,SKU_04,10.3844299796908,3374.9663668792787,Invalid Outlet_ID
OUT_14745,2024,5,DIST_NW_01,SKU_03,7.978613672431454,2792.554588983839,Invalid Outlet_ID
OUT_03691,2024,8,DIST_W_01,SKU_04,4.684814579365759,1522.5368165725092,Invalid Outlet_ID
OUT_13998,2025,4,DIST_NW_01,SKU_03,68.28403959984007,23899.36777451389,Invalid Outlet_ID
OUT_15238,2025,5,DIST_NW_02,SKU_08,69.31546914291297,30498.795125889148,Invalid Outlet_ID
OUT_08564,2024,7,DIST_W_02,SKU_09,13.689733829290708,30117.39196358727,Invalid Outlet_ID
OUT_15238,2023,8,DIST_NW_02,SKU_04,53.44918656475177,17371.013351230853,Invalid Outlet_ID
OUT_10177,2025,2,DIST_C_02,SKU_05,27.80448181499911,2502.4096401144634,Invalid Outlet_ID
OUT_13998,2024,5,DIST_NW_01,SKU_10,43.08495246327706,15908.304133496413,Invalid Outlet_ID
OUT_16192,2023,2,DIST_NW_02,SKU_04,10.076253328593232,3274.780893110013,Invalid Outlet_ID
OUT_10229,2023,8,DIST_C_03,SKU_07,80.30984134805716,52201.358216125765,Invalid Outlet_ID
OUT_16192,2024,7,DIST_NW_02,SKU_10,9.334612409980558,3446.599051128371,Invalid Outlet_ID
OUT_17661,2024,8,DIST_S_02,SKU_10,23.36798386431912,8628.144155928478,Invalid Outlet_ID
OUT_16360,2023,11,DIST_NW_01,SKU_09,2.933747953495808,6454.2371301827725,Invalid Outlet_ID
OUT_13998,2024,4,DIST_NW_01,SKU_02,253.13776183982415,64128.2337815053,Invalid Outlet_ID
OUT_10416,2025,5,DIST_C_01,SKU_07,12.476357256939249,8109.585077190283,Invalid Outlet_ID
OUT_10530,2024,3,DIST_C_03,SKU_08,31.962510203959244,14063.548580216093,Invalid Outlet_ID
OUT_15238,2025,8,DIST_NW_02,SKU_04,-47.33846283705088,-15385.026652986173,Invalid Outlet_ID
OUT_12565,2023,4,DIST_C_02,SKU_09,4.035967828163365,8879.161646595827,Invalid Outlet_ID
OUT_09014,2024,12,DIST_C_02,SKU_05,93.88417613182368,8449.57948726286,Invalid Outlet_ID
OUT_01864,2025,2,DIST_W_01,SKU_04,9.54897456128158,3103.4098060694696,Invalid Outlet_ID
OUT_13327,2025,6,DIST_NW_01,SKU_01,6.330002655216186,1899.0278997236185,Invalid Outlet_ID
OUT_10229,2024,8,DIST_C_03,SKU_06,532.359346294074,44718.19315095882,Invalid Outlet_ID
OUT_14745,2023,1,DIST_NW_01,SKU_10,7.726994695990584,2853.02022158564,Invalid Outlet_ID
OUT_10229,2025,10,DIST_C_03,SKU_04,23.51954822426181,7643.894308697132,Invalid Outlet_ID
OUT_18975,2023,5,DIST_S_01,SKU_01,5.941780107352456,1782.5664085236865,Invalid Outlet_ID
OUT_13998,2025,9,DIST_NW_01,SKU_09,27.36911007989328,60211.99353811211,Invalid Outlet_ID
OUT_18356,2025,10,DIST_S_02,SKU_06,57.42018984844691,4823.302775147509,Invalid Outlet_ID
OUT_03691,2025,3,DIST_W_01,SKU_10,4.415400562382608,1630.3512321654837,Invalid Outlet_ID
OUT_03691,2023,1,DIST_W_01,SKU_05,8.319839122992681,748.8235789613196,Invalid Outlet_ID
OUT_19145,2024,11,DIST_S_01,SKU_05,13.662297262346003,1229.5871992396285,Invalid Outlet_ID
OUT_13998,2025,7,DIST_NW_01,SKU_10,36.9428829153732,13640.455289699095,Invalid Outlet_ID
OUT_08723,2023,6,DIST_W_02,SKU_09,3.812157634480414,8386.782597418374,Invalid Outlet_ID
OUT_15238,2024,12,DIST_NW_02,SKU_05,197.43296356854572,17768.96498498383,Invalid Outlet_ID
OUT_09014,2025,5,DIST_C_02,SKU_06,311.07263947142945,26130.103984106805,Invalid Outlet_ID
OUT_17661,2024,11,DIST_S_02,SKU_05,65.51896270182097,5896.7520861331,Invalid Outlet_ID
OUT_19319,2023,5,DIST_S_02,SKU_02,25.74851513418769,6522.94826930528,Invalid Outlet_ID
OUT_02862,2023,8,DIST_W_01,SKU_01,70.44454415001327,5917.385941049757,Invalid Outlet_ID
OUT_07259,2023,2,DIST_W_01,SKU_04,20.045700677618846,6514.877829083933,Invalid Outlet_ID
OUT_02862,2024,8,DIST_W_01,SKU_01,6.044175353758498,1813.2834435770703,Invalid Outlet_ID
OUT_11877,2025,3,DIST_C_01,SKU_01,6.216742952003839,1864.984453254567,Invalid Outlet_ID
OUT_02426,2023,2,DIST_W_02,SKU_07,11.021518802546217,7163.990249403274,Invalid Outlet_ID
OUT_08723,2024,6,DIST_W_02,SKU_03,5.696724430290023,1993.896260872641,Invalid Outlet_ID
OUT_18975,2025,7,DIST_S_01,SKU_05,23.37350720243221,2103.6210946013884,Invalid Outlet_ID
OUT_19145,2023,4,DIST_S_01,SKU_04,7.113617331737197,2311.9320278580035,Invalid Outlet_ID
OUT_14462,2025,10,DIST_NW_02,SKU_10,6.97272930490734,2574.58153218226,Invalid Outlet_ID
OUT_10530,2023,12,DIST_C_03,SKU_10,27.055569806042303,9989.79481421102,Invalid Outlet_ID
OUT_07259,2025,3,DIST_W_01,SKU_03,23.57159749610748,8250.009532590382,Invalid Outlet_ID
OUT_10229,2023,7,DIST_C_03,SKU_08,32.54082835945473,14317.934905087122,Invalid Outlet_ID
OUT_14462,2024,8,DIST_NW_02,SKU_01,11.384084923649525,3415.2217282948354,Invalid Outlet_ID
OUT_07259,2024,11,DIST_W_01,SKU_09,14.68287916215754,32302.35696712707,Invalid Outlet_ID
OUT_09014,2025,11,DIST_C_02,SKU_08,33.922178549820686,14925.743269379407,Invalid Outlet_ID
OUT_14745,2025,1,DIST_NW_01,SKU_08,11.86456265010245,5220.390792291161,Invalid Outlet_ID
OUT_19145,2024,4,DIST_S_01,SKU_03,7.200940670600102,2520.378277104431,Invalid Outlet_ID
OUT_17661,2023,3,DIST_S_02,SKU_05,64.35383537374055,5791.883750200504,Invalid Outlet_ID
OUT_06028,2024,3,DIST_W_03,SKU_08,6.682148650481691,2940.110159498767,Invalid Outlet_ID
OUT_08723,2024,10,DIST_W_02,SKU_02,40.66087629076999,10300.762304098169,Invalid Outlet_ID
OUT_08723,2023,8,DIST_W_02,SKU_03,9.132901850532573,3196.55421342876,Invalid Outlet_ID
OUT_17661,2024,9,DIST_S_02,SKU_09,15.155159817696417,33341.33869830693,Invalid Outlet_ID
OUT_07259,2025,2,DIST_W_01,SKU_08,30.63207952185197,13478.081901200916,Invalid Outlet_ID
OUT_03691,2023,1,DIST_W_01,SKU_09,3.366102893160041,7405.460279285019,Invalid Outlet_ID
OUT_13998,2024,11,DIST_NW_01,SKU_03,56.28581966042565,19700.05193989763,Invalid Outlet_ID
OUT_13998,2023,2,DIST_NW_01,SKU_04,48.66105307277928,15814.87690290884,Invalid Outlet_ID
OUT_06028,2024,2,DIST_W_03,SKU_10,4.28961420761902,1583.8719861832988,Invalid Outlet_ID
OUT_17661,2023,3,DIST_S_02,SKU_09,14.025357382132302,30855.76149452026,Invalid Outlet_ID
OUT_08564,2024,11,DIST_W_02,SKU_03,22.661599211119267,7931.555262673832,Invalid Outlet_ID
OUT_10229,2025,4,DIST_C_03,SKU_03,35.675155955874025,12486.34471217559,Invalid Outlet_ID
OUT_10229,2023,7,DIST_C_03,SKU_10,23.295597239571848,8601.460899588099,Invalid Outlet_ID
OUT_01864,2023,1,DIST_W_01,SKU_09,5.196994904806837,11433.414009689051,Invalid Outlet_ID
OUT_07259,2024,10,DIST_W_01,SKU_07,61.99173480747174,40294.6282613282,Invalid Outlet_ID
OUT_19330,2025,3,DIST_S_01,SKU_04,4.984412700210703,1619.9765039982203,Invalid Outlet_ID
OUT_15630,2024,4,DIST_NW_02,SKU_01,8.976204016099217,2692.878338788907,Invalid Outlet_ID
OUT_16192,2024,11,DIST_NW_02,SKU_06,119.98968094073088,10079.084093084402,Invalid Outlet_ID
OUT_03691,2025,12,DIST_W_01,SKU_05,15.728356291158468,1415.5780019709698,Invalid Outlet_ID
OUT_07259,2025,9,DIST_W_01,SKU_01,30.0440081331405,9013.19032071321,Invalid Outlet_ID
OUT_17174,2025,11,DIST_S_01,SKU_06,55.76633383794237,4684.363895988325,Invalid Outlet_ID
OUT_19319,2023,5,DIST_S_02,SKU_10,5.356370854280102,1977.7113361615136,Invalid Outlet_ID
OUT_00090,2024,4,DIST_W_02,SKU_07,84.13521089901427,54687.88271478285,Invalid Outlet_ID
OUT_09014,2025,12,DIST_C_02,SKU_08,36.86425989448278,16220.25455726541,Invalid Outlet_ID
OUT_02795,2023,9,DIST_W_02,SKU_04,4.386353022207477,1425.5353080315797,Invalid Outlet_ID
OUT_10530,2025,2,DIST_C_03,SKU_01,31.12968415918116,9338.862152074187,Invalid Outlet_ID
OUT_09014,2023,6,DIST_C_02,SKU_02,93.16458761696016,23601.69282186088,Invalid Outlet_ID
OUT_08564,2024,2,DIST_W_02,SKU_05,67.15135603611554,6043.666450647076,Invalid Outlet_ID
OUT_08564,2023,4,DIST_W_02,SKU_10,31.654909354481063,11688.016149514153,Invalid Outlet_ID
OUT_08564,2024,5,DIST_W_02,SKU_08,21.00629355557097,9242.804399136125,Invalid Outlet_ID
OUT_00090,2025,9,DIST_W_02,SKU_05,62.49567539583498,5624.573078628184,Invalid Outlet_ID
OUT_09014,2024,10,DIST_C_02,SKU_05,61.21393312119093,5509.20535584102,Invalid Outlet_ID
OUT_15915,2023,12,DIST_NW_02,SKU_01,8.259669134425076,2477.924490752856,Invalid Outlet_ID
OUT_10177,2024,5,DIST_C_02,SKU_01,9.173204055828132,2751.941923624028,Invalid Outlet_ID
OUT_02389,2023,9,DIST_W_02,SKU_08,5.397589350790556,2374.9085908254883,Invalid Outlet_ID
OUT_17661,2025,11,DIST_S_02,SKU_07,54.51373707777483,35433.88482602117,Invalid Outlet_ID
OUT_00090,2023,8,DIST_W_02,SKU_04,29.88813788742442,9713.613611686049,Invalid Outlet_ID
OUT_17661,2025,4,DIST_S_02,SKU_09,19.266955642703,42387.26294216007,Invalid Outlet_ID
OUT_19319,2023,11,DIST_S_02,SKU_05,21.18291928349361,1906.4138942380316,Invalid Outlet_ID
OUT_08564,2025,2,DIST_W_02,SKU_03,20.695814131072808,7243.519476822235,Invalid Outlet_ID
OUT_13327,2025,2,DIST_NW_01,SKU_01,17.52175196036497,4438.866534358366,Invalid Outlet_ID
OUT_15238,2023,3,DIST_NW_02,SKU_08,74.7457168458526,32888.15870223324,Invalid Outlet_ID
OUT_12565,2023,5,DIST_C_02,SKU_01,13.152324745418298,1183.7521836871165,Invalid Outlet_ID
OUT_07259,2023,6,DIST_W_01,SKU_04,15.51044628786518,5040.915026184301,Invalid Outlet_ID
OUT_09014,2023,12,DIST_C_02,SKU_04,35.116274662479235,11412.78212972777,Invalid Outlet_ID
OUT_10530,2025,1,DIST_C_03,SKU_09,14.061269182702436,30934.81538310784,Invalid Outlet_ID
OUT_10530,2023,12,DIST_C_03,SKU_05,84.74806694376609,7627.352642207349,Invalid Outlet_ID
OUT_07259,2023,1,DIST_W_01,SKU_03,24.72622929296163,8654.217788334698,Invalid Outlet_ID
OUT_14745,2025,2,DIST_NW_01,SKU_06,113.15435681441411,9504.92497021466,Invalid Outlet_ID
OUT_10530,2024,9,DIST_C_03,SKU_03,23.52429228778308,8233.4586349319,Invalid Outlet_ID
OUT_13327,2025,5,DIST_NW_01,SKU_03,3.468371340060358,1213.8999505446052,Invalid Outlet_ID
OUT_13998,2025,2,DIST_NW_01,SKU_03,52.19835841164111,18269.46387645018,Invalid Outlet_ID
OUT_07259,2023,10,DIST_W_01,SKU_05,64.37223280583494,5793.525829311545,Invalid Outlet_ID
OUT_08723,2024,9,DIST_W_02,SKU_09,5.720944765044036,12586.082180890358,Invalid Outlet_ID
OUT_15915,2024,9,DIST_NW_02,SKU_09,2.548407782103717,5606.486290463292,Invalid Outlet_ID
OUT_13998,2023,1,DIST_NW_01,SKU_05,123.6818130208553,11131.391646576896,Invalid Outlet_ID
OUT_14745,2025,1,DIST_NW_01,SKU_09,6.588471839444283,14494.637121460555,Invalid Outlet_ID
OUT_07259,2024,7,DIST_W_01,SKU_09,14.379852952710012,31635.71283153999,Invalid Outlet_ID
OUT_15238,2024,6,DIST_NW_02,SKU_10,39.29637327381597,14509.38682541166,Invalid Outlet_ID
OUT_07259,2025,12,DIST_W_01,SKU_02,126.09802320836704,31944.85976387197,Invalid Outlet_ID
OUT_17661,2025,12,DIST_S_02,SKU_01,45.144622594086414,13543.369159046086,Invalid Outlet_ID
OUT_10530,2025,3,DIST_C_03,SKU_02,108.44330427087549,27472.28852392577,Invalid Outlet_ID
OUT_14462,2025,7,DIST_NW_02,SKU_07,22.272147611190665,14476.909439496449,Invalid Outlet_ID
OUT_16192,2024,11,DIST_NW_02,SKU_08,10.79276375258309,4748.857236012335,Invalid Outlet_ID
OUT_17661,2023,3,DIST_S_02,SKU_10,19.008389499115893,7018.463605769463,Invalid Outlet_ID
OUT_15630,2023,3,DIST_NW_02,SKU_06,50.84787159259287,4271.228272242723,Invalid Outlet_ID
OUT_11877,2025,9,DIST_C_01,SKU_01,4.693974373071642,1642.85632521969,Invalid Outlet_ID
OUT_07259,2023,5,DIST_W_01,SKU_06,203.9971713847838,17135.76036696323,Invalid Outlet_ID
OUT_13998,2023,4,DIST_NW_01,SKU_05,160.26749247078743,14424.05477496168,Invalid Outlet_ID
OUT_17661,2025,12,DIST_S_02,SKU_08,45.48265045596825,20012.31869914214,Invalid Outlet_ID
OUT_00090,2023,2,DIST_W_02,SKU_03,19.06649100601848,6673.314983511975,Invalid Outlet_ID
OUT_09014,2023,3,DIST_C_02,SKU_10,12.222424037237476,4512.917890013922,Invalid Outlet_ID
OUT_13327,2024,2,DIST_NW_01,SKU_04,4.455882803226795,1448.1645454805437,Invalid Outlet_ID
OUT_01864,2024,4,DIST_W_01,SKU_01,18.44021630110516,5532.075430158011,Invalid Outlet_ID
OUT_17661,2024,3,DIST_S_02,SKU_07,58.53005765121698,38044.49955373458,Invalid Outlet_ID
OUT_08564,2024,11,DIST_W_02,SKU_06,222.2663328201126,18670.33502797526,Invalid Outlet_ID
OUT_06028,2024,11,DIST_W_03,SKU_08,6.234701093868612,2743.249560812161,Invalid Outlet_ID
OUT_09014,2024,8,DIST_C_02,SKU_04,34.71606579326308,11282.728864307215,Invalid Outlet_ID
OUT_17661,2025,5,DIST_S_02,SKU_03,14.434877903044546,5052.251639867222,Invalid Outlet_ID
OUT_17661,2023,3,DIST_S_02,SKU_04,21.2190193475014,6896.145721698808,Invalid Outlet_ID
OUT_19170,2025,10,DIST_S_02,SKU_05,13.423511211965618,1208.1234823353736,Invalid Outlet_ID
OUT_19319,2023,9,DIST_S_02,SKU_04,11.029899080959618,3584.7416977183466,Invalid Outlet_ID
OUT_16192,2024,5,DIST_NW_02,SKU_05,25.82738924017205,2324.461400604595,Invalid Outlet_ID
OUT_00090,2023,8,DIST_W_02,SKU_09,15.59220068530815,34302.84405624398,Invalid Outlet_ID
OUT_10229,2024,2,DIST_C_03,SKU_01,31.401605485085028,9420.529211354207,Invalid Outlet_ID
OUT_00090,2024,11,DIST_W_02,SKU_06,324.2493054521921,27236.907379421504,Invalid Outlet_ID
OUT_07259,2024,6,DIST_W_01,SKU_07,35.742923231078244,23232.944410034987,Invalid Outlet_ID
OUT_10177,2023,8,DIST_C_02,SKU_06,177.0040975101405,14868.325397818597,Invalid Outlet_ID
OUT_12565,2023,12,DIST_C_02,SKU_10,5.013612095215505,1851.18850201007,Invalid Outlet_ID
OUT_18356,2024,3,DIST_S_02,SKU_04,5.575948966819145,1812.2249692720875,Invalid Outlet_ID
OUT_10530,2024,2,DIST_C_03,SKU_09,14.461598228889558,31815.496697557188,Invalid Outlet_ID
OUT_06028,2023,3,DIST_W_03,SKU_06,63.224316170256415,5310.816504671732,Invalid Outlet_ID
OUT_16360,2023,5,DIST_NW_01,SKU_01,5.876348095416871,1762.9395647060676,Invalid Outlet_ID
OUT_14745,2025,2,DIST_NW_01,SKU_08,11.516644421429966,5067.367613716052,Invalid Outlet_ID
OUT_08723,2024,12,DIST_W_02,SKU_04,14.578729966137615,4738.071089760122,Invalid Outlet_ID
OUT_08564,2023,8,DIST_W_02,SKU_03,27.461370655352244,9611.43936345364,Invalid Outlet_ID
OUT_13998,2025,1,DIST_NW_01,SKU_01,60.98617784404804,18295.88393958765,Invalid Outlet_ID
OUT_02426,2025,1,DIST_W_02,SKU_01,7.067815481080945,2120.3555129315105,Invalid Outlet_ID
OUT_15238,2024,8,DIST_NW_02,SKU_10,43.7432727570423,16151.315275177649,Invalid Outlet_ID
OUT_10416,2025,4,DIST_C_01,SKU_09,5.1005612756527965,11221.1906332684,Invalid Outlet_ID
OUT_14745,2025,2,DIST_NW_01,SKU_07,24.756199291550672,16091.575418233386,Invalid Outlet_ID
OUT_07259,2025,11,DIST_W_01,SKU_10,17.24029140787869,6365.607455235884,Invalid Outlet_ID
OUT_13998,2025,6,DIST_NW_01,SKU_02,166.82681155190124,42262.79843032601,Invalid Outlet_ID
OUT_00090,2023,12,DIST_W_02,SKU_04,33.35912804020702,10841.75452439472,Invalid Outlet_ID
OUT_16192,2024,1,DIST_NW_02,SKU_02,37.60225243872224,9525.906744059215,Invalid Outlet_ID
OUT_12565,2024,12,DIST_C_02,SKU_02,26.67377934133877,6757.359283443184,Invalid Outlet_ID
OUT_19145,2023,3,DIST_S_01,SKU_05,11.075050432155036,996.7047121242632,Invalid Outlet_ID
OUT_13998,2025,2,DIST_NW_01,SKU_07,127.24565305551546,82709.63938900236,Invalid Outlet_ID
OUT_15238,2025,6,DIST_NW_02,SKU_07,123.78021155233886,80457.1014677561,Invalid Outlet_ID
OUT_10177,2025,12,DIST_C_02,SKU_02,61.870883354908905,15673.911807081531,Invalid Outlet_ID
OUT_08723,2025,4,DIST_W_02,SKU_10,10.453250297032175,3859.6133760976018,Invalid Outlet_ID
OUT_13998,2023,2,DIST_NW_01,SKU_03,47.72182448187003,16702.61983441775,Invalid Outlet_ID
OUT_14745,2025,5,DIST_NW_01,SKU_08,13.032348429448092,5734.18466558173,Invalid Outlet_ID
OUT_08564,2023,10,DIST_W_02,SKU_07,58.05971676658514,37738.79073073975,Invalid Outlet_ID
OUT_10229,2023,9,DIST_C_03,SKU_01,29.59773535556437,8879.326640765628,Invalid Outlet_ID
OUT_08723,2025,3,DIST_W_02,SKU_04,8.198686423559513,2664.609568842475,Invalid Outlet_ID
OUT_17661,2025,7,DIST_S_02,SKU_07,58.37637802698515,37944.6377398018,Invalid Outlet_ID
OUT_17661,2025,7,DIST_S_02,SKU_03,17.656147138907347,6179.665894439293,Invalid Outlet_ID
OUT_09014,2025,4,DIST_C_02,SKU_06,480.9211229950293,40397.33913165744,Invalid Outlet_ID
OUT_10753,2023,2,DIST_C_02,SKU_01,5.805380286305596,2554.383656783999,Invalid Outlet_ID
OUT_09014,2023,4,DIST_C_02,SKU_03,37.80379192601498,13231.285502846536,Invalid Outlet_ID
OUT_10530,2023,1,DIST_C_03,SKU_03,19.246124918863128,6736.148770395116,Invalid Outlet_ID
OUT_03691,2025,4,DIST_W_01,SKU_08,9.50073031895176,4180.345709194778,Invalid Outlet_ID
OUT_16192,2024,11,DIST_NW_02,SKU_07,27.30444971630413,17747.894126399122,Invalid Outlet_ID
OUT_10530,2024,2,DIST_C_03,SKU_04,20.70760642566443,6729.942937836541,Invalid Outlet_ID
OUT_13327,2025,5,DIST_NW_01,SKU_07,12.781991258643032,8308.300222915957,Invalid Outlet_ID
OUT_08723,2025,12,DIST_W_02,SKU_03,14.20580426083613,4972.0771184755895,Invalid Outlet_ID
OUT_07259,2024,3,DIST_W_01,SKU_04,25.602189507677696,8320.737899862184,Invalid Outlet_ID
OUT_18975,2024,11,DIST_S_01,SKU_10,8.940320680306732,3301.015245261228,Invalid Outlet_ID
OUT_00090,2024,11,DIST_W_02,SKU_08,23.35785261236158,10277.479701814524,Invalid Outlet_ID
OUT_00090,2024,1,DIST_W_02,SKU_01,31.004512229864048,9301.3770850757,Invalid Outlet_ID
OUT_02426,2024,5,DIST_W_02,SKU_04,3.172645050387999,1031.07009148076,Invalid Outlet_ID
OUT_15630,2023,12,DIST_NW_02,SKU_08,8.995341040893765,3957.9502539959135,Invalid Outlet_ID
OUT_19319,2024,1,DIST_S_02,SKU_08,16.879393543952194,7426.975315442779,Invalid Outlet_ID
OUT_10753,2024,4,DIST_C_02,SKU_07,16.438114970936375,10684.744661652408,Invalid Outlet_ID
OUT_00090,2023,1,DIST_W_02,SKU_02,91.10067752729056,23078.832081416374,Invalid Outlet_ID
OUT_15238,2024,5,DIST_NW_02,SKU_03,44.75702078154293,15664.98644489386,Invalid Outlet_ID
OUT_03691,2023,8,DIST_W_01,SKU_07,11.202573402756231,7281.698939899515,Invalid Outlet_ID
OUT_10229,2025,5,DIST_C_03,SKU_03,27.315579111529697,9560.416825212664,Invalid Outlet_ID
OUT_10530,2024,8,DIST_C_03,SKU_06,422.7258266956553,35508.9887622942,Invalid Outlet_ID
OUT_10530,2025,1,DIST_C_03,SKU_01,28.983526304394683,8695.02457404106,Invalid Outlet_ID
OUT_10177,2023,6,DIST_C_02,SKU_02,35.947914539853144,9106.82221435172,Invalid Outlet_ID
OUT_15238,2023,3,DIST_NW_02,SKU_05,115.73798008263036,10416.44197341507,Invalid Outlet_ID
OUT_12565,2024,4,DIST_C_02,SKU_01,8.444513522776038,3715.5846107291095,Invalid Outlet_ID
OUT_09014,2024,8,DIST_C_02,SKU_01,45.93962398148891,13781.906623838991,Invalid Outlet_ID
OUT_10530,2024,3,DIST_C_03,SKU_02,89.98566835388206,22796.399932141303,Invalid Outlet_ID
OUT_06028,2025,10,DIST_W_03,SKU_08,5.3821576687506605,2368.134898301213,Invalid Outlet_ID
OUT_01864,2024,2,DIST_W_01,SKU_04,9.52405725775479,3095.302620051939,Invalid Outlet_ID
OUT_10530,2024,10,DIST_C_03,SKU_08,27.993146357410776,12317.016316565205,Invalid Outlet_ID
OUT_09014,2025,12,DIST_C_02,SKU_06,427.75574851846847,35931.480493974115,Invalid Outlet_ID
OUT_17661,2024,1,DIST_S_02,SKU_10,28.5398900633865,10537.828866151433,Invalid Outlet_ID
OUT_09014,2025,2,DIST_C_02,SKU_01,29.606996608449307,8882.050251539504,Invalid Outlet_ID
OUT_10530,2024,6,DIST_C_03,SKU_05,-69.33637345532084,-6240.2509369571335,Invalid Outlet_ID
OUT_08564,2025,11,DIST_W_02,SKU_07,51.9084610791249,33740.46418754597,Invalid Outlet_ID
OUT_16360,2023,2,DIST_NW_01,SKU_05,12.793608789683915,1151.3941845734205,Invalid Outlet_ID
OUT_11877,2024,1,DIST_C_01,SKU_06,63.65199694032847,5346.727581059651,Invalid Outlet_ID
OUT_17174,2023,11,DIST_S_01,SKU_08,6.081465401604069,2675.8488481405743,Invalid Outlet_ID
OUT_10530,2025,5,DIST_C_03,SKU_01,30.50028548855257,9150.071565716937,Invalid Outlet_ID
OUT_18975,2024,7,DIST_S_01,SKU_03,8.919197584130172,3121.747001526683,Invalid Outlet_ID
OUT_08723,2024,2,DIST_W_02,SKU_03,9.38691232787284,3285.3706361321965,Invalid Outlet_ID
OUT_10229,2025,6,DIST_C_03,SKU_07,54.41867169751855,35372.17458118404,Invalid Outlet_ID
OUT_10229,2023,5,DIST_C_03,SKU_07,50.85707520920601,33057.13451983974,Invalid Outlet_ID
OUT_10416,2023,1,DIST_C_01,SKU_06,65.57500148356625,5508.284333340126,Invalid Outlet_ID
OUT_14745,2023,5,DIST_NW_01,SKU_08,12.530014231487684,5513.183410789934,Invalid Outlet_ID
OUT_07259,2023,2,DIST_W_01,SKU_05,57.44785596049525,5170.282443323126,Invalid Outlet_ID
OUT_18356,2025,7,DIST_S_02,SKU_08,6.856090602257954,3016.7148006154584,Invalid Outlet_ID
OUT_13998,2023,7,DIST_NW_01,SKU_02,171.12506886552285,43351.6882265603,Invalid Outlet_ID
OUT_07259,2024,8,DIST_W_01,SKU_05,59.29225676463231,5336.329687018833,Invalid Outlet_ID
OUT_13998,2023,6,DIST_NW_01,SKU_10,40.64617646957506,15007.822526461196,Invalid Outlet_ID
OUT_15238,2024,7,DIST_NW_02,SKU_02,158.77872422332248,40223.9156339956,Invalid Outlet_ID
OUT_10229,2025,8,DIST_C_03,SKU_09,25.599476286397916,56318.85189584899,Invalid Outlet_ID
OUT_12014,2025,10,DIST_C_03,SKU_06,56.27597342036656,4727.175438337485,Invalid Outlet_ID
OUT_16192,2024,12,DIST_NW_02,SKU_09,8.420910160555886,18526.000745495294,Invalid Outlet_ID
OUT_13998,2023,8,DIST_NW_01,SKU_06,604.5296555489078,50780.52145775417,Invalid Outlet_ID
OUT_10229,2024,5,DIST_C_03,SKU_01,31.345438669157303,9403.58187613104,Invalid Outlet_ID
OUT_16192,2023,12,DIST_NW_02,SKU_08,17.45263173452982,7679.18127586269,Invalid Outlet_ID
OUT_14745,2024,11,DIST_NW_01,SKU_04,10.12701264721095,3291.3051145431,Invalid Outlet_ID
OUT_19170,2023,10,DIST_S_02,SKU_08,7.042504474267814,3098.737805863356,Invalid Outlet_ID
OUT_10530,2024,4,DIST_C_03,SKU_06,416.5871827501911,34993.35814378795,Invalid Outlet_ID
OUT_14745,2025,9,DIST_NW_01,SKU_10,8.352110249418367,3083.8709627073217,Invalid Outlet_ID
OUT_13998,2024,8,DIST_NW_01,SKU_08,58.52287252062548,25750.020209081504,Invalid Outlet_ID
OUT_06028,2024,2,DIST_W_03,SKU_03,4.682465690789069,1638.849311800753,Invalid Outlet_ID
OUT_00090,2023,11,DIST_W_02,SKU_08,26.704367867627617,11749.93783714258,Invalid Outlet_ID
OUT_14745,2023,3,DIST_NW_01,SKU_02,38.839630703888304,9839.35395861488,Invalid Outlet_ID
OUT_11877,2024,6,DIST_C_01,SKU_07,12.572990952821264,8172.400322684882,Invalid Outlet_ID
OUT_13567,2025,4,DIST_NW_02,SKU_01,84.52825134465107,7100.372182600432,Invalid Outlet_ID
OUT_01864,2025,12,DIST_W_01,SKU_02,61.82755787305157,15662.946333434196,Invalid Outlet_ID
OUT_08564,2024,1,DIST_W_02,SKU_07,74.4194442325117,48372.66112819451,Invalid Outlet_ID
OUT_12014,2024,8,DIST_C_03,SKU_01,7.859923188368562,2357.938708059325,Invalid Outlet_ID
OUT_19170,2023,11,DIST_S_02,SKU_01,5.099486383456088,1784.8483742248743,Invalid Outlet_ID
OUT_17661,2023,8,DIST_S_02,SKU_10,24.740747508513643,9135.068041191702,Invalid Outlet_ID
OUT_10177,2024,8,DIST_C_02,SKU_10,9.833713433370631,3630.896378573966,Invalid Outlet_ID
OUT_17812,2023,12,DIST_S_02,SKU_04,6.902889796637301,2243.456238161165,Invalid Outlet_ID
OUT_10530,2025,1,DIST_C_03,SKU_03,19.324008690426275,6763.36784137376,Invalid Outlet_ID
OUT_10177,2025,5,DIST_C_02,SKU_02,31.85664358335162,8070.341213952593,Invalid Outlet_ID
OUT_10229,2024,8,DIST_C_03,SKU_01,51.86295052147514,15558.876498589172,Invalid Outlet_ID
OUT_15238,2023,11,DIST_NW_02,SKU_02,184.23078257517423,46671.79622966492,Invalid Outlet_ID
OUT_17812,2023,1,DIST_S_02,SKU_06,87.16538175776492,7321.904009538834,Invalid Outlet_ID
OUT_10177,2023,10,DIST_C_02,SKU_03,8.941435722109127,3129.4960653752623,Invalid Outlet_ID
OUT_14745,2024,12,DIST_NW_01,SKU_09,9.0784374885648,19972.60852941607,Invalid Outlet_ID
OUT_16192,2024,5,DIST_NW_02,SKU_07,22.086671995608448,14356.300905743154,Invalid Outlet_ID
OUT_08564,2025,11,DIST_W_02,SKU_02,77.8726144014091,19727.776551831936,Invalid Outlet_ID
OUT_01864,2024,3,DIST_W_01,SKU_06,124.8800809225924,10489.8979322364,Invalid Outlet_ID
OUT_15238,2025,2,DIST_NW_02,SKU_06,475.4291200600574,39936.08494335796,Invalid Outlet_ID
OUT_12565,2024,12,DIST_C_02,SKU_07,16.858907391655826,10958.26571879807,Invalid Outlet_ID
OUT_08564,2024,7,DIST_W_02,SKU_03,21.39636077665652,7488.739527816016,Invalid Outlet_ID
OUT_01864,2024,2,DIST_W_01,SKU_09,5.916193097370727,13015.66568829232,Invalid Outlet_ID
OUT_07259,2024,8,DIST_W_01,SKU_10,16.328891654400763,6029.15094057974,Invalid Outlet_ID
OUT_10530,2023,11,DIST_C_03,SKU_06,282.2970335338059,23712.912560569664,Invalid Outlet_ID
OUT_10530,2023,5,DIST_C_03,SKU_03,21.374535049046496,7481.0506867772,Invalid Outlet_ID
OUT_17661,2024,8,DIST_S_02,SKU_07,50.75584588341729,32991.346335408634,Invalid Outlet_ID
OUT_13998,2025,12,DIST_NW_01,SKU_02,273.9591850077022,69402.99387638272,Invalid Outlet_ID
OUT_08564,2025,3,DIST_W_02,SKU_03,21.389087853893727,7486.15853720255,Invalid Outlet_ID
OUT_17661,2024,5,DIST_S_02,SKU_02,54.61476066812783,13835.758797774391,Invalid Outlet_ID
OUT_17812,2025,7,DIST_S_02,SKU_01,4.713517699094557,1414.044840055287,Invalid Outlet_ID
OUT_08723,2025,5,DIST_W_02,SKU_10,5.248938124964721,1938.0325766098304,Invalid Outlet_ID
OUT_13998,2023,5,DIST_NW_01,SKU_02,182.55961922386115,46248.47180266008,Invalid Outlet_ID
OUT_14745,2023,10,DIST_NW_01,SKU_09,6.452476895635697,14195.4151163761,Invalid Outlet_ID
OUT_16192,2025,3,DIST_NW_02,SKU_05,24.295560957038383,2186.6064174829617,Invalid Outlet_ID
OUT_09014,2024,4,DIST_C_02,SKU_06,421.6445352528849,35418.14531075929,Invalid Outlet_ID
OUT_13998,2024,4,DIST_NW_01,SKU_09,43.120315493481705,94864.70849958948,Invalid Outlet_ID
OUT_19319,2024,9,DIST_S_02,SKU_01,13.869837738966892,4160.90334254345,Invalid Outlet_ID
OUT_14462,2025,7,DIST_NW_02,SKU_01,11.24908613242518,3374.681789680183,Invalid Outlet_ID
OUT_15238,2025,8,DIST_NW_02,SKU_06,575.2527684037887,48321.22216015419,Invalid Outlet_ID
OUT_15915,2025,7,DIST_NW_02,SKU_03,5.186162309884054,1815.203869625883,Invalid Outlet_ID
OUT_10177,2025,8,DIST_C_02,SKU_01,14.922488128898092,4476.726718859458,Invalid Outlet_ID
OUT_10229,2023,9,DIST_C_03,SKU_08,22.704368505992907,9989.951194977686,Invalid Outlet_ID
OUT_17661,2024,11,DIST_S_02,SKU_04,25.862788319338843,8405.369805326318,Invalid Outlet_ID
OUT_10229,2024,6,DIST_C_03,SKU_01,23.71055318028709,7113.127885927578,Invalid Outlet_ID
OUT_09014,2024,12,DIST_C_02,SKU_06,409.4695371614725,34395.40546301185,Invalid Outlet_ID
OUT_14745,2024,1,DIST_NW_01,SKU_01,10.650422180303416,3195.158762663633,Invalid Outlet_ID
OUT_07259,2023,7,DIST_W_01,SKU_04,20.291625826056222,6594.794659584114,Invalid Outlet_ID
OUT_13998,2025,4,DIST_NW_01,SKU_09,48.223806030947074,106092.32520279776,Invalid Outlet_ID
OUT_10177,2025,8,DIST_C_02,SKU_07,35.5346650218889,23097.53640508341,Invalid Outlet_ID
OUT_13998,2025,12,DIST_NW_01,SKU_10,59.52397388326256,21978.0842367028,Invalid Outlet_ID
OUT_13567,2023,11,DIST_NW_02,SKU_03,4.662449619908146,1631.8093803141658,Invalid Outlet_ID
OUT_10177,2023,8,DIST_C_02,SKU_08,16.643959488849205,7323.3407398616255,Invalid Outlet_ID
OUT_10416,2025,1,DIST_C_01,SKU_06,67.62337172937931,5680.400707905654,Invalid Outlet_ID
OUT_10530,2024,11,DIST_C_03,SKU_02,88.13563077387778,22327.7086010673,Invalid Outlet_ID
OUT_13998,2023,4,DIST_NW_01,SKU_09,43.54282434536289,95794.20101551613,Invalid Outlet_ID
OUT_09014,2024,12,DIST_C_02,SKU_08,43.66117325793489,19210.931763778164,Invalid Outlet_ID
OUT_11877,2023,7,DIST_C_01,SKU_08,6.544957621361276,2879.7506886577103,Invalid Outlet_ID
OUT_17661,2025,8,DIST_S_02,SKU_07,60.56199405823233,39365.33108975376,Invalid Outlet_ID
OUT_08564,2024,5,DIST_W_02,SKU_07,33.92167903306438,22049.076213154025,Invalid Outlet_ID
OUT_14462,2024,1,DIST_NW_02,SKU_10,7.347405120719447,2712.9285015599467,Invalid Outlet_ID
OUT_00090,2023,3,DIST_W_02,SKU_03,24.63855606101305,8623.518894910738,Invalid Outlet_ID
OUT_10530,2025,5,DIST_C_03,SKU_08,31.46272384904464,13843.569100954452,Invalid Outlet_ID
OUT_09014,2025,10,DIST_C_02,SKU_05,51.68365661654346,4651.518995086842,Invalid Outlet_ID
OUT_11877,2025,4,DIST_C_01,SKU_02,29.208535364523875,7399.544369410064,Invalid Outlet_ID
OUT_13567,2023,6,DIST_NW_02,SKU_01,6.451870289960192,1935.5977191733225,Invalid Outlet_ID
OUT_13327,2023,7,DIST_NW_01,SKU_05,10.925955518743788,983.3062996453662,Invalid Outlet_ID
OUT_15238,2024,10,DIST_NW_02,SKU_04,41.93337424504292,13628.304900374284,Invalid Outlet_ID
OUT_18356,2025,4,DIST_S_02,SKU_07,16.8058942344907,10923.790766149894,Invalid Outlet_ID
OUT_13327,2024,1,DIST_NW_01,SKU_04,3.6534545161559766,1187.3265715719288,Invalid Outlet_ID
OUT_13567,2023,2,DIST_NW_02,SKU_09,2.6444560679394296,5817.796730411494,Invalid Outlet_ID
OUT_13998,2024,7,DIST_NW_01,SKU_04,51.88200895386416,16861.624909820104,Invalid Outlet_ID
OUT_10229,2024,1,DIST_C_03,SKU_04,24.2352430970018,7876.4918745721,Invalid Outlet_ID
OUT_08723,2023,9,DIST_W_02,SKU_01,10.401808248979329,3120.5070882554865,Invalid Outlet_ID
OUT_15238,2024,9,DIST_NW_02,SKU_09,29.527444302991057,64960.3620006465,Invalid Outlet_ID
OUT_07259,2023,1,DIST_W_01,SKU_04,24.861351856822285,8079.918658066117,Invalid Outlet_ID
OUT_10753,2025,3,DIST_C_02,SKU_07,12.3522259489445,8028.962040874747,Invalid Outlet_ID
OUT_00090,2025,7,DIST_W_02,SKU_06,268.52166823135104,22555.85349246418,Invalid Outlet_ID
OUT_10177,2023,12,DIST_C_02,SKU_06,166.6700729713607,14000.236962066168,Invalid Outlet_ID
OUT_00090,2024,1,DIST_W_02,SKU_02,89.12596988886871,22578.58223694768,Invalid Outlet_ID
OUT_10753,2025,5,DIST_C_02,SKU_02,20.187644554547347,5114.245957236266,Invalid Outlet_ID
OUT_17661,2025,10,DIST_S_02,SKU_10,17.231278611370335,6362.311857438027,Invalid Outlet_ID
OUT_01864,2025,10,DIST_W_01,SKU_02,37.02918852349291,9380.764399758233,Invalid Outlet_ID
OUT_09014,2025,11,DIST_C_02,SKU_09,14.489944827138151,31877.850527432387,Invalid Outlet_ID
OUT_08723,2025,9,DIST_W_02,SKU_04,10.111203896631526,3286.1056765766307,Invalid Outlet_ID
OUT_19319,2023,12,DIST_S_02,SKU_02,54.24075896480428,13740.999547920095,Invalid Outlet_ID
OUT_13998,2023,8,DIST_NW_01,SKU_05,129.34229997060336,11640.795880344967,Invalid Outlet_ID
OUT_19319,2024,8,DIST_S_02,SKU_03,10.062083990306142,3521.7430592312044,Invalid Outlet_ID
OUT_10229,2025,12,DIST_C_03,SKU_10,31.687627123732614,11700.06546889206,Invalid Outlet_ID
OUT_08723,2025,10,DIST_W_02,SKU_06,141.96350022135547,11924.931992969472,Invalid Outlet_ID
OUT_09014,2024,8,DIST_C_02,SKU_09,22.98684649095367,50571.04047596052,Invalid Outlet_ID
OUT_11877,2024,10,DIST_C_01,SKU_01,4.080732747309369,1506.737035774904,Invalid Outlet_ID
OUT_15238,2025,1,DIST_NW_02,SKU_07,124.21696667287006,80741.06638888978,Invalid Outlet_ID
OUT_10229,2024,12,DIST_C_03,SKU_01,52.77484314388632,15832.462338205816,Invalid Outlet_ID
OUT_07259,2024,5,DIST_W_01,SKU_10,12.126695595037596,4477.525729990659,Invalid Outlet_ID
OUT_15238,2024,7,DIST_NW_02,SKU_01,59.272215956053216,17781.69356783287,Invalid Outlet_ID
OUT_10530,2025,8,DIST_C_03,SKU_06,425.9501274955235,35779.82002857282,Invalid Outlet_ID
OUT_02862,2025,5,DIST_W_01,SKU_07,8.09032340462179,5258.742843802879,Invalid Outlet_ID
OUT_00090,2025,3,DIST_W_02,SKU_08,33.792054626427,14868.541548163126,Invalid Outlet_ID
OUT_15238,2025,3,DIST_NW_02,SKU_09,27.59502064135571,60709.05518860134,Invalid Outlet_ID
OUT_07259,2023,12,DIST_W_01,SKU_06,341.08108404148624,28650.794077306786,Invalid Outlet_ID
OUT_19145,2024,9,DIST_S_01,SKU_09,2.651921276273332,5834.252641488787,Invalid Outlet_ID
OUT_10530,2023,7,DIST_C_03,SKU_09,16.304983439778386,35871.01248596086,Invalid Outlet_ID
OUT_09014,2024,8,DIST_C_02,SKU_07,72.79222284761205,47314.95845744212,Invalid Outlet_ID
OUT_08564,2023,1,DIST_W_02,SKU_01,25.11359097730901,7534.032882311318,Invalid Outlet_ID
OUT_18356,2024,2,DIST_S_02,SKU_08,10.415207642484525,4582.724291165352,Invalid Outlet_ID
OUT_10530,2025,1,DIST_C_03,SKU_08,32.494080360276705,14297.380511032385,Invalid Outlet_ID
OUT_13567,2023,6,DIST_NW_02,SKU_07,9.893739361625157,6430.976981413206,Invalid Outlet_ID
OUT_12565,2024,6,DIST_C_02,SKU_09,3.033773182289316,6674.333868689774,Invalid Outlet_ID
OUT_17661,2024,3,DIST_S_02,SKU_04,21.37312196857469,6946.222293922813,Invalid Outlet_ID
OUT_07259,2025,1,DIST_W_01,SKU_02,82.70663524002774,20952.30906209377,Invalid Outlet_ID
OUT_07259,2023,10,DIST_W_01,SKU_06,290.56162153391034,24407.15200002101,Invalid Outlet_ID
OUT_17661,2023,2,DIST_S_02,SKU_06,456.2840355205632,38327.877946745735,Invalid Outlet_ID
OUT_10416,2025,4,DIST_C_01,SKU_08,8.421761855326066,3705.608527990964,Invalid Outlet_ID
OUT_13998,2024,5,DIST_NW_01,SKU_09,26.113829672572585,57450.46568115613,Invalid Outlet_ID
OUT_09014,2025,7,DIST_C_02,SKU_10,22.436306619310297,8284.195571656628,Invalid Outlet_ID
OUT_13998,2023,12,DIST_NW_01,SKU_06,1054.891214210448,88610.9032200481,Invalid Outlet_ID
OUT_10530,2023,1,DIST_C_03,SKU_09,14.554687042852503,32020.287626635625,Invalid Outlet_ID
OUT_10229,2025,3,DIST_C_03,SKU_07,58.88317298087678,38274.03219267454,Invalid Outlet_ID
OUT_15238,2025,12,DIST_NW_02,SKU_06,984.314814456678,82682.43164702447,Invalid Outlet_ID
OUT_15238,2024,9,DIST_NW_02,SKU_07,96.0802411919865,62452.12980359842,Invalid Outlet_ID
OUT_02389,2023,9,DIST_W_02,SKU_03,4.991355933016068,1746.977894057465,Invalid Outlet_ID
OUT_14745,2024,8,DIST_NW_01,SKU_04,8.530723065706464,2772.517004619318,Invalid Outlet_ID
OUT_18975,2024,1,DIST_S_01,SKU_04,14.6595178768631,4764.349724044389,Invalid Outlet_ID
OUT_14462,2024,12,DIST_NW_02,SKU_08,19.326062007375324,8503.490934142153,Invalid Outlet_ID
OUT_00090,2025,1,DIST_W_02,SKU_04,23.24014474153943,7553.070501497661,Invalid Outlet_ID
OUT_19319,2024,9,DIST_S_02,SKU_07,21.169752682507564,13760.386086725995,Invalid Outlet_ID
OUT_17661,2025,10,DIST_S_02,SKU_02,100.64651471069432,25497.067529055275,Invalid Outlet_ID
OUT_09014,2024,7,DIST_C_02,SKU_06,299.16623960917946,25129.975621000685,Invalid Outlet_ID
OUT_00090,2023,3,DIST_W_02,SKU_10,17.03998841528948,6291.725439782123,Invalid Outlet_ID
OUT_15238,2024,6,DIST_NW_02,SKU_02,191.2081178278923,48439.40410592602,Invalid Outlet_ID
OUT_13327,2023,11,DIST_NW_01,SKU_01,4.455906528713989,1336.7645026717996,Invalid Outlet_ID
OUT_02795,2024,6,DIST_W_02,SKU_08,4.121971841370745,1813.622196827677,Invalid Outlet_ID
OUT_08564,2024,9,DIST_W_02,SKU_09,14.298544206480962,31456.82268489505,Invalid Outlet_ID
OUT_17661,2025,11,DIST_S_02,SKU_09,17.282615419309977,38021.79657101925,Invalid Outlet_ID
OUT_10177,2024,6,DIST_C_02,SKU_09,5.5442489197622855,12197.372693668229,Invalid Outlet_ID
OUT_10177,2025,11,DIST_C_02,SKU_02,38.26422738355909,9693.567598686132,Invalid Outlet_ID
OUT_10530,2023,1,DIST_C_03,SKU_06,262.5256435488972,22052.11427323037,Invalid Outlet_ID
OUT_19330,2025,8,DIST_S_01,SKU_04,4.379741180343151,1423.4286014220083,Invalid Outlet_ID
OUT_08564,2024,10,DIST_W_02,SKU_06,335.65856583135513,28195.32472406786,Invalid Outlet_ID
OUT_10530,2023,8,DIST_C_03,SKU_01,41.35750081039495,12407.218788948425,Invalid Outlet_ID
OUT_15630,2023,10,DIST_NW_02,SKU_07,12.09906867730296,7864.373703926087,Invalid Outlet_ID
OUT_00090,2023,9,DIST_W_02,SKU_06,335.1804660829169,28155.17803705776,Invalid Outlet_ID
OUT_10530,2025,9,DIST_C_03,SKU_02,83.66376740135428,21194.780342898903,Invalid Outlet_ID
OUT_10177,2025,5,DIST_C_02,SKU_08,12.535255243906244,5515.513077458765,Invalid Outlet_ID
OUT_13998,2024,5,DIST_NW_01,SKU_08,59.16331388016843,26031.897554565592,Invalid Outlet_ID
OUT_01864,2025,9,DIST_W_01,SKU_04,10.250798017941296,3331.46127026314,Invalid Outlet_ID
OUT_17661,2023,9,DIST_S_02,SKU_08,28.917637113832345,12723.754107054605,Invalid Outlet_ID
OUT_17661,2024,9,DIST_S_02,SKU_07,59.86285769655322,38910.86557662548,Invalid Outlet_ID
OUT_19330,2023,12,DIST_S_01,SKU_10,5.89658122865578,2177.1941215011134,Invalid Outlet_ID
OUT_13998,2025,11,DIST_NW_01,SKU_04,48.038100379459216,15612.39638185527,Invalid Outlet_ID
OUT_06028,2024,11,DIST_W_03,SKU_01,17.25420519035351,4371.062299918841,Invalid Outlet_ID
OUT_00090,2023,9,DIST_W_02,SKU_08,23.949371131515868,10537.74397163931,Invalid Outlet_ID
OUT_15238,2023,6,DIST_NW_02,SKU_10,34.344218353721345,12680.929665810188,Invalid Outlet_ID
OUT_10530,2024,12,DIST_C_03,SKU_03,35.608894775480024,12463.078445038356,Invalid Outlet_ID
OUT_07259,2024,12,DIST_W_01,SKU_03,43.20024723389033,15120.074797302965,Invalid Outlet_ID
OUT_01864,2023,7,DIST_W_01,SKU_07,26.594235450111867,17286.248102460966,Invalid Outlet_ID
OUT_08723,2024,11,DIST_W_02,SKU_01,13.983473414103194,4195.058903790029,Invalid Outlet_ID
OUT_08564,2025,7,DIST_W_02,SKU_03,20.22106769993488,7077.324440598294,Invalid Outlet_ID
OUT_13998,2025,6,DIST_NW_01,SKU_04,41.26222647745367,13410.24367029847,Invalid Outlet_ID
OUT_00090,2023,5,DIST_W_02,SKU_07,35.74773276596614,23236.032666173032,Invalid Outlet_ID
OUT_10416,2024,4,DIST_C_01,SKU_10,6.219009872844454,2296.237204847937,Invalid Outlet_ID
OUT_02795,2024,8,DIST_W_02,SKU_01,4.103263562993456,1515.0404762957387,Invalid Outlet_ID
OUT_13998,2024,6,DIST_NW_01,SKU_05,120.02319681017832,10802.12762221081,Invalid Outlet_ID
OUT_00090,2025,6,DIST_W_02,SKU_09,9.568526411431336,21050.72214038715,Invalid Outlet_ID
OUT_12565,2024,10,DIST_C_02,SKU_01,16.364621505712527,4145.70379957527,Invalid Outlet_ID
OUT_10530,2023,5,DIST_C_03,SKU_09,14.870023953817736,32714.05213881167,Invalid Outlet_ID
OUT_13998,2025,3,DIST_NW_01,SKU_06,566.2074784214108,47561.39599357877,Invalid Outlet_ID
OUT_09014,2023,5,DIST_C_02,SKU_05,52.32866736839407,4709.563727898133,Invalid Outlet_ID
OUT_13998,2025,3,DIST_NW_01,SKU_10,34.95258977413577,12905.58756874403,Invalid Outlet_ID
OUT_19145,2024,9,DIST_S_01,SKU_08,5.854609126709143,2576.044332444324,Invalid Outlet_ID
OUT_03691,2024,1,DIST_W_01,SKU_05,11.31773732656072,1018.59132532189,Invalid Outlet_ID
OUT_00090,2024,1,DIST_W_02,SKU_03,23.89964490772676,8364.855995668846,Invalid Outlet_ID
OUT_16192,2025,2,DIST_NW_02,SKU_02,31.984395463899943,8102.737749421524,Invalid Outlet_ID
OUT_14745,2024,2,DIST_NW_01,SKU_03,10.294692530771547,3603.1806183517,Invalid Outlet_ID
OUT_13327,2024,4,DIST_NW_01,SKU_10,5.949162536164961,2196.565521494485,Invalid Outlet_ID
OUT_10229,2024,5,DIST_C_03,SKU_06,321.0472954330685,26968.00030699243,Invalid Outlet_ID
OUT_02862,2024,8,DIST_W_01,SKU_05,10.624089316491062,956.1380228032602,Invalid Outlet_ID
OUT_02389,2023,11,DIST_W_02,SKU_01,5.355133138155534,1740.392433292282,Invalid Outlet_ID
OUT_16192,2023,5,DIST_NW_02,SKU_05,21.205703993825257,1908.5451886985968,Invalid Outlet_ID
OUT_00090,2023,3,DIST_W_02,SKU_02,90.24369077350042,22861.70771855737,Invalid Outlet_ID
OUT_15238,2023,6,DIST_NW_02,SKU_04,50.56426601160183,16433.357815319767,Invalid Outlet_ID
OUT_13998,2023,5,DIST_NW_01,SKU_10,47.24212692304828,17443.244204179962,Invalid Outlet_ID
OUT_07259,2024,4,DIST_W_01,SKU_08,50.16521953817679,22072.68265256937,Invalid Outlet_ID
OUT_00090,2025,6,DIST_W_02,SKU_07,40.86209233907303,26560.38865274752,Invalid Outlet_ID
OUT_10530,2023,5,DIST_C_03,SKU_07,63.60790347640996,41345.11655211881,Invalid Outlet_ID
OUT_16192,2024,8,DIST_NW_02,SKU_04,10.85241366975759,3527.069635289337,Invalid Outlet_ID
OUT_07259,2025,2,DIST_W_01,SKU_01,26.45779018619731,7937.3536910332705,Invalid Outlet_ID
OUT_14462,2023,6,DIST_NW_02,SKU_08,11.597194922298604,5102.779682716963,Invalid Outlet_ID
OUT_10416,2024,7,DIST_C_01,SKU_08,6.137452013970504,2700.523724768934,Invalid Outlet_ID
OUT_18356,2023,12,DIST_S_02,SKU_02,24.42140171721126,6186.753508126901,Invalid Outlet_ID
OUT_08723,2024,7,DIST_W_02,SKU_10,8.869374830230726,3274.873668284703,Invalid Outlet_ID
OUT_10753,2024,6,DIST_C_02,SKU_02,18.81387605817364,4766.182253229533,Invalid Outlet_ID
OUT_13998,2025,7,DIST_NW_01,SKU_07,130.24772307024875,84661.06945718938,Invalid Outlet_ID
OUT_13998,2025,10,DIST_NW_01,SKU_09,30.024091399713928,66053.03584371683,Invalid Outlet_ID
OUT_17661,2023,1,DIST_S_02,SKU_08,42.54473219993803,18719.710707689224,Invalid Outlet_ID
OUT_13998,2023,11,DIST_NW_01,SKU_04,55.17688078168473,17932.46294913536,Invalid Outlet_ID
OUT_15238,2023,12,DIST_NW_02,SKU_07,172.99216409583136,112444.95040549016,Invalid Outlet_ID
OUT_17661,2025,11,DIST_S_02,SKU_08,31.607897168665524,13907.475781856636,Invalid Outlet_ID
OUT_15238,2024,11,DIST_NW_02,SKU_06,611.1615333164958,51337.59084500841,Invalid Outlet_ID
OUT_15238,2024,3,DIST_NW_02,SKU_01,58.77811807140064,17633.43410735027,Invalid Outlet_ID
OUT_03691,2025,4,DIST_W_01,SKU_07,17.297575672570453,11243.39741323628,Invalid Outlet_ID
OUT_09014,2023,11,DIST_C_02,SKU_03,25.283300719178165,8849.140383786793,Invalid Outlet_ID
OUT_14745,2023,3,DIST_NW_01,SKU_04,11.791743291784757,3832.334231216432,Invalid Outlet_ID
OUT_13998,2023,8,DIST_NW_01,SKU_08,67.66896679195393,29774.348241376643,Invalid Outlet_ID
OUT_15238,2024,7,DIST_NW_02,SKU_10,39.80902473585905,14698.68370775812,Invalid Outlet_ID
OUT_02426,2023,10,DIST_W_02,SKU_05,11.576756375771698,1041.902277548986,Invalid Outlet_ID
OUT_17812,2025,10,DIST_S_02,SKU_08,5.593003792037355,2460.9493324178275,Invalid Outlet_ID
OUT_15630,2023,10,DIST_NW_02,SKU_08,5.440636550448604,2393.8584345100503,Invalid Outlet_ID
OUT_03691,2024,3,DIST_W_01,SKU_06,66.68511789149206,5601.51119912018,Invalid Outlet_ID
OUT_02862,2024,8,DIST_W_01,SKU_10,3.801049014972532,1403.4878712607615,Invalid Outlet_ID
OUT_07259,2024,10,DIST_W_01,SKU_01,26.684944786997,8005.504815467778,Invalid Outlet_ID
OUT_15238,2023,11,DIST_NW_02,SKU_03,60.35734009160387,21125.0496413722,Invalid Outlet_ID
OUT_10530,2023,11,DIST_C_03,SKU_08,30.70409009856843,13509.816255697126,Invalid Outlet_ID
OUT_10530,2024,9,DIST_C_03,SKU_06,309.733713763784,26017.610694048275,Invalid Outlet_ID
OUT_15238,2024,1,DIST_NW_02,SKU_10,38.17386514882774,14094.94133210798,Invalid Outlet_ID
OUT_10530,2024,12,DIST_C_03,SKU_01,45.599514623167074,13679.845333551431,Invalid Outlet_ID
OUT_15238,2023,10,DIST_NW_02,SKU_01,62.35518664338041,18706.59719732652,Invalid Outlet_ID
OUT_02862,2025,8,DIST_W_01,SKU_08,6.306136338994172,2774.7256031466814,Invalid Outlet_ID
OUT_09014,2023,3,DIST_C_02,SKU_07,56.40759438960677,36664.90223150418,Invalid Outlet_ID
OUT_10229,2023,1,DIST_C_03,SKU_09,16.408978862883934,36099.777701946456,Invalid Outlet_ID
OUT_02389,2024,7,DIST_W_02,SKU_03,6.004957774817088,2101.697601806476,Invalid Outlet_ID
OUT_10530,2025,11,DIST_C_03,SKU_06,288.99064030750327,24275.20988822841,Invalid Outlet_ID
OUT_19145,2025,1,DIST_S_01,SKU_01,10.790574615331115,3237.1354150268166,Invalid Outlet_ID
OUT_02426,2024,5,DIST_W_02,SKU_05,7.646198923610951,688.1712140170778,Invalid Outlet_ID
OUT_02389,2024,7,DIST_W_02,SKU_04,5.633758027791038,1830.970141825681,Invalid Outlet_ID
OUT_17812,2025,12,DIST_S_02,SKU_04,8.271768193346983,2688.3412881749477,Invalid Outlet_ID
OUT_15238,2024,2,DIST_NW_02,SKU_01,62.97988804484351,18893.94760081612,Invalid Outlet_ID
OUT_14462,2024,6,DIST_NW_02,SKU_01,11.12803266599771,3338.418695766361,Invalid Outlet_ID
OUT_08564,2024,6,DIST_W_02,SKU_03,14.745282885665084,5160.824899073789,Invalid Outlet_ID
OUT_17499,2025,5,DIST_S_02,SKU_10,2.704578531987248,998.6632807085474,Invalid Outlet_ID
OUT_13998,2023,10,DIST_NW_01,SKU_08,60.0670597405106,26429.53939925937,Invalid Outlet_ID
OUT_17661,2025,5,DIST_S_02,SKU_07,40.74490736443845,26484.173932222355,Invalid Outlet_ID
OUT_15915,2023,11,DIST_NW_02,SKU_04,5.152458708048958,1674.5734040197544,Invalid Outlet_ID
OUT_14745,2025,11,DIST_NW_01,SKU_07,26.53637966489477,17248.6016199585,Invalid Outlet_ID
OUT_18356,2024,12,DIST_S_02,SKU_03,6.841184468757665,2394.4466342653154,Invalid Outlet_ID
OUT_10753,2023,8,DIST_C_02,SKU_01,9.4674412111003,2840.198496524336,Invalid Outlet_ID
OUT_14462,2025,12,DIST_NW_02,SKU_10,9.890104661196869,3651.683400045844,Invalid Outlet_ID
OUT_10229,2025,12,DIST_C_03,SKU_01,42.21699488853072,12665.050134425475,Invalid Outlet_ID
OUT_14745,2025,10,DIST_NW_01,SKU_10,8.621851768308709,3183.45325034537,Invalid Outlet_ID
OUT_13327,2025,1,DIST_NW_01,SKU_02,16.419762706554256,4159.672318187609,Invalid Outlet_ID
OUT_00090,2025,1,DIST_W_02,SKU_06,285.1092582995819,23949.197642848827,Invalid Outlet_ID
OUT_07259,2023,6,DIST_W_01,SKU_09,10.53706148949496,23181.49280077954,Invalid Outlet_ID
OUT_10229,2024,8,DIST_C_03,SKU_07,95.30498706091088,61948.22377846462,Invalid Outlet_ID
OUT_17661,2023,12,DIST_S_02,SKU_08,48.06849123277095,21150.122047596546,Invalid Outlet_ID
OUT_10177,2024,10,DIST_C_02,SKU_05,23.425734135635903,2108.285718876268,Invalid Outlet_ID
OUT_08564,2024,9,DIST_W_02,SKU_10,19.487422601025745,7195.372994585047,Invalid Outlet_ID
OUT_15238,2023,9,DIST_NW_02,SKU_07,132.70722023015028,86259.71417978963,Invalid Outlet_ID
OUT_19319,2024,1,DIST_S_02,SKU_10,9.9331624750231,3667.623591618028,Invalid Outlet_ID
OUT_08564,2023,11,DIST_W_02,SKU_02,97.52382587557686,24706.075228346435,Invalid Outlet_ID
OUT_10229,2023,2,DIST_C_03,SKU_09,13.672711150579278,30079.96455410253,Invalid Outlet_ID
OUT_11877,2024,11,DIST_C_01,SKU_02,16.26383595806533,4120.217239671499,Invalid Outlet_ID
OUT_13998,2025,8,DIST_NW_01,SKU_03,39.55656239814461,13844.785426622942,Invalid Outlet_ID
OUT_10416,2024,4,DIST_C_01,SKU_03,6.489232112510563,2271.2025232083543,Invalid Outlet_ID
OUT_02389,2023,11,DIST_W_02,SKU_05,14.111579820992992,1270.061162547915,Invalid Outlet_ID
OUT_17661,2025,4,DIST_S_02,SKU_05,93.04327239857687,8373.932796674395,Invalid Outlet_ID
OUT_19170,2024,7,DIST_S_02,SKU_04,5.220960813700521,1696.8356962015243,Invalid Outlet_ID
OUT_07259,2024,3,DIST_W_01,SKU_07,50.9304640290151,33104.77645692066,Invalid Outlet_ID
OUT_13998,2024,1,DIST_NW_01,SKU_09,28.18431244856549,62005.50695977484,Invalid Outlet_ID
OUT_08564,2023,9,DIST_W_02,SKU_02,90.48010758720628,22921.609521227805,Invalid Outlet_ID
OUT_10229,2023,2,DIST_C_03,SKU_04,24.470950646000805,7953.045062955443,Invalid Outlet_ID
OUT_02389,2023,12,DIST_W_02,SKU_06,93.34140431864029,7840.706993660703,Invalid Outlet_ID
OUT_15238,2025,5,DIST_NW_02,SKU_10,31.03904102686112,11460.60258647462,Invalid Outlet_ID
OUT_02389,2023,10,DIST_W_02,SKU_07,10.28043595741056,6682.287730721285,Invalid Outlet_ID
OUT_17661,2024,9,DIST_S_02,SKU_08,31.63270837717328,13918.433991431057,Invalid Outlet_ID
OUT_19145,2023,1,DIST_S_01,SKU_04,7.514941341411637,2442.321208047741,Invalid Outlet_ID
OUT_15238,2025,6,DIST_NW_02,SKU_05,117.98628415116598,10618.776581318982,Invalid Outlet_ID
OUT_19319,2024,1,DIST_S_02,SKU_04,13.191954375416566,4287.373013008449,Invalid Outlet_ID
OUT_08723,2024,10,DIST_W_02,SKU_08,12.700390064020596,5588.162057010653,Invalid Outlet_ID
OUT_03691,2025,12,DIST_W_01,SKU_01,86.39469992139027,7257.110841235503,Invalid Outlet_ID
OUT_07259,2024,10,DIST_W_01,SKU_10,17.813261496119498,6577.173913765043,Invalid Outlet_ID
OUT_13998,2024,1,DIST_NW_01,SKU_01,58.62004622007727,17585.965485464138,Invalid Outlet_ID
OUT_02426,2024,5,DIST_W_02,SKU_06,39.7439981241173,3338.518236200636,Invalid Outlet_ID
OUT_12565,2023,11,DIST_C_02,SKU_07,11.180565314751078,7267.381126866364,Invalid Outlet_ID
OUT_13998,2025,7,DIST_NW_01,SKU_06,614.1064714245024,51584.925062823735,Invalid Outlet_ID
OUT_06028,2025,6,DIST_W_03,SKU_10,2.6109034898078987,964.0321853502544,Invalid Outlet_ID
OUT_15238,2025,12,DIST_NW_02,SKU_07,197.12050439173785,128128.2969342361,Invalid Outlet_ID
OUT_10229,2025,3,DIST_C_03,SKU_03,29.391973046886086,10287.14480785774,Invalid Outlet_ID
OUT_10530,2023,10,DIST_C_03,SKU_08,25.91373325211994,11402.017025202147,Invalid Outlet_ID
OUT_06028,2024,1,DIST_W_03,SKU_08,4.821102511677095,2121.257237936462,Invalid Outlet_ID
OUT_09014,2023,8,DIST_C_02,SKU_09,21.583035746930207,47482.65178077035,Invalid Outlet_ID
OUT_18975,2025,11,DIST_S_01,SKU_03,9.11351010853756,3189.684773529689,Invalid Outlet_ID
OUT_14462,2024,5,DIST_NW_02,SKU_05,25.32749833910752,2279.486051811039,Invalid Outlet_ID
OUT_09014,2024,7,DIST_C_02,SKU_07,64.44179674854844,41887.15997399499,Invalid Outlet_ID
OUT_10177,2025,12,DIST_C_02,SKU_04,13.521947134904128,4394.658829462805,Invalid Outlet_ID
OUT_03691,2024,8,DIST_W_01,SKU_01,53.34272089729336,4480.812252166385,Invalid Outlet_ID
OUT_17174,2025,9,DIST_S_01,SKU_10,3.930318841834424,1451.2212545391128,Invalid Outlet_ID
OUT_14745,2024,2,DIST_NW_01,SKU_04,9.501208882211843,3087.9085844176298,Invalid Outlet_ID
OUT_13567,2023,11,DIST_NW_02,SKU_04,4.438351868284449,1442.4860961275788,Invalid Outlet_ID
OUT_14745,2024,1,DIST_NW_01,SKU_07,24.13490635219232,15687.643916798375,Invalid Outlet_ID
OUT_10530,2024,7,DIST_C_03,SKU_08,32.64995201866104,14365.986310378805,Invalid Outlet_ID
OUT_19145,2024,8,DIST_S_01,SKU_07,10.796692240824754,7017.839918124915,Invalid Outlet_ID
OUT_15238,2024,5,DIST_NW_02,SKU_09,29.65117570835916,65232.60572777689,Invalid Outlet_ID
OUT_08723,2023,6,DIST_W_02,SKU_02,21.20624127710068,5372.288322992014,Invalid Outlet_ID
OUT_17174,2025,12,DIST_S_01,SKU_01,6.633772615291662,2321.7939600835007,Invalid Outlet_ID
OUT_08564,2023,8,DIST_W_02,SKU_06,336.29704231556786,28248.937154752355,Invalid Outlet_ID
OUT_15238,2024,2,DIST_NW_02,SKU_07,118.4443303614268,76988.77228155223,Invalid Outlet_ID
OUT_18975,2024,12,DIST_S_01,SKU_10,12.993904544059108,4797.797768061359,Invalid Outlet_ID
OUT_00090,2025,10,DIST_W_02,SKU_04,21.22954437491737,6899.607419243468,Invalid Outlet_ID
OUT_08564,2024,8,DIST_W_02,SKU_10,19.302475765319404,7127.110429084714,Invalid Outlet_ID
OUT_07259,2023,2,DIST_W_01,SKU_02,100.35200808252632,25422.52199766555,Invalid Outlet_ID
OUT_17661,2023,5,DIST_S_02,SKU_06,205.458518383818,17258.55645819267,Invalid Outlet_ID
OUT_08564,2025,4,DIST_W_02,SKU_07,92.06327629916288,59841.14575650902,Invalid Outlet_ID
OUT_09014,2025,2,DIST_C_02,SKU_04,23.80647776820757,7737.098210251314,Invalid Outlet_ID
OUT_15238,2024,5,DIST_NW_02,SKU_02,200.02664306126195,50673.39007406122,Invalid Outlet_ID
OUT_15238,2025,3,DIST_NW_02,SKU_01,65.5598976702405,19667.93686638748,Invalid Outlet_ID
OUT_15238,2025,2,DIST_NW_02,SKU_04,49.01737505713638,15930.667900688124,Invalid Outlet_ID
OUT_18356,2024,3,DIST_S_02,SKU_08,5.720056672611042,2516.831180517779,Invalid Outlet_ID
OUT_13998,2023,4,DIST_NW_01,SKU_06,894.9482639344085,75175.65733747053,Invalid Outlet_ID
OUT_16192,2024,7,DIST_NW_02,SKU_09,6.103132821205763,13426.936023416,Invalid Outlet_ID
OUT_00090,2025,7,DIST_W_02,SKU_02,80.44016715196376,20378.17783679448,Invalid Outlet_ID
OUT_08564,2024,10,DIST_W_02,SKU_04,24.62393033676369,8002.744919950591,Invalid Outlet_ID
OUT_08564,2024,6,DIST_W_02,SKU_05,39.81091198201322,3582.969164143596,Invalid Outlet_ID
OUT_09014,2025,7,DIST_C_02,SKU_09,13.08554961394661,28788.2138017253,Invalid Outlet_ID
OUT_13327,2023,12,DIST_NW_01,SKU_03,7.108926804309542,2488.098305714868,Invalid Outlet_ID
OUT_08723,2023,9,DIST_W_02,SKU_05,22.78723568271943,2050.893161469756,Invalid Outlet_ID
OUT_10530,2023,1,DIST_C_03,SKU_10,20.71378722215368,7648.139837880719,Invalid Outlet_ID
OUT_18975,2025,2,DIST_S_01,SKU_04,14.658602881763006,4764.078890224356,Invalid Outlet_ID
OUT_01864,2025,12,DIST_W_01,SKU_07,34.01558508716277,22110.12040241264,Invalid Outlet_ID
OUT_08723,2025,12,DIST_W_02,SKU_09,7.985686594751653,17568.511325501513,Invalid Outlet_ID
OUT_08723,2025,12,DIST_W_02,SKU_10,12.055006679774516,4451.065829031159,Invalid Outlet_ID
OUT_10753,2025,1,DIST_C_02,SKU_03,4.0387344212719976,1413.5468001794798,Invalid Outlet_ID
OUT_00090,2025,8,DIST_W_02,SKU_03,24.664019831149265,8632.39998427356,Invalid Outlet_ID
OUT_18975,2024,12,DIST_S_01,SKU_05,34.315229848840985,3088.351900705888,Invalid Outlet_ID
OUT_10530,2023,12,DIST_C_03,SKU_06,454.0094789026067,38136.779372767145,Invalid Outlet_ID
OUT_01864,2025,8,DIST_W_01,SKU_09,5.799274802025899,12758.432440258406,Invalid Outlet_ID
OUT_14462,2024,4,DIST_NW_02,SKU_08,17.898375294307964,7875.247204177311,Invalid Outlet_ID
OUT_17661,2024,11,DIST_S_02,SKU_03,25.124876686633804,8793.703296803424,Invalid Outlet_ID
OUT_08723,2023,12,DIST_W_02,SKU_09,9.018927368608384,19841.59709441814,Invalid Outlet_ID
OUT_09014,2025,5,DIST_C_02,SKU_07,64.18207315228811,41718.326047256334,Invalid Outlet_ID
OUT_17661,2023,8,DIST_S_02,SKU_04,25.887392213770283,8413.367557670015,Invalid Outlet_ID
OUT_13998,2024,9,DIST_NW_01,SKU_10,43.48102190782708,16054.49955600644,Invalid Outlet_ID
OUT_09014,2023,3,DIST_C_02,SKU_06,285.5512522668336,23986.2650790744,Invalid Outlet_ID
OUT_14745,2023,8,DIST_NW_01,SKU_05,20.282529188221528,1825.4416881754576,Invalid Outlet_ID
OUT_10530,2025,9,DIST_C_03,SKU_10,19.81410958157462,7315.945286547957,Invalid Outlet_ID
OUT_15630,2025,5,DIST_NW_02,SKU_10,4.743849739683244,1751.5376615843245,Invalid Outlet_ID
OUT_11877,2025,3,DIST_C_01,SKU_08,5.057525741883659,2225.305853307245,Invalid Outlet_ID
OUT_08723,2023,8,DIST_W_02,SKU_10,6.881913664863271,2541.047711679276,Invalid Outlet_ID
OUT_07259,2025,12,DIST_W_01,SKU_03,35.78855678300314,12525.948255551357,Invalid Outlet_ID
OUT_02795,2024,7,DIST_W_02,SKU_02,17.513522102960543,4436.802435646514,Invalid Outlet_ID
OUT_09014,2023,11,DIST_C_02,SKU_01,33.60605682058152,10081.780848881655,Invalid Outlet_ID
OUT_13998,2025,12,DIST_NW_01,SKU_07,130.96904778013575,85129.8726326981,Invalid Outlet_ID
OUT_02426,2025,12,DIST_W_02,SKU_08,7.817123803034225,3439.49238430393,Invalid Outlet_ID
OUT_10229,2023,1,DIST_C_03,SKU_02,110.16860671735265,27909.4155190064,Invalid Outlet_ID
OUT_08723,2023,12,DIST_W_02,SKU_06,192.83723561459917,16198.367855848692,Invalid Outlet_ID
OUT_19319,2023,2,DIST_S_02,SKU_06,147.0885914858388,12355.405321831851,Invalid Outlet_ID
OUT_14745,2024,5,DIST_NW_01,SKU_02,35.26120273287272,8932.841585904698,Invalid Outlet_ID
OUT_09014,2025,12,DIST_C_02,SKU_07,86.54849686680134,56256.52888867208,Invalid Outlet_ID
OUT_10177,2023,3,DIST_C_02,SKU_03,7.602824800179121,2660.9563295549447,Invalid Outlet_ID
OUT_18975,2025,12,DIST_S_01,SKU_06,180.67389078305555,15176.6379868834,Invalid Outlet_ID
OUT_10416,2025,4,DIST_C_01,SKU_02,24.12149561117124,6110.745784081489,Invalid Outlet_ID
OUT_17661,2024,7,DIST_S_02,SKU_07,56.43622058808913,36683.566800436136,Invalid Outlet_ID
OUT_02862,2025,10,DIST_W_01,SKU_01,4.666427704780112,1633.2284349603362,Invalid Outlet_ID
OUT_01864,2024,8,DIST_W_01,SKU_01,11.135385482171356,3340.6640975710984,Invalid Outlet_ID
OUT_10177,2023,7,DIST_C_02,SKU_09,5.670684924863442,12475.532755018376,Invalid Outlet_ID
OUT_09014,2024,8,DIST_C_02,SKU_06,472.1082193916836,39657.04653236991,Invalid Outlet_ID
OUT_03691,2025,3,DIST_W_01,SKU_03,5.532795894841853,1936.5183461874456,Invalid Outlet_ID
OUT_17499,2025,9,DIST_S_02,SKU_03,4.918378600385023,1721.4465907109209,Invalid Outlet_ID
OUT_10416,2025,1,DIST_C_01,SKU_01,4.753752465220408,1544.9885310269012,Invalid Outlet_ID
OUT_15238,2025,8,DIST_NW_02,SKU_02,174.52263214427396,44212.40971061122,Invalid Outlet_ID
OUT_19170,2024,12,DIST_S_02,SKU_03,7.011243572651107,2453.8921165559354,Invalid Outlet_ID
OUT_15630,2023,3,DIST_NW_02,SKU_05,9.078196824234569,817.0468952746866,Invalid Outlet_ID
OUT_15238,2023,1,DIST_NW_02,SKU_06,587.5106163332814,49350.92512647769,Invalid Outlet_ID
OUT_17499,2023,7,DIST_S_02,SKU_08,6.051496076793882,2662.651095060718,Invalid Outlet_ID
OUT_15238,2024,1,DIST_NW_02,SKU_07,105.52055726695878,68588.37492749617,Invalid Outlet_ID
OUT_10530,2024,9,DIST_C_03,SKU_01,31.40526408245712,9421.621487819411,Invalid Outlet_ID
OUT_07259,2024,1,DIST_W_01,SKU_05,73.93955424519532,6654.566715368015,Invalid Outlet_ID
OUT_13998,2023,8,DIST_NW_01,SKU_07,116.96562780320704,76027.62848862167,Invalid Outlet_ID
OUT_19145,2025,1,DIST_S_01,SKU_03,6.216965539967159,2175.897918498446,Invalid Outlet_ID
OUT_15238,2023,10,DIST_NW_02,SKU_08,54.779165654288605,24102.84202043365,Invalid Outlet_ID
OUT_10177,2024,3,DIST_C_02,SKU_06,136.4833658845133,11464.56503926527,Invalid Outlet_ID
OUT_10530,2025,5,DIST_C_03,SKU_02,76.44045903298263,19364.95450517358,Invalid Outlet_ID
OUT_08564,2023,11,DIST_W_02,SKU_10,20.523478202117797,7577.863758167734,Invalid Outlet_ID
OUT_08723,2025,2,DIST_W_02,SKU_10,7.748389845982792,2860.9866098947346,Invalid Outlet_ID
OUT_10229,2024,5,DIST_C_03,SKU_10,21.66496778715637,7999.365269692955,Invalid Outlet_ID
OUT_00090,2025,6,DIST_W_02,SKU_06,195.4837232034096,16420.584902191753,Invalid Outlet_ID
OUT_13998,2024,5,DIST_NW_01,SKU_04,45.816443232205216,14890.32122141862,Invalid Outlet_ID
OUT_14462,2025,8,DIST_NW_02,SKU_02,30.52790768411068,7733.694476615209,Invalid Outlet_ID
OUT_10530,2023,5,DIST_C_03,SKU_04,28.043332208391355,9114.05972640285,Invalid Outlet_ID
OUT_17661,2025,4,DIST_S_02,SKU_10,30.974975817106834,11436.93360994449,Invalid Outlet_ID
OUT_19145,2025,12,DIST_S_01,SKU_01,8.117256584064949,3571.5566349751653,Invalid Outlet_ID
OUT_19145,2025,7,DIST_S_01,SKU_10,4.029498744324411,1487.8645998349057,Invalid Outlet_ID
OUT_10753,2024,8,DIST_C_02,SKU_06,95.03753799157212,7983.127301146352,Invalid Outlet_ID
OUT_13998,2025,6,DIST_NW_01,SKU_09,24.084645718873617,52986.261463588016,Invalid Outlet_ID
OUT_15238,2023,9,DIST_NW_02,SKU_01,68.03796461426934,20411.356299476163,Invalid Outlet_ID
OUT_09014,2025,6,DIST_C_02,SKU_08,31.071182392346397,13671.30596441129,Invalid Outlet_ID
OUT_01864,2025,2,DIST_W_01,SKU_07,22.8226325203977,14834.75620560436,Invalid Outlet_ID
OUT_08723,2025,11,DIST_W_02,SKU_10,8.414737161677794,3107.019697753007,Invalid Outlet_ID
OUT_14462,2025,8,DIST_NW_02,SKU_07,19.84023300459968,12896.179732338782,Invalid Outlet_ID
OUT_10753,2023,5,DIST_C_02,SKU_01,5.834391972250741,1750.282700493866,Invalid Outlet_ID
OUT_14462,2024,4,DIST_NW_02,SKU_10,12.446941074106512,4595.7600249582565,Invalid Outlet_ID
OUT_10530,2025,1,DIST_C_03,SKU_04,28.08265229476103,9126.84785533317,Invalid Outlet_ID
OUT_13998,2025,10,DIST_NW_01,SKU_02,148.0545340118953,37507.159283820016,Invalid Outlet_ID
OUT_02426,2025,12,DIST_W_02,SKU_03,7.278966967111248,2547.673852122513,Invalid Outlet_ID
OUT_15238,2024,4,DIST_NW_02,SKU_09,35.028097415251644,77061.84662063904,Invalid Outlet_ID
OUT_09014,2024,4,DIST_C_02,SKU_07,71.57355993010141,46522.81548690047,Invalid Outlet_ID
OUT_17499,2025,12,DIST_S_02,SKU_01,15.212436552997255,1369.1095874389578,Invalid Outlet_ID
OUT_15238,2024,10,DIST_NW_02,SKU_05,145.8748506399255,13128.781329083118,Invalid Outlet_ID
OUT_10416,2025,8,DIST_C_01,SKU_07,16.738482628540837,10879.9806549048,Invalid Outlet_ID
OUT_19319,2024,3,DIST_S_02,SKU_04,8.876302051622465,2884.8367217127648,Invalid Outlet_ID
OUT_10229,2023,12,DIST_C_03,SKU_01,44.13982630152412,13241.909262730584,Invalid Outlet_ID
OUT_15238,2025,8,DIST_NW_02,SKU_09,32.366389733608806,71206.09472839416,Invalid Outlet_ID
OUT_19170,2025,6,DIST_S_02,SKU_02,11.052617424021282,2800.022825475519,Invalid Outlet_ID
OUT_17661,2025,11,DIST_S_02,SKU_01,29.84202256965648,8952.625087254064,Invalid Outlet_ID
OUT_10530,2025,9,DIST_C_03,SKU_06,284.4566465113228,23894.31874457952,Invalid Outlet_ID
OUT_14745,2023,9,DIST_NW_01,SKU_10,8.641709086024123,3190.7854844115427,Invalid Outlet_ID
OUT_08564,2025,4,DIST_W_02,SKU_02,137.28275417391723,34778.297338046425,Invalid Outlet_ID
OUT_10177,2025,8,DIST_C_02,SKU_02,55.01357324194952,13936.80468002393,Invalid Outlet_ID
OUT_19319,2023,4,DIST_S_02,SKU_06,181.4327470047669,15240.319479946724,Invalid Outlet_ID
OUT_18975,2025,10,DIST_S_01,SKU_06,131.53027720001876,11048.50495320991,Invalid Outlet_ID
OUT_10530,2024,11,DIST_C_03,SKU_01,31.089070451528205,9326.73702334636,Invalid Outlet_ID
OUT_15238,2025,10,DIST_NW_02,SKU_03,38.42376559120789,13448.297058350494,Invalid Outlet_ID
OUT_09014,2024,6,DIST_C_02,SKU_02,79.40812122439367,20116.76942962208,Invalid Outlet_ID
OUT_10229,2024,5,DIST_C_03,SKU_02,85.60734447298616,21687.149708733563,Invalid Outlet_ID
OUT_15238,2023,7,DIST_NW_02,SKU_04,43.326645650663416,14081.193152549662,Invalid Outlet_ID
OUT_10229,2025,7,DIST_C_03,SKU_05,59.91083472094997,5391.951913987824,Invalid Outlet_ID
OUT_19170,2024,3,DIST_S_02,SKU_06,57.98468774703089,4870.724197866334,Invalid Outlet_ID
OUT_17499,2024,9,DIST_S_02,SKU_01,5.842916777319569,1752.8266158735516,Invalid Outlet_ID
OUT_15238,2024,12,DIST_NW_02,SKU_08,100.00477571405116,44002.06774048102,Invalid Outlet_ID
OUT_15238,2024,11,DIST_NW_02,SKU_03,55.00681285735148,19252.367901062127,Invalid Outlet_ID
OUT_13327,2025,6,DIST_NW_01,SKU_10,4.106052875169469,1516.0838276031748,Invalid Outlet_ID
OUT_01864,2025,12,DIST_W_01,SKU_05,29.909975313084924,2691.869882400986,Invalid Outlet_ID
OUT_00090,2025,5,DIST_W_02,SKU_06,184.23659228702775,15475.84793069372,Invalid Outlet_ID
OUT_03691,2023,8,DIST_W_01,SKU_05,10.911004219798428,982.023925496824,Invalid Outlet_ID
OUT_14745,2023,5,DIST_NW_01,SKU_01,10.094403242730262,3028.3008074044947,Invalid Outlet_ID
OUT_16360,2025,11,DIST_NW_01,SKU_06,59.3190538457859,4982.777370908479,Invalid Outlet_ID
OUT_10177,2025,12,DIST_C_02,SKU_03,15.214025061073997,5324.935965438672,Invalid Outlet_ID
OUT_10416,2025,5,DIST_C_01,SKU_09,3.086116446319405,6789.457658420178,Invalid Outlet_ID
OUT_12565,2025,6,DIST_C_02,SKU_03,4.902941681291804,1716.0489582122282,Invalid Outlet_ID
OUT_11877,2024,1,DIST_C_01,SKU_09,3.2092631201607347,7060.402616230439,Invalid Outlet_ID
OUT_10229,2025,2,DIST_C_03,SKU_10,19.246969715319697,7106.541429038642,Invalid Outlet_ID
OUT_08564,2025,2,DIST_W_02,SKU_07,67.14666435365531,43645.35234375918,Invalid Outlet_ID
OUT_17812,2025,10,DIST_S_02,SKU_02,21.41788555740537,5425.828836991655,Invalid Outlet_ID
OUT_17661,2024,6,DIST_S_02,SKU_05,31.41553602150437,2827.4272991187804,Invalid Outlet_ID
OUT_08564,2023,8,DIST_W_02,SKU_01,28.67500804764456,8602.494703375824,Invalid Outlet_ID
OUT_12014,2024,12,DIST_C_03,SKU_02,26.29594090978169,6661.633841287486,Invalid Outlet_ID
OUT_12014,2024,2,DIST_C_03,SKU_03,4.702188567303343,1645.7824831514922,Invalid Outlet_ID
OUT_18356,2024,3,DIST_S_02,SKU_02,17.396502936751762,4407.10826434198,Invalid Outlet_ID
OUT_14745,2023,3,DIST_NW_01,SKU_05,24.870385002416725,2238.323316143377,Invalid Outlet_ID
OUT_08564,2025,6,DIST_W_02,SKU_03,16.761672210619643,5866.539933896156,Invalid Outlet_ID
OUT_13998,2025,10,DIST_NW_01,SKU_05,124.48912151154242,11204.057046014566,Invalid Outlet_ID
OUT_13998,2024,5,DIST_NW_01,SKU_05,117.80890212745967,10602.822318994386,Invalid Outlet_ID
OUT_10229,2023,11,DIST_C_03,SKU_02,62.78182811176784,15904.74993381294,Invalid Outlet_ID
OUT_14462,2025,3,DIST_NW_02,SKU_02,38.39617240401117,9726.994852850028,Invalid Outlet_ID
OUT_12565,2024,5,DIST_C_02,SKU_06,67.94892529849923,5707.660038632156,Invalid Outlet_ID
OUT_13998,2025,5,DIST_NW_01,SKU_03,47.94076694829988,16779.242530813764,Invalid Outlet_ID
OUT_01864,2024,7,DIST_W_01,SKU_07,26.43594915387964,17183.395413704944,Invalid Outlet_ID
OUT_13998,2023,7,DIST_NW_01,SKU_10,40.45784434818916,14938.27426799226,Invalid Outlet_ID
OUT_10229,2023,3,DIST_C_03,SKU_04,23.731778568793462,7712.789466437081,Invalid Outlet_ID
OUT_14745,2023,1,DIST_NW_01,SKU_03,9.653668208026318,3378.807008689369,Invalid Outlet_ID
OUT_16192,2024,12,DIST_NW_02,SKU_02,57.74942289435067,14629.80622562876,Invalid Outlet_ID
OUT_07259,2024,8,DIST_W_01,SKU_01,25.953376704499966,7786.03602230598,Invalid Outlet_ID
OUT_15238,2024,6,DIST_NW_02,SKU_01,60.55783931380572,18167.307147594107,Invalid Outlet_ID
OUT_00090,2023,11,DIST_W_02,SKU_10,21.162671815930057,7813.884976228972,Invalid Outlet_ID
OUT_01864,2025,9,DIST_W_01,SKU_05,26.293126503214275,2366.400413798612,Invalid Outlet_ID
OUT_10753,2024,6,DIST_C_02,SKU_09,3.5767636187170213,7868.893956695083,Invalid Outlet_ID
OUT_10177,2023,3,DIST_C_02,SKU_02,37.06226825057482,9389.080094449726,Invalid Outlet_ID
OUT_17661,2025,7,DIST_S_02,SKU_06,315.50746065528426,26502.650751293644,Invalid Outlet_ID
OUT_15238,2023,5,DIST_NW_02,SKU_03,45.16946549747272,15809.27554774949,Invalid Outlet_ID
OUT_19145,2025,1,DIST_S_01,SKU_06,89.0506837758859,7480.278867161258,Invalid Outlet_ID
OUT_13998,2023,1,DIST_NW_01,SKU_08,64.31173276008535,28297.125488097576,Invalid Outlet_ID
OUT_07259,2024,11,DIST_W_01,SKU_03,20.883817529766475,7309.334555812622,Invalid Outlet_ID
OUT_17812,2025,10,DIST_S_02,SKU_04,5.01484642413125,1629.85930649487,Invalid Outlet_ID
OUT_08723,2024,9,DIST_W_02,SKU_06,94.07542425646324,7902.314638297367,Invalid Outlet_ID
OUT_08723,2025,10,DIST_W_02,SKU_05,21.140247630308863,1902.6469621724896,Invalid Outlet_ID
OUT_14462,2025,2,DIST_NW_02,SKU_08,9.535262894023182,4195.485108615076,Invalid Outlet_ID
OUT_07259,2023,9,DIST_W_01,SKU_10,19.61901848392893,7243.980845660199,Invalid Outlet_ID
OUT_00090,2023,8,DIST_W_02,SKU_06,309.53720910786734,26001.096642770943,Invalid Outlet_ID
OUT_17661,2024,1,DIST_S_02,SKU_09,19.38207333502626,42640.57681721954,Invalid Outlet_ID
OUT_16192,2024,3,DIST_NW_02,SKU_05,26.151135193216973,2353.6459316780038,Invalid Outlet_ID
OUT_02389,2023,10,DIST_W_02,SKU_08,6.227448163574799,2740.0956117156456,Invalid Outlet_ID
OUT_09014,2025,1,DIST_C_02,SKU_09,16.81459181558822,36992.058453812126,Invalid Outlet_ID
OUT_13998,2023,6,DIST_NW_01,SKU_09,30.280875854883643,66617.92418470001,Invalid Outlet_ID
OUT_13998,2024,10,DIST_NW_01,SKU_03,43.95483723446373,15384.163199793233,Invalid Outlet_ID
OUT_07259,2024,1,DIST_W_01,SKU_01,33.308909251573844,9992.639886406623,Invalid Outlet_ID
OUT_01864,2024,3,DIST_W_01,SKU_02,33.175999612423155,8404.610029276666,Invalid Outlet_ID
OUT_17661,2025,1,DIST_S_02,SKU_03,40.269257479556,14094.281908929514,Invalid Outlet_ID
OUT_00090,2024,3,DIST_W_02,SKU_08,28.506414745380443,12542.822604093422,Invalid Outlet_ID
OUT_10229,2024,7,DIST_C_03,SKU_04,24.81963223674782,8066.409552598965,Invalid Outlet_ID
OUT_10229,2023,10,DIST_C_03,SKU_02,86.33402904341446,21871.264360008245,Invalid Outlet_ID
OUT_00090,2023,3,DIST_W_02,SKU_09,13.203781748913858,29048.324690814035,Invalid Outlet_ID
OUT_17661,2024,3,DIST_S_02,SKU_08,30.651403911635885,13486.666923958554,Invalid Outlet_ID
OUT_19170,2025,10,DIST_S_02,SKU_08,5.11493648469504,2250.5436010273093,Invalid Outlet_ID
OUT_19170,2025,4,DIST_S_02,SKU_04,5.919764337289895,1923.9394950187868,Invalid Outlet_ID
OUT_10530,2024,3,DIST_C_03,SKU_09,14.888673333487391,32755.09663258324,Invalid Outlet_ID
OUT_12565,2025,6,DIST_C_02,SKU_05,14.154537638977178,1273.8964915254155,Invalid Outlet_ID
OUT_09014,2023,3,DIST_C_02,SKU_02,103.70569078610612,26272.12792389985,Invalid Outlet_ID
OUT_10530,2023,4,DIST_C_03,SKU_07,85.3034841518794,55447.220279453366,Invalid Outlet_ID
OUT_13998,2023,11,DIST_NW_01,SKU_01,64.14474196655365,19243.464984301,Invalid Outlet_ID
OUT_16192,2024,8,DIST_NW_02,SKU_05,28.712002457733654,2584.083637292788,Invalid Outlet_ID
OUT_09014,2024,10,DIST_C_02,SKU_01,27.32604491875691,8197.84831387862,Invalid Outlet_ID
OUT_07259,2023,9,DIST_W_01,SKU_04,23.72036744094024,7709.076902816741,Invalid Outlet_ID
OUT_14745,2025,9,DIST_NW_01,SKU_06,106.75373200109064,8967.31182860028,Invalid Outlet_ID
OUT_02426,2023,9,DIST_W_02,SKU_01,4.220494062592,1477.2215457442114,Invalid Outlet_ID
OUT_08564,2025,6,DIST_W_02,SKU_09,9.944449530033843,21877.80839188476,Invalid Outlet_ID
OUT_07259,2024,10,DIST_W_01,SKU_08,30.96961976138709,13626.600009520103,Invalid Outlet_ID
OUT_08564,2025,12,DIST_W_02,SKU_06,417.5350055362824,35072.894441734265,Invalid Outlet_ID
OUT_00090,2025,9,DIST_W_02,SKU_06,265.25297328560544,22281.252589848114,Invalid Outlet_ID
OUT_10530,2023,6,DIST_C_03,SKU_10,21.67259275920325,8002.206355268974,Invalid Outlet_ID
OUT_10530,2023,7,DIST_C_03,SKU_02,97.91725386922334,24805.73209454325,Invalid Outlet_ID
OUT_19319,2023,12,DIST_S_02,SKU_07,36.496291838836704,23722.578634586836,Invalid Outlet_ID
OUT_09014,2025,11,DIST_C_02,SKU_04,23.12119944221159,7514.390467387474,Invalid Outlet_ID
OUT_06028,2025,1,DIST_W_03,SKU_01,6.696072807817359,2008.8645067232565,Invalid Outlet_ID
OUT_14745,2024,10,DIST_NW_01,SKU_05,24.39323434921981,2195.409482317624,Invalid Outlet_ID
OUT_19330,2023,10,DIST_S_01,SKU_06,62.56733555105459,5255.63935767483,Invalid Outlet_ID
OUT_15238,2024,1,DIST_NW_02,SKU_02,187.1467836697105,47410.55981199257,Invalid Outlet_ID
OUT_11877,2025,8,DIST_C_01,SKU_05,18.167213227678747,1635.0599669943083,Invalid Outlet_ID
OUT_02426,2023,10,DIST_W_02,SKU_01,6.067154436389497,1820.1854984117103,Invalid Outlet_ID
OUT_08564,2025,7,DIST_W_02,SKU_04,20.405233515541788,6631.715091326073,Invalid Outlet_ID
OUT_15238,2024,7,DIST_NW_02,SKU_08,69.81149004782483,30717.043226538324,Invalid Outlet_ID
OUT_07259,2023,6,DIST_W_01,SKU_07,41.38107662183979,26897.655326557997,Invalid Outlet_ID
OUT_10229,2025,8,DIST_C_03,SKU_10,23.92242206610036,8832.863171701496,Invalid Outlet_ID
OUT_10229,2025,8,DIST_C_03,SKU_02,118.51260567403897,30023.19074143624,Invalid Outlet_ID
OUT_07259,2025,8,DIST_W_01,SKU_03,24.983558459932,8744.213914053427,Invalid Outlet_ID
OUT_01864,2023,10,DIST_W_01,SKU_06,117.31578731904736,9854.496865919848,Invalid Outlet_ID
OUT_10229,2025,5,DIST_C_03,SKU_04,27.639766045247768,8982.937529732204,Invalid Outlet_ID
OUT_17661,2025,4,DIST_S_02,SKU_03,34.88038312456814,12208.098617514455,Invalid Outlet_ID
OUT_02426,2024,12,DIST_W_02,SKU_02,25.83456384178121,6544.74930978936,Invalid Outlet_ID
OUT_13998,2023,4,DIST_NW_01,SKU_03,71.28092555166688,24948.331936320228,Invalid Outlet_ID
OUT_06028,2025,10,DIST_W_03,SKU_02,16.00812824055194,4055.402599943364,Invalid Outlet_ID
OUT_10530,2025,11,DIST_C_03,SKU_10,22.41705549475972,8277.01727770275,Invalid Outlet_ID
OUT_13998,2025,2,DIST_NW_01,SKU_06,596.9125123040417,50140.69179224432,Invalid Outlet_ID
OUT_11877,2024,11,DIST_C_01,SKU_03,4.467846725145027,1563.718397103485,Invalid Outlet_ID
OUT_17661,2024,10,DIST_S_02,SKU_03,22.41924210672616,7846.759903774784,Invalid Outlet_ID
OUT_13998,2024,12,DIST_NW_01,SKU_03,60.05300963083222,21018.520947160527,Invalid Outlet_ID
OUT_19330,2023,12,DIST_S_01,SKU_09,3.859424251299774,8490.720285178728,Invalid Outlet_ID
OUT_03691,2025,11,DIST_W_01,SKU_04,4.732761776327959,1538.1055144438687,Invalid Outlet_ID
OUT_07259,2024,7,DIST_W_01,SKU_10,20.60332734851656,7607.397095683463,Invalid Outlet_ID
OUT_10530,2025,11,DIST_C_03,SKU_01,29.936133176443427,8980.80933101873,Invalid Outlet_ID
OUT_01864,2023,3,DIST_W_01,SKU_07,24.08818268724462,15657.324375517706,Invalid Outlet_ID
OUT_09014,2023,6,DIST_C_02,SKU_04,22.995026931018288,7473.412730644984,Invalid Outlet_ID
OUT_10229,2023,11,DIST_C_03,SKU_09,13.884545785542926,30546.01094065201,Invalid Outlet_ID
OUT_10229,2023,10,DIST_C_03,SKU_05,60.40954418502993,5436.868213293951,Invalid Outlet_ID
OUT_02862,2023,3,DIST_W_01,SKU_05,10.621775668178026,956.0048277533708,Invalid Outlet_ID
OUT_08564,2025,3,DIST_W_02,SKU_10,21.08656559860343,7785.788820383055,Invalid Outlet_ID
OUT_19330,2023,12,DIST_S_01,SKU_05,17.242378067786284,1551.8229594189136,Invalid Outlet_ID
OUT_10530,2025,6,DIST_C_03,SKU_06,362.0100062106352,30408.838975670915,Invalid Outlet_ID
OUT_09014,2023,6,DIST_C_02,SKU_05,58.13802714849013,5232.433541138036,Invalid Outlet_ID
OUT_12014,2024,12,DIST_C_03,SKU_10,5.637544617886688,2081.593227728657,Invalid Outlet_ID
OUT_10177,2023,6,DIST_C_02,SKU_05,20.816920518846967,1873.5004608427007,Invalid Outlet_ID
OUT_00090,2023,7,DIST_W_02,SKU_07,66.4567102871949,43196.83633833422,Invalid Outlet_ID
OUT_12565,2023,6,DIST_C_02,SKU_06,54.77495194822024,4601.114748313522,Invalid Outlet_ID
OUT_10530,2024,11,DIST_C_03,SKU_10,18.383512676759747,6787.764408961092,Invalid Outlet_ID
OUT_09014,2023,11,DIST_C_02,SKU_02,96.27273845213016,24389.069366328476,Invalid Outlet_ID
OUT_18356,2024,2,DIST_S_02,SKU_06,86.12667210136374,7234.663341799092,Invalid Outlet_ID
OUT_00090,2023,5,DIST_W_02,SKU_08,20.547200918373505,9040.772561891876,Invalid Outlet_ID
OUT_15238,2024,8,DIST_NW_02,SKU_02,176.29784832355455,44662.10719267768,Invalid Outlet_ID
OUT_03691,2024,12,DIST_W_01,SKU_09,4.952895286848283,10896.37029294404,Invalid Outlet_ID
OUT_18356,2025,4,DIST_S_02,SKU_09,4.38219368694494,9640.874960059433,Invalid Outlet_ID
OUT_07259,2024,6,DIST_W_01,SKU_03,16.91009774138832,5918.53433178546,Invalid Outlet_ID
OUT_10753,2023,8,DIST_C_02,SKU_02,23.217635186302758,5881.794957681554,Invalid Outlet_ID
OUT_08564,2023,9,DIST_W_02,SKU_07,65.55584483138983,42611.26247684826,Invalid Outlet_ID
OUT_13567,2024,1,DIST_NW_02,SKU_08,4.853818438379118,2135.6563391767763,Invalid Outlet_ID
OUT_01864,2024,8,DIST_W_01,SKU_09,6.318750728024407,13901.225044818624,Invalid Outlet_ID
OUT_19319,2025,2,DIST_S_02,SKU_09,9.121955258568455,20068.265212626386,Invalid Outlet_ID
OUT_10229,2023,7,DIST_C_03,SKU_06,321.5796987483489,27012.670088345185,Invalid Outlet_ID
OUT_19145,2023,3,DIST_S_01,SKU_10,3.5824292011952883,1322.7413017017832,Invalid Outlet_ID
OUT_13998,2025,11,DIST_NW_01,SKU_09,33.26983060174959,73193.58033260614,Invalid Outlet_ID
OUT_01864,2024,10,DIST_W_01,SKU_01,13.07015429114104,3921.002797684828,Invalid Outlet_ID
OUT_13567,2025,1,DIST_NW_02,SKU_02,17.17713313793252,4351.502148370311,Invalid Outlet_ID
OUT_10530,2024,7,DIST_C_03,SKU_10,19.49082603979763,7196.6424219975615,Invalid Outlet_ID
OUT_03691,2024,7,DIST_W_01,SKU_02,20.08157569329741,5087.310148677142,Invalid Outlet_ID
OUT_12565,2024,1,DIST_C_02,SKU_01,6.136657856206723,1840.981722514346,Invalid Outlet_ID
OUT_18356,2023,2,DIST_S_02,SKU_04,7.52810222961172,2446.659765500776,Invalid Outlet_ID
OUT_08564,2023,10,DIST_W_02,SKU_03,25.452299093236583,8908.263763697061,Invalid Outlet_ID
OUT_08723,2025,4,DIST_W_02,SKU_04,12.250948477695026,3981.562436677837,Invalid Outlet_ID
OUT_08564,2024,8,DIST_W_02,SKU_04,23.99197753897803,7797.403347421718,Invalid Outlet_ID
OUT_19319,2023,12,DIST_S_02,SKU_10,10.518044544724592,3883.537085527272,Invalid Outlet_ID
OUT_10416,2024,4,DIST_C_01,SKU_09,4.936670015422072,10860.664313925949,Invalid Outlet_ID
OUT_13998,2023,10,DIST_NW_01,SKU_07,129.36258746689705,84085.67522285586,Invalid Outlet_ID
OUT_08564,2024,8,DIST_W_02,SKU_08,30.33629714817406,13347.968315380109,Invalid Outlet_ID
OUT_15238,2023,6,DIST_NW_02,SKU_07,103.98193425177044,67588.25591663951,Invalid Outlet_ID
OUT_17661,2025,1,DIST_S_02,SKU_04,38.043841328889286,12364.20020026566,Invalid Outlet_ID
OUT_08564,2024,3,DIST_W_02,SKU_04,23.3870344533279,7600.741966776761,Invalid Outlet_ID
OUT_02862,2024,12,DIST_W_01,SKU_10,5.755724041625857,2125.2401573331526,Invalid Outlet_ID
OUT_10229,2025,3,DIST_C_03,SKU_06,289.93451051847273,24354.50672982483,Invalid Outlet_ID
OUT_14462,2025,2,DIST_NW_02,SKU_09,6.044052230479971,13296.915023863376,Invalid Outlet_ID
OUT_10229,2023,7,DIST_C_03,SKU_03,23.38991498518783,8186.508945553311,Invalid Outlet_ID
OUT_08564,2025,9,DIST_W_02,SKU_08,34.79657044826082,15310.50676648355,Invalid Outlet_ID
OUT_02389,2024,2,DIST_W_02,SKU_09,2.8930403236257014,6364.703636123845,Invalid Outlet_ID
OUT_10530,2025,10,DIST_C_03,SKU_08,29.181398935709097,12839.835389933873,Invalid Outlet_ID
OUT_09014,2025,1,DIST_C_02,SKU_10,21.79640798264269,8047.868414615988,Invalid Outlet_ID
OUT_16192,2023,12,DIST_NW_02,SKU_09,8.584909625179822,18886.837188504272,Invalid Outlet_ID
OUT_15238,2025,3,DIST_NW_02,SKU_05,133.86361186045494,12047.748473582044,Invalid Outlet_ID
OUT_16192,2023,4,DIST_NW_02,SKU_09,9.318413421868753,20500.55392407321,Invalid Outlet_ID
OUT_17812,2025,4,DIST_S_02,SKU_08,7.906564594124569,3478.839071407171,Invalid Outlet_ID
OUT_08723,2025,3,DIST_W_02,SKU_08,10.156945331042648,4469.015663982419,Invalid Outlet_ID
OUT_08723,2025,3,DIST_W_02,SKU_02,31.67584377393188,8024.567331956006,Invalid Outlet_ID
OUT_02389,2024,9,DIST_W_02,SKU_03,5.034042989554571,1761.8730961087747,Invalid Outlet_ID
OUT_03691,2025,1,DIST_W_01,SKU_05,13.481087715398148,1213.28713719013,Invalid Outlet_ID
OUT_02862,2024,12,DIST_W_01,SKU_02,27.21968982390856,6895.647526759567,Invalid Outlet_ID
OUT_18975,2023,1,DIST_S_01,SKU_09,8.037198845886769,17681.86014410373,Invalid Outlet_ID
OUT_08564,2025,7,DIST_W_02,SKU_06,286.1553809077758,24037.050574842837,Invalid Outlet_ID
OUT_02795,2024,8,DIST_W_02,SKU_02,15.89803227592389,4027.506102539669,Invalid Outlet_ID
OUT_10530,2023,1,DIST_C_03,SKU_01,26.18710170894309,7856.1373784571,Invalid Outlet_ID
OUT_00090,2024,8,DIST_W_02,SKU_03,25.353163583026543,8873.64476597999,Invalid Outlet_ID
OUT_10530,2025,12,DIST_C_03,SKU_09,26.308584446579868,57878.88343745465,Invalid Outlet_ID
OUT_08564,2025,2,DIST_W_02,SKU_05,66.27970699713016,5965.157199237071,Invalid Outlet_ID
OUT_10416,2024,8,DIST_C_01,SKU_04,6.195337257919618,2013.506082202322,Invalid Outlet_ID
OUT_15238,2023,10,DIST_NW_02,SKU_02,170.14118291560467,43102.3910447644,Invalid Outlet_ID
OUT_08564,2025,6,DIST_W_02,SKU_07,39.57495019830825,25723.702352166736,Invalid Outlet_ID
OUT_14745,2023,3,DIST_NW_01,SKU_06,125.6152086584564,10551.639053024624,Invalid Outlet_ID
OUT_10530,2024,5,DIST_C_03,SKU_10,16.88307603970412,6233.725468497606,Invalid Outlet_ID
OUT_09014,2024,6,DIST_C_02,SKU_07,61.785924740956816,40160.88675946179,Invalid Outlet_ID
OUT_13998,2025,10,DIST_NW_01,SKU_03,43.708530202179965,15297.937910016642,Invalid Outlet_ID
OUT_10530,2023,10,DIST_C_03,SKU_05,53.689243098398485,4832.079719059445,Invalid Outlet_ID
OUT_10530,2025,11,DIST_C_03,SKU_05,55.62025075785871,5005.853504982331,Invalid Outlet_ID
OUT_13998,2025,9,DIST_NW_01,SKU_10,46.04024384517623,16999.48805346607,Invalid Outlet_ID
OUT_00090,2024,12,DIST_W_02,SKU_09,20.769558802733336,45693.02340953036,Invalid Outlet_ID
OUT_17661,2024,10,DIST_S_02,SKU_08,23.15643517395412,10188.787302621511,Invalid Outlet_ID
OUT_14462,2023,3,DIST_NW_02,SKU_09,6.231234675162212,13708.693836182529,Invalid Outlet_ID
OUT_08564,2025,12,DIST_W_02,SKU_03,32.9667912185651,11538.426452669351,Invalid Outlet_ID
OUT_19330,2023,10,DIST_S_01,SKU_01,13.501959147940996,1215.1961759827236,Invalid Outlet_ID
OUT_16192,2023,2,DIST_NW_02,SKU_01,12.398898756069382,3719.6408393519073,Invalid Outlet_ID
OUT_16192,2023,2,DIST_NW_02,SKU_05,26.07413493256612,2346.6911354732483,Invalid Outlet_ID
OUT_10229,2023,5,DIST_C_03,SKU_10,21.17883842577313,7819.907075078531,Invalid Outlet_ID
OUT_08723,2024,9,DIST_W_02,SKU_10,8.358075335368946,3086.068324057605,Invalid Outlet_ID
OUT_16192,2023,6,DIST_NW_02,SKU_03,8.753592657616982,3063.7144854037488,Invalid Outlet_ID
OUT_09014,2025,4,DIST_C_02,SKU_10,32.38004764380269,11955.722284536792,Invalid Outlet_ID
OUT_02426,2025,12,DIST_W_02,SKU_02,27.06629890420528,6856.828348601745,Invalid Outlet_ID
OUT_17661,2023,8,DIST_S_02,SKU_08,26.302159121197857,11572.985135532072,Invalid Outlet_ID
OUT_10530,2024,8,DIST_C_03,SKU_04,31.006958115356102,10077.288083389043,Invalid Outlet_ID
OUT_16192,2024,7,DIST_NW_02,SKU_06,104.19015604772548,8751.971399432288,Invalid Outlet_ID
OUT_10530,2024,11,DIST_C_03,SKU_07,53.99639362105896,35097.69955547988,Invalid Outlet_ID
OUT_01864,2023,1,DIST_W_01,SKU_03,10.1810410163433,3563.3184898440736,Invalid Outlet_ID
OUT_10416,2023,6,DIST_C_01,SKU_06,59.76297835678457,5020.072050153737,Invalid Outlet_ID
OUT_13998,2024,9,DIST_NW_01,SKU_07,105.54342642240256,68603.24781231461,Invalid Outlet_ID
OUT_13998,2025,7,DIST_NW_01,SKU_05,121.26514725473312,10913.867473996535,Invalid Outlet_ID
OUT_08564,2024,5,DIST_W_02,SKU_02,54.14648973513638,13717.152386812862,Invalid Outlet_ID
OUT_13998,2024,10,DIST_NW_01,SKU_02,175.84462456477775,44547.3143521323,Invalid Outlet_ID
OUT_18975,2024,8,DIST_S_01,SKU_06,122.32322019661758,10275.183213071776,Invalid Outlet_ID
OUT_13998,2025,9,DIST_NW_01,SKU_05,96.75006089229431,8707.472388486167,Invalid Outlet_ID
OUT_19319,2023,7,DIST_S_02,SKU_06,108.70589104692496,9131.31218950363,Invalid Outlet_ID
OUT_17661,2024,1,DIST_S_02,SKU_03,36.23920572404919,12683.680110619416,Invalid Outlet_ID
OUT_10753,2024,7,DIST_C_02,SKU_10,3.8038787915719774,1404.5483975217237,Invalid Outlet_ID
OUT_08564,2025,6,DIST_W_02,SKU_10,12.35334314596045,4561.273755872331,Invalid Outlet_ID
OUT_19170,2025,6,DIST_S_02,SKU_04,2.7350385946232216,888.9071531448556,Invalid Outlet_ID
OUT_11877,2024,6,DIST_C_01,SKU_04,5.182660577656644,1684.4017873714097,Invalid Outlet_ID
OUT_09014,2023,7,DIST_C_02,SKU_06,350.63500027358464,29453.38180035805,Invalid Outlet_ID
OUT_10229,2024,8,DIST_C_03,SKU_10,28.732536976047072,10608.977233526182,Invalid Outlet_ID
OUT_10530,2024,6,DIST_C_03,SKU_02,94.26057862482564,23879.39475861397,Invalid Outlet_ID
OUT_07259,2023,8,DIST_W_01,SKU_02,94.7848479945379,24012.199823260096,Invalid Outlet_ID
OUT_17661,2024,1,DIST_S_02,SKU_01,35.28033941855521,10584.129736498278,Invalid Outlet_ID
OUT_15630,2025,6,DIST_NW_02,SKU_08,5.897615135361092,2594.907629772402,Invalid Outlet_ID
OUT_02862,2023,8,DIST_W_01,SKU_05,12.472158645488667,1122.5277977257877,Invalid Outlet_ID
OUT_17499,2024,1,DIST_S_02,SKU_03,7.316727804741861,2560.881583960072,Invalid Outlet_ID
OUT_10229,2023,8,DIST_C_03,SKU_10,25.159791922187637,9289.740869035615,Invalid Outlet_ID
OUT_17174,2023,4,DIST_S_01,SKU_01,8.114331164625362,2434.316848879759,Invalid Outlet_ID
OUT_14462,2023,2,DIST_NW_02,SKU_01,12.496095625295943,3748.790089773355,Invalid Outlet_ID
OUT_13327,2024,10,DIST_NW_01,SKU_06,56.00703163342962,4704.601810285405,Invalid Outlet_ID
OUT_00090,2023,3,DIST_W_02,SKU_07,52.39373022341178,34055.91086498959,Invalid Outlet_ID
OUT_17499,2024,12,DIST_S_02,SKU_01,7.218999977134544,2165.665265129175,Invalid Outlet_ID
OUT_07259,2025,4,DIST_W_01,SKU_10,27.15012682761633,10024.677109658323,Invalid Outlet_ID
OUT_19145,2023,3,DIST_S_01,SKU_04,4.40176356578161,1430.5558951827195,Invalid Outlet_ID
OUT_15238,2025,7,DIST_NW_02,SKU_08,57.552414280923855,25323.026492867048,Invalid Outlet_ID
OUT_13998,2024,5,DIST_NW_01,SKU_06,516.9294593803826,43422.07893944692,Invalid Outlet_ID
OUT_14462,2023,3,DIST_NW_02,SKU_10,7.1218181806910685,2629.602577529832,Invalid Outlet_ID
OUT_00090,2025,5,DIST_W_02,SKU_01,19.917641724305696,5975.296893586137,Invalid Outlet_ID
OUT_10229,2025,3,DIST_C_03,SKU_10,18.02697100935524,6656.098406930033,Invalid Outlet_ID
OUT_13998,2025,2,DIST_NW_01,SKU_01,52.49809281649965,15749.420841494228,Invalid Outlet_ID
OUT_06028,2025,1,DIST_W_03,SKU_09,3.269334812451457,7192.534011001266,Invalid Outlet_ID
OUT_01864,2023,1,DIST_W_01,SKU_04,8.766551981498242,2849.123339078168,Invalid Outlet_ID
OUT_14462,2024,1,DIST_NW_02,SKU_07,28.00954106463966,18206.20211436929,Invalid Outlet_ID
OUT_10229,2023,8,DIST_C_03,SKU_03,36.577535040242616,12802.094648225093,Invalid Outlet_ID
OUT_10229,2023,7,DIST_C_03,SKU_04,26.09816295450402,8481.902160115018,Invalid Outlet_ID
OUT_08723,2023,11,DIST_W_02,SKU_02,43.60897359502042,11047.614953060602,Invalid Outlet_ID
OUT_07259,2024,5,DIST_W_01,SKU_03,16.467036141952317,5763.495894708944,Invalid Outlet_ID
OUT_15238,2023,2,DIST_NW_02,SKU_05,121.08348032694973,10897.547574538245,Invalid Outlet_ID
OUT_11877,2025,12,DIST_C_01,SKU_06,90.64267449354794,7614.0067303563665,Invalid Outlet_ID
OUT_13998,2025,8,DIST_NW_01,SKU_01,61.23763061025319,18371.30939930693,Invalid Outlet_ID
OUT_06028,2023,7,DIST_W_03,SKU_02,20.91737539487937,5299.0935221503805,Invalid Outlet_ID
OUT_16192,2024,7,DIST_NW_02,SKU_08,12.279114631356624,5402.786132338583,Invalid Outlet_ID
OUT_08564,2023,8,DIST_W_02,SKU_10,23.058843053779995,8514.032495443626,Invalid Outlet_ID
OUT_00090,2023,5,DIST_W_02,SKU_02,70.89605480453113,17960.328522324726,Invalid Outlet_ID
OUT_13998,2025,11,DIST_NW_01,SKU_08,64.14493180546428,28223.7564823123,Invalid Outlet_ID
OUT_13327,2025,5,DIST_NW_01,SKU_01,5.852445520129553,1755.7472399860708,Invalid Outlet_ID
OUT_09014,2024,11,DIST_C_02,SKU_03,25.899859582084463,9064.943230405772,Invalid Outlet_ID
OUT_10416,2025,8,DIST_C_01,SKU_04,7.789222796860995,2531.5401998011043,Invalid Outlet_ID
OUT_15238,2023,6,DIST_NW_02,SKU_02,133.71316460579513,33874.036828237295,Invalid Outlet_ID
OUT_18356,2025,10,DIST_S_02,SKU_03,5.096550711651332,1783.791800077364,Invalid Outlet_ID
OUT_09014,2025,10,DIST_C_02,SKU_07,66.47052545831316,43205.79916197284,Invalid Outlet_ID
OUT_18356,2024,12,DIST_S_02,SKU_08,8.649702593166747,3805.892645373348,Invalid Outlet_ID
OUT_08723,2025,3,DIST_W_02,SKU_10,8.332877692732072,3076.763387266771,Invalid Outlet_ID
OUT_10416,2025,8,DIST_C_01,SKU_05,16.620388636597482,1495.819337672971,Invalid Outlet_ID
OUT_15238,2023,3,DIST_NW_02,SKU_01,70.96384742104306,21289.1101510514,Invalid Outlet_ID
OUT_13998,2025,5,DIST_NW_01,SKU_01,54.98387706696735,16495.174472734216,Invalid Outlet_ID
OUT_19170,2025,12,DIST_S_02,SKU_02,27.051660103544368,6853.065114491478,Invalid Outlet_ID
OUT_08564,2024,9,DIST_W_02,SKU_03,16.24899597159888,5687.125269105052,Invalid Outlet_ID
OUT_19145,2025,2,DIST_S_01,SKU_01,7.557810201211395,2267.387223213639,Invalid Outlet_ID
OUT_11877,2023,6,DIST_C_01,SKU_01,5.925271083531215,1777.5316971550385,Invalid Outlet_ID
OUT_16192,2023,1,DIST_NW_02,SKU_02,40.31949844373355,10214.257559417463,Invalid Outlet_ID
OUT_19319,2025,2,DIST_S_02,SKU_04,11.979461817818006,3893.327407345125,Invalid Outlet_ID
OUT_10229,2024,1,DIST_C_03,SKU_08,32.944736881238406,14495.664955722825,Invalid Outlet_ID
OUT_10177,2023,3,DIST_C_02,SKU_09,5.250464693480913,11551.005637419485,Invalid Outlet_ID
OUT_15238,2023,8,DIST_NW_02,SKU_05,119.57973431137232,10762.19914625543,Invalid Outlet_ID
OUT_06028,2023,7,DIST_W_03,SKU_04,5.779535005007358,1878.3126547473876,Invalid Outlet_ID
OUT_19145,2024,12,DIST_S_01,SKU_01,30.778877419442463,7797.317187725545,Invalid Outlet_ID
OUT_19319,2024,5,DIST_S_02,SKU_05,16.030291503580003,1442.6922324771017,Invalid Outlet_ID
OUT_00090,2023,10,DIST_W_02,SKU_05,66.58785243887763,5992.8749390256,Invalid Outlet_ID
OUT_15238,2025,2,DIST_NW_02,SKU_03,-46.3336152993616,-16216.783532930933,Invalid Outlet_ID
OUT_08564,2024,4,DIST_W_02,SKU_03,37.39529169409119,13088.356149824896,Invalid Outlet_ID
OUT_10229,2023,2,DIST_C_03,SKU_08,34.262467750761026,15075.470559853366,Invalid Outlet_ID
OUT_15238,2025,8,DIST_NW_02,SKU_08,60.92041392474463,26804.94337589589,Invalid Outlet_ID
OUT_00090,2023,7,DIST_W_02,SKU_06,278.04399016693867,23355.683942968997,Invalid Outlet_ID
OUT_08723,2024,9,DIST_W_02,SKU_07,19.838754273369045,12895.202307271298,Invalid Outlet_ID
OUT_19330,2025,10,DIST_S_01,SKU_06,53.884827152943686,4526.355669297106,Invalid Outlet_ID
OUT_15238,2024,3,DIST_NW_02,SKU_04,42.8674496796296,13931.933417628376,Invalid Outlet_ID
OUT_08564,2024,3,DIST_W_02,SKU_02,101.31991287628384,25667.755246219964,Invalid Outlet_ID
OUT_02862,2024,8,DIST_W_01,SKU_07,13.42016117947976,8723.092705055797,Invalid Outlet_ID
OUT_15238,2023,5,DIST_NW_02,SKU_04,49.44322403551599,16069.048026698068,Invalid Outlet_ID
OUT_17661,2023,8,DIST_S_02,SKU_06,296.483871602814,24904.63465783061,Invalid Outlet_ID
OUT_17174,2025,8,DIST_S_01,SKU_08,5.479923568185042,2411.1974866814235,Invalid Outlet_ID
OUT_16192,2023,1,DIST_NW_02,SKU_03,10.713619099538429,3749.7203981702455,Invalid Outlet_ID
OUT_15630,2023,11,DIST_NW_02,SKU_02,18.031311116673507,4567.978422094307,Invalid Outlet_ID
OUT_18975,2025,11,DIST_S_01,SKU_07,20.503366737168367,13327.201218430831,Invalid Outlet_ID
OUT_08564,2024,9,DIST_W_02,SKU_05,54.12143552861458,4870.933151985171,Invalid Outlet_ID
OUT_17661,2024,10,DIST_S_02,SKU_01,27.8915357799148,8367.430484364308,Invalid Outlet_ID
OUT_13998,2023,6,DIST_NW_01,SKU_02,171.52709520871096,43453.49164923765,Invalid Outlet_ID
OUT_13998,2023,6,DIST_NW_01,SKU_03,49.99375809312068,17497.83025529794,Invalid Outlet_ID
OUT_13998,2023,12,DIST_NW_01,SKU_02,226.6395921303753,57415.3202413007,Invalid Outlet_ID
OUT_13567,2023,11,DIST_NW_02,SKU_10,4.3288444077478285,1598.3163614505215,Invalid Outlet_ID
OUT_10229,2023,8,DIST_C_03,SKU_01,41.57243640883105,12471.77705061106,Invalid Outlet_ID
OUT_07259,2025,1,DIST_W_01,SKU_04,23.730887685091112,7712.570914794106,Invalid Outlet_ID
OUT_14745,2025,10,DIST_NW_01,SKU_08,11.958002948336285,5261.566343974799,Invalid Outlet_ID
OUT_15238,2023,12,DIST_NW_02,SKU_10,63.53719991781984,23459.916934185298,Invalid Outlet_ID
OUT_16192,2025,3,DIST_NW_02,SKU_08,12.123725739823914,5334.465656595715,Invalid Outlet_ID
OUT_18975,2024,10,DIST_S_01,SKU_07,26.259620893040584,17068.70681195492,Invalid Outlet_ID
OUT_19319,2025,2,DIST_S_02,SKU_03,11.593081412109346,4057.5707805191546,Invalid Outlet_ID
OUT_10416,2024,2,DIST_C_01,SKU_07,11.969749520985228,7780.304186178399,Invalid Outlet_ID
OUT_03691,2025,3,DIST_W_01,SKU_02,19.758817255489877,5005.589452686472,Invalid Outlet_ID
OUT_13998,2023,5,DIST_NW_01,SKU_01,62.64011024142896,18791.995954605794,Invalid Outlet_ID
OUT_07259,2023,8,DIST_W_01,SKU_06,347.3355839711425,29176.18549267232,Invalid Outlet_ID
OUT_19330,2023,1,DIST_S_01,SKU_08,7.450090110946733,3278.0163115335463,Invalid Outlet_ID
OUT_17661,2023,9,DIST_S_02,SKU_05,67.42161683157201,6067.918313500004,Invalid Outlet_ID
OUT_19319,2023,9,DIST_S_02,SKU_10,8.429560181177912,3112.457835499482,Invalid Outlet_ID
OUT_07259,2025,12,DIST_W_01,SKU_10,25.664679199788303,9476.233656467384,Invalid Outlet_ID
OUT_10229,2024,8,DIST_C_03,SKU_04,31.71681970831277,10308.010483044582,Invalid Outlet_ID
OUT_08564,2025,6,DIST_W_02,SKU_06,211.72154368105515,17784.58838105474,Invalid Outlet_ID
OUT_07259,2024,4,DIST_W_01,SKU_02,137.73556615789352,34893.00515773209,Invalid Outlet_ID
OUT_10530,2025,10,DIST_C_03,SKU_03,24.37626025653393,8531.710990347781,Invalid Outlet_ID
OUT_07259,2025,7,DIST_W_01,SKU_05,57.45520063125228,5170.932158752921,Invalid Outlet_ID
OUT_18975,2023,2,DIST_S_01,SKU_02,56.3462377990714,14274.395922422616,Invalid Outlet_ID
OUT_14745,2025,11,DIST_NW_01,SKU_09,6.976055650611252,15347.350009789554,Invalid Outlet_ID
OUT_14745,2025,11,DIST_NW_01,SKU_01,11.473950643190154,3442.208505092432,Invalid Outlet_ID
OUT_16192,2023,5,DIST_NW_02,SKU_01,14.189837580920251,4256.944233897814,Invalid Outlet_ID
OUT_17661,2024,1,DIST_S_02,SKU_06,427.1026055823926,35876.60989590048,Invalid Outlet_ID
OUT_13998,2023,2,DIST_NW_01,SKU_07,98.25011360525838,63862.56668610725,Invalid Outlet_ID
OUT_02862,2023,3,DIST_W_01,SKU_01,5.423655403508281,1627.1333829651323,Invalid Outlet_ID
OUT_16192,2024,5,DIST_NW_02,SKU_08,12.686117507364289,5581.914710127517,Invalid Outlet_ID
OUT_12014,2023,10,DIST_C_03,SKU_07,11.286910702272245,7336.478667078994,Invalid Outlet_ID
OUT_15630,2024,1,DIST_NW_02,SKU_09,2.7244245217235896,5993.736087546082,Invalid Outlet_ID
OUT_12565,2024,1,DIST_C_02,SKU_03,5.237799691544369,1833.206059230944,Invalid Outlet_ID
OUT_17661,2024,4,DIST_S_02,SKU_05,98.9663466227251,8906.964910683568,Invalid Outlet_ID
OUT_01864,2023,10,DIST_W_01,SKU_02,34.003248103664234,8614.182748901092,Invalid Outlet_ID
OUT_13998,2025,6,DIST_NW_01,SKU_06,579.0585321049763,48640.92606932606,Invalid Outlet_ID
OUT_09014,2025,6,DIST_C_02,SKU_08,31.071182392346397,13671.281545252044,Invalid Outlet_ID
OUT_10530,2023,5,DIST_C_03,SKU_01,33.91625334999125,10174.84341176391,Invalid Outlet_ID
OUT_17499,2023,8,DIST_S_02,SKU_02,17.812274063345413,4512.418616821312,Invalid Outlet_ID
OUT_08564,2023,9,DIST_W_02,SKU_10,19.59958213235817,7236.81387586805,Invalid Outlet_ID
OUT_10416,2025,12,DIST_C_01,SKU_04,5.8486592199805045,1900.82583954909,Invalid Outlet_ID
OUT_10177,2025,10,DIST_C_02,SKU_09,6.6661547754337285,14665.558590521574,Invalid Outlet_ID
OUT_02795,2023,9,DIST_W_02,SKU_03,5.095813922363401,1783.491860078046,Invalid Outlet_ID
OUT_10530,2023,10,DIST_C_03,SKU_03,27.30300193332954,9556.011690250103,Invalid Outlet_ID
OUT_10229,2024,7,DIST_C_03,SKU_03,25.870641596623457,9054.77267835925,Invalid Outlet_ID
OUT_08723,2025,2,DIST_W_02,SKU_06,126.97604383558796,10665.98658825606,Invalid Outlet_ID
OUT_14745,2025,6,DIST_NW_01,SKU_01,12.481784369872372,3744.523024294996,Invalid Outlet_ID
OUT_00090,2023,2,DIST_W_02,SKU_10,21.22210368591093,7835.859880772661,Invalid Outlet_ID
OUT_10753,2023,9,DIST_C_02,SKU_07,9.104178279831991,5917.720245882608,Invalid Outlet_ID
OUT_19319,2024,9,DIST_S_02,SKU_03,8.606846569689338,3012.347311717621,Invalid Outlet_ID
OUT_10753,2023,2,DIST_C_02,SKU_09,2.631610040557295,5789.50289955458,Invalid Outlet_ID
OUT_15238,2024,9,DIST_NW_02,SKU_04,48.4317589347925,15740.365850053828,Invalid Outlet_ID
OUT_15238,2025,8,DIST_NW_02,SKU_07,127.6605245653185,82979.30698366821,Invalid Outlet_ID
OUT_13998,2025,8,DIST_NW_01,SKU_07,104.13659566837792,67688.75784558496,Invalid Outlet_ID
OUT_08564,2025,6,DIST_W_02,SKU_01,20.536908110688262,6161.076324122177,Invalid Outlet_ID
OUT_10229,2024,2,DIST_C_03,SKU_06,285.37742097356534,23971.739526575268,Invalid Outlet_ID
OUT_02862,2023,8,DIST_W_01,SKU_01,6.6497131937749145,1994.891979042612,Invalid Outlet_ID
OUT_07259,2025,2,DIST_W_01,SKU_06,291.9584843281795,24524.509439352663,Invalid Outlet_ID
OUT_01864,2023,1,DIST_W_01,SKU_07,21.275041715551534,13828.76116771731,Invalid Outlet_ID
OUT_12014,2025,10,DIST_C_03,SKU_02,19.8811686021125,5036.591811131254,Invalid Outlet_ID
OUT_17661,2023,5,DIST_S_02,SKU_04,16.575942976892975,5387.179922047929,Invalid Outlet_ID
OUT_19145,2024,12,DIST_S_01,SKU_06,86.07250262039702,7230.081633571403,Invalid Outlet_ID
OUT_10229,2025,2,DIST_C_03,SKU_02,99.63923515662422,25241.96821785761,Invalid Outlet_ID
OUT_10229,2023,1,DIST_C_03,SKU_06,305.39201601948685,25652.893326758367,Invalid Outlet_ID
OUT_13327,2023,6,DIST_NW_01,SKU_07,10.896849543426782,7082.907354474201,Invalid Outlet_ID
OUT_00090,2024,7,DIST_W_02,SKU_05,56.22596867395799,5060.363016861985,Invalid Outlet_ID
OUT_17661,2023,12,DIST_S_02,SKU_03,39.276049059724656,13746.597752011588,Invalid Outlet_ID
OUT_02426,2023,1,DIST_W_02,SKU_06,64.41661723978599,5410.957084362643,Invalid Outlet_ID
OUT_13998,2023,7,DIST_NW_01,SKU_07,135.5306767014476,88094.9555442596,Invalid Outlet_ID
OUT_00090,2023,12,DIST_W_02,SKU_06,432.5668800571272,36335.61183898492,Invalid Outlet_ID
OUT_17661,2023,6,DIST_S_02,SKU_03,14.7630081564472,5167.021226262243,Invalid Outlet_ID
OUT_15238,2025,1,DIST_NW_02,SKU_10,40.79177265070784,15061.572518945122,Invalid Outlet_ID
OUT_02795,2023,7,DIST_W_02,SKU_03,4.981919023983405,1743.6553664080373,Invalid Outlet_ID
OUT_09014,2024,8,DIST_C_02,SKU_02,122.28011961374716,30977.60809374185,Invalid Outlet_ID
OUT_13998,2025,7,DIST_NW_01,SKU_09,27.647449516675223,60824.35724846056,Invalid Outlet_ID
OUT_10229,2025,8,DIST_C_03,SKU_07,76.77946218167189,49906.64237776397,Invalid Outlet_ID
OUT_07259,2024,1,DIST_W_01,SKU_06,308.1922716295877,25888.17385605796,Invalid Outlet_ID
OUT_19170,2024,2,DIST_S_02,SKU_10,5.256314159364546,1940.7641815977772,Invalid Outlet_ID
OUT_14462,2025,3,DIST_NW_02,SKU_07,20.94540872648961,13614.477002728174,Invalid Outlet_ID
OUT_10229,2025,4,DIST_C_03,SKU_01,44.663110415470726,13398.967404841482,Invalid Outlet_ID
OUT_13998,2024,6,DIST_NW_01,SKU_02,189.63989473278025,48042.1300681285,Invalid Outlet_ID
OUT_08723,2024,10,DIST_W_02,SKU_03,7.387839075407388,2585.792019010703,Invalid Outlet_ID
OUT_17661,2025,7,DIST_S_02,SKU_02,92.63742011378568,23468.146104131087,Invalid Outlet_ID
OUT_07259,2024,6,DIST_W_01,SKU_09,9.804404076420044,21569.67813493465,Invalid Outlet_ID
OUT_13998,2024,10,DIST_NW_01,SKU_05,101.79789327954936,9161.82885469005,Invalid Outlet_ID
OUT_07259,2024,5,DIST_W_01,SKU_01,17.86880436787625,5360.684258755628,Invalid Outlet_ID
OUT_10229,2025,10,DIST_C_03,SKU_07,65.94606454646441,42864.95157893228,Invalid Outlet_ID
OUT_14745,2025,9,DIST_NW_01,SKU_03,9.833526883581028,3441.6876274329434,Invalid Outlet_ID
OUT_08564,2023,11,DIST_W_02,SKU_03,24.77404385121052,8670.950606263073,Invalid Outlet_ID
OUT_13567,2025,6,DIST_NW_02,SKU_04,3.935022384438605,1278.88314976607,Invalid Outlet_ID
OUT_14745,2025,1,DIST_NW_01,SKU_03,10.862091404276724,3801.6995979557887,Invalid Outlet_ID
OUT_00090,2025,5,DIST_W_02,SKU_04,16.87131583335354,5483.166070325546,Invalid Outlet_ID
OUT_18975,2024,11,DIST_S_01,SKU_07,23.295534305594405,15142.101261812706,Invalid Outlet_ID
OUT_15238,2024,12,DIST_NW_02,SKU_10,62.16826518482189,22954.47187611456,Invalid Outlet_ID
OUT_07259,2025,5,DIST_W_01,SKU_07,45.3681868276084,29489.276645756785,Invalid Outlet_ID
OUT_18975,2025,9,DIST_S_01,SKU_08,12.570618357311812,5531.107429278945,Invalid Outlet_ID
OUT_10530,2024,12,DIST_C_03,SKU_02,138.00149003827488,34960.363742703084,Invalid Outlet_ID
OUT_13998,2025,8,DIST_NW_01,SKU_10,48.19236671759639,17794.059627631108,Invalid Outlet_ID
OUT_18975,2025,6,DIST_S_01,SKU_04,5.361867121053327,1742.6303077258715,Invalid Outlet_ID
OUT_10177,2024,9,DIST_C_02,SKU_09,6.234081215967123,13714.938463472445,Invalid Outlet_ID
OUT_07259,2024,7,DIST_W_01,SKU_03,29.22503891877257,10228.805397524542,Invalid Outlet_ID
OUT_19145,2025,12,DIST_S_01,SKU_02,27.156735097139865,6879.706799735687,Invalid Outlet_ID
OUT_13327,2025,5,DIST_NW_01,SKU_06,61.30914935016564,5149.995183214233,Invalid Outlet_ID
OUT_10530,2025,4,DIST_C_03,SKU_01,46.45309707896171,13935.889471491835,Invalid Outlet_ID
OUT_10229,2025,7,DIST_C_03,SKU_04,20.9597057768693,6811.91070288287,Invalid Outlet_ID
OUT_08723,2024,11,DIST_W_02,SKU_09,6.2490629469025,13747.912187009486,Invalid Outlet_ID
OUT_12565,2025,3,DIST_C_02,SKU_09,3.2052165369336745,7051.454761319305,Invalid Outlet_ID
OUT_11877,2023,9,DIST_C_01,SKU_01,21.19057624993736,5368.234917655958,Invalid Outlet_ID
OUT_08564,2023,11,DIST_W_02,SKU_04,22.517235910155136,7318.087686111496,Invalid Outlet_ID
OUT_08723,2023,6,DIST_W_02,SKU_05,17.408995612301624,1566.775727236179,Invalid Outlet_ID
OUT_06028,2023,7,DIST_W_03,SKU_01,6.406474719709322,1921.940303347156,Invalid Outlet_ID
OUT_14462,2025,9,DIST_NW_02,SKU_09,6.566882123481559,14447.131866482228,Invalid Outlet_ID
OUT_07259,2025,3,DIST_W_01,SKU_06,278.1751725866196,23366.75790747413,Invalid Outlet_ID
OUT_17661,2024,9,DIST_S_02,SKU_03,25.14944963451985,8802.274378264838,Invalid Outlet_ID
OUT_09014,2023,3,DIST_C_02,SKU_04,27.237067697789424,8852.012713256952,Invalid Outlet_ID
OUT_00090,2023,8,DIST_W_02,SKU_01,30.600867624173056,9180.225651516386,Invalid Outlet_ID
OUT_18975,2025,7,DIST_S_01,SKU_06,129.60669307778588,10887.005932366415,Invalid Outlet_ID
OUT_16192,2023,3,DIST_NW_02,SKU_02,39.078316369378925,9899.86366880608,Invalid Outlet_ID
OUT_11877,2024,9,DIST_C_01,SKU_02,19.844547425225297,5027.2417497292445,Invalid Outlet_ID
OUT_07259,2024,5,DIST_W_01,SKU_07,40.72355004196736,26470.28239650809,Invalid Outlet_ID
OUT_06028,2025,7,DIST_W_03,SKU_09,2.621551727596259,5767.407335767029,Invalid Outlet_ID
OUT_08564,2023,11,DIST_W_02,SKU_08,31.45091060154366,13838.389459724343,Invalid Outlet_ID
OUT_19170,2024,7,DIST_S_02,SKU_07,10.9549750162289,7120.715415138281,Invalid Outlet_ID
OUT_10530,2025,10,DIST_C_03,SKU_04,26.84371580901108,8724.159404088534,Invalid Outlet_ID
OUT_09014,2023,8,DIST_C_02,SKU_08,43.46677340654719,19125.35098269521,Invalid Outlet_ID
OUT_00090,2025,12,DIST_W_02,SKU_06,371.0920827875717,31171.73758937703,Invalid Outlet_ID
OUT_15238,2023,5,DIST_NW_02,SKU_10,43.14315400982365,15929.811004206496,Invalid Outlet_ID
OUT_16192,2023,9,DIST_NW_02,SKU_08,11.354123415567244,4995.841597879432,Invalid Outlet_ID
OUT_19170,2023,8,DIST_S_02,SKU_06,57.34830174416569,4817.293419657369,Invalid Outlet_ID
OUT_13998,2023,2,DIST_NW_01,SKU_02,183.94794436236887,46600.1939303753,Invalid Outlet_ID
OUT_13327,2025,2,DIST_NW_01,SKU_10,4.205396505360205,1552.7727096236388,Invalid Outlet_ID
OUT_19319,2023,2,DIST_S_02,SKU_04,15.915796361990932,5172.604436008805,Invalid Outlet_ID
OUT_09014,2025,5,DIST_C_02,SKU_03,29.510345452228787,10328.625454703786,Invalid Outlet_ID
OUT_10530,2025,8,DIST_C_03,SKU_09,21.973641380124253,48342.04808882301,Invalid Outlet_ID
OUT_13327,2023,7,DIST_NW_01,SKU_07,11.264010937569603,7321.574740382866,Invalid Outlet_ID
OUT_10530,2025,7,DIST_C_03,SKU_08,26.738068634956814,11764.797230015176,Invalid Outlet_ID
OUT_00090,2024,9,DIST_W_02,SKU_07,50.15405542449137,32600.13986834207,Invalid Outlet_ID
OUT_13998,2023,11,DIST_NW_01,SKU_06,668.6544583289835,56167.00571129825,Invalid Outlet_ID
OUT_15238,2025,11,DIST_NW_02,SKU_03,48.31128401505278,16908.96472982466,Invalid Outlet_ID
OUT_15238,2023,9,DIST_NW_02,SKU_05,118.96669280785125,10706.972030378578,Invalid Outlet_ID
OUT_08564,2025,1,DIST_W_02,SKU_08,29.668966076403997,13054.39490223004,Invalid Outlet_ID
OUT_10530,2024,4,DIST_C_03,SKU_10,25.09333939861005,9265.27767018884,Invalid Outlet_ID
OUT_09014,2023,7,DIST_C_02,SKU_10,17.440799627260148,6439.7187762095,Invalid Outlet_ID
OUT_10753,2025,1,DIST_C_02,SKU_01,6.244487578127115,1873.3552623493329,Invalid Outlet_ID
OUT_10530,2023,1,DIST_C_03,SKU_08,30.139591391248384,13261.416704903988,Invalid Outlet_ID
OUT_08564,2024,6,DIST_W_02,SKU_02,53.10530806161707,13453.370382528145,Invalid Outlet_ID
OUT_17812,2025,7,DIST_S_02,SKU_06,71.49078545303419,6005.182937870645,Invalid Outlet_ID
OUT_10753,2025,9,DIST_C_02,SKU_06,63.530614117703486,5336.558426989285,Invalid Outlet_ID
OUT_18356,2024,10,DIST_S_02,SKU_04,4.281133504367391,1391.3365143294973,Invalid Outlet_ID
OUT_17661,2023,12,DIST_S_02,SKU_04,34.58346174702449,11239.620953606303,Invalid Outlet_ID
OUT_06028,2023,1,DIST_W_03,SKU_07,11.787088895996124,7661.63009778935,Invalid Outlet_ID
OUT_17174,2024,5,DIST_S_01,SKU_05,6.702581495215189,603.2341386467912,Invalid Outlet_ID
OUT_11877,2023,12,DIST_C_01,SKU_01,15.97439717957198,10383.391251905648,Invalid Outlet_ID
OUT_15238,2025,5,DIST_NW_02,SKU_04,48.88842964386569,15888.749822481352,Invalid Outlet_ID
OUT_19319,2024,4,DIST_S_02,SKU_02,48.81444157006001,12366.286391303163,Invalid Outlet_ID
OUT_13998,2024,11,DIST_NW_01,SKU_08,61.43588343625332,27031.79205428026,Invalid Outlet_ID
OUT_19330,2023,10,DIST_S_01,SKU_09,2.999164954420228,6598.1478873828055,Invalid Outlet_ID
OUT_08564,2023,3,DIST_W_02,SKU_01,32.756999129255256,9827.05378080307,Invalid Outlet_ID
OUT_01864,2024,6,DIST_W_01,SKU_07,17.09465086427636,11111.572713381787,Invalid Outlet_ID
OUT_00090,2024,1,DIST_W_02,SKU_05,72.31937943948311,6508.713991830063,Invalid Outlet_ID
OUT_17661,2024,6,DIST_S_02,SKU_06,191.86065581840268,16116.31937826412,Invalid Outlet_ID
OUT_15238,2023,2,DIST_NW_02,SKU_01,65.10538424616504,19531.656614573825,Invalid Outlet_ID
OUT_10177,2024,5,DIST_C_02,SKU_10,8.080256165515497,2983.4943911924474,Invalid Outlet_ID
OUT_08564,2023,3,DIST_W_02,SKU_08,33.46037678265132,14722.59741619803,Invalid Outlet_ID
OUT_03691,2024,5,DIST_W_01,SKU_03,2.990488975248404,1046.6945853306463,Invalid Outlet_ID
OUT_08564,2024,1,DIST_W_02,SKU_06,281.1912263455072,23620.024685480512,Invalid Outlet_ID
OUT_08723,2023,2,DIST_W_02,SKU_08,10.252613389990746,4511.165614914726,Invalid Outlet_ID
OUT_13998,2024,1,DIST_NW_01,SKU_07,136.75852193872245,88892.99838883216,Invalid Outlet_ID
OUT_12565,2024,9,DIST_C_02,SKU_06,-63.35751404129436,-5322.021312415088,Invalid Outlet_ID
OUT_15238,2025,6,DIST_NW_02,SKU_03,45.52718441513442,15934.532655534113,Invalid Outlet_ID
OUT_00090,2023,7,DIST_W_02,SKU_08,30.02775381718492,13212.248019844552,Invalid Outlet_ID
OUT_08564,2023,6,DIST_W_02,SKU_01,22.64736428939004,6794.200043358351,Invalid Outlet_ID
OUT_07259,2025,2,DIST_W_01,SKU_09,11.752679022501905,25855.870340370147,Invalid Outlet_ID
OUT_07259,2023,1,DIST_W_01,SKU_08,31.178253231608487,13718.469612896795,Invalid Outlet_ID
OUT_15915,2024,4,DIST_NW_02,SKU_06,81.1099259068982,6813.237026059156,Invalid Outlet_ID
OUT_17661,2025,12,DIST_S_02,SKU_10,25.641547576125788,9467.696123152997,Invalid Outlet_ID
OUT_13998,2023,6,DIST_NW_01,SKU_04,42.695742616847895,13876.149160153698,Invalid Outlet_ID
OUT_14462,2024,8,DIST_NW_02,SKU_07,21.594098988527698,14036.114353092711,Invalid Outlet_ID
OUT_13998,2024,3,DIST_NW_01,SKU_05,105.17539158721564,9465.828244215789,Invalid Outlet_ID
OUT_00090,2025,6,DIST_W_02,SKU_08,23.209180427610907,10212.086196006056,Invalid Outlet_ID
OUT_16192,2023,1,DIST_NW_02,SKU_06,138.32746038465666,11619.468678831172,Invalid Outlet_ID
OUT_10753,2023,5,DIST_C_02,SKU_06,61.47840109679876,5164.1395828987925,Invalid Outlet_ID
OUT_16192,2024,10,DIST_NW_02,SKU_02,33.30459792072404,8437.184699124344,Invalid Outlet_ID
OUT_10416,2023,1,DIST_C_01,SKU_05,11.58370330441424,1042.518739927962,Invalid Outlet_ID
OUT_19170,2025,4,DIST_S_02,SKU_03,7.694994868257601,2693.29010036932,Invalid Outlet_ID
OUT_00090,2023,10,DIST_W_02,SKU_02,82.39382439838162,20873.104055695178,Invalid Outlet_ID
OUT_16192,2025,12,DIST_NW_02,SKU_10,11.003847784765036,4062.970817627679,Invalid Outlet_ID
OUT_01864,2023,7,DIST_W_01,SKU_10,8.70083320742422,3212.586453299225,Invalid Outlet_ID
OUT_13327,2023,7,DIST_NW_01,SKU_08,6.374795753150713,2804.9538738926863,Invalid Outlet_ID
OUT_13998,2025,4,DIST_NW_01,SKU_10,45.360988991817536,16748.66451638515,Invalid Outlet_ID
OUT_14462,2024,3,DIST_NW_02,SKU_06,111.34369449139793,9352.850451686962,Invalid Outlet_ID
OUT_01864,2023,2,DIST_W_01,SKU_07,22.2448381303066,14459.178060835791,Invalid Outlet_ID
OUT_09014,2023,5,DIST_C_02,SKU_01,33.794057658048175,10138.260650618098,Invalid Outlet_ID
OUT_18975,2024,9,DIST_S_01,SKU_02,32.157599951591465,8146.589255009962,Invalid Outlet_ID
OUT_00090,2025,10,DIST_W_02,SKU_03,21.42624303859151,7499.183271281185,Invalid Outlet_ID
OUT_02389,2024,2,DIST_W_02,SKU_01,5.843258962963798,1752.9426489095883,Invalid Outlet_ID
OUT_15238,2024,1,DIST_NW_02,SKU_06,618.0642628985127,51917.43582951836,Invalid Outlet_ID
OUT_08723,2023,8,DIST_W_02,SKU_01,9.63656948000123,2890.949727697539,Invalid Outlet_ID
OUT_13998,2024,6,DIST_NW_01,SKU_03,50.48439135302745,17669.57487502786,Invalid Outlet_ID
OUT_10229,2024,7,DIST_C_03,SKU_07,53.002097880323696,34451.39829326241,Invalid Outlet_ID
OUT_13998,2024,6,DIST_NW_01,SKU_08,63.11027019553078,27768.543139607253,Invalid Outlet_ID
OUT_15238,2023,11,DIST_NW_02,SKU_04,58.81460202945805,19114.766885048462,Invalid Outlet_ID
OUT_02862,2025,10,DIST_W_01,SKU_05,12.521498331742158,1126.913887307777,Invalid Outlet_ID
OUT_13998,2024,4,DIST_NW_01,SKU_08,96.83249155309582,42606.25644795099,Invalid Outlet_ID
OUT_00090,2023,2,DIST_W_02,SKU_01,26.14440011812454,7843.275553142464,Invalid Outlet_ID
OUT_13327,2024,10,DIST_NW_01,SKU_01,5.062895696196792,1645.40962371903,Invalid Outlet_ID
OUT_10753,2023,1,DIST_C_02,SKU_01,61.96999723112776,5205.444665065883,Invalid Outlet_ID
OUT_18356,2024,12,DIST_S_02,SKU_10,6.269821689037411,2314.982517968621,Invalid Outlet_ID
OUT_10229,2025,2,DIST_C_03,SKU_03,25.72679202768153,9004.388426606056,Invalid Outlet_ID
OUT_10416,2024,2,DIST_C_01,SKU_02,20.897783888562948,5294.112005015571,Invalid Outlet_ID
OUT_13998,2023,2,DIST_NW_01,SKU_05,115.38524464492671,10384.697335005569,Invalid Outlet_ID
OUT_00090,2024,9,DIST_W_02,SKU_09,17.094278988860722,37607.40384912442,Invalid Outlet_ID
OUT_09014,2023,8,DIST_C_02,SKU_10,25.1557158834157,9288.251485970946,Invalid Outlet_ID
OUT_10416,2023,11,DIST_C_01,SKU_09,2.973748642654769,6542.264993810547,Invalid Outlet_ID
OUT_19145,2025,1,DIST_S_01,SKU_09,4.919515963664767,10822.981643438769,Invalid Outlet_ID
OUT_00090,2025,10,DIST_W_02,SKU_08,31.62219074946544,13913.766814858582,Invalid Outlet_ID
OUT_00090,2024,10,DIST_W_02,SKU_04,23.95050937583533,7783.909255629313,Invalid Outlet_ID
OUT_14745,2023,9,DIST_NW_01,SKU_03,9.944386631324733,3480.5215937986777,Invalid Outlet_ID
OUT_07259,2025,11,DIST_W_01,SKU_04,23.240415370617853,7553.133379217393,Invalid Outlet_ID
OUT_16192,2023,4,DIST_NW_02,SKU_01,17.445641192719734,5233.656330237572,Invalid Outlet_ID
OUT_10177,2024,8,DIST_C_02,SKU_07,34.76820688129904,22599.34426339208,Invalid Outlet_ID
OUT_17661,2023,6,DIST_S_02,SKU_06,196.93641195082049,16542.698128402964,Invalid Outlet_ID
OUT_19170,2023,11,DIST_S_02,SKU_10,3.934722981346804,1452.8628214743446,Invalid Outlet_ID
OUT_17812,2024,5,DIST_S_02,SKU_05,6.251913283036027,562.7044650796836,Invalid Outlet_ID
OUT_00090,2024,5,DIST_W_02,SKU_10,11.953794924979356,4413.72503341414,Invalid Outlet_ID
OUT_17174,2025,9,DIST_S_01,SKU_08,6.512311280364055,2865.406522886589,Invalid Outlet_ID
OUT_10530,2023,11,DIST_C_03,SKU_01,32.65055962114866,9795.205730245963,Invalid Outlet_ID
OUT_06028,2023,3,DIST_W_03,SKU_08,6.298690918766587,2771.4599954166147,Invalid Outlet_ID
OUT_13998,2023,7,DIST_NW_01,SKU_06,660.8866328937586,55514.48670492895,Invalid Outlet_ID
OUT_13998,2025,5,DIST_NW_01,SKU_02,198.64841622476,50324.31219884363,Invalid Outlet_ID
OUT_09014,2025,7,DIST_C_02,SKU_06,286.0434731925624,24027.660734464866,Invalid Outlet_ID
OUT_10530,2025,8,DIST_C_03,SKU_05,83.9371834293691,7554.32299161443,Invalid Outlet_ID
OUT_12565,2025,1,DIST_C_02,SKU_01,11.89943058199866,1070.9743525437905,Invalid Outlet_ID
OUT_13567,2024,6,DIST_NW_02,SKU_07,13.203026668339422,8581.944992356925,Invalid Outlet_ID
OUT_15238,2025,2,DIST_NW_02,SKU_08,59.72765295275464,26280.133406018005,Invalid Outlet_ID
OUT_09014,2023,9,DIST_C_02,SKU_04,23.965651382577896,7788.840726391293,Invalid Outlet_ID
OUT_06028,2024,6,DIST_W_03,SKU_01,6.474985334252798,582.7644373076383,Invalid Outlet_ID
OUT_08564,2025,5,DIST_W_02,SKU_03,17.934021656755267,6276.932742370454,Invalid Outlet_ID
OUT_13327,2024,7,DIST_NW_01,SKU_04,4.692323993786974,1524.9881242069157,Invalid Outlet_ID
OUT_13327,2024,2,DIST_NW_01,SKU_01,70.07074840028729,5885.89369653188,Invalid Outlet_ID
OUT_02389,2024,10,DIST_W_02,SKU_01,6.821967571032086,2046.555016380804,Invalid Outlet_ID
OUT_10530,2023,12,DIST_C_03,SKU_01,44.93797016569125,13481.419497495215,Invalid Outlet_ID
OUT_02795,2025,1,DIST_W_02,SKU_03,4.68781304990657,1640.7034562860586,Invalid Outlet_ID
OUT_19330,2025,1,DIST_S_01,SKU_07,15.259805402693024,9918.903241196478,Invalid Outlet_ID
OUT_18356,2024,10,DIST_S_02,SKU_07,11.946566368813574,7765.263131313458,Invalid Outlet_ID
OUT_13327,2024,2,DIST_NW_01,SKU_02,16.327632133921945,4136.307329444366,Invalid Outlet_ID
OUT_10530,2023,6,DIST_C_03,SKU_06,223.700367321598,18790.79562109442,Invalid Outlet_ID
OUT_02426,2024,6,DIST_W_02,SKU_08,3.07861101685126,1354.6009492126775,Invalid Outlet_ID
OUT_13998,2023,4,DIST_NW_01,SKU_04,71.63993833800555,23282.987420097063,Invalid Outlet_ID
OUT_14745,2024,5,DIST_NW_01,SKU_10,7.355442836321625,2715.80632791888,Invalid Outlet_ID
OUT_07259,2025,10,DIST_W_01,SKU_07,57.10651052016436,37119.25172861376,Invalid Outlet_ID
OUT_02862,2024,3,DIST_W_01,SKU_10,3.860917604236323,1425.5878408544302,Invalid Outlet_ID
OUT_14462,2025,6,DIST_NW_02,SKU_08,13.07453759874302,5752.762230620389,Invalid Outlet_ID
OUT_09014,2023,7,DIST_C_02,SKU_01,32.58484977132257,9775.4182360671,Invalid Outlet_ID
OUT_01864,2024,7,DIST_W_01,SKU_05,21.926857330647376,1973.4012751889877,Invalid Outlet_ID
OUT_16360,2025,12,DIST_NW_01,SKU_03,7.059953756133232,2470.9904500187245,Invalid Outlet_ID
OUT_14462,2023,3,DIST_NW_02,SKU_05,26.89667514998591,2420.707776303879,Invalid Outlet_ID
OUT_18975,2025,6,DIST_S_01,SKU_05,14.344896474062926,1291.0150968700434,Invalid Outlet_ID
OUT_09014,2023,8,DIST_C_02,SKU_02,148.2246334272068,37550.20044638837,Invalid Outlet_ID
OUT_10530,2024,11,DIST_C_03,SKU_06,277.198835620488,23284.66363686872,Invalid Outlet_ID
OUT_15238,2024,11,DIST_NW_02,SKU_05,127.8476624733679,11506.322109768857,Invalid Outlet_ID
OUT_16360,2024,2,DIST_NW_01,SKU_01,6.561215058758061,2886.9423963697777,Invalid Outlet_ID
OUT_09014,2025,7,DIST_C_02,SKU_04,28.279519874926557,9190.810521876638,Invalid Outlet_ID
OUT_18975,2025,4,DIST_S_01,SKU_10,11.095133275754783,4096.6366450659925,Invalid Outlet_ID
OUT_10530,2025,7,DIST_C_03,SKU_07,69.66325901779773,45281.14639441213,Invalid Outlet_ID
OUT_17661,2023,1,DIST_S_02,SKU_10,33.82497571154089,12489.262517593435,Invalid Outlet_ID
OUT_15238,2023,2,DIST_NW_02,SKU_02,177.51773566041132,44971.161711501154,Invalid Outlet_ID
OUT_14462,2024,8,DIST_NW_02,SKU_04,9.056394362417924,2943.3630219301363,Invalid Outlet_ID
OUT_08564,2024,4,DIST_W_02,SKU_08,43.73820278347284,19244.75940273389,Invalid Outlet_ID
OUT_15238,2023,10,DIST_NW_02,SKU_07,128.48964770752752,83518.31111329667,Invalid Outlet_ID
OUT_12565,2025,1,DIST_C_02,SKU_10,3.871540294751956,1429.508415250286,Invalid Outlet_ID
OUT_10177,2024,3,DIST_C_02,SKU_01,13.111503845144949,3933.454694749537,Invalid Outlet_ID
OUT_13998,2025,12,DIST_NW_01,SKU_06,809.9605155551251,68036.65453503793,Invalid Outlet_ID
OUT_09014,2023,5,DIST_C_02,SKU_06,343.0382816363208,28815.23116311222,Invalid Outlet_ID
OUT_06028,2025,12,DIST_W_03,SKU_06,99.08553746958842,8323.138848275099,Invalid Outlet_ID
OUT_01864,2024,2,DIST_W_01,SKU_05,24.99781508623269,2249.8104487043734,Invalid Outlet_ID
