Outlet_ID,Maximum_Monthly_Liters
OUT_00001,251.46
OUT_00002,80.03
OUT_00003,80.03
OUT_00004,266.09
OUT_00005,274.26
OUT_00006,272.22
OUT_00007,1141.47
OUT_00008,2790.86
OUT_00009,278.07
OUT_00010,73.17
OUT_00011,80.33
OUT_00012,271.5
OUT_00013,79.52
OUT_00014,77.76
OUT_00015,80.17
OUT_00016,254.15
OUT_00017,1163.35
OUT_00018,82.65
OUT_00019,2913.05
OUT_00020,79.51
OUT_00021,81.91
OUT_00022,78.67
OUT_00023,77.82
OUT_00024,1094.74
OUT_00025,81.17
OUT_00026,265.09
OUT_00027,78.98
OUT_00028,81.82
OUT_00029,75.75
OUT_00030,2868.44
OUT_00031,79.93
OUT_00032,2857.93
OUT_00033,78.92
OUT_00034,1170.62
OUT_00035,1143.44
OUT_00036,81.39
OUT_00037,1130.04
OUT_00038,271.37
OUT_00039,262.83
OUT_00040,1089.81
OUT_00041,1185.94
OUT_00042,273.34
OUT_00043,78.09
OUT_00044,75.84
OUT_00045,277.7
OUT_00046,79.1
OUT_00047,79.14
OUT_00048,78.62
OUT_00049,82.82
OUT_00050,2750.23
OUT_00051,80.27
OUT_00052,271.16
OUT_00053,79.53
OUT_00054,81.03
OUT_00055,79.64
OUT_00056,78.94
OUT_00057,1096.87
OUT_00058,258.98
OUT_00059,266.71
OUT_00060,262.34
OUT_00061,80.46
OUT_00062,2860.11
OUT_00063,80.03
OUT_00064,270.0
OUT_00065,77.02
OUT_00066,268.63
OUT_00067,79.06
OUT_00068,80.61
OUT_00069,79.53
OUT_00070,257.96
OUT_00071,81.83
OUT_00072,1131.13
OUT_00073,79.66
OUT_00074,1139.66
OUT_00075,78.04
OUT_00076,1152.64
OUT_00077,264.66
OUT_00078,2851.74
OUT_00079,2863.43
OUT_00080,1123.16
OUT_00081,79.36
OUT_00082,82.33
OUT_00083,80.38
OUT_00084,78.48
OUT_00085,267.48
OUT_00086,267.33
OUT_00087,2840.57
OUT_00088,77.7
OUT_00089,78.07
OUT_00091,264.5
OUT_00092,1183.84
OUT_00093,81.39
OUT_00094,257.91
OUT_00095,78.77
OUT_00096,1127.52
OUT_00097,262.8
OUT_00098,80.36
OUT_00099,80.44
OUT_00100,77.33
OUT_00101,2909.91
OUT_00102,78.07
OUT_00103,1143.53
OUT_00104,1069.72
OUT_00105,79.17
OUT_00106,1111.13
OUT_00107,79.52
OUT_00108,2726.05
OUT_00109,79.48
OUT_00110,79.85
OUT_00111,80.9
OUT_00112,2867.66
OUT_00113,81.02
OUT_00114,80.91
OUT_00115,80.54
OUT_00116,79.16
OUT_00117,1134.19
OUT_00118,266.66
OUT_00119,76.07
OUT_00120,1147.85
OUT_00121,81.27
OUT_00122,270.45
OUT_00123,80.51
OUT_00124,275.63
OUT_00125,78.81
OUT_00126,76.95
OUT_00127,272.62
OUT_00128,1100.37
OUT_00129,264.84
OUT_00130,78.18
OUT_00131,269.95
OUT_00132,263.04
OUT_00133,79.2
OUT_00134,2827.55
OUT_00135,78.14
OUT_00136,79.75
OUT_00137,1175.24
OUT_00138,78.49
OUT_00139,261.45
OUT_00140,281.17
OUT_00141,270.27
OUT_00142,271.12
OUT_00143,82.49
OUT_00144,264.56
OUT_00145,255.26
OUT_00146,79.14
OUT_00147,269.14
OUT_00148,273.23
OUT_00149,269.87
OUT_00150,262.6
OUT_00151,78.17
OUT_00152,81.01
OUT_00153,266.02
OUT_00154,80.25
OUT_00155,262.66
OUT_00156,261.21
OUT_00157,81.75
OUT_00158,78.67
OUT_00159,265.06
OUT_00160,83.72
OUT_00161,255.47
OUT_00162,79.24
OUT_00163,1140.53
OUT_00164,82.06
OUT_00165,79.24
OUT_00166,80.66
OUT_00167,266.26
OUT_00168,80.12
OUT_00169,267.59
OUT_00170,81.23
OUT_00171,269.33
OUT_00172,2778.05
OUT_00173,2693.12
OUT_00174,77.35
OUT_00175,81.02
OUT_00176,269.62
OUT_00177,78.99
OUT_00178,78.35
OUT_00179,1117.57
OUT_00180,270.53
OUT_00181,272.48
OUT_00182,83.05
OUT_00183,80.02
OUT_00184,80.4
OUT_00185,259.17
OUT_00186,80.82
OUT_00187,79.97
OUT_00188,79.42
OUT_00189,266.14
OUT_00190,79.27
OUT_00191,1158.95
OUT_00192,265.83
OUT_00193,77.19
OUT_00194,273.01
OUT_00195,273.4
OUT_00196,80.22
OUT_00197,272.09
OUT_00198,80.91
OUT_00199,1144.12
OUT_00200,259.32
OUT_00201,251.49
OUT_00202,272.27
OUT_00203,79.66
OUT_00204,270.19
OUT_00205,1162.55
OUT_00206,1138.67
OUT_00207,78.87
OUT_00208,1085.55
OUT_00209,78.98
OUT_00210,266.33
OUT_00211,76.91
OUT_00212,83.87
OUT_00213,1131.82
OUT_00214,2767.78
OUT_00215,75.95
OUT_00216,80.47
OUT_00217,79.11
OUT_00218,77.65
OUT_00219,1143.56
OUT_00220,1081.09
OUT_00221,1141.8
OUT_00222,81.92
OUT_00223,82.25
OUT_00224,1073.86
OUT_00225,265.84
OUT_00226,79.58
OUT_00227,80.67
OUT_00228,79.75
OUT_00229,81.72
OUT_00230,78.54
OUT_00231,1110.9
OUT_00232,268.89
OUT_00233,1160.71
OUT_00234,78.88
OUT_00235,79.42
OUT_00236,78.77
OUT_00237,1149.56
OUT_00238,78.5
OUT_00239,79.02
OUT_00240,79.89
OUT_00241,292.53
OUT_00242,76.78
OUT_00243,79.99
OUT_00244,74.65
OUT_00245,79.94
OUT_00246,2760.75
OUT_00247,1113.39
OUT_00248,82.02
OUT_00249,1122.43
OUT_00250,2757.42
OUT_00251,79.77
OUT_00252,2784.28
OUT_00253,77.1
OUT_00254,1110.52
OUT_00255,77.74
OUT_00256,79.12
OUT_00257,2795.25
OUT_00258,2859.72
OUT_00259,1168.68
OUT_00260,273.39
OUT_00261,270.53
OUT_00262,78.64
OUT_00263,268.47
OUT_00264,272.62
OUT_00265,1077.39
OUT_00266,272.87
OUT_00267,1176.24
OUT_00268,80.26
OUT_00269,263.71
OUT_00270,78.19
OUT_00271,78.81
OUT_00272,80.23
OUT_00273,1108.09
OUT_00274,79.25
OUT_00275,270.82
OUT_00276,260.65
OUT_00277,1189.67
OUT_00278,81.59
OUT_00279,2889.55
OUT_00280,78.96
OUT_00281,77.93
OUT_00282,77.05
OUT_00283,83.2
OUT_00284,262.18
OUT_00285,76.17
OUT_00286,262.65
OUT_00287,84.15
OUT_00288,79.14
OUT_00289,78.16
OUT_00290,81.85
OUT_00291,2777.63
OUT_00292,78.61
OUT_00293,77.79
OUT_00294,80.51
OUT_00295,1104.31
OUT_00296,276.2
OUT_00297,270.46
OUT_00298,81.18
OUT_00299,1111.15
OUT_00300,76.83
OUT_00301,266.03
OUT_00302,270.99
OUT_00303,250.98
OUT_00304,79.78
OUT_00305,265.05
OUT_00306,76.81
OUT_00307,78.73
OUT_00308,262.41
OUT_00309,81.38
OUT_00310,78.2
OUT_00311,80.71
OUT_00312,259.32
OUT_00313,76.5
OUT_00314,277.89
OUT_00315,279.3
OUT_00316,263.62
OUT_00317,81.83
OUT_00318,79.75
OUT_00319,268.65
OUT_00320,78.86
OUT_00321,78.7
OUT_00322,78.99
OUT_00323,267.63
OUT_00324,268.28
OUT_00325,262.19
OUT_00326,271.29
OUT_00327,270.56
OUT_00328,80.11
OUT_00329,79.37
OUT_00330,79.21
OUT_00331,275.07
OUT_00332,75.96
OUT_00333,1002.72
OUT_00334,270.46
OUT_00335,81.44
OUT_00336,78.4
OUT_00337,74.46
OUT_00338,1119.41
OUT_00339,2895.24
OUT_00340,262.18
OUT_00341,1136.16
OUT_00342,79.54
OUT_00343,80.07
OUT_00344,84.13
OUT_00345,1097.05
OUT_00346,81.0
OUT_00347,1158.26
OUT_00348,79.14
OUT_00349,80.54
OUT_00350,2740.16
OUT_00351,80.38
OUT_00352,78.23
OUT_00353,268.25
OUT_00354,78.13
OUT_00355,79.91
OUT_00356,272.08
OUT_00357,79.84
OUT_00358,75.87
OUT_00359,77.25
OUT_00360,78.01
OUT_00361,2784.61
OUT_00362,80.76
OUT_00363,277.1
OUT_00364,257.44
OUT_00365,77.17
OUT_00366,83.76
OUT_00367,2743.98
OUT_00368,81.52
OUT_00369,79.95
OUT_00370,80.09
OUT_00371,78.88
OUT_00372,78.22
OUT_00373,78.23
OUT_00374,272.88
OUT_00375,266.04
OUT_00376,1121.83
OUT_00377,276.13
OUT_00378,278.71
OUT_00379,1127.87
OUT_00380,74.36
OUT_00381,79.7
OUT_00382,81.08
OUT_00383,79.9
OUT_00384,80.25
OUT_00385,258.8
OUT_00386,1142.21
OUT_00387,2846.01
OUT_00388,76.1
OUT_00389,1083.87
OUT_00390,78.82
OUT_00391,269.24
OUT_00392,262.77
OUT_00393,79.84
OUT_00394,274.11
OUT_00395,77.93
OUT_00396,76.35
OUT_00397,269.67
OUT_00398,264.99
OUT_00399,265.19
OUT_00400,265.47
OUT_00401,71.75
OUT_00402,1077.5
OUT_00403,272.6
OUT_00404,78.31
OUT_00405,269.42
OUT_00406,79.78
OUT_00407,77.67
OUT_00408,79.11
OUT_00409,276.45
OUT_00410,263.14
OUT_00411,79.88
OUT_00412,85.13
OUT_00413,1120.79
OUT_00414,76.62
OUT_00415,79.56
OUT_00416,266.07
OUT_00417,1116.31
OUT_00418,271.43
OUT_00419,76.62
OUT_00420,77.46
OUT_00421,260.93
OUT_00422,258.48
OUT_00423,1080.78
OUT_00424,1116.57
OUT_00425,82.06
OUT_00426,274.27
OUT_00427,271.37
OUT_00428,2838.61
OUT_00429,266.08
OUT_00430,81.63
OUT_00431,77.19
OUT_00432,2764.26
OUT_00433,277.67
OUT_00434,2926.71
OUT_00435,272.24
OUT_00436,74.27
OUT_00437,78.49
OUT_00438,268.45
OUT_00439,261.33
OUT_00440,73.54
OUT_00441,82.4
OUT_00442,79.1
OUT_00443,283.6
OUT_00444,267.76
OUT_00445,1117.15
OUT_00446,86.84
OUT_00447,74.1
OUT_00448,84.14
OUT_00449,2846.29
OUT_00450,1158.84
OUT_00451,80.28
OUT_00452,79.0
OUT_00453,273.34
OUT_00454,279.51
OUT_00455,2823.86
OUT_00456,266.58
OUT_00457,1149.94
OUT_00458,80.15
OUT_00459,269.37
OUT_00460,282.1
OUT_00461,78.58
OUT_00462,80.9
OUT_00463,1156.04
OUT_00464,81.38
OUT_00465,269.51
OUT_00466,1113.19
OUT_00467,80.92
OUT_00468,1119.71
OUT_00469,86.13
OUT_00470,84.29
OUT_00471,274.21
OUT_00472,272.17
OUT_00473,81.7
OUT_00474,76.36
OUT_00475,74.02
OUT_00476,271.76
OUT_00477,78.54
OUT_00478,264.25
OUT_00479,78.61
OUT_00480,79.29
OUT_00481,80.84
OUT_00482,274.33
OUT_00483,76.34
OUT_00484,78.68
OUT_00485,280.93
OUT_00486,276.32
OUT_00487,77.1
OUT_00488,81.47
OUT_00489,281.22
OUT_00490,77.4
OUT_00491,80.89
OUT_00492,1131.95
OUT_00493,269.65
OUT_00494,87.62
OUT_00495,84.52
OUT_00496,78.68
OUT_00497,275.62
OUT_00498,268.67
OUT_00499,254.92
OUT_00500,79.37
OUT_00501,256.57
OUT_00502,278.6
OUT_00503,1108.92
OUT_00504,262.29
OUT_00505,77.39
OUT_00506,2866.68
OUT_00507,2855.46
OUT_00508,261.82
OUT_00509,265.07
OUT_00510,262.38
OUT_00511,269.42
OUT_00512,81.24
OUT_00513,78.21
OUT_00514,79.11
OUT_00515,1096.22
OUT_00516,76.65
OUT_00517,273.82
OUT_00518,260.28
OUT_00519,81.53
OUT_00520,78.52
OUT_00521,79.24
OUT_00522,83.2
OUT_00523,83.71
OUT_00524,71.2
OUT_00525,1142.54
OUT_00526,273.07
OUT_00527,267.13
OUT_00528,275.32
OUT_00529,269.14
OUT_00530,1138.39
OUT_00531,77.47
OUT_00532,74.23
OUT_00533,81.07
OUT_00534,1114.63
OUT_00535,77.62
OUT_00536,76.75
OUT_00537,77.06
OUT_00538,78.07
OUT_00539,1134.62
OUT_00540,72.08
OUT_00541,275.34
OUT_00542,79.13
OUT_00543,79.16
OUT_00544,80.93
OUT_00545,270.6
OUT_00546,276.0
OUT_00547,74.34
OUT_00548,78.83
OUT_00549,74.87
OUT_00550,260.19
OUT_00551,1083.98
OUT_00552,78.66
OUT_00553,257.16
OUT_00554,79.72
OUT_00555,80.94
OUT_00556,273.66
OUT_00557,79.37
OUT_00558,76.98
OUT_00559,76.06
OUT_00560,273.47
OUT_00561,80.03
OUT_00562,79.51
OUT_00563,80.49
OUT_00564,79.9
OUT_00565,258.45
OUT_00566,78.81
OUT_00567,1106.84
OUT_00568,2872.8
OUT_00569,81.1
OUT_00570,1111.6
OUT_00571,84.6
OUT_00572,75.31
OUT_00573,1081.64
OUT_00574,269.12
OUT_00575,80.95
OUT_00576,255.63
OUT_00577,1164.6
OUT_00578,76.78
OUT_00579,2980.76
OUT_00580,1115.47
OUT_00581,1128.63
OUT_00582,261.29
OUT_00583,77.37
OUT_00584,86.46
OUT_00585,267.94
OUT_00586,276.25
OUT_00587,266.3
OUT_00588,83.71
OUT_00589,1079.59
OUT_00590,261.12
OUT_00591,1060.72
OUT_00592,81.12
OUT_00593,78.33
OUT_00594,259.48
OUT_00595,266.36
OUT_00596,81.8
OUT_00597,81.25
OUT_00598,81.31
OUT_00599,79.92
OUT_00600,1165.89
OUT_00601,274.48
OUT_00602,83.75
OUT_00603,1168.95
OUT_00604,254.3
OUT_00605,83.23
OUT_00606,1155.78
OUT_00607,1105.69
OUT_00608,269.95
OUT_00609,265.52
OUT_00610,1139.95
OUT_00611,78.49
OUT_00612,75.73
OUT_00613,85.4
OUT_00614,1101.34
OUT_00615,77.11
OUT_00616,267.61
OUT_00617,261.0
OUT_00618,274.95
OUT_00619,2854.05
OUT_00620,263.79
OUT_00621,252.22
OUT_00622,80.12
OUT_00623,85.82
OUT_00624,269.56
OUT_00625,274.61
OUT_00626,1154.8
OUT_00627,265.53
OUT_00628,78.61
OUT_00629,268.45
OUT_00630,71.11
OUT_00631,82.08
OUT_00632,78.88
OUT_00633,1084.56
OUT_00634,256.19
OUT_00635,261.68
OUT_00636,280.24
OUT_00637,270.64
OUT_00638,260.75
OUT_00639,1168.6
OUT_00640,259.0
OUT_00641,76.65
OUT_00642,262.71
OUT_00643,260.31
OUT_00644,276.3
OUT_00645,256.33
OUT_00646,77.06
OUT_00647,80.52
OUT_00648,272.33
OUT_00649,1113.91
OUT_00650,262.64
OUT_00651,76.96
OUT_00652,260.73
OUT_00653,78.6
OUT_00654,81.75
OUT_00655,72.9
OUT_00656,260.67
OUT_00657,78.58
OUT_00658,258.26
OUT_00659,82.35
OUT_00660,1111.88
OUT_00661,257.3
OUT_00662,273.47
OUT_00663,272.57
OUT_00664,70.73
OUT_00665,78.47
OUT_00666,1146.36
OUT_00667,267.27
OUT_00668,81.22
OUT_00669,85.18
OUT_00670,263.85
OUT_00671,269.54
OUT_00672,77.52
OUT_00673,261.79
OUT_00674,1112.41
OUT_00675,76.8
OUT_00676,77.41
OUT_00677,258.69
OUT_00678,81.22
OUT_00679,82.01
OUT_00680,266.21
OUT_00681,75.91
OUT_00682,77.6
OUT_00683,281.31
OUT_00684,2859.65
OUT_00685,73.19
OUT_00686,1139.87
OUT_00687,1122.69
OUT_00688,81.54
OUT_00689,2907.11
OUT_00690,80.4
OUT_00691,2894.26
OUT_00692,84.0
OUT_00693,263.12
OUT_00694,1098.34
OUT_00695,80.22
OUT_00696,73.29
OUT_00697,266.62
OUT_00698,1196.91
OUT_00699,1117.71
OUT_00700,84.66
OUT_00701,74.93
OUT_00702,77.45
OUT_00703,260.31
OUT_00704,275.82
OUT_00705,81.72
OUT_00706,275.47
OUT_00707,81.45
OUT_00708,75.26
OUT_00709,82.64
OUT_00710,257.14
OUT_00711,75.58
OUT_00712,1151.39
OUT_00713,75.17
OUT_00714,75.16
OUT_00715,255.55
OUT_00716,78.73
OUT_00717,1127.39
OUT_00718,87.8
OUT_00719,82.71
OUT_00720,1068.98
OUT_00721,77.13
OUT_00722,266.57
OUT_00723,75.77
OUT_00724,79.28
OUT_00725,72.94
OUT_00726,1107.45
OUT_00727,286.51
OUT_00728,1120.39
OUT_00729,75.2
OUT_00730,266.26
OUT_00731,1153.62
OUT_00732,264.87
OUT_00733,253.73
OUT_00734,1102.62
OUT_00735,78.25
OUT_00736,1126.94
OUT_00737,1139.29
OUT_00738,82.8
OUT_00739,83.73
OUT_00740,267.36
OUT_00741,80.64
OUT_00742,2935.36
OUT_00743,83.02
OUT_00744,262.42
OUT_00745,260.22
OUT_00746,1071.23
OUT_00747,259.95
OUT_00748,78.41
OUT_00749,262.46
OUT_00750,269.47
OUT_00751,81.7
OUT_00752,81.91
OUT_00753,1173.5
OUT_00754,81.78
OUT_00755,1132.58
OUT_00756,263.6
OUT_00757,258.24
OUT_00758,77.5
OUT_00759,74.85
OUT_00760,73.95
OUT_00761,262.67
OUT_00762,75.51
OUT_00763,75.21
OUT_00764,271.88
OUT_00765,78.8
OUT_00766,78.04
OUT_00767,281.11
OUT_00768,74.59
OUT_00769,252.58
OUT_00770,78.76
OUT_00771,267.42
OUT_00772,268.52
OUT_00773,1143.93
OUT_00774,79.14
OUT_00775,270.9
OUT_00776,81.03
OUT_00777,80.36
OUT_00778,2794.9
OUT_00779,258.99
OUT_00780,78.85
OUT_00781,77.02
OUT_00782,86.89
OUT_00783,78.06
OUT_00784,75.06
OUT_00785,261.73
OUT_00786,80.14
OUT_00787,260.34
OUT_00788,291.72
OUT_00789,1159.9
OUT_00790,75.84
OUT_00791,2813.64
OUT_00792,1121.05
OUT_00793,256.3
OUT_00794,76.22
OUT_00795,1067.91
OUT_00796,80.73
OUT_00797,251.17
OUT_00798,273.02
OUT_00799,1103.45
OUT_00800,1121.96
OUT_00801,75.59
OUT_00802,79.68
OUT_00803,265.39
OUT_00804,76.2
OUT_00805,77.1
OUT_00806,81.68
OUT_00807,77.74
OUT_00808,263.65
OUT_00809,268.44
OUT_00810,80.07
OUT_00811,76.94
OUT_00812,77.06
OUT_00813,79.18
OUT_00814,76.39
OUT_00815,2802.4
OUT_00816,77.6
OUT_00817,78.4
OUT_00818,78.72
OUT_00819,79.86
OUT_00820,72.3
OUT_00821,85.9
OUT_00822,247.25
OUT_00823,1098.48
OUT_00824,82.19
OUT_00825,259.31
OUT_00826,259.8
OUT_00827,83.2
OUT_00828,277.75
OUT_00829,77.5
OUT_00830,82.28
OUT_00831,85.32
OUT_00832,75.1
OUT_00833,273.11
OUT_00834,271.31
OUT_00835,262.65
OUT_00836,265.29
OUT_00837,1130.51
OUT_00838,263.03
OUT_00839,75.49
OUT_00840,2819.5
OUT_00841,74.0
OUT_00842,78.2
OUT_00843,279.53
OUT_00844,82.07
OUT_00845,261.61
OUT_00846,76.07
OUT_00847,254.98
OUT_00848,270.25
OUT_00849,256.26
OUT_00850,76.88
OUT_00851,79.19
OUT_00852,275.78
OUT_00853,2874.88
OUT_00854,276.78
OUT_00855,77.67
OUT_00856,2768.33
OUT_00857,1136.91
OUT_00858,76.76
OUT_00859,78.03
OUT_00860,73.28
OUT_00861,75.35
OUT_00862,81.39
OUT_00863,80.24
OUT_00864,74.39
OUT_00865,275.19
OUT_00866,267.15
OUT_00867,271.05
OUT_00868,79.59
OUT_00869,77.98
OUT_00870,260.37
OUT_00871,1099.7
OUT_00872,80.93
OUT_00873,1109.88
OUT_00874,273.03
OUT_00875,75.63
OUT_00876,73.13
OUT_00877,1064.42
OUT_00878,273.47
OUT_00879,270.67
OUT_00880,77.56
OUT_00881,1087.38
OUT_00882,76.86
OUT_00883,78.84
OUT_00884,264.5
OUT_00885,269.18
OUT_00886,2813.84
OUT_00887,79.4
OUT_00888,79.08
OUT_00889,281.12
OUT_00890,259.96
OUT_00891,276.73
OUT_00892,79.8
OUT_00893,80.3
OUT_00894,79.04
OUT_00895,266.85
OUT_00896,76.7
OUT_00897,275.86
OUT_00898,75.93
OUT_00899,76.22
OUT_00900,77.32
OUT_00901,78.41
OUT_00902,84.41
OUT_00903,1119.78
OUT_00904,78.07
OUT_00905,74.4
OUT_00906,1121.99
OUT_00907,67.86
OUT_00908,80.6
OUT_00909,77.01
OUT_00910,80.26
OUT_00911,77.57
OUT_00912,1098.49
OUT_00913,263.29
OUT_00914,266.63
OUT_00915,79.36
OUT_00916,265.47
OUT_00917,255.58
OUT_00918,1143.95
OUT_00919,76.5
OUT_00920,266.02
OUT_00921,260.95
OUT_00922,77.07
OUT_00923,1147.75
OUT_00924,262.52
OUT_00925,78.97
OUT_00926,74.25
OUT_00927,67.41
OUT_00928,75.06
OUT_00929,283.31
OUT_00930,275.78
OUT_00931,78.75
OUT_00932,78.33
OUT_00933,1107.21
OUT_00934,1100.81
OUT_00935,265.59
OUT_00936,77.55
OUT_00937,1163.64
OUT_00938,268.35
OUT_00939,72.1
OUT_00940,75.0
OUT_00941,269.74
OUT_00942,274.03
OUT_00943,1107.5
OUT_00944,75.64
OUT_00945,266.06
OUT_00946,84.88
OUT_00947,71.11
OUT_00948,75.35
OUT_00949,80.91
OUT_00950,75.78
OUT_00951,267.46
OUT_00952,1086.38
OUT_00953,83.89
OUT_00954,1092.08
OUT_00955,262.27
OUT_00956,252.04
OUT_00957,78.63
OUT_00958,77.41
OUT_00959,79.34
OUT_00960,1081.18
OUT_00961,80.02
OUT_00962,263.18
OUT_00963,255.45
OUT_00964,82.97
OUT_00965,2714.72
OUT_00966,74.56
OUT_00967,75.28
OUT_00968,74.0
OUT_00969,272.75
OUT_00970,78.34
OUT_00971,78.02
OUT_00972,263.56
OUT_00973,1152.86
OUT_00974,77.74
OUT_00975,77.42
OUT_00976,261.43
OUT_00977,78.13
OUT_00978,79.63
OUT_00979,77.73
OUT_00980,82.71
OUT_00981,263.85
OUT_00982,78.08
OUT_00983,73.65
OUT_00984,82.86
OUT_00985,283.96
OUT_00986,1132.41
OUT_00987,76.61
OUT_00988,262.54
OUT_00989,78.02
OUT_00990,1150.15
OUT_00991,85.46
OUT_00992,273.64
OUT_00993,83.47
OUT_00994,1105.85
OUT_00995,1130.37
OUT_00996,2819.93
OUT_00997,269.86
OUT_00998,279.46
OUT_00999,263.74
OUT_01000,82.62
OUT_01001,81.26
OUT_01002,77.89
OUT_01003,75.12
OUT_01004,81.77
OUT_01005,271.71
OUT_01006,2867.93
OUT_01007,79.73
OUT_01008,270.62
OUT_01009,81.22
OUT_01010,259.45
OUT_01011,261.13
OUT_01012,267.54
OUT_01013,74.01
OUT_01014,266.36
OUT_01015,268.46
OUT_01016,272.86
OUT_01017,78.18
OUT_01018,1126.04
OUT_01019,75.17
OUT_01020,78.27
OUT_01021,79.53
OUT_01022,76.79
OUT_01023,1150.96
OUT_01024,77.16
OUT_01025,265.06
OUT_01026,266.53
OUT_01027,83.83
OUT_01028,72.75
OUT_01029,75.31
OUT_01030,75.47
OUT_01031,78.07
OUT_01032,2827.39
OUT_01033,70.89
OUT_01034,79.62
OUT_01035,273.57
OUT_01036,1140.88
OUT_01037,261.7
OUT_01038,269.66
OUT_01039,268.53
OUT_01040,270.14
OUT_01041,266.86
OUT_01042,78.0
OUT_01043,83.94
OUT_01044,2825.1
OUT_01045,83.23
OUT_01046,81.8
OUT_01047,76.99
OUT_01048,79.9
OUT_01049,270.77
OUT_01050,77.83
OUT_01051,264.29
OUT_01052,75.39
OUT_01053,80.13
OUT_01054,269.63
OUT_01055,72.57
OUT_01056,264.92
OUT_01057,76.94
OUT_01058,255.14
OUT_01059,275.53
OUT_01060,260.92
OUT_01061,2782.99
OUT_01062,78.56
OUT_01063,76.66
OUT_01064,83.54
OUT_01065,73.93
OUT_01066,81.12
OUT_01067,72.45
OUT_01068,84.91
OUT_01069,270.06
OUT_01070,76.33
OUT_01071,81.29
OUT_01072,267.49
OUT_01073,1120.43
OUT_01074,267.19
OUT_01075,271.44
OUT_01076,260.43
OUT_01077,73.22
OUT_01078,74.66
OUT_01079,1098.41
OUT_01080,269.81
OUT_01081,83.49
OUT_01082,75.54
OUT_01083,79.82
OUT_01084,78.77
OUT_01085,1125.53
OUT_01086,258.12
OUT_01087,80.12
OUT_01088,71.98
OUT_01089,82.78
OUT_01090,1112.27
OUT_01091,83.4
OUT_01092,79.82
OUT_01093,262.44
OUT_01094,81.17
OUT_01095,81.7
OUT_01096,75.14
OUT_01097,275.51
OUT_01098,80.85
OUT_01099,1102.42
OUT_01100,2800.3
OUT_01101,76.23
OUT_01102,274.71
OUT_01103,78.46
OUT_01104,71.17
OUT_01105,1087.16
OUT_01106,83.56
OUT_01107,1112.94
OUT_01108,2809.7
OUT_01109,277.44
OUT_01110,256.66
OUT_01111,260.22
OUT_01112,82.25
OUT_01113,80.72
OUT_01114,75.86
OUT_01115,259.37
OUT_01116,277.76
OUT_01117,81.84
OUT_01118,80.37
OUT_01119,80.93
OUT_01120,77.51
OUT_01121,253.83
OUT_01122,84.46
OUT_01123,271.74
OUT_01124,2855.55
OUT_01125,73.2
OUT_01126,78.62
OUT_01127,80.88
OUT_01128,77.53
OUT_01129,80.73
OUT_01130,1185.34
OUT_01131,77.54
OUT_01132,85.15
OUT_01133,1155.6
OUT_01134,1156.81
OUT_01135,1124.0
OUT_01136,83.66
OUT_01137,256.4
OUT_01138,266.51
OUT_01139,84.14
OUT_01140,77.58
OUT_01141,85.52
OUT_01142,256.15
OUT_01143,69.33
OUT_01144,81.02
OUT_01145,269.46
OUT_01146,2864.39
OUT_01147,82.3
OUT_01148,255.16
OUT_01149,261.35
OUT_01150,73.73
OUT_01151,79.53
OUT_01152,2794.43
OUT_01153,1137.49
OUT_01154,83.49
OUT_01155,80.47
OUT_01156,267.88
OUT_01157,256.98
OUT_01158,80.94
OUT_01159,74.45
OUT_01160,79.09
OUT_01161,77.0
OUT_01162,75.89
OUT_01163,81.44
OUT_01164,1092.52
OUT_01165,78.33
OUT_01166,273.85
OUT_01167,74.48
OUT_01168,77.05
OUT_01169,77.08
OUT_01170,83.38
OUT_01171,82.02
OUT_01172,76.88
OUT_01173,265.75
OUT_01174,81.01
OUT_01175,1131.06
OUT_01176,267.56
OUT_01177,81.29
OUT_01178,1102.63
OUT_01179,264.5
OUT_01180,273.99
OUT_01181,75.99
OUT_01182,263.79
OUT_01183,83.34
OUT_01184,79.3
OUT_01185,82.57
OUT_01186,78.51
OUT_01187,78.41
OUT_01188,79.81
OUT_01189,75.92
OUT_01190,83.15
OUT_01191,265.51
OUT_01192,81.52
OUT_01193,79.27
OUT_01194,80.73
OUT_01195,246.72
OUT_01196,80.0
OUT_01197,1096.02
OUT_01198,256.87
OUT_01199,84.88
OUT_01200,75.4
OUT_01201,76.34
OUT_01202,74.5
OUT_01203,1099.56
OUT_01204,265.77
OUT_01205,81.05
OUT_01206,80.93
OUT_01207,2915.58
OUT_01208,79.12
OUT_01209,81.62
OUT_01210,268.73
OUT_01211,260.95
OUT_01212,2897.55
OUT_01213,77.87
OUT_01214,1172.68
OUT_01215,1124.62
OUT_01216,78.79
OUT_01217,1158.77
OUT_01218,278.35
OUT_01219,77.53
OUT_01220,267.43
OUT_01221,2837.95
OUT_01222,87.18
OUT_01223,272.88
OUT_01224,270.33
OUT_01225,272.21
OUT_01226,76.89
OUT_01227,79.47
OUT_01228,78.07
OUT_01229,77.0
OUT_01230,262.36
OUT_01231,80.92
OUT_01232,76.89
OUT_01233,267.2
OUT_01234,76.36
OUT_01235,256.94
OUT_01236,1077.31
OUT_01237,80.43
OUT_01238,259.4
OUT_01239,1142.94
OUT_01240,81.45
OUT_01241,2741.15
OUT_01242,75.69
OUT_01243,81.84
OUT_01244,75.02
OUT_01245,68.75
OUT_01246,1142.29
OUT_01247,76.3
OUT_01248,77.37
OUT_01249,80.23
OUT_01250,264.02
OUT_01251,81.15
OUT_01252,82.11
OUT_01253,1116.6
OUT_01254,76.7
OUT_01255,73.38
OUT_01256,75.38
OUT_01257,78.53
OUT_01258,262.08
OUT_01259,77.37
OUT_01260,70.43
OUT_01261,74.66
OUT_01262,1125.83
OUT_01263,1089.23
OUT_01264,76.4
OUT_01265,261.97
OUT_01266,266.79
OUT_01267,1116.27
OUT_01268,264.83
OUT_01269,75.94
OUT_01270,1154.4
OUT_01271,83.07
OUT_01272,266.39
OUT_01273,1136.11
OUT_01274,80.65
OUT_01275,83.85
OUT_01276,78.05
OUT_01277,80.57
OUT_01278,74.78
OUT_01279,270.63
OUT_01280,82.31
OUT_01281,257.18
OUT_01282,83.35
OUT_01283,74.76
OUT_01284,262.19
OUT_01285,83.42
OUT_01286,83.37
OUT_01287,1127.9
OUT_01288,1149.74
OUT_01289,82.12
OUT_01290,260.81
OUT_01291,1137.55
OUT_01292,1148.41
OUT_01293,271.3
OUT_01294,80.21
OUT_01295,264.49
OUT_01296,80.8
OUT_01297,83.36
OUT_01298,269.51
OUT_01299,2836.5
OUT_01300,253.06
OUT_01301,84.38
OUT_01302,83.09
OUT_01303,81.47
OUT_01304,1169.51
OUT_01305,81.47
OUT_01306,276.25
OUT_01307,273.91
OUT_01308,79.77
OUT_01309,78.45
OUT_01310,82.52
OUT_01311,72.88
OUT_01312,83.3
OUT_01313,84.78
OUT_01314,269.29
OUT_01315,72.35
OUT_01316,2885.89
OUT_01317,77.25
OUT_01318,75.09
OUT_01319,82.66
OUT_01320,83.35
OUT_01321,78.73
OUT_01322,83.49
OUT_01323,264.07
OUT_01324,81.09
OUT_01325,247.09
OUT_01326,81.58
OUT_01327,78.39
OUT_01328,76.18
OUT_01329,80.07
OUT_01330,75.09
OUT_01331,1165.62
OUT_01332,253.45
OUT_01333,77.16
OUT_01334,254.96
OUT_01335,71.89
OUT_01336,79.55
OUT_01337,84.63
OUT_01338,1118.32
OUT_01339,79.73
OUT_01340,84.85
OUT_01341,79.93
OUT_01342,270.41
OUT_01343,84.1
OUT_01344,81.19
OUT_01345,79.99
OUT_01346,254.96
OUT_01347,267.29
OUT_01348,263.27
OUT_01349,85.19
OUT_01350,268.18
OUT_01351,86.62
OUT_01352,1053.96
OUT_01353,80.05
OUT_01354,79.95
OUT_01355,1163.22
OUT_01356,276.84
OUT_01357,79.04
OUT_01358,269.64
OUT_01359,81.03
OUT_01360,272.99
OUT_01361,72.21
OUT_01362,2828.74
OUT_01363,82.98
OUT_01364,264.73
OUT_01365,77.34
OUT_01366,269.03
OUT_01367,265.19
OUT_01368,82.85
OUT_01369,1088.67
OUT_01370,75.52
OUT_01371,78.75
OUT_01372,240.65
OUT_01373,265.17
OUT_01374,278.7
OUT_01375,1160.7
OUT_01376,2866.77
OUT_01377,269.9
OUT_01378,88.97
OUT_01379,83.18
OUT_01380,258.19
OUT_01381,77.61
OUT_01382,1109.18
OUT_01383,277.01
OUT_01384,81.69
OUT_01385,249.49
OUT_01386,257.68
OUT_01387,77.13
OUT_01388,73.88
OUT_01389,1160.45
OUT_01390,77.55
OUT_01391,1142.74
OUT_01392,78.0
OUT_01393,85.19
OUT_01394,78.12
OUT_01395,263.5
OUT_01396,1164.43
OUT_01397,73.49
OUT_01398,81.72
OUT_01399,81.27
OUT_01400,1132.52
OUT_01401,273.75
OUT_01402,84.12
OUT_01403,271.91
OUT_01404,79.95
OUT_01405,79.38
OUT_01406,73.22
OUT_01407,83.15
OUT_01408,256.48
OUT_01409,1102.96
OUT_01410,1165.69
OUT_01411,1097.24
OUT_01412,256.64
OUT_01413,264.72
OUT_01414,77.84
OUT_01415,78.62
OUT_01416,70.58
OUT_01417,255.66
OUT_01418,263.32
OUT_01419,274.39
OUT_01420,1098.54
OUT_01421,76.21
OUT_01422,75.77
OUT_01423,78.54
OUT_01424,80.64
OUT_01425,254.22
OUT_01426,79.71
OUT_01427,78.62
OUT_01428,259.01
OUT_01429,76.61
OUT_01430,77.72
OUT_01431,67.62
OUT_01432,84.16
OUT_01433,78.22
OUT_01434,81.24
OUT_01435,80.55
OUT_01436,263.88
OUT_01437,1119.43
OUT_01438,76.32
OUT_01439,277.93
OUT_01440,2646.34
OUT_01441,267.63
OUT_01442,252.0
OUT_01443,77.09
OUT_01444,270.24
OUT_01445,265.72
OUT_01446,72.59
OUT_01447,1121.14
OUT_01448,258.4
OUT_01449,252.42
OUT_01450,87.2
OUT_01451,269.31
OUT_01452,79.19
OUT_01453,1132.84
OUT_01454,77.49
OUT_01455,81.67
OUT_01456,75.89
OUT_01457,79.15
OUT_01458,274.52
OUT_01459,74.64
OUT_01460,265.06
OUT_01461,1110.15
OUT_01462,75.9
OUT_01463,75.45
OUT_01464,77.35
OUT_01465,77.52
OUT_01466,86.42
OUT_01467,77.58
OUT_01468,80.5
OUT_01469,77.8
OUT_01470,261.45
OUT_01471,2845.21
OUT_01472,2765.11
OUT_01473,1105.5
OUT_01474,81.7
OUT_01475,75.67
OUT_01476,270.45
OUT_01477,72.22
OUT_01478,72.98
OUT_01479,88.95
OUT_01480,80.16
OUT_01481,1119.55
OUT_01482,78.14
OUT_01483,277.65
OUT_01484,81.33
OUT_01485,1150.62
OUT_01486,76.98
OUT_01487,82.67
OUT_01488,77.42
OUT_01489,82.33
OUT_01490,263.5
OUT_01491,75.26
OUT_01492,79.8
OUT_01493,79.35
OUT_01494,75.72
OUT_01495,257.82
OUT_01496,84.2
OUT_01497,269.22
OUT_01498,290.98
OUT_01499,254.24
OUT_01500,1087.92
OUT_01501,79.18
OUT_01502,280.96
OUT_01503,1152.15
OUT_01504,260.82
OUT_01505,2849.0
OUT_01506,1128.59
OUT_01507,1151.77
OUT_01508,81.82
OUT_01509,80.4
OUT_01510,257.56
OUT_01511,80.04
OUT_01512,76.73
OUT_01513,74.95
OUT_01514,2791.38
OUT_01515,75.89
OUT_01516,78.27
OUT_01517,83.47
OUT_01518,269.86
OUT_01519,79.62
OUT_01520,1135.67
OUT_01521,275.85
OUT_01522,78.66
OUT_01523,260.63
OUT_01524,262.2
OUT_01525,80.36
OUT_01526,255.34
OUT_01527,1150.91
OUT_01528,2837.93
OUT_01529,81.82
OUT_01530,82.59
OUT_01531,76.7
OUT_01532,1172.7
OUT_01533,73.78
OUT_01534,77.75
OUT_01535,81.29
OUT_01536,81.16
OUT_01537,83.72
OUT_01538,82.84
OUT_01539,87.08
OUT_01540,1108.87
OUT_01541,82.23
OUT_01542,75.4
OUT_01543,78.84
OUT_01544,77.51
OUT_01545,261.34
OUT_01546,259.41
OUT_01547,267.77
OUT_01548,79.4
OUT_01549,263.68
OUT_01550,253.67
OUT_01551,82.04
OUT_01552,268.72
OUT_01553,259.44
OUT_01554,2809.87
OUT_01555,81.27
OUT_01556,78.72
OUT_01557,2851.51
OUT_01558,77.47
OUT_01559,1134.15
OUT_01560,1105.78
OUT_01561,81.77
OUT_01562,81.92
OUT_01563,243.72
OUT_01564,86.74
OUT_01565,273.27
OUT_01566,75.28
OUT_01567,2795.4
OUT_01568,79.04
OUT_01569,79.71
OUT_01570,1133.66
OUT_01571,75.48
OUT_01572,274.25
OUT_01573,77.87
OUT_01574,75.04
OUT_01575,75.18
OUT_01576,80.18
OUT_01577,265.4
OUT_01578,274.35
OUT_01579,78.26
OUT_01580,78.69
OUT_01581,257.55
OUT_01582,1121.45
OUT_01583,272.37
OUT_01584,74.81
OUT_01585,76.69
OUT_01586,76.72
OUT_01587,72.62
OUT_01588,262.95
OUT_01589,257.77
OUT_01590,78.96
OUT_01591,76.3
OUT_01592,72.41
OUT_01593,1100.54
OUT_01594,276.1
OUT_01595,2893.05
OUT_01596,267.2
OUT_01597,73.83
OUT_01598,257.83
OUT_01599,77.34
OUT_01600,81.96
OUT_01601,78.07
OUT_01602,273.23
OUT_01603,79.61
OUT_01604,83.04
OUT_01605,1123.18
OUT_01606,78.82
OUT_01607,78.71
OUT_01608,77.59
OUT_01609,268.72
OUT_01610,277.47
OUT_01611,81.16
OUT_01612,76.83
OUT_01613,78.8
OUT_01614,76.18
OUT_01615,80.99
OUT_01616,82.23
OUT_01617,75.39
OUT_01618,82.06
OUT_01619,273.16
OUT_01620,263.65
OUT_01621,1137.97
OUT_01622,80.52
OUT_01623,80.9
OUT_01624,2784.81
OUT_01625,81.96
OUT_01626,78.41
OUT_01627,89.86
OUT_01628,76.78
OUT_01629,1052.88
OUT_01630,87.72
OUT_01631,85.17
OUT_01632,82.12
OUT_01633,74.85
OUT_01634,1113.21
OUT_01635,267.89
OUT_01636,271.63
OUT_01637,79.02
OUT_01638,246.45
OUT_01639,1142.33
OUT_01640,2810.85
OUT_01641,2851.4
OUT_01642,77.35
OUT_01643,85.11
OUT_01644,76.07
OUT_01645,82.07
OUT_01646,78.69
OUT_01647,78.47
OUT_01648,83.11
OUT_01649,75.1
OUT_01650,2894.66
OUT_01651,83.21
OUT_01652,81.17
OUT_01653,271.86
OUT_01654,1118.53
OUT_01655,80.43
OUT_01656,1133.32
OUT_01657,79.26
OUT_01658,83.98
OUT_01659,85.69
OUT_01660,258.49
OUT_01661,280.03
OUT_01662,267.83
OUT_01663,79.29
OUT_01664,75.78
OUT_01665,2791.38
OUT_01666,1139.18
OUT_01667,264.79
OUT_01668,79.65
OUT_01669,78.3
OUT_01670,80.62
OUT_01671,75.39
OUT_01672,276.62
OUT_01673,79.97
OUT_01674,75.76
OUT_01675,260.25
OUT_01676,268.23
OUT_01677,82.36
OUT_01678,76.72
OUT_01679,1074.0
OUT_01680,76.89
OUT_01681,78.3
OUT_01682,81.28
OUT_01683,82.19
OUT_01684,82.44
OUT_01685,76.9
OUT_01686,259.98
OUT_01687,79.31
OUT_01688,275.77
OUT_01689,84.61
OUT_01690,79.39
OUT_01691,2869.92
OUT_01692,263.47
OUT_01693,72.61
OUT_01694,1098.22
OUT_01695,267.68
OUT_01696,79.43
OUT_01697,80.12
OUT_01698,78.21
OUT_01699,77.3
OUT_01700,79.43
OUT_01701,251.51
OUT_01702,75.18
OUT_01703,80.12
OUT_01704,277.79
OUT_01705,1118.27
OUT_01706,86.46
OUT_01707,81.4
OUT_01708,257.47
OUT_01709,77.82
OUT_01710,266.37
OUT_01711,81.37
OUT_01712,2797.63
OUT_01713,74.98
OUT_01714,77.51
OUT_01715,262.33
OUT_01716,2814.4
OUT_01717,77.61
OUT_01718,263.04
OUT_01719,78.51
OUT_01720,79.67
OUT_01721,79.47
OUT_01722,84.23
OUT_01723,251.22
OUT_01724,80.86
OUT_01725,2801.84
OUT_01726,74.22
OUT_01727,83.75
OUT_01728,80.96
OUT_01729,76.72
OUT_01730,258.59
OUT_01731,277.13
OUT_01732,263.57
OUT_01733,82.96
OUT_01734,263.8
OUT_01735,1081.67
OUT_01736,2885.92
OUT_01737,1175.04
OUT_01738,266.54
OUT_01739,263.23
OUT_01740,1159.93
OUT_01741,270.09
OUT_01742,273.68
OUT_01743,75.14
OUT_01744,81.24
OUT_01745,80.16
OUT_01746,267.36
OUT_01747,71.91
OUT_01748,85.32
OUT_01749,1112.72
OUT_01750,77.27
OUT_01751,81.02
OUT_01752,82.62
OUT_01753,78.64
OUT_01754,279.7
OUT_01755,270.4
OUT_01756,264.76
OUT_01757,1133.04
OUT_01758,1154.93
OUT_01759,86.71
OUT_01760,2884.1
OUT_01761,78.35
OUT_01762,83.25
OUT_01763,268.22
OUT_01764,76.35
OUT_01765,80.18
OUT_01766,1103.6
OUT_01767,1096.33
OUT_01768,273.6
OUT_01769,86.3
OUT_01770,274.3
OUT_01771,77.96
OUT_01772,273.82
OUT_01773,83.9
OUT_01774,264.98
OUT_01775,1138.24
OUT_01776,78.75
OUT_01777,75.59
OUT_01778,274.23
OUT_01779,79.89
OUT_01780,260.0
OUT_01781,81.58
OUT_01782,2923.47
OUT_01783,82.82
OUT_01784,80.24
OUT_01785,1129.66
OUT_01786,77.92
OUT_01787,76.92
OUT_01788,258.93
OUT_01789,81.3
OUT_01790,80.86
OUT_01791,82.11
OUT_01792,82.03
OUT_01793,77.0
OUT_01794,272.68
OUT_01795,286.67
OUT_01796,85.14
OUT_01797,72.65
OUT_01798,267.34
OUT_01799,77.83
OUT_01800,264.23
OUT_01801,1071.09
OUT_01802,1088.67
OUT_01803,1115.9
OUT_01804,270.84
OUT_01805,269.16
OUT_01806,1111.16
OUT_01807,79.18
OUT_01808,269.15
OUT_01809,270.97
OUT_01810,76.9
OUT_01811,77.49
OUT_01812,77.79
OUT_01813,266.09
OUT_01814,267.62
OUT_01815,78.7
OUT_01816,78.72
OUT_01817,80.88
OUT_01818,78.78
OUT_01819,86.4
OUT_01820,273.04
OUT_01821,2853.84
OUT_01822,81.05
OUT_01823,84.6
OUT_01824,79.66
OUT_01825,1089.9
OUT_01826,1136.4
OUT_01827,1112.62
OUT_01828,265.96
OUT_01829,78.71
OUT_01830,80.54
OUT_01831,80.12
OUT_01832,75.33
OUT_01833,83.11
OUT_01834,1111.91
OUT_01835,1128.97
OUT_01836,77.82
OUT_01837,82.35
OUT_01838,263.16
OUT_01839,273.13
OUT_01840,79.96
OUT_01841,2821.7
OUT_01842,262.81
OUT_01843,72.74
OUT_01844,1143.92
OUT_01845,81.22
OUT_01846,81.81
OUT_01847,1160.64
OUT_01848,269.75
OUT_01849,81.57
OUT_01850,262.32
OUT_01851,1169.62
OUT_01852,1163.3
OUT_01853,249.86
OUT_01854,1137.91
OUT_01855,80.54
OUT_01856,266.41
OUT_01857,73.77
OUT_01858,77.6
OUT_01859,83.6
OUT_01860,268.51
OUT_01861,261.51
OUT_01862,75.23
OUT_01863,280.61
OUT_01865,78.41
OUT_01866,80.27
OUT_01867,80.34
OUT_01868,270.24
OUT_01869,2910.79
OUT_01870,78.62
OUT_01871,84.98
OUT_01872,268.11
OUT_01873,267.94
OUT_01874,81.24
OUT_01875,254.24
OUT_01876,269.89
OUT_01877,1082.08
OUT_01878,1035.81
OUT_01879,2778.63
OUT_01880,265.8
OUT_01881,82.14
OUT_01882,75.38
OUT_01883,77.08
OUT_01884,75.33
OUT_01885,283.72
OUT_01886,68.56
OUT_01887,1123.64
OUT_01888,78.98
OUT_01889,262.0
OUT_01890,83.36
OUT_01891,1114.23
OUT_01892,256.06
OUT_01893,73.96
OUT_01894,275.91
OUT_01895,74.3
OUT_01896,80.14
OUT_01897,1129.63
OUT_01898,266.86
OUT_01899,1099.25
OUT_01900,81.54
OUT_01901,2943.73
OUT_01902,80.13
OUT_01903,2749.45
OUT_01904,86.22
OUT_01905,75.49
OUT_01906,2774.02
OUT_01907,1111.32
OUT_01908,1118.12
OUT_01909,83.14
OUT_01910,75.3
OUT_01911,266.55
OUT_01912,72.88
OUT_01913,259.53
OUT_01914,75.91
OUT_01915,74.28
OUT_01916,76.57
OUT_01917,262.79
OUT_01918,75.32
OUT_01919,76.91
OUT_01920,80.02
OUT_01921,78.76
OUT_01922,78.27
OUT_01923,74.8
OUT_01924,79.87
OUT_01925,1117.05
OUT_01926,1166.94
OUT_01927,266.32
OUT_01928,1140.34
OUT_01929,264.01
OUT_01930,74.39
OUT_01931,76.7
OUT_01932,241.56
OUT_01933,80.54
OUT_01934,79.34
OUT_01935,82.16
OUT_01936,75.93
OUT_01937,2775.24
OUT_01938,276.56
OUT_01939,272.56
OUT_01940,85.32
OUT_01941,266.39
OUT_01942,82.25
OUT_01943,72.19
OUT_01944,2749.93
OUT_01945,84.27
OUT_01946,279.36
OUT_01947,72.87
OUT_01948,269.46
OUT_01949,72.56
OUT_01950,81.19
OUT_01951,1145.16
OUT_01952,76.82
OUT_01953,1082.42
OUT_01954,262.05
OUT_01955,1126.77
OUT_01956,75.73
OUT_01957,81.88
OUT_01958,273.47
OUT_01959,77.18
OUT_01960,77.33
OUT_01961,1081.06
OUT_01962,80.09
OUT_01963,1119.58
OUT_01964,77.37
OUT_01965,263.69
OUT_01966,80.21
OUT_01967,1150.09
OUT_01968,258.19
OUT_01969,76.93
OUT_01970,2745.49
OUT_01971,275.02
OUT_01972,81.01
OUT_01973,77.3
OUT_01974,77.11
OUT_01975,268.32
OUT_01976,270.0
OUT_01977,83.41
OUT_01978,79.51
OUT_01979,259.35
OUT_01980,266.19
OUT_01981,269.74
OUT_01982,1122.63
OUT_01983,273.67
OUT_01984,1122.36
OUT_01985,1137.09
OUT_01986,74.54
OUT_01987,78.32
OUT_01988,255.1
OUT_01989,274.63
OUT_01990,76.62
OUT_01991,1079.84
OUT_01992,258.48
OUT_01993,77.16
OUT_01994,277.62
OUT_01995,82.55
OUT_01996,1102.56
OUT_01997,1147.05
OUT_01998,78.13
OUT_01999,1145.02
OUT_02000,265.58
OUT_02001,78.45
OUT_02002,76.72
OUT_02003,75.22
OUT_02004,83.4
OUT_02005,256.62
OUT_02006,258.59
OUT_02007,270.06
OUT_02008,262.0
OUT_02009,265.31
OUT_02010,82.95
OUT_02011,81.44
OUT_02012,262.82
OUT_02013,78.75
OUT_02014,1147.24
OUT_02015,81.93
OUT_02016,1051.76
OUT_02017,1152.67
OUT_02018,270.5
OUT_02019,79.04
OUT_02020,84.2
OUT_02021,84.52
OUT_02022,2895.74
OUT_02023,87.0
OUT_02024,271.41
OUT_02025,2924.06
OUT_02026,257.13
OUT_02027,263.1
OUT_02028,240.48
OUT_02029,259.79
OUT_02030,262.39
OUT_02031,71.88
OUT_02032,286.3
OUT_02033,80.03
OUT_02034,2783.21
OUT_02035,76.52
OUT_02036,85.02
OUT_02037,77.64
OUT_02038,73.09
OUT_02039,79.2
OUT_02040,268.46
OUT_02041,71.51
OUT_02042,81.89
OUT_02043,255.73
OUT_02044,1108.79
OUT_02045,262.27
OUT_02046,71.79
OUT_02047,1136.24
OUT_02048,78.36
OUT_02049,82.06
OUT_02050,76.76
OUT_02051,269.15
OUT_02052,78.4
OUT_02053,80.48
OUT_02054,1135.48
OUT_02055,267.04
OUT_02056,2895.7
OUT_02057,262.45
OUT_02058,1099.4
OUT_02059,232.25
OUT_02060,83.23
OUT_02061,75.52
OUT_02062,79.71
OUT_02063,73.96
OUT_02064,78.38
OUT_02065,79.21
OUT_02066,1077.41
OUT_02067,77.84
OUT_02068,1171.94
OUT_02069,75.19
OUT_02070,77.59
OUT_02071,78.54
OUT_02072,1132.58
OUT_02073,2865.47
OUT_02074,74.02
OUT_02075,76.23
OUT_02076,78.68
OUT_02077,80.79
OUT_02078,2854.69
OUT_02079,245.58
OUT_02080,84.22
OUT_02081,80.75
OUT_02082,82.9
OUT_02083,2786.97
OUT_02084,260.47
OUT_02085,1125.89
OUT_02086,270.54
OUT_02087,271.52
OUT_02088,1189.8
OUT_02089,83.93
OUT_02090,81.32
OUT_02091,77.96
OUT_02092,265.07
OUT_02093,72.73
OUT_02094,1120.8
OUT_02095,277.62
OUT_02096,2818.99
OUT_02097,1150.84
OUT_02098,272.02
OUT_02099,270.84
OUT_02100,80.52
OUT_02101,80.07
OUT_02102,76.75
OUT_02103,267.2
OUT_02104,271.93
OUT_02105,82.97
OUT_02106,77.05
OUT_02107,77.01
OUT_02108,82.89
OUT_02109,80.24
OUT_02110,80.66
OUT_02111,83.41
OUT_02112,80.05
OUT_02113,279.98
OUT_02114,265.33
OUT_02115,78.92
OUT_02116,82.01
OUT_02117,78.43
OUT_02118,262.49
OUT_02119,258.91
OUT_02120,86.49
OUT_02121,1119.86
OUT_02122,82.42
OUT_02123,272.46
OUT_02124,269.04
OUT_02125,71.94
OUT_02126,81.01
OUT_02127,75.22
OUT_02128,1107.48
OUT_02129,81.13
OUT_02130,82.22
OUT_02131,1058.45
OUT_02132,262.51
OUT_02133,1095.17
OUT_02134,267.43
OUT_02135,249.82
OUT_02136,1106.53
OUT_02137,269.77
OUT_02138,1162.57
OUT_02139,1155.44
OUT_02140,79.04
OUT_02141,270.27
OUT_02142,79.21
OUT_02143,262.77
OUT_02144,82.72
OUT_02145,85.42
OUT_02146,1154.66
OUT_02147,263.05
OUT_02148,266.82
OUT_02149,81.45
OUT_02150,84.03
OUT_02151,258.58
OUT_02152,2895.07
OUT_02153,82.32
OUT_02154,83.09
OUT_02155,256.33
OUT_02156,82.29
OUT_02157,256.94
OUT_02158,83.37
OUT_02159,81.99
OUT_02160,83.02
OUT_02161,81.12
OUT_02162,266.96
OUT_02163,79.32
OUT_02164,265.13
OUT_02165,76.11
OUT_02166,74.64
OUT_02167,83.58
OUT_02168,79.25
OUT_02169,78.34
OUT_02170,81.95
OUT_02171,83.66
OUT_02172,264.63
OUT_02173,77.35
OUT_02174,80.19
OUT_02175,89.58
OUT_02176,2691.82
OUT_02177,259.61
OUT_02178,85.37
OUT_02179,278.38
OUT_02180,2819.88
OUT_02181,1077.59
OUT_02182,81.35
OUT_02183,265.14
OUT_02184,275.22
OUT_02185,272.87
OUT_02186,78.5
OUT_02187,257.9
OUT_02188,82.26
OUT_02189,82.3
OUT_02190,2813.81
OUT_02191,275.47
OUT_02192,267.34
OUT_02193,260.59
OUT_02194,87.01
OUT_02195,74.54
OUT_02196,259.74
OUT_02197,80.74
OUT_02198,75.03
OUT_02199,81.16
OUT_02200,259.26
OUT_02201,1096.41
OUT_02202,79.63
OUT_02203,1101.35
OUT_02204,252.27
OUT_02205,1129.5
OUT_02206,76.7
OUT_02207,1120.94
OUT_02208,77.17
OUT_02209,75.43
OUT_02210,81.15
OUT_02211,78.57
OUT_02212,249.29
OUT_02213,76.98
OUT_02214,76.88
OUT_02215,260.23
OUT_02216,253.14
OUT_02217,1155.21
OUT_02218,252.55
OUT_02219,260.15
OUT_02220,78.75
OUT_02221,77.19
OUT_02222,79.01
OUT_02223,280.6
OUT_02224,258.21
OUT_02225,78.71
OUT_02226,268.68
OUT_02227,74.4
OUT_02228,274.83
OUT_02229,263.55
OUT_02230,268.43
OUT_02231,74.03
OUT_02232,78.14
OUT_02233,81.68
OUT_02234,255.99
OUT_02235,79.64
OUT_02236,2857.6
OUT_02237,78.99
OUT_02238,1172.59
OUT_02239,74.54
OUT_02240,79.79
OUT_02241,84.64
OUT_02242,1090.22
OUT_02243,1080.58
OUT_02244,270.87
OUT_02245,73.02
OUT_02246,1136.58
OUT_02247,78.11
OUT_02248,268.16
OUT_02249,276.95
OUT_02250,80.63
OUT_02251,73.54
OUT_02252,81.76
OUT_02253,267.29
OUT_02254,259.38
OUT_02255,277.5
OUT_02256,77.9
OUT_02257,269.21
OUT_02258,74.41
OUT_02259,76.58
OUT_02260,82.45
OUT_02261,79.04
OUT_02262,76.15
OUT_02263,263.91
OUT_02264,80.1
OUT_02265,80.59
OUT_02266,80.02
OUT_02267,1083.13
OUT_02268,75.72
OUT_02269,270.47
OUT_02270,78.38
OUT_02271,79.04
OUT_02272,274.54
OUT_02273,256.21
OUT_02274,83.41
OUT_02275,267.72
OUT_02276,74.45
OUT_02277,266.48
OUT_02278,73.71
OUT_02279,1101.96
OUT_02280,269.87
OUT_02281,77.76
OUT_02282,78.43
OUT_02283,74.85
OUT_02284,277.35
OUT_02285,78.7
OUT_02286,1053.77
OUT_02287,279.02
OUT_02288,278.16
OUT_02289,78.35
OUT_02290,76.9
OUT_02291,78.18
OUT_02292,80.42
OUT_02293,79.88
OUT_02294,75.52
OUT_02295,250.09
OUT_02296,258.5
OUT_02297,79.41
OUT_02298,1128.89
OUT_02299,76.76
OUT_02300,77.59
OUT_02301,1088.75
OUT_02302,77.34
OUT_02303,1024.52
OUT_02304,267.08
OUT_02305,271.16
OUT_02306,81.81
OUT_02307,80.98
OUT_02308,1101.86
OUT_02309,82.51
OUT_02310,1117.02
OUT_02311,270.83
OUT_02312,271.14
OUT_02313,263.9
OUT_02314,263.92
OUT_02315,82.08
OUT_02316,80.87
OUT_02317,78.97
OUT_02318,271.16
OUT_02319,71.01
OUT_02320,281.91
OUT_02321,80.39
OUT_02322,2805.39
OUT_02323,80.42
OUT_02324,261.66
OUT_02325,81.33
OUT_02326,79.38
OUT_02327,80.41
OUT_02328,75.19
OUT_02329,79.0
OUT_02330,80.14
OUT_02331,84.2
OUT_02332,267.66
OUT_02333,79.58
OUT_02334,1128.32
OUT_02335,85.89
OUT_02336,80.18
OUT_02337,87.44
OUT_02338,81.68
OUT_02339,80.64
OUT_02340,73.37
OUT_02341,249.36
OUT_02342,79.22
OUT_02343,251.31
OUT_02344,1134.91
OUT_02345,78.58
OUT_02346,1152.49
OUT_02347,271.06
OUT_02348,78.05
OUT_02349,263.69
OUT_02350,262.42
OUT_02351,2860.09
OUT_02352,260.28
OUT_02353,276.28
OUT_02354,271.01
OUT_02355,259.01
OUT_02356,77.89
OUT_02357,76.53
OUT_02358,1044.39
OUT_02359,79.15
OUT_02360,79.49
OUT_02361,272.83
OUT_02362,77.1
OUT_02363,81.65
OUT_02364,260.05
OUT_02365,269.42
OUT_02366,80.09
OUT_02367,75.01
OUT_02368,73.75
OUT_02369,1141.9
OUT_02370,86.28
OUT_02371,2814.18
OUT_02372,84.22
OUT_02373,2908.27
OUT_02374,269.58
OUT_02375,259.93
OUT_02376,83.08
OUT_02377,81.69
OUT_02378,80.83
OUT_02379,275.51
OUT_02380,75.35
OUT_02381,76.96
OUT_02382,85.87
OUT_02383,2749.01
OUT_02384,277.22
OUT_02385,1140.28
OUT_02386,1111.68
OUT_02387,1118.42
OUT_02388,79.93
OUT_02390,266.39
OUT_02391,259.01
OUT_02392,78.6
OUT_02393,80.65
OUT_02394,264.43
OUT_02395,77.23
OUT_02396,270.82
OUT_02397,77.38
OUT_02398,74.57
OUT_02399,1121.07
OUT_02400,79.75
OUT_02401,2824.31
OUT_02402,75.3
OUT_02403,80.83
OUT_02404,1122.48
OUT_02405,1180.07
OUT_02406,77.74
OUT_02407,280.72
OUT_02408,266.9
OUT_02409,257.51
OUT_02410,72.07
OUT_02411,83.35
OUT_02412,77.11
OUT_02413,75.89
OUT_02414,76.21
OUT_02415,1138.67
OUT_02416,1135.6
OUT_02417,83.4
OUT_02418,1067.46
OUT_02419,257.83
OUT_02420,73.75
OUT_02421,79.12
OUT_02422,2886.32
OUT_02423,266.45
OUT_02424,74.95
OUT_02425,263.12
OUT_02427,248.5
OUT_02428,274.12
OUT_02429,76.56
OUT_02430,272.45
OUT_02431,2789.51
OUT_02432,81.84
OUT_02433,75.41
OUT_02434,78.57
OUT_02435,77.37
OUT_02436,1110.39
OUT_02437,2878.79
OUT_02438,83.32
OUT_02439,267.07
OUT_02440,82.39
OUT_02441,83.22
OUT_02442,256.84
OUT_02443,80.76
OUT_02444,1120.1
OUT_02445,250.7
OUT_02446,244.91
OUT_02447,73.11
OUT_02448,75.46
OUT_02449,80.92
OUT_02450,77.28
OUT_02451,271.18
OUT_02452,1157.51
OUT_02453,79.57
OUT_02454,268.73
OUT_02455,85.61
OUT_02456,78.74
OUT_02457,259.84
OUT_02458,1189.21
OUT_02459,2850.63
OUT_02460,266.48
OUT_02461,81.72
OUT_02462,74.34
OUT_02463,86.1
OUT_02464,82.38
OUT_02465,78.45
OUT_02466,79.1
OUT_02467,78.67
OUT_02468,77.6
OUT_02469,269.49
OUT_02470,257.23
OUT_02471,2908.79
OUT_02472,238.65
OUT_02473,76.08
OUT_02474,77.92
OUT_02475,2840.11
OUT_02476,81.71
OUT_02477,75.83
OUT_02478,78.83
OUT_02479,1158.96
OUT_02480,74.58
OUT_02481,79.88
OUT_02482,1125.7
OUT_02483,86.04
OUT_02484,251.18
OUT_02485,81.21
OUT_02486,268.01
OUT_02487,78.66
OUT_02488,83.55
OUT_02489,80.4
OUT_02490,269.43
OUT_02491,86.38
OUT_02492,255.98
OUT_02493,77.43
OUT_02494,260.39
OUT_02495,81.2
OUT_02496,271.87
OUT_02497,83.68
OUT_02498,1166.77
OUT_02499,71.89
OUT_02500,269.87
OUT_02501,1115.97
OUT_02502,262.49
OUT_02503,72.44
OUT_02504,78.32
OUT_02505,80.3
OUT_02506,79.55
OUT_02507,77.23
OUT_02508,78.01
OUT_02509,273.05
OUT_02510,257.95
OUT_02511,270.19
OUT_02512,265.55
OUT_02513,81.23
OUT_02514,1166.64
OUT_02515,1093.92
OUT_02516,1154.92
OUT_02517,261.04
OUT_02518,78.53
OUT_02519,79.46
OUT_02520,274.34
OUT_02521,80.49
OUT_02522,265.17
OUT_02523,270.61
OUT_02524,1185.75
OUT_02525,1168.5
OUT_02526,75.39
OUT_02527,269.17
OUT_02528,270.22
OUT_02529,78.89
OUT_02530,265.92
OUT_02531,276.57
OUT_02532,84.9
OUT_02533,81.28
OUT_02534,259.45
OUT_02535,80.89
OUT_02536,76.1
OUT_02537,76.13
OUT_02538,1117.7
OUT_02539,83.85
OUT_02540,74.75
OUT_02541,1091.61
OUT_02542,77.41
OUT_02543,277.68
OUT_02544,259.22
OUT_02545,269.52
OUT_02546,83.83
OUT_02547,82.77
OUT_02548,274.86
OUT_02549,263.83
OUT_02550,80.92
OUT_02551,80.74
OUT_02552,1097.67
OUT_02553,76.7
OUT_02554,80.86
OUT_02555,268.06
OUT_02556,81.06
OUT_02557,76.52
OUT_02558,76.67
OUT_02559,76.69
OUT_02560,75.96
OUT_02561,79.47
OUT_02562,76.91
OUT_02563,265.98
OUT_02564,84.8
OUT_02565,261.41
OUT_02566,285.36
OUT_02567,75.13
OUT_02568,281.47
OUT_02569,76.3
OUT_02570,256.16
OUT_02571,261.72
OUT_02572,82.14
OUT_02573,78.04
OUT_02574,266.19
OUT_02575,81.52
OUT_02576,2812.61
OUT_02577,80.97
OUT_02578,1155.35
OUT_02579,264.64
OUT_02580,85.03
OUT_02581,255.52
OUT_02582,2807.07
OUT_02583,76.76
OUT_02584,76.29
OUT_02585,84.89
OUT_02586,2807.65
OUT_02587,79.28
OUT_02588,83.03
OUT_02589,79.4
OUT_02590,259.69
OUT_02591,1096.1
OUT_02592,263.79
OUT_02593,1172.77
OUT_02594,76.85
OUT_02595,82.65
OUT_02596,1167.88
OUT_02597,1124.95
OUT_02598,1154.27
OUT_02599,2817.1
OUT_02600,256.12
OUT_02601,267.6
OUT_02602,82.41
OUT_02603,1140.42
OUT_02604,81.82
OUT_02605,263.52
OUT_02606,1096.02
OUT_02607,80.15
OUT_02608,267.51
OUT_02609,84.68
OUT_02610,272.72
OUT_02611,263.08
OUT_02612,278.11
OUT_02613,264.93
OUT_02614,85.25
OUT_02615,1165.78
OUT_02616,1094.38
OUT_02617,2825.4
OUT_02618,77.92
OUT_02619,276.57
OUT_02620,78.82
OUT_02621,287.29
OUT_02622,77.43
OUT_02623,76.59
OUT_02624,76.25
OUT_02625,274.91
OUT_02626,1090.37
OUT_02627,74.74
OUT_02628,266.99
OUT_02629,71.44
OUT_02630,81.01
OUT_02631,75.07
OUT_02632,263.45
OUT_02633,78.91
OUT_02634,83.03
OUT_02635,80.99
OUT_02636,2822.95
OUT_02637,79.21
OUT_02638,257.45
OUT_02639,77.2
OUT_02640,279.87
OUT_02641,1121.99
OUT_02642,78.93
OUT_02643,1151.46
OUT_02644,266.91
OUT_02645,80.42
OUT_02646,85.97
OUT_02647,1100.65
OUT_02648,82.64
OUT_02649,77.38
OUT_02650,253.89
OUT_02651,264.39
OUT_02652,81.44
OUT_02653,83.88
OUT_02654,1139.95
OUT_02655,82.1
OUT_02656,76.03
OUT_02657,82.93
OUT_02658,82.1
OUT_02659,75.77
OUT_02660,81.39
OUT_02661,254.03
OUT_02662,78.65
OUT_02663,274.3
OUT_02664,1099.93
OUT_02665,1084.88
OUT_02666,254.04
OUT_02667,79.36
OUT_02668,1147.19
OUT_02669,80.13
OUT_02670,83.13
OUT_02671,81.7
OUT_02672,79.08
OUT_02673,76.72
OUT_02674,81.6
OUT_02675,80.14
OUT_02676,271.4
OUT_02677,76.51
OUT_02678,83.4
OUT_02679,74.15
OUT_02680,80.06
OUT_02681,75.44
OUT_02682,82.6
OUT_02683,74.61
OUT_02684,1106.02
OUT_02685,78.31
OUT_02686,271.76
OUT_02687,76.52
OUT_02688,265.58
OUT_02689,82.96
OUT_02690,286.27
OUT_02691,1143.76
OUT_02692,247.72
OUT_02693,74.32
OUT_02694,75.29
OUT_02695,77.21
OUT_02696,261.3
OUT_02697,259.12
OUT_02698,260.3
OUT_02699,265.43
OUT_02700,70.95
OUT_02701,1127.56
OUT_02702,78.82
OUT_02703,271.22
OUT_02704,82.58
OUT_02705,78.53
OUT_02706,80.29
OUT_02707,75.64
OUT_02708,78.21
OUT_02709,80.38
OUT_02710,262.1
OUT_02711,78.96
OUT_02712,74.28
OUT_02713,78.94
OUT_02714,269.02
OUT_02715,77.41
OUT_02716,80.02
OUT_02717,1121.26
OUT_02718,78.6
OUT_02719,77.79
OUT_02720,87.37
OUT_02721,2783.57
OUT_02722,259.73
OUT_02723,82.27
OUT_02724,74.85
OUT_02725,78.95
OUT_02726,72.95
OUT_02727,80.34
OUT_02728,1107.89
OUT_02729,74.36
OUT_02730,69.48
OUT_02731,265.11
OUT_02732,82.9
OUT_02733,82.8
OUT_02734,1110.86
OUT_02735,76.03
OUT_02736,264.05
OUT_02737,268.69
OUT_02738,76.5
OUT_02739,268.43
OUT_02740,248.32
OUT_02741,79.49
OUT_02742,78.9
OUT_02743,79.44
OUT_02744,269.47
OUT_02745,72.31
OUT_02746,261.66
OUT_02747,79.62
OUT_02748,77.03
OUT_02749,80.61
OUT_02750,79.72
OUT_02751,1133.58
OUT_02752,76.83
OUT_02753,263.29
OUT_02754,73.49
OUT_02755,2777.89
OUT_02756,77.27
OUT_02757,80.18
OUT_02758,2755.92
OUT_02759,79.86
OUT_02760,1161.25
OUT_02761,78.15
OUT_02762,80.02
OUT_02763,78.18
OUT_02764,82.6
OUT_02765,1127.2
OUT_02766,271.93
OUT_02767,265.46
OUT_02768,76.8
OUT_02769,78.95
OUT_02770,265.32
OUT_02771,79.98
OUT_02772,76.31
OUT_02773,259.13
OUT_02774,255.18
OUT_02775,265.61
OUT_02776,1124.68
OUT_02777,78.89
OUT_02778,76.29
OUT_02779,80.56
OUT_02780,270.8
OUT_02781,265.45
OUT_02782,1155.34
OUT_02783,2778.1
OUT_02784,273.57
OUT_02785,71.27
OUT_02786,76.1
OUT_02787,78.99
OUT_02788,271.26
OUT_02789,77.42
OUT_02790,75.14
OUT_02791,258.87
OUT_02792,1122.78
OUT_02793,270.64
OUT_02794,75.81
OUT_02796,79.34
OUT_02797,266.6
OUT_02798,272.42
OUT_02799,77.39
OUT_02800,261.94
OUT_02801,80.5
OUT_02802,76.05
OUT_02803,79.89
OUT_02804,88.13
OUT_02805,76.38
OUT_02806,284.31
OUT_02807,274.82
OUT_02808,256.66
OUT_02809,75.42
OUT_02810,272.49
OUT_02811,82.05
OUT_02812,75.19
OUT_02813,79.31
OUT_02814,80.71
OUT_02815,79.37
OUT_02816,79.28
OUT_02817,273.95
OUT_02818,266.72
OUT_02819,266.46
OUT_02820,1096.68
OUT_02821,275.67
OUT_02822,78.91
OUT_02823,75.64
OUT_02824,265.72
OUT_02825,81.97
OUT_02826,78.69
OUT_02827,265.36
OUT_02828,76.39
OUT_02829,1105.03
OUT_02830,265.73
OUT_02831,79.3
OUT_02832,1137.69
OUT_02833,268.85
OUT_02834,270.86
OUT_02835,75.29
OUT_02836,2970.88
OUT_02837,77.25
OUT_02838,255.39
OUT_02839,79.35
OUT_02840,1105.01
OUT_02841,2801.4
OUT_02842,270.36
OUT_02843,76.93
OUT_02844,77.34
OUT_02845,80.77
OUT_02846,267.52
OUT_02847,78.38
OUT_02848,82.93
OUT_02849,267.62
OUT_02850,83.82
OUT_02851,81.57
OUT_02852,265.98
OUT_02853,254.89
OUT_02854,2869.28
OUT_02855,81.54
OUT_02856,77.37
OUT_02857,257.93
OUT_02858,1164.51
OUT_02859,86.43
OUT_02860,2784.6
OUT_02861,76.98
OUT_02863,263.92
OUT_02864,264.76
OUT_02865,2886.41
OUT_02866,82.08
OUT_02867,75.9
OUT_02868,83.74
OUT_02869,82.24
OUT_02870,78.39
OUT_02871,80.11
OUT_02872,80.94
OUT_02873,274.7
OUT_02874,269.02
OUT_02875,267.43
OUT_02876,259.46
OUT_02877,79.03
OUT_02878,270.8
OUT_02879,74.73
OUT_02880,82.4
OUT_02881,80.34
OUT_02882,78.54
OUT_02883,2749.49
OUT_02884,77.06
OUT_02885,81.06
OUT_02886,80.29
OUT_02887,272.58
OUT_02888,80.45
OUT_02889,82.58
OUT_02890,1121.89
OUT_02891,73.73
OUT_02892,2811.15
OUT_02893,77.04
OUT_02894,76.07
OUT_02895,1151.16
OUT_02896,1092.42
OUT_02897,265.66
OUT_02898,78.95
OUT_02899,71.18
OUT_02900,261.96
OUT_02901,259.13
OUT_02902,270.9
OUT_02903,80.03
OUT_02904,82.32
OUT_02905,83.24
OUT_02906,1125.9
OUT_02907,70.76
OUT_02908,77.21
OUT_02909,276.55
OUT_02910,272.76
OUT_02911,2824.6
OUT_02912,75.99
OUT_02913,269.48
OUT_02914,83.24
OUT_02915,74.2
OUT_02916,78.35
OUT_02917,74.57
OUT_02918,72.86
OUT_02919,1152.25
OUT_02920,257.12
OUT_02921,72.66
OUT_02922,1107.96
OUT_02923,269.65
OUT_02924,266.91
OUT_02925,279.0
OUT_02926,77.18
OUT_02927,82.55
OUT_02928,77.96
OUT_02929,76.66
OUT_02930,1127.7
OUT_02931,84.43
OUT_02932,287.67
OUT_02933,77.59
OUT_02934,76.06
OUT_02935,77.52
OUT_02936,2725.24
OUT_02937,79.11
OUT_02938,73.56
OUT_02939,266.45
OUT_02940,82.43
OUT_02941,2819.2
OUT_02942,84.65
OUT_02943,77.21
OUT_02944,73.69
OUT_02945,86.61
OUT_02946,79.04
OUT_02947,73.88
OUT_02948,79.52
OUT_02949,274.16
OUT_02950,2832.86
OUT_02951,79.3
OUT_02952,276.57
OUT_02953,264.19
OUT_02954,264.89
OUT_02955,83.46
OUT_02956,1125.0
OUT_02957,80.84
OUT_02958,270.1
OUT_02959,272.75
OUT_02960,261.66
OUT_02961,74.44
OUT_02962,2910.55
OUT_02963,273.82
OUT_02964,2832.6
OUT_02965,78.04
OUT_02966,1061.87
OUT_02967,76.53
OUT_02968,78.95
OUT_02969,1098.34
OUT_02970,1135.55
OUT_02971,262.51
OUT_02972,269.22
OUT_02973,275.96
OUT_02974,1105.88
OUT_02975,78.6
OUT_02976,83.83
OUT_02977,264.32
OUT_02978,270.18
OUT_02979,72.67
OUT_02980,77.6
OUT_02981,84.86
OUT_02982,76.48
OUT_02983,274.8
OUT_02984,81.0
OUT_02985,259.96
OUT_02986,267.07
OUT_02987,78.5
OUT_02988,77.09
OUT_02989,273.37
OUT_02990,275.55
OUT_02991,79.97
OUT_02992,81.86
OUT_02993,261.13
OUT_02994,1107.52
OUT_02995,83.11
OUT_02996,1162.47
OUT_02997,1151.2
OUT_02998,84.38
OUT_02999,83.86
OUT_03000,285.03
OUT_03001,267.63
OUT_03002,264.12
OUT_03003,80.2
OUT_03004,1157.19
OUT_03005,81.46
OUT_03006,273.08
OUT_03007,81.22
OUT_03008,80.31
OUT_03009,259.13
OUT_03010,81.24
OUT_03011,75.52
OUT_03012,78.46
OUT_03013,278.75
OUT_03014,272.5
OUT_03015,266.0
OUT_03016,73.75
OUT_03017,260.34
OUT_03018,1105.34
OUT_03019,265.54
OUT_03020,2806.72
OUT_03021,1068.1
OUT_03022,83.03
OUT_03023,83.65
OUT_03024,276.08
OUT_03025,78.63
OUT_03026,81.08
OUT_03027,72.8
OUT_03028,270.65
OUT_03029,79.77
OUT_03030,81.76
OUT_03031,257.48
OUT_03032,79.85
OUT_03033,79.1
OUT_03034,83.06
OUT_03035,84.52
OUT_03036,1153.07
OUT_03037,2785.24
OUT_03038,1090.4
OUT_03039,256.61
OUT_03040,1119.45
OUT_03041,272.22
OUT_03042,80.7
OUT_03043,276.56
OUT_03044,81.27
OUT_03045,79.62
OUT_03046,77.92
OUT_03047,73.41
OUT_03048,265.42
OUT_03049,75.16
OUT_03050,81.71
OUT_03051,77.47
OUT_03052,1096.64
OUT_03053,269.77
OUT_03054,78.27
OUT_03055,262.74
OUT_03056,1141.44
OUT_03057,82.07
OUT_03058,80.9
OUT_03059,268.15
OUT_03060,77.4
OUT_03061,1152.77
OUT_03062,75.68
OUT_03063,77.89
OUT_03064,2797.46
OUT_03065,2873.68
OUT_03066,74.23
OUT_03067,84.66
OUT_03068,82.44
OUT_03069,261.96
OUT_03070,1105.96
OUT_03071,81.0
OUT_03072,270.09
OUT_03073,77.47
OUT_03074,274.83
OUT_03075,2826.16
OUT_03076,268.02
OUT_03077,2750.27
OUT_03078,2787.26
OUT_03079,73.89
OUT_03080,80.58
OUT_03081,258.96
OUT_03082,81.12
OUT_03083,76.26
OUT_03084,1120.87
OUT_03085,81.85
OUT_03086,76.74
OUT_03087,79.62
OUT_03088,1155.22
OUT_03089,269.77
OUT_03090,280.74
OUT_03091,78.01
OUT_03092,81.98
OUT_03093,1150.09
OUT_03094,77.0
OUT_03095,74.94
OUT_03096,76.65
OUT_03097,1129.98
OUT_03098,77.46
OUT_03099,1154.61
OUT_03100,75.4
OUT_03101,77.23
OUT_03102,261.86
OUT_03103,272.36
OUT_03104,76.22
OUT_03105,80.48
OUT_03106,82.41
OUT_03107,76.14
OUT_03108,80.94
OUT_03109,82.87
OUT_03110,76.15
OUT_03111,77.5
OUT_03112,261.04
OUT_03113,262.54
OUT_03114,85.85
OUT_03115,80.34
OUT_03116,278.04
OUT_03117,80.96
OUT_03118,74.77
OUT_03119,79.2
OUT_03120,82.79
OUT_03121,82.39
OUT_03122,78.58
OUT_03123,80.72
OUT_03124,79.03
OUT_03125,262.19
OUT_03126,79.27
OUT_03127,82.92
OUT_03128,79.37
OUT_03129,1140.77
OUT_03130,79.96
OUT_03131,2856.14
OUT_03132,78.23
OUT_03133,75.72
OUT_03134,1133.68
OUT_03135,78.21
OUT_03136,268.1
OUT_03137,80.77
OUT_03138,73.13
OUT_03139,260.61
OUT_03140,80.62
OUT_03141,77.75
OUT_03142,261.89
OUT_03143,81.07
OUT_03144,79.57
OUT_03145,73.51
OUT_03146,276.65
OUT_03147,269.25
OUT_03148,2856.94
OUT_03149,78.99
OUT_03150,270.36
OUT_03151,79.96
OUT_03152,79.48
OUT_03153,274.35
OUT_03154,1175.47
OUT_03155,277.91
OUT_03156,272.85
OUT_03157,1130.22
OUT_03158,83.3
OUT_03159,77.96
OUT_03160,267.89
OUT_03161,261.92
OUT_03162,75.23
OUT_03163,78.54
OUT_03164,1142.72
OUT_03165,273.42
OUT_03166,78.55
OUT_03167,2822.71
OUT_03168,73.29
OUT_03169,76.66
OUT_03170,286.01
OUT_03171,267.38
OUT_03172,80.73
OUT_03173,81.81
OUT_03174,78.34
OUT_03175,259.07
OUT_03176,80.88
OUT_03177,79.14
OUT_03178,75.44
OUT_03179,255.02
OUT_03180,79.14
OUT_03181,80.72
OUT_03182,76.18
OUT_03183,1125.54
OUT_03184,271.3
OUT_03185,78.75
OUT_03186,259.18
OUT_03187,78.34
OUT_03188,69.9
OUT_03189,263.79
OUT_03190,82.17
OUT_03191,1131.55
OUT_03192,77.37
OUT_03193,75.01
OUT_03194,267.02
OUT_03195,84.54
OUT_03196,264.44
OUT_03197,78.97
OUT_03198,80.67
OUT_03199,271.59
OUT_03200,270.19
OUT_03201,271.44
OUT_03202,82.69
OUT_03203,72.93
OUT_03204,263.85
OUT_03205,81.91
OUT_03206,261.01
OUT_03207,75.71
OUT_03208,2761.1
OUT_03209,79.06
OUT_03210,80.2
OUT_03211,247.76
OUT_03212,74.23
OUT_03213,249.7
OUT_03214,268.51
OUT_03215,278.99
OUT_03216,77.18
OUT_03217,270.14
OUT_03218,266.11
OUT_03219,73.91
OUT_03220,261.25
OUT_03221,266.55
OUT_03222,269.18
OUT_03223,81.93
OUT_03224,273.73
OUT_03225,78.24
OUT_03226,75.35
OUT_03227,266.92
OUT_03228,2873.17
OUT_03229,2820.1
OUT_03230,81.08
OUT_03231,280.3
OUT_03232,77.15
OUT_03233,1055.09
OUT_03234,271.22
OUT_03235,80.7
OUT_03236,82.53
OUT_03237,77.55
OUT_03238,82.54
OUT_03239,81.31
OUT_03240,260.91
OUT_03241,78.82
OUT_03242,1067.37
OUT_03243,79.26
OUT_03244,79.04
OUT_03245,270.76
OUT_03246,78.32
OUT_03247,82.23
OUT_03248,269.04
OUT_03249,84.59
OUT_03250,80.74
OUT_03251,1161.94
OUT_03252,1154.18
OUT_03253,78.93
OUT_03254,78.28
OUT_03255,271.64
OUT_03256,273.08
OUT_03257,77.97
OUT_03258,260.21
OUT_03259,266.9
OUT_03260,1149.21
OUT_03261,81.8
OUT_03262,269.03
OUT_03263,82.54
OUT_03264,2714.72
OUT_03265,272.34
OUT_03266,75.86
OUT_03267,77.51
OUT_03268,277.64
OUT_03269,261.67
OUT_03270,75.75
OUT_03271,1141.04
OUT_03272,288.44
OUT_03273,1172.49
OUT_03274,2877.46
OUT_03275,80.81
OUT_03276,87.51
OUT_03277,83.78
OUT_03278,80.34
OUT_03279,71.17
OUT_03280,79.46
OUT_03281,2693.73
OUT_03282,266.52
OUT_03283,1076.17
OUT_03284,83.93
OUT_03285,79.2
OUT_03286,83.25
OUT_03287,2845.48
OUT_03288,272.18
OUT_03289,76.65
OUT_03290,83.07
OUT_03291,79.35
OUT_03292,78.14
OUT_03293,273.25
OUT_03294,75.87
OUT_03295,81.43
OUT_03296,2803.25
OUT_03297,1158.76
OUT_03298,79.27
OUT_03299,269.32
OUT_03300,252.25
OUT_03301,266.3
OUT_03302,1091.0
OUT_03303,81.24
OUT_03304,70.74
OUT_03305,78.91
OUT_03306,78.91
OUT_03307,79.32
OUT_03308,266.06
OUT_03309,85.42
OUT_03310,76.71
OUT_03311,80.47
OUT_03312,1166.37
OUT_03313,79.14
OUT_03314,71.06
OUT_03315,2903.97
OUT_03316,1096.22
OUT_03317,78.64
OUT_03318,78.81
OUT_03319,260.31
OUT_03320,73.36
OUT_03321,277.8
OUT_03322,259.49
OUT_03323,271.48
OUT_03324,1135.23
OUT_03325,2922.39
OUT_03326,76.4
OUT_03327,1129.25
OUT_03328,1133.23
OUT_03329,278.26
OUT_03330,2739.95
OUT_03331,75.79
OUT_03332,86.62
OUT_03333,1095.78
OUT_03334,1117.86
OUT_03335,267.59
OUT_03336,261.18
OUT_03337,266.78
OUT_03338,77.68
OUT_03339,79.81
OUT_03340,260.19
OUT_03341,1100.55
OUT_03342,81.43
OUT_03343,81.0
OUT_03344,1142.35
OUT_03345,1112.61
OUT_03346,2888.05
OUT_03347,76.0
OUT_03348,83.79
OUT_03349,272.59
OUT_03350,264.03
OUT_03351,79.94
OUT_03352,265.09
OUT_03353,2833.51
OUT_03354,75.52
OUT_03355,75.6
OUT_03356,69.47
OUT_03357,256.86
OUT_03358,2803.88
OUT_03359,1143.23
OUT_03360,79.89
OUT_03361,257.56
OUT_03362,80.4
OUT_03363,75.49
OUT_03364,76.58
OUT_03365,81.03
OUT_03366,278.36
OUT_03367,264.31
OUT_03368,1137.1
OUT_03369,84.5
OUT_03370,251.9
OUT_03371,277.44
OUT_03372,83.67
OUT_03373,265.28
OUT_03374,79.78
OUT_03375,83.4
OUT_03376,79.65
OUT_03377,272.77
OUT_03378,70.53
OUT_03379,265.45
OUT_03380,86.63
OUT_03381,2890.32
OUT_03382,78.75
OUT_03383,1130.21
OUT_03384,78.88
OUT_03385,73.29
OUT_03386,84.52
OUT_03387,1117.33
OUT_03388,1118.33
OUT_03389,79.23
OUT_03390,68.94
OUT_03391,1133.49
OUT_03392,77.11
OUT_03393,268.86
OUT_03394,80.32
OUT_03395,1125.96
OUT_03396,278.44
OUT_03397,80.07
OUT_03398,71.16
OUT_03399,76.93
OUT_03400,273.61
OUT_03401,263.35
OUT_03402,2759.47
OUT_03403,86.86
OUT_03404,76.91
OUT_03405,79.42
OUT_03406,1178.0
OUT_03407,263.31
OUT_03408,73.46
OUT_03409,261.15
OUT_03410,77.01
OUT_03411,2962.02
OUT_03412,79.07
OUT_03413,1137.21
OUT_03414,1109.96
OUT_03415,2854.17
OUT_03416,77.77
OUT_03417,81.56
OUT_03418,1165.73
OUT_03419,78.66
OUT_03420,87.14
OUT_03421,78.42
OUT_03422,80.43
OUT_03423,1131.67
OUT_03424,1153.78
OUT_03425,267.36
OUT_03426,78.58
OUT_03427,290.77
OUT_03428,73.45
OUT_03429,80.56
OUT_03430,274.04
OUT_03431,84.68
OUT_03432,79.1
OUT_03433,78.79
OUT_03434,261.03
OUT_03435,81.17
OUT_03436,1118.3
OUT_03437,73.96
OUT_03438,284.43
OUT_03439,281.07
OUT_03440,83.46
OUT_03441,87.23
OUT_03442,248.0
OUT_03443,1124.97
OUT_03444,1153.71
OUT_03445,263.95
OUT_03446,1143.06
OUT_03447,82.24
OUT_03448,273.25
OUT_03449,81.66
OUT_03450,266.19
OUT_03451,1031.89
OUT_03452,74.34
OUT_03453,272.39
OUT_03454,75.72
OUT_03455,84.16
OUT_03456,78.29
OUT_03457,276.57
OUT_03458,2768.32
OUT_03459,80.29
OUT_03460,75.58
OUT_03461,81.85
OUT_03462,82.37
OUT_03463,80.79
OUT_03464,84.8
OUT_03465,273.36
OUT_03466,270.35
OUT_03467,1094.62
OUT_03468,270.71
OUT_03469,78.83
OUT_03470,74.51
OUT_03471,75.46
OUT_03472,84.04
OUT_03473,81.25
OUT_03474,80.77
OUT_03475,75.62
OUT_03476,267.74
OUT_03477,273.67
OUT_03478,82.4
OUT_03479,78.27
OUT_03480,265.71
OUT_03481,83.63
OUT_03482,1114.4
OUT_03483,73.86
OUT_03484,2757.02
OUT_03485,77.06
OUT_03486,82.06
OUT_03487,81.88
OUT_03488,77.05
OUT_03489,286.05
OUT_03490,78.33
OUT_03491,260.2
OUT_03492,1125.18
OUT_03493,2904.07
OUT_03494,261.81
OUT_03495,80.16
OUT_03496,75.36
OUT_03497,265.24
OUT_03498,255.81
OUT_03499,268.16
OUT_03500,82.66
OUT_03501,264.25
OUT_03502,80.92
OUT_03503,265.73
OUT_03504,76.24
OUT_03505,259.8
OUT_03506,272.96
OUT_03507,81.93
OUT_03508,1097.61
OUT_03509,76.4
OUT_03510,72.61
OUT_03511,76.67
OUT_03512,76.02
OUT_03513,1120.86
OUT_03514,76.48
OUT_03515,78.82
OUT_03516,78.84
OUT_03517,83.29
OUT_03518,266.51
OUT_03519,1121.67
OUT_03520,74.83
OUT_03521,282.18
OUT_03522,83.77
OUT_03523,79.55
OUT_03524,258.46
OUT_03525,71.7
OUT_03526,79.2
OUT_03527,79.16
OUT_03528,81.6
OUT_03529,278.52
OUT_03530,76.79
OUT_03531,262.06
OUT_03532,77.95
OUT_03533,1107.07
OUT_03534,272.52
OUT_03535,80.32
OUT_03536,77.59
OUT_03537,277.28
OUT_03538,82.08
OUT_03539,81.56
OUT_03540,72.18
OUT_03541,268.97
OUT_03542,264.48
OUT_03543,82.08
OUT_03544,79.02
OUT_03545,278.27
OUT_03546,83.69
OUT_03547,277.75
OUT_03548,77.72
OUT_03549,2790.49
OUT_03550,257.51
OUT_03551,1106.22
OUT_03552,261.46
OUT_03553,72.96
OUT_03554,274.52
OUT_03555,1150.34
OUT_03556,2803.45
OUT_03557,78.56
OUT_03558,272.32
OUT_03559,2880.82
OUT_03560,263.5
OUT_03561,252.58
OUT_03562,77.48
OUT_03563,267.39
OUT_03564,264.49
OUT_03565,291.34
OUT_03566,81.06
OUT_03567,266.04
OUT_03568,79.17
OUT_03569,1130.88
OUT_03570,2767.19
OUT_03571,1171.0
OUT_03572,1118.62
OUT_03573,74.36
OUT_03574,265.94
OUT_03575,1126.32
OUT_03576,80.14
OUT_03577,2804.36
OUT_03578,267.37
OUT_03579,1139.51
OUT_03580,76.7
OUT_03581,82.2
OUT_03582,276.67
OUT_03583,81.66
OUT_03584,78.26
OUT_03585,77.14
OUT_03586,80.22
OUT_03587,279.98
OUT_03588,80.64
OUT_03589,76.21
OUT_03590,76.73
OUT_03591,2770.44
OUT_03592,82.32
OUT_03593,80.68
OUT_03594,272.02
OUT_03595,263.52
OUT_03596,259.97
OUT_03597,1140.2
OUT_03598,1156.76
OUT_03599,77.01
OUT_03600,79.64
OUT_03601,283.31
OUT_03602,256.81
OUT_03603,84.39
OUT_03604,282.32
OUT_03605,73.55
OUT_03606,1121.46
OUT_03607,274.51
OUT_03608,83.25
OUT_03609,86.18
OUT_03610,77.54
OUT_03611,84.03
OUT_03612,79.64
OUT_03613,80.22
OUT_03614,79.67
OUT_03615,1158.03
OUT_03616,1109.87
OUT_03617,76.02
OUT_03618,80.62
OUT_03619,270.02
OUT_03620,268.9
OUT_03621,84.64
OUT_03622,1109.53
OUT_03623,272.87
OUT_03624,81.68
OUT_03625,79.47
OUT_03626,78.87
OUT_03627,79.09
OUT_03628,80.94
OUT_03629,1147.57
OUT_03630,268.69
OUT_03631,1143.44
OUT_03632,81.39
OUT_03633,80.62
OUT_03634,1080.42
OUT_03635,2919.14
OUT_03636,84.7
OUT_03637,269.04
OUT_03638,75.74
OUT_03639,71.14
OUT_03640,78.47
OUT_03641,279.82
OUT_03642,82.91
OUT_03643,268.05
OUT_03644,1179.04
OUT_03645,254.17
OUT_03646,79.62
OUT_03647,78.65
OUT_03648,255.32
OUT_03649,272.51
OUT_03650,76.94
OUT_03651,1109.28
OUT_03652,78.84
OUT_03653,2881.81
OUT_03654,75.53
OUT_03655,245.47
OUT_03656,81.52
OUT_03657,74.42
OUT_03658,76.83
OUT_03659,78.18
OUT_03660,78.79
OUT_03661,79.2
OUT_03662,69.69
OUT_03663,252.71
OUT_03664,236.35
OUT_03665,1159.86
OUT_03666,79.32
OUT_03667,1145.04
OUT_03668,270.81
OUT_03669,1153.14
OUT_03670,79.9
OUT_03671,268.63
OUT_03672,77.32
OUT_03673,78.96
OUT_03674,272.14
OUT_03675,77.54
OUT_03676,2846.4
OUT_03677,73.56
OUT_03678,246.94
OUT_03679,69.65
OUT_03680,2876.71
OUT_03681,81.26
OUT_03682,79.14
OUT_03683,74.88
OUT_03684,85.32
OUT_03685,82.33
OUT_03686,2850.07
OUT_03687,76.22
OUT_03688,78.48
OUT_03689,80.76
OUT_03690,80.08
OUT_03692,82.65
OUT_03693,79.49
OUT_03694,79.78
OUT_03695,259.22
OUT_03696,76.69
OUT_03697,262.91
OUT_03698,268.44
OUT_03699,1136.26
OUT_03700,284.02
OUT_03701,1149.23
OUT_03702,77.99
OUT_03703,262.74
OUT_03704,250.53
OUT_03705,73.73
OUT_03706,75.76
OUT_03707,80.16
OUT_03708,75.32
OUT_03709,1125.81
OUT_03710,262.98
OUT_03711,82.52
OUT_03712,81.15
OUT_03713,86.74
OUT_03714,260.42
OUT_03715,275.28
OUT_03716,79.18
OUT_03717,67.56
OUT_03718,277.56
OUT_03719,2829.9
OUT_03720,75.8
OUT_03721,262.03
OUT_03722,69.8
OUT_03723,1155.06
OUT_03724,2781.35
OUT_03725,79.05
OUT_03726,256.52
OUT_03727,78.74
OUT_03728,75.47
OUT_03729,276.5
OUT_03730,281.52
OUT_03731,266.23
OUT_03732,83.69
OUT_03733,76.39
OUT_03734,259.47
OUT_03735,254.89
OUT_03736,250.03
OUT_03737,83.05
OUT_03738,282.1
OUT_03739,1131.3
OUT_03740,75.1
OUT_03741,2861.54
OUT_03742,79.56
OUT_03743,267.42
OUT_03744,74.57
OUT_03745,83.19
OUT_03746,254.3
OUT_03747,77.15
OUT_03748,266.96
OUT_03749,79.51
OUT_03750,83.55
OUT_03751,84.13
OUT_03752,80.58
OUT_03753,76.62
OUT_03754,1124.32
OUT_03755,76.6
OUT_03756,259.38
OUT_03757,2883.17
OUT_03758,81.33
OUT_03759,75.3
OUT_03760,268.36
OUT_03761,80.25
OUT_03762,272.33
OUT_03763,74.1
OUT_03764,1133.9
OUT_03765,78.05
OUT_03766,2835.85
OUT_03767,279.87
OUT_03768,77.13
OUT_03769,274.12
OUT_03770,265.36
OUT_03771,271.12
OUT_03772,1121.46
OUT_03773,1146.56
OUT_03774,78.63
OUT_03775,80.46
OUT_03776,80.16
OUT_03777,78.69
OUT_03778,73.25
OUT_03779,83.19
OUT_03780,82.58
OUT_03781,275.79
OUT_03782,255.0
OUT_03783,74.3
OUT_03784,78.77
OUT_03785,81.61
OUT_03786,2784.97
OUT_03787,270.97
OUT_03788,84.86
OUT_03789,266.41
OUT_03790,75.61
OUT_03791,1138.32
OUT_03792,254.94
OUT_03793,81.58
OUT_03794,81.0
OUT_03795,263.14
OUT_03796,1129.77
OUT_03797,77.94
OUT_03798,249.34
OUT_03799,264.94
OUT_03800,1169.01
OUT_03801,266.92
OUT_03802,257.56
OUT_03803,1165.68
OUT_03804,276.58
OUT_03805,75.73
OUT_03806,80.79
OUT_03807,80.82
OUT_03808,81.03
OUT_03809,76.54
OUT_03810,78.87
OUT_03811,79.79
OUT_03812,84.12
OUT_03813,77.19
OUT_03814,2752.72
OUT_03815,1132.42
OUT_03816,74.8
OUT_03817,76.8
OUT_03818,79.64
OUT_03819,273.51
OUT_03820,80.6
OUT_03821,78.12
OUT_03822,81.82
OUT_03823,265.3
OUT_03824,1096.21
OUT_03825,272.27
OUT_03826,81.69
OUT_03827,74.94
OUT_03828,1113.74
OUT_03829,2796.43
OUT_03830,79.98
OUT_03831,269.16
OUT_03832,265.79
OUT_03833,1146.21
OUT_03834,77.95
OUT_03835,75.99
OUT_03836,77.27
OUT_03837,76.53
OUT_03838,83.47
OUT_03839,81.83
OUT_03840,1110.19
OUT_03841,1095.54
OUT_03842,249.61
OUT_03843,267.13
OUT_03844,1164.61
OUT_03845,76.75
OUT_03846,265.58
OUT_03847,1148.28
OUT_03848,276.43
OUT_03849,1122.31
OUT_03850,1055.14
OUT_03851,75.22
OUT_03852,77.77
OUT_03853,273.58
OUT_03854,77.57
OUT_03855,73.7
OUT_03856,263.14
OUT_03857,78.43
OUT_03858,87.34
OUT_03859,76.2
OUT_03860,277.89
OUT_03861,1128.25
OUT_03862,78.42
OUT_03863,1148.2
OUT_03864,1143.27
OUT_03865,81.54
OUT_03866,2796.41
OUT_03867,81.98
OUT_03868,80.91
OUT_03869,271.26
OUT_03870,77.97
OUT_03871,84.44
OUT_03872,74.23
OUT_03873,276.51
OUT_03874,78.96
OUT_03875,249.73
OUT_03876,1126.18
OUT_03877,274.23
OUT_03878,1121.89
OUT_03879,80.74
OUT_03880,85.69
OUT_03881,82.36
OUT_03882,81.93
OUT_03883,78.23
OUT_03884,84.16
OUT_03885,2715.9
OUT_03886,272.99
OUT_03887,84.73
OUT_03888,75.94
OUT_03889,278.3
OUT_03890,1158.72
OUT_03891,247.98
OUT_03892,82.05
OUT_03893,1145.79
OUT_03894,79.36
OUT_03895,1102.34
OUT_03896,75.46
OUT_03897,282.27
OUT_03898,277.69
OUT_03899,265.42
OUT_03900,1118.27
OUT_03901,84.88
OUT_03902,1131.76
OUT_03903,75.68
OUT_03904,80.42
OUT_03905,264.62
OUT_03906,1171.62
OUT_03907,268.64
OUT_03908,79.25
OUT_03909,248.85
OUT_03910,1102.54
OUT_03911,2890.59
OUT_03912,82.05
OUT_03913,85.25
OUT_03914,78.18
OUT_03915,79.47
OUT_03916,1117.91
OUT_03917,69.13
OUT_03918,1151.3
OUT_03919,80.96
OUT_03920,1162.39
OUT_03921,81.42
OUT_03922,266.06
OUT_03923,2880.97
OUT_03924,75.0
OUT_03925,78.74
OUT_03926,1169.37
OUT_03927,1153.38
OUT_03928,2810.99
OUT_03929,79.09
OUT_03930,270.13
OUT_03931,248.09
OUT_03932,255.85
OUT_03933,70.17
OUT_03934,268.84
OUT_03935,269.59
OUT_03936,82.21
OUT_03937,253.48
OUT_03938,81.55
OUT_03939,1122.1
OUT_03940,256.56
OUT_03941,83.07
OUT_03942,267.71
OUT_03943,81.06
OUT_03944,2853.38
OUT_03945,75.96
OUT_03946,77.45
OUT_03947,263.96
OUT_03948,85.66
OUT_03949,83.23
OUT_03950,74.53
OUT_03951,75.72
OUT_03952,80.85
OUT_03953,273.96
OUT_03954,2899.16
OUT_03955,261.35
OUT_03956,75.33
OUT_03957,2749.4
OUT_03958,271.1
OUT_03959,2812.45
OUT_03960,1061.91
OUT_03961,80.12
OUT_03962,76.55
OUT_03963,270.35
OUT_03964,263.86
OUT_03965,1172.65
OUT_03966,79.66
OUT_03967,2780.86
OUT_03968,78.71
OUT_03969,78.92
OUT_03970,81.25
OUT_03971,75.43
OUT_03972,1119.69
OUT_03973,82.49
OUT_03974,276.74
OUT_03975,266.88
OUT_03976,79.64
OUT_03977,80.82
OUT_03978,80.04
OUT_03979,257.88
OUT_03980,1145.01
OUT_03981,275.11
OUT_03982,1074.85
OUT_03983,2877.06
OUT_03984,77.52
OUT_03985,255.91
OUT_03986,1105.07
OUT_03987,76.72
OUT_03988,1157.22
OUT_03989,77.6
OUT_03990,73.99
OUT_03991,1182.97
OUT_03992,267.91
OUT_03993,267.0
OUT_03994,1098.88
OUT_03995,77.17
OUT_03996,80.2
OUT_03997,261.66
OUT_03998,82.81
OUT_03999,2818.82
OUT_04000,76.78
OUT_04001,78.78
OUT_04002,79.58
OUT_04003,82.77
OUT_04004,80.54
OUT_04005,1136.77
OUT_04006,268.17
OUT_04007,258.44
OUT_04008,79.39
OUT_04009,1139.76
OUT_04010,82.1
OUT_04011,265.03
OUT_04012,78.65
OUT_04013,1134.59
OUT_04014,82.51
OUT_04015,81.25
OUT_04016,80.27
OUT_04017,275.97
OUT_04018,260.42
OUT_04019,75.67
OUT_04020,72.72
OUT_04021,1171.12
OUT_04022,84.04
OUT_04023,285.15
OUT_04024,77.94
OUT_04025,269.01
OUT_04026,1142.71
OUT_04027,2777.17
OUT_04028,82.78
OUT_04029,83.56
OUT_04030,80.57
OUT_04031,265.21
OUT_04032,271.07
OUT_04033,258.46
OUT_04034,261.25
OUT_04035,73.67
OUT_04036,75.37
OUT_04037,268.78
OUT_04038,78.9
OUT_04039,267.53
OUT_04040,80.43
OUT_04041,78.75
OUT_04042,74.69
OUT_04043,81.09
OUT_04044,1093.03
OUT_04045,262.57
OUT_04046,263.74
OUT_04047,79.59
OUT_04048,1126.87
OUT_04049,79.45
OUT_04050,1158.85
OUT_04051,79.0
OUT_04052,1111.49
OUT_04053,80.93
OUT_04054,79.5
OUT_04055,74.56
OUT_04056,2857.69
OUT_04057,275.85
OUT_04058,71.51
OUT_04059,1113.15
OUT_04060,271.15
OUT_04061,1070.71
OUT_04062,1062.22
OUT_04063,1138.17
OUT_04064,1135.91
OUT_04065,78.86
OUT_04066,77.59
OUT_04067,264.2
OUT_04068,1075.66
OUT_04069,266.86
OUT_04070,268.04
OUT_04071,1165.96
OUT_04072,75.04
OUT_04073,80.24
OUT_04074,79.92
OUT_04075,266.55
OUT_04076,269.12
OUT_04077,82.78
OUT_04078,81.48
OUT_04079,81.67
OUT_04080,259.15
OUT_04081,78.19
OUT_04082,79.57
OUT_04083,264.94
OUT_04084,77.37
OUT_04085,75.15
OUT_04086,74.53
OUT_04087,270.06
OUT_04088,264.82
OUT_04089,75.61
OUT_04090,273.42
OUT_04091,77.8
OUT_04092,260.73
OUT_04093,76.93
OUT_04094,266.04
OUT_04095,79.18
OUT_04096,81.86
OUT_04097,1147.83
OUT_04098,259.61
OUT_04099,266.23
OUT_04100,78.41
OUT_04101,79.75
OUT_04102,1142.99
OUT_04103,75.97
OUT_04104,76.87
OUT_04105,245.42
OUT_04106,261.98
OUT_04107,279.49
OUT_04108,1156.39
OUT_04109,80.33
OUT_04110,269.05
OUT_04111,1108.58
OUT_04112,80.13
OUT_04113,72.29
OUT_04114,271.48
OUT_04115,263.7
OUT_04116,83.35
OUT_04117,76.15
OUT_04118,78.07
OUT_04119,1110.87
OUT_04120,2873.11
OUT_04121,263.05
OUT_04122,265.9
OUT_04123,260.87
OUT_04124,83.74
OUT_04125,76.56
OUT_04126,273.78
OUT_04127,79.57
OUT_04128,2900.51
OUT_04129,82.32
OUT_04130,76.79
OUT_04131,1091.1
OUT_04132,78.84
OUT_04133,268.58
OUT_04134,77.62
OUT_04135,268.64
OUT_04136,2909.62
OUT_04137,255.98
OUT_04138,78.33
OUT_04139,1146.87
OUT_04140,73.67
OUT_04141,77.58
OUT_04142,1209.53
OUT_04143,1056.91
OUT_04144,80.24
OUT_04145,81.91
OUT_04146,82.58
OUT_04147,85.29
OUT_04148,87.71
OUT_04149,75.5
OUT_04150,279.37
OUT_04151,265.13
OUT_04152,77.21
OUT_04153,77.98
OUT_04154,1133.32
OUT_04155,1134.79
OUT_04156,81.87
OUT_04157,87.34
OUT_04158,84.17
OUT_04159,77.04
OUT_04160,76.73
OUT_04161,2796.25
OUT_04162,79.5
OUT_04163,84.94
OUT_04164,76.26
OUT_04165,1056.45
OUT_04166,77.46
OUT_04167,77.12
OUT_04168,86.7
OUT_04169,84.38
OUT_04170,260.89
OUT_04171,2817.72
OUT_04172,80.91
OUT_04173,264.3
OUT_04174,1057.61
OUT_04175,79.74
OUT_04176,254.72
OUT_04177,86.63
OUT_04178,77.93
OUT_04179,82.37
OUT_04180,264.93
OUT_04181,258.1
OUT_04182,83.65
OUT_04183,72.17
OUT_04184,78.49
OUT_04185,263.13
OUT_04186,77.51
OUT_04187,268.1
OUT_04188,82.28
OUT_04189,259.52
OUT_04190,1107.95
OUT_04191,81.19
OUT_04192,80.57
OUT_04193,1112.97
OUT_04194,1156.07
OUT_04195,81.64
OUT_04196,1110.66
OUT_04197,82.94
OUT_04198,261.84
OUT_04199,2849.0
OUT_04200,272.1
OUT_04201,80.04
OUT_04202,78.64
OUT_04203,276.85
OUT_04204,80.27
OUT_04205,259.59
OUT_04206,2887.25
OUT_04207,257.67
OUT_04208,71.26
OUT_04209,83.43
OUT_04210,271.27
OUT_04211,77.31
OUT_04212,260.22
OUT_04213,77.08
OUT_04214,266.58
OUT_04215,266.44
OUT_04216,272.13
OUT_04217,1141.88
OUT_04218,79.38
OUT_04219,79.47
OUT_04220,82.87
OUT_04221,1130.72
OUT_04222,72.21
OUT_04223,76.05
OUT_04224,253.18
OUT_04225,73.91
OUT_04226,1117.07
OUT_04227,275.24
OUT_04228,85.99
OUT_04229,266.25
OUT_04230,79.8
OUT_04231,269.33
OUT_04232,1076.5
OUT_04233,1098.11
OUT_04234,78.91
OUT_04235,80.99
OUT_04236,262.5
OUT_04237,2801.6
OUT_04238,287.61
OUT_04239,2922.35
OUT_04240,77.8
OUT_04241,265.23
OUT_04242,76.25
OUT_04243,73.07
OUT_04244,83.64
OUT_04245,269.15
OUT_04246,69.16
OUT_04247,82.2
OUT_04248,76.87
OUT_04249,252.27
OUT_04250,1112.26
OUT_04251,2942.52
OUT_04252,85.03
OUT_04253,74.8
OUT_04254,1135.85
OUT_04255,86.98
OUT_04256,265.26
OUT_04257,76.96
OUT_04258,255.03
OUT_04259,1128.51
OUT_04260,2782.49
OUT_04261,1112.56
OUT_04262,75.02
OUT_04263,254.97
OUT_04264,76.19
OUT_04265,82.97
OUT_04266,78.12
OUT_04267,77.86
OUT_04268,84.82
OUT_04269,1100.99
OUT_04270,270.05
OUT_04271,276.02
OUT_04272,277.68
OUT_04273,79.39
OUT_04274,267.72
OUT_04275,78.09
OUT_04276,260.67
OUT_04277,73.25
OUT_04278,79.76
OUT_04279,78.17
OUT_04280,271.8
OUT_04281,279.58
OUT_04282,1068.83
OUT_04283,273.5
OUT_04284,87.05
OUT_04285,77.68
OUT_04286,276.62
OUT_04287,259.0
OUT_04288,78.29
OUT_04289,82.47
OUT_04290,76.21
OUT_04291,273.34
OUT_04292,84.03
OUT_04293,1065.37
OUT_04294,271.76
OUT_04295,2886.53
OUT_04296,81.9
OUT_04297,80.02
OUT_04298,273.7
OUT_04299,268.89
OUT_04300,84.27
OUT_04301,83.54
OUT_04302,78.24
OUT_04303,85.16
OUT_04304,1101.49
OUT_04305,251.12
OUT_04306,77.4
OUT_04307,76.88
OUT_04308,80.17
OUT_04309,1126.96
OUT_04310,79.16
OUT_04311,83.31
OUT_04312,1160.06
OUT_04313,81.03
OUT_04314,83.01
OUT_04315,75.56
OUT_04316,79.09
OUT_04317,269.66
OUT_04318,259.19
OUT_04319,79.06
OUT_04320,1162.95
OUT_04321,83.46
OUT_04322,1163.85
OUT_04323,80.33
OUT_04324,264.24
OUT_04325,81.91
OUT_04326,265.88
OUT_04327,79.12
OUT_04328,1160.93
OUT_04329,78.0
OUT_04330,257.43
OUT_04331,262.29
OUT_04332,81.46
OUT_04333,265.84
OUT_04334,274.35
OUT_04335,1118.31
OUT_04336,78.87
OUT_04337,83.42
OUT_04338,76.53
OUT_04339,81.4
OUT_04340,80.58
OUT_04341,81.21
OUT_04342,1159.11
OUT_04343,73.98
OUT_04344,86.58
OUT_04345,75.36
OUT_04346,77.25
OUT_04347,1134.34
OUT_04348,74.77
OUT_04349,1170.99
OUT_04350,261.67
OUT_04351,1116.54
OUT_04352,258.55
OUT_04353,260.92
OUT_04354,75.66
OUT_04355,83.57
OUT_04356,1096.12
OUT_04357,1128.81
OUT_04358,254.78
OUT_04359,2818.87
OUT_04360,260.39
OUT_04361,254.89
OUT_04362,82.45
OUT_04363,75.8
OUT_04364,72.65
OUT_04365,72.78
OUT_04366,84.87
OUT_04367,82.69
OUT_04368,2793.45
OUT_04369,275.25
OUT_04370,256.39
OUT_04371,79.62
OUT_04372,72.64
OUT_04373,267.47
OUT_04374,81.34
OUT_04375,81.2
OUT_04376,79.14
OUT_04377,79.05
OUT_04378,79.37
OUT_04379,86.12
OUT_04380,76.69
OUT_04381,84.45
OUT_04382,1179.02
OUT_04383,89.09
OUT_04384,77.05
OUT_04385,1099.2
OUT_04386,75.36
OUT_04387,278.36
OUT_04388,258.2
OUT_04389,80.35
OUT_04390,265.82
OUT_04391,258.38
OUT_04392,268.39
OUT_04393,2836.18
OUT_04394,86.89
OUT_04395,74.47
OUT_04396,84.15
OUT_04397,75.01
OUT_04398,75.89
OUT_04399,1080.5
OUT_04400,1199.95
OUT_04401,81.19
OUT_04402,1126.04
OUT_04403,79.42
OUT_04404,1133.95
OUT_04405,1144.34
OUT_04406,82.36
OUT_04407,269.39
OUT_04408,79.02
OUT_04409,2924.26
OUT_04410,79.66
OUT_04411,74.86
OUT_04412,81.29
OUT_04413,1082.84
OUT_04414,1129.41
OUT_04415,1165.22
OUT_04416,74.14
OUT_04417,272.42
OUT_04418,244.96
OUT_04419,81.35
OUT_04420,82.33
OUT_04421,78.28
OUT_04422,1166.64
OUT_04423,248.27
OUT_04424,268.53
OUT_04425,75.13
OUT_04426,78.58
OUT_04427,77.14
OUT_04428,74.48
OUT_04429,277.49
OUT_04430,266.29
OUT_04431,84.26
OUT_04432,272.9
OUT_04433,1153.85
OUT_04434,266.21
OUT_04435,1131.64
OUT_04436,1135.64
OUT_04437,1137.63
OUT_04438,1129.76
OUT_04439,1167.82
OUT_04440,264.46
OUT_04441,82.38
OUT_04442,1121.77
OUT_04443,82.58
OUT_04444,257.22
OUT_04445,71.71
OUT_04446,270.45
OUT_04447,85.14
OUT_04448,256.56
OUT_04449,1053.62
OUT_04450,269.31
OUT_04451,269.37
OUT_04452,83.16
OUT_04453,261.0
OUT_04454,278.29
OUT_04455,82.66
OUT_04456,80.91
OUT_04457,261.95
OUT_04458,260.16
OUT_04459,80.55
OUT_04460,271.21
OUT_04461,79.34
OUT_04462,78.33
OUT_04463,79.09
OUT_04464,81.12
OUT_04465,268.7
OUT_04466,263.43
OUT_04467,262.41
OUT_04468,82.0
OUT_04469,79.51
OUT_04470,72.6
OUT_04471,1131.81
OUT_04472,264.27
OUT_04473,81.69
OUT_04474,258.76
OUT_04475,76.19
OUT_04476,273.74
OUT_04477,78.09
OUT_04478,1086.34
OUT_04479,264.65
OUT_04480,1161.4
OUT_04481,75.96
OUT_04482,267.17
OUT_04483,85.11
OUT_04484,272.34
OUT_04485,80.46
OUT_04486,73.53
OUT_04487,1116.14
OUT_04488,82.36
OUT_04489,1097.86
OUT_04490,78.98
OUT_04491,83.75
OUT_04492,1120.82
OUT_04493,75.11
OUT_04494,76.64
OUT_04495,76.3
OUT_04496,76.11
OUT_04497,253.3
OUT_04498,270.54
OUT_04499,76.8
OUT_04500,2724.85
OUT_04501,78.17
OUT_04502,251.58
OUT_04503,75.76
OUT_04504,86.11
OUT_04505,76.14
OUT_04506,263.81
OUT_04507,1117.35
OUT_04508,79.3
OUT_04509,1156.78
OUT_04510,272.34
OUT_04511,78.98
OUT_04512,79.02
OUT_04513,77.97
OUT_04514,1149.28
OUT_04515,269.58
OUT_04516,265.4
OUT_04517,274.6
OUT_04518,255.16
OUT_04519,76.63
OUT_04520,1121.45
OUT_04521,80.17
OUT_04522,76.93
OUT_04523,1162.64
OUT_04524,75.47
OUT_04525,270.57
OUT_04526,1146.71
OUT_04527,75.62
OUT_04528,1119.21
OUT_04529,80.73
OUT_04530,88.48
OUT_04531,78.19
OUT_04532,81.44
OUT_04533,1161.99
OUT_04534,85.15
OUT_04535,250.41
OUT_04536,270.33
OUT_04537,77.23
OUT_04538,83.38
OUT_04539,86.04
OUT_04540,267.2
OUT_04541,276.84
OUT_04542,82.07
OUT_04543,76.68
OUT_04544,263.05
OUT_04545,76.63
OUT_04546,79.28
OUT_04547,278.03
OUT_04548,78.26
OUT_04549,87.48
OUT_04550,80.19
OUT_04551,263.38
OUT_04552,271.35
OUT_04553,273.84
OUT_04554,78.17
OUT_04555,83.67
OUT_04556,1166.29
OUT_04557,74.63
OUT_04558,261.72
OUT_04559,87.43
OUT_04560,1140.99
OUT_04561,269.75
OUT_04562,76.83
OUT_04563,73.88
OUT_04564,76.23
OUT_04565,268.49
OUT_04566,263.97
OUT_04567,77.17
OUT_04568,1121.75
OUT_04569,2726.15
OUT_04570,80.2
OUT_04571,268.98
OUT_04572,79.05
OUT_04573,271.15
OUT_04574,76.94
OUT_04575,263.7
OUT_04576,1164.43
OUT_04577,75.34
OUT_04578,80.94
OUT_04579,87.55
OUT_04580,262.86
OUT_04581,270.52
OUT_04582,77.75
OUT_04583,250.8
OUT_04584,76.87
OUT_04585,76.71
OUT_04586,270.46
OUT_04587,80.54
OUT_04588,74.23
OUT_04589,77.72
OUT_04590,268.77
OUT_04591,76.37
OUT_04592,262.0
OUT_04593,2755.11
OUT_04594,1128.89
OUT_04595,262.35
OUT_04596,82.85
OUT_04597,76.0
OUT_04598,1094.15
OUT_04599,258.5
OUT_04600,80.38
OUT_04601,74.82
OUT_04602,75.92
OUT_04603,276.77
OUT_04604,77.89
OUT_04605,77.95
OUT_04606,1070.56
OUT_04607,277.39
OUT_04608,76.79
OUT_04609,2883.4
OUT_04610,1107.03
OUT_04611,1115.84
OUT_04612,1087.44
OUT_04613,1111.22
OUT_04614,80.54
OUT_04615,1176.33
OUT_04616,79.37
OUT_04617,272.47
OUT_04618,269.13
OUT_04619,266.99
OUT_04620,1085.06
OUT_04621,274.87
OUT_04622,78.8
OUT_04623,77.86
OUT_04624,73.79
OUT_04625,80.31
OUT_04626,1109.68
OUT_04627,269.53
OUT_04628,255.71
OUT_04629,260.17
OUT_04630,261.14
OUT_04631,80.4
OUT_04632,81.61
OUT_04633,266.09
OUT_04634,278.96
OUT_04635,78.24
OUT_04636,85.34
OUT_04637,80.88
OUT_04638,77.52
OUT_04639,74.94
OUT_04640,2947.05
OUT_04641,265.99
OUT_04642,76.39
OUT_04643,82.05
OUT_04644,1095.14
OUT_04645,76.93
OUT_04646,87.25
OUT_04647,77.74
OUT_04648,260.85
OUT_04649,80.58
OUT_04650,81.95
OUT_04651,1140.17
OUT_04652,79.77
OUT_04653,78.13
OUT_04654,78.75
OUT_04655,79.2
OUT_04656,75.63
OUT_04657,85.73
OUT_04658,82.59
OUT_04659,80.39
OUT_04660,79.01
OUT_04661,261.33
OUT_04662,80.23
OUT_04663,73.13
OUT_04664,1127.35
OUT_04665,79.96
OUT_04666,80.83
OUT_04667,1101.98
OUT_04668,73.42
OUT_04669,266.24
OUT_04670,80.68
OUT_04671,281.42
OUT_04672,261.39
OUT_04673,80.19
OUT_04674,81.41
OUT_04675,258.82
OUT_04676,1149.35
OUT_04677,82.35
OUT_04678,2835.81
OUT_04679,1109.21
OUT_04680,77.49
OUT_04681,285.83
OUT_04682,76.61
OUT_04683,267.13
OUT_04684,73.31
OUT_04685,258.29
OUT_04686,269.53
OUT_04687,79.92
OUT_04688,85.55
OUT_04689,76.19
OUT_04690,78.15
OUT_04691,77.65
OUT_04692,79.22
OUT_04693,74.03
OUT_04694,1098.82
OUT_04695,258.51
OUT_04696,79.05
OUT_04697,262.88
OUT_04698,76.1
OUT_04699,265.88
OUT_04700,278.2
OUT_04701,1106.84
OUT_04702,264.21
OUT_04703,1102.42
OUT_04704,1142.79
OUT_04705,78.59
OUT_04706,1100.82
OUT_04707,257.43
OUT_04708,81.29
OUT_04709,77.35
OUT_04710,264.32
OUT_04711,74.94
OUT_04712,75.99
OUT_04713,1144.29
OUT_04714,1127.72
OUT_04715,77.81
OUT_04716,268.5
OUT_04717,76.57
OUT_04718,1159.99
OUT_04719,76.12
OUT_04720,77.16
OUT_04721,272.08
OUT_04722,77.55
OUT_04723,272.78
OUT_04724,1158.28
OUT_04725,76.74
OUT_04726,255.59
OUT_04727,80.86
OUT_04728,275.46
OUT_04729,260.05
OUT_04730,76.68
OUT_04731,255.17
OUT_04732,79.06
OUT_04733,1122.06
OUT_04734,1064.39
OUT_04735,77.69
OUT_04736,277.62
OUT_04737,1121.15
OUT_04738,73.36
OUT_04739,73.54
OUT_04740,74.96
OUT_04741,79.69
OUT_04742,1157.03
OUT_04743,256.36
OUT_04744,265.97
OUT_04745,79.65
OUT_04746,1116.98
OUT_04747,265.43
OUT_04748,77.79
OUT_04749,76.18
OUT_04750,70.48
OUT_04751,1123.34
OUT_04752,2852.32
OUT_04753,265.1
OUT_04754,287.43
OUT_04755,258.97
OUT_04756,271.8
OUT_04757,88.21
OUT_04758,1161.06
OUT_04759,79.69
OUT_04760,80.58
OUT_04761,262.98
OUT_04762,74.31
OUT_04763,78.41
OUT_04764,77.65
OUT_04765,265.69
OUT_04766,1032.5
OUT_04767,81.69
OUT_04768,1097.75
OUT_04769,85.09
OUT_04770,79.41
OUT_04771,79.46
OUT_04772,1129.07
OUT_04773,75.21
OUT_04774,268.2
OUT_04775,85.18
OUT_04776,266.4
OUT_04777,81.72
OUT_04778,78.58
OUT_04779,269.44
OUT_04780,85.04
OUT_04781,264.36
OUT_04782,256.56
OUT_04783,257.67
OUT_04784,258.81
OUT_04785,269.04
OUT_04786,277.65
OUT_04787,78.33
OUT_04788,254.72
OUT_04789,77.93
OUT_04790,2825.1
OUT_04791,1111.6
OUT_04792,71.22
OUT_04793,79.38
OUT_04794,75.13
OUT_04795,1156.64
OUT_04796,268.07
OUT_04797,76.86
OUT_04798,1126.08
OUT_04799,82.45
OUT_04800,80.71
OUT_04801,75.35
OUT_04802,80.33
OUT_04803,75.75
OUT_04804,1128.8
OUT_04805,82.23
OUT_04806,80.16
OUT_04807,286.37
OUT_04808,1063.64
OUT_04809,81.89
OUT_04810,273.33
OUT_04811,1098.21
OUT_04812,2799.95
OUT_04813,87.34
OUT_04814,1112.74
OUT_04815,70.97
OUT_04816,70.83
OUT_04817,74.48
OUT_04818,265.03
OUT_04819,2769.37
OUT_04820,82.97
OUT_04821,80.3
OUT_04822,78.23
OUT_04823,278.41
OUT_04824,79.09
OUT_04825,80.57
OUT_04826,76.85
OUT_04827,80.53
OUT_04828,85.58
OUT_04829,86.69
OUT_04830,1144.33
OUT_04831,77.14
OUT_04832,262.79
OUT_04833,258.94
OUT_04834,78.42
OUT_04835,2937.24
OUT_04836,259.38
OUT_04837,82.11
OUT_04838,71.5
OUT_04839,85.95
OUT_04840,79.63
OUT_04841,83.18
OUT_04842,80.03
OUT_04843,75.39
OUT_04844,1169.63
OUT_04845,80.51
OUT_04846,78.94
OUT_04847,80.14
OUT_04848,267.64
OUT_04849,277.27
OUT_04850,82.06
OUT_04851,270.57
OUT_04852,249.91
OUT_04853,2846.62
OUT_04854,1146.57
OUT_04855,83.36
OUT_04856,271.77
OUT_04857,1078.29
OUT_04858,83.85
OUT_04859,280.77
OUT_04860,255.37
OUT_04861,266.87
OUT_04862,266.95
OUT_04863,80.22
OUT_04864,269.03
OUT_04865,269.34
OUT_04866,259.9
OUT_04867,78.54
OUT_04868,288.14
OUT_04869,1114.86
OUT_04870,77.89
OUT_04871,75.97
OUT_04872,262.68
OUT_04873,1148.94
OUT_04874,77.35
OUT_04875,81.06
OUT_04876,269.27
OUT_04877,83.23
OUT_04878,78.76
OUT_04879,2840.47
OUT_04880,75.29
OUT_04881,77.38
OUT_04882,269.24
OUT_04883,81.89
OUT_04884,73.85
OUT_04885,1161.64
OUT_04886,253.2
OUT_04887,1068.67
OUT_04888,78.79
OUT_04889,84.3
OUT_04890,81.11
OUT_04891,280.06
OUT_04892,1113.96
OUT_04893,270.58
OUT_04894,77.99
OUT_04895,77.34
OUT_04896,78.31
OUT_04897,77.06
OUT_04898,1095.6
OUT_04899,260.67
OUT_04900,80.64
OUT_04901,274.2
OUT_04902,79.2
OUT_04903,245.63
OUT_04904,268.14
OUT_04905,79.84
OUT_04906,81.17
OUT_04907,79.64
OUT_04908,77.97
OUT_04909,82.89
OUT_04910,265.59
OUT_04911,77.96
OUT_04912,255.21
OUT_04913,1125.93
OUT_04914,270.63
OUT_04915,76.3
OUT_04916,79.12
OUT_04917,280.17
OUT_04918,78.63
OUT_04919,2904.44
OUT_04920,279.1
OUT_04921,78.6
OUT_04922,264.64
OUT_04923,80.17
OUT_04924,1109.59
OUT_04925,1104.74
OUT_04926,82.03
OUT_04927,256.21
OUT_04928,268.48
OUT_04929,270.08
OUT_04930,80.53
OUT_04931,75.46
OUT_04932,273.59
OUT_04933,81.55
OUT_04934,74.08
OUT_04935,77.6
OUT_04936,274.86
OUT_04937,269.21
OUT_04938,79.8
OUT_04939,68.94
OUT_04940,79.24
OUT_04941,1100.21
OUT_04942,1146.28
OUT_04943,82.87
OUT_04944,1143.93
OUT_04945,279.03
OUT_04946,83.57
OUT_04947,1084.15
OUT_04948,75.14
OUT_04949,259.84
OUT_04950,267.48
OUT_04951,76.79
OUT_04952,266.32
OUT_04953,1111.12
OUT_04954,279.12
OUT_04955,76.11
OUT_04956,80.39
OUT_04957,81.87
OUT_04958,75.7
OUT_04959,271.89
OUT_04960,80.25
OUT_04961,77.99
OUT_04962,2773.18
OUT_04963,277.46
OUT_04964,77.5
OUT_04965,72.6
OUT_04966,78.7
OUT_04967,81.55
OUT_04968,263.11
OUT_04969,260.05
OUT_04970,73.88
OUT_04971,1163.04
OUT_04972,259.43
OUT_04973,1148.5
OUT_04974,274.3
OUT_04975,77.09
OUT_04976,80.69
OUT_04977,81.71
OUT_04978,270.01
OUT_04979,2787.04
OUT_04980,259.93
OUT_04981,74.64
OUT_04982,263.94
OUT_04983,1124.13
OUT_04984,79.3
OUT_04985,1133.18
OUT_04986,270.34
OUT_04987,82.12
OUT_04988,81.43
OUT_04989,73.83
OUT_04990,268.49
OUT_04991,77.9
OUT_04992,1171.8
OUT_04993,78.59
OUT_04994,271.54
OUT_04995,80.21
OUT_04996,262.36
OUT_04997,78.56
OUT_04998,77.84
OUT_04999,266.53
OUT_05000,75.99
OUT_05001,78.37
OUT_05002,83.15
OUT_05003,73.7
OUT_05004,77.31
OUT_05005,265.82
OUT_05006,74.65
OUT_05007,2780.99
OUT_05008,79.3
OUT_05009,87.65
OUT_05010,80.32
OUT_05011,279.13
OUT_05012,83.83
OUT_05013,74.15
OUT_05014,277.93
OUT_05015,272.75
OUT_05016,268.76
OUT_05017,81.71
OUT_05018,274.43
OUT_05019,78.95
OUT_05020,76.28
OUT_05021,272.98
OUT_05022,76.01
OUT_05023,77.77
OUT_05024,263.37
OUT_05025,79.81
OUT_05026,283.03
OUT_05027,77.58
OUT_05028,75.48
OUT_05029,248.18
OUT_05030,80.51
OUT_05031,83.96
OUT_05032,79.45
OUT_05033,79.35
OUT_05034,259.49
OUT_05035,82.92
OUT_05036,86.65
OUT_05037,78.0
OUT_05038,78.33
OUT_05039,76.5
OUT_05040,81.66
OUT_05041,82.14
OUT_05042,79.68
OUT_05043,77.0
OUT_05044,281.51
OUT_05045,1119.14
OUT_05046,1111.48
OUT_05047,85.05
OUT_05048,79.17
OUT_05049,75.24
OUT_05050,2786.39
OUT_05051,79.1
OUT_05052,1136.29
OUT_05053,78.98
OUT_05054,84.71
OUT_05055,79.05
OUT_05056,269.64
OUT_05057,266.73
OUT_05058,84.04
OUT_05059,274.24
OUT_05060,75.54
OUT_05061,79.94
OUT_05062,75.01
OUT_05063,77.36
OUT_05064,266.7
OUT_05065,250.39
OUT_05066,268.03
OUT_05067,78.49
OUT_05068,78.73
OUT_05069,74.05
OUT_05070,265.51
OUT_05071,2868.56
OUT_05072,73.16
OUT_05073,264.55
OUT_05074,73.58
OUT_05075,78.81
OUT_05076,79.44
OUT_05077,78.2
OUT_05078,268.45
OUT_05079,1116.44
OUT_05080,266.22
OUT_05081,78.59
OUT_05082,250.01
OUT_05083,270.22
OUT_05084,263.44
OUT_05085,276.86
OUT_05086,77.0
OUT_05087,260.64
OUT_05088,78.89
OUT_05089,267.49
OUT_05090,269.49
OUT_05091,1140.93
OUT_05092,2913.29
OUT_05093,279.0
OUT_05094,264.74
OUT_05095,2910.62
OUT_05096,80.0
OUT_05097,1151.98
OUT_05098,77.93
OUT_05099,71.5
OUT_05100,75.97
OUT_05101,1125.76
OUT_05102,279.64
OUT_05103,73.97
OUT_05104,1160.25
OUT_05105,79.18
OUT_05106,81.67
OUT_05107,263.58
OUT_05108,78.54
OUT_05109,82.72
OUT_05110,86.21
OUT_05111,80.75
OUT_05112,269.63
OUT_05113,78.33
OUT_05114,79.39
OUT_05115,1147.17
OUT_05116,255.58
OUT_05117,76.25
OUT_05118,268.56
OUT_05119,77.98
OUT_05120,2911.47
OUT_05121,78.93
OUT_05122,1127.19
OUT_05123,251.6
OUT_05124,254.29
OUT_05125,82.26
OUT_05126,76.52
OUT_05127,79.35
OUT_05128,268.69
OUT_05129,263.16
OUT_05130,1142.99
OUT_05131,274.22
OUT_05132,74.01
OUT_05133,2839.59
OUT_05134,261.46
OUT_05135,80.23
OUT_05136,272.44
OUT_05137,80.05
OUT_05138,82.12
OUT_05139,77.8
OUT_05140,79.56
OUT_05141,256.95
OUT_05142,1117.96
OUT_05143,245.88
OUT_05144,83.9
OUT_05145,77.89
OUT_05146,79.57
OUT_05147,274.31
OUT_05148,81.83
OUT_05149,255.31
OUT_05150,276.77
OUT_05151,77.63
OUT_05152,81.24
OUT_05153,76.68
OUT_05154,81.53
OUT_05155,270.39
OUT_05156,2611.18
OUT_05157,2917.7
OUT_05158,81.51
OUT_05159,266.97
OUT_05160,80.08
OUT_05161,1097.63
OUT_05162,1171.59
OUT_05163,272.29
OUT_05164,77.02
OUT_05165,83.78
OUT_05166,1131.34
OUT_05167,276.95
OUT_05168,1103.27
OUT_05169,81.19
OUT_05170,1148.4
OUT_05171,82.55
OUT_05172,78.14
OUT_05173,77.22
OUT_05174,258.69
OUT_05175,1068.68
OUT_05176,1162.88
OUT_05177,82.85
OUT_05178,1129.67
OUT_05179,80.13
OUT_05180,74.77
OUT_05181,2755.07
OUT_05182,76.88
OUT_05183,269.34
OUT_05184,75.97
OUT_05185,1115.69
OUT_05186,1105.38
OUT_05187,269.09
OUT_05188,1132.04
OUT_05189,77.71
OUT_05190,76.61
OUT_05191,81.72
OUT_05192,265.52
OUT_05193,78.0
OUT_05194,264.42
OUT_05195,278.2
OUT_05196,80.52
OUT_05197,1167.8
OUT_05198,2945.71
OUT_05199,246.53
OUT_05200,80.63
OUT_05201,1107.65
OUT_05202,80.42
OUT_05203,264.37
OUT_05204,2842.64
OUT_05205,2738.02
OUT_05206,81.48
OUT_05207,262.75
OUT_05208,80.15
OUT_05209,77.65
OUT_05210,81.24
OUT_05211,269.89
OUT_05212,77.02
OUT_05213,74.85
OUT_05214,77.76
OUT_05215,73.09
OUT_05216,1098.2
OUT_05217,73.03
OUT_05218,269.91
OUT_05219,75.25
OUT_05220,257.63
OUT_05221,84.67
OUT_05222,1139.71
OUT_05223,79.14
OUT_05224,76.15
OUT_05225,252.18
OUT_05226,74.78
OUT_05227,83.83
OUT_05228,81.25
OUT_05229,77.24
OUT_05230,2894.98
OUT_05231,1076.19
OUT_05232,278.94
OUT_05233,1119.25
OUT_05234,261.64
OUT_05235,76.76
OUT_05236,77.61
OUT_05237,254.69
OUT_05238,72.39
OUT_05239,264.61
OUT_05240,263.7
OUT_05241,78.88
OUT_05242,74.04
OUT_05243,259.13
OUT_05244,282.85
OUT_05245,78.1
OUT_05246,76.12
OUT_05247,74.25
OUT_05248,244.77
OUT_05249,267.37
OUT_05250,2824.2
OUT_05251,74.3
OUT_05252,77.71
OUT_05253,269.98
OUT_05254,73.44
OUT_05255,1051.29
OUT_05256,1125.75
OUT_05257,1083.57
OUT_05258,79.67
OUT_05259,1107.84
OUT_05260,263.36
OUT_05261,80.71
OUT_05262,75.16
OUT_05263,76.82
OUT_05264,1093.16
OUT_05265,266.0
OUT_05266,85.64
OUT_05267,268.59
OUT_05268,73.66
OUT_05269,2760.72
OUT_05270,253.1
OUT_05271,1160.01
OUT_05272,1136.8
OUT_05273,79.09
OUT_05274,278.53
OUT_05275,80.29
OUT_05276,80.17
OUT_05277,80.19
OUT_05278,72.03
OUT_05279,80.6
OUT_05280,2885.32
OUT_05281,266.69
OUT_05282,256.66
OUT_05283,260.93
OUT_05284,73.53
OUT_05285,76.58
OUT_05286,1145.08
OUT_05287,1086.31
OUT_05288,75.7
OUT_05289,266.63
OUT_05290,258.17
OUT_05291,74.87
OUT_05292,1112.05
OUT_05293,81.25
OUT_05294,77.21
OUT_05295,262.21
OUT_05296,76.84
OUT_05297,2787.59
OUT_05298,78.91
OUT_05299,1194.86
OUT_05300,256.52
OUT_05301,267.82
OUT_05302,1094.84
OUT_05303,74.11
OUT_05304,77.59
OUT_05305,271.65
OUT_05306,83.78
OUT_05307,75.88
OUT_05308,82.33
OUT_05309,73.97
OUT_05310,73.68
OUT_05311,275.11
OUT_05312,85.12
OUT_05313,78.68
OUT_05314,261.05
OUT_05315,78.74
OUT_05316,277.88
OUT_05317,83.94
OUT_05318,1111.76
OUT_05319,270.3
OUT_05320,262.24
OUT_05321,251.0
OUT_05322,79.66
OUT_05323,79.45
OUT_05324,269.78
OUT_05325,1101.98
OUT_05326,78.53
OUT_05327,80.92
OUT_05328,260.56
OUT_05329,1133.13
OUT_05330,78.01
OUT_05331,86.8
OUT_05332,1137.89
OUT_05333,1153.09
OUT_05334,80.19
OUT_05335,251.99
OUT_05336,265.89
OUT_05337,263.83
OUT_05338,80.17
OUT_05339,78.8
OUT_05340,1168.91
OUT_05341,85.2
OUT_05342,270.5
OUT_05343,268.27
OUT_05344,266.68
OUT_05345,78.71
OUT_05346,78.82
OUT_05347,82.57
OUT_05348,78.05
OUT_05349,1119.72
OUT_05350,271.31
OUT_05351,1151.82
OUT_05352,253.73
OUT_05353,79.72
OUT_05354,263.54
OUT_05355,2887.5
OUT_05356,75.67
OUT_05357,1182.14
OUT_05358,1097.03
OUT_05359,73.17
OUT_05360,252.31
OUT_05361,77.31
OUT_05362,259.85
OUT_05363,79.12
OUT_05364,79.12
OUT_05365,89.69
OUT_05366,2751.47
OUT_05367,265.66
OUT_05368,81.15
OUT_05369,271.98
OUT_05370,80.96
OUT_05371,81.67
OUT_05372,269.28
OUT_05373,267.02
OUT_05374,78.3
OUT_05375,1113.57
OUT_05376,72.66
OUT_05377,1130.22
OUT_05378,72.57
OUT_05379,272.2
OUT_05380,78.46
OUT_05381,76.53
OUT_05382,78.59
OUT_05383,78.14
OUT_05384,1117.5
OUT_05385,258.04
OUT_05386,81.23
OUT_05387,2884.8
OUT_05388,86.84
OUT_05389,76.8
OUT_05390,80.34
OUT_05391,79.27
OUT_05392,273.64
OUT_05393,266.56
OUT_05394,79.82
OUT_05395,81.19
OUT_05396,268.94
OUT_05397,77.58
OUT_05398,79.1
OUT_05399,74.75
OUT_05400,78.0
OUT_05401,262.98
OUT_05402,269.75
OUT_05403,1137.25
OUT_05404,266.1
OUT_05405,256.64
OUT_05406,272.74
OUT_05407,1162.47
OUT_05408,85.63
OUT_05409,271.13
OUT_05410,1094.65
OUT_05411,84.78
OUT_05412,1121.84
OUT_05413,79.83
OUT_05414,78.5
OUT_05415,266.02
OUT_05416,268.25
OUT_05417,80.41
OUT_05418,1176.2
OUT_05419,253.62
OUT_05420,82.68
OUT_05421,83.53
OUT_05422,80.92
OUT_05423,81.69
OUT_05424,269.28
OUT_05425,83.86
OUT_05426,2875.5
OUT_05427,1091.79
OUT_05428,1073.57
OUT_05429,80.62
OUT_05430,2774.16
OUT_05431,262.45
OUT_05432,80.62
OUT_05433,80.72
OUT_05434,76.18
OUT_05435,278.39
OUT_05436,78.97
OUT_05437,80.99
OUT_05438,73.87
OUT_05439,275.61
OUT_05440,81.87
OUT_05441,76.28
OUT_05442,1176.24
OUT_05443,270.43
OUT_05444,80.78
OUT_05445,269.59
OUT_05446,76.65
OUT_05447,277.05
OUT_05448,1126.07
OUT_05449,72.94
OUT_05450,268.6
OUT_05451,276.09
OUT_05452,1099.21
OUT_05453,2780.72
OUT_05454,267.88
OUT_05455,78.21
OUT_05456,265.14
OUT_05457,75.87
OUT_05458,284.47
OUT_05459,1123.12
OUT_05460,80.33
OUT_05461,281.47
OUT_05462,263.77
OUT_05463,78.18
OUT_05464,75.06
OUT_05465,2807.05
OUT_05466,269.06
OUT_05467,79.27
OUT_05468,85.65
OUT_05469,75.91
OUT_05470,2809.97
OUT_05471,74.29
OUT_05472,81.91
OUT_05473,270.28
OUT_05474,79.06
OUT_05475,75.53
OUT_05476,84.95
OUT_05477,78.93
OUT_05478,1148.86
OUT_05479,80.63
OUT_05480,77.99
OUT_05481,84.33
OUT_05482,1174.14
OUT_05483,1105.85
OUT_05484,77.83
OUT_05485,2787.26
OUT_05486,1130.73
OUT_05487,269.03
OUT_05488,262.86
OUT_05489,78.88
OUT_05490,1123.99
OUT_05491,79.31
OUT_05492,266.88
OUT_05493,1153.18
OUT_05494,270.34
OUT_05495,1175.13
OUT_05496,80.85
OUT_05497,1104.0
OUT_05498,76.94
OUT_05499,79.5
OUT_05500,253.66
OUT_05501,1094.71
OUT_05502,76.35
OUT_05503,73.65
OUT_05504,262.61
OUT_05505,273.7
OUT_05506,279.77
OUT_05507,87.16
OUT_05508,1110.48
OUT_05509,285.19
OUT_05510,83.52
OUT_05511,1135.33
OUT_05512,264.26
OUT_05513,83.34
OUT_05514,1091.83
OUT_05515,77.23
OUT_05516,261.99
OUT_05517,83.69
OUT_05518,82.03
OUT_05519,79.52
OUT_05520,77.57
OUT_05521,84.0
OUT_05522,265.22
OUT_05523,1098.9
OUT_05524,77.6
OUT_05525,263.39
OUT_05526,71.74
OUT_05527,75.06
OUT_05528,81.59
OUT_05529,86.84
OUT_05530,265.7
OUT_05531,80.08
OUT_05532,270.77
OUT_05533,76.39
OUT_05534,79.37
OUT_05535,272.15
OUT_05536,275.5
OUT_05537,1114.32
OUT_05538,264.22
OUT_05539,75.89
OUT_05540,1056.73
OUT_05541,80.19
OUT_05542,1142.03
OUT_05543,1080.78
OUT_05544,79.6
OUT_05545,272.0
OUT_05546,83.32
OUT_05547,76.24
OUT_05548,76.9
OUT_05549,84.02
OUT_05550,81.57
OUT_05551,1092.23
OUT_05552,1134.43
OUT_05553,264.87
OUT_05554,73.23
OUT_05555,1121.93
OUT_05556,74.81
OUT_05557,78.31
OUT_05558,78.3
OUT_05559,79.86
OUT_05560,276.47
OUT_05561,81.4
OUT_05562,262.95
OUT_05563,276.29
OUT_05564,2778.82
OUT_05565,1085.9
OUT_05566,74.66
OUT_05567,79.51
OUT_05568,260.04
OUT_05569,1097.29
OUT_05570,78.92
OUT_05571,1136.69
OUT_05572,77.35
OUT_05573,263.32
OUT_05574,82.45
OUT_05575,1022.49
OUT_05576,1167.32
OUT_05577,1106.54
OUT_05578,2934.31
OUT_05579,1109.1
OUT_05580,283.86
OUT_05581,81.05
OUT_05582,78.78
OUT_05583,75.7
OUT_05584,265.34
OUT_05585,262.13
OUT_05586,278.16
OUT_05587,274.42
OUT_05588,259.0
OUT_05589,74.82
OUT_05590,267.12
OUT_05591,264.64
OUT_05592,2750.46
OUT_05593,1165.68
OUT_05594,280.12
OUT_05595,74.75
OUT_05596,77.31
OUT_05597,2889.29
OUT_05598,275.21
OUT_05599,79.37
OUT_05600,86.99
OUT_05601,89.45
OUT_05602,77.0
OUT_05603,88.0
OUT_05604,1127.27
OUT_05605,78.79
OUT_05606,2651.51
OUT_05607,263.05
OUT_05608,265.25
OUT_05609,279.67
OUT_05610,78.29
OUT_05611,81.03
OUT_05612,77.26
OUT_05613,1133.57
OUT_05614,80.62
OUT_05615,268.56
OUT_05616,262.36
OUT_05617,74.38
OUT_05618,264.97
OUT_05619,1090.39
OUT_05620,1163.0
OUT_05621,1110.69
OUT_05622,81.06
OUT_05623,73.83
OUT_05624,78.91
OUT_05625,80.51
OUT_05626,1124.93
OUT_05627,78.15
OUT_05628,81.33
OUT_05629,79.87
OUT_05630,259.19
OUT_05631,84.43
OUT_05632,267.34
OUT_05633,264.04
OUT_05634,78.92
OUT_05635,80.44
OUT_05636,78.3
OUT_05637,82.95
OUT_05638,264.15
OUT_05639,1153.45
OUT_05640,1119.81
OUT_05641,73.71
OUT_05642,80.69
OUT_05643,76.89
OUT_05644,262.21
OUT_05645,273.99
OUT_05646,80.45
OUT_05647,256.37
OUT_05648,81.49
OUT_05649,78.43
OUT_05650,79.55
OUT_05651,279.21
OUT_05652,259.34
OUT_05653,80.97
OUT_05654,80.38
OUT_05655,1105.39
OUT_05656,250.07
OUT_05657,1104.81
OUT_05658,1142.85
OUT_05659,83.04
OUT_05660,77.84
OUT_05661,265.38
OUT_05662,73.45
OUT_05663,81.37
OUT_05664,1092.12
OUT_05665,80.47
OUT_05666,73.66
OUT_05667,250.96
OUT_05668,73.68
OUT_05669,79.97
OUT_05670,279.37
OUT_05671,266.73
OUT_05672,78.59
OUT_05673,79.38
OUT_05674,80.77
OUT_05675,79.93
OUT_05676,266.92
OUT_05677,260.59
OUT_05678,78.28
OUT_05679,268.08
OUT_05680,84.27
OUT_05681,80.75
OUT_05682,1121.15
OUT_05683,82.28
OUT_05684,267.53
OUT_05685,280.58
OUT_05686,74.56
OUT_05687,82.05
OUT_05688,269.98
OUT_05689,257.53
OUT_05690,255.52
OUT_05691,1123.39
OUT_05692,1116.85
OUT_05693,264.04
OUT_05694,2927.12
OUT_05695,78.12
OUT_05696,81.62
OUT_05697,82.3
OUT_05698,260.26
OUT_05699,2924.83
OUT_05700,79.77
OUT_05701,82.38
OUT_05702,85.71
OUT_05703,1184.17
OUT_05704,80.15
OUT_05705,75.93
OUT_05706,78.36
OUT_05707,78.94
OUT_05708,79.83
OUT_05709,259.14
OUT_05710,80.93
OUT_05711,1119.59
OUT_05712,77.93
OUT_05713,71.43
OUT_05714,258.48
OUT_05715,86.33
OUT_05716,1157.58
OUT_05717,81.59
OUT_05718,1146.63
OUT_05719,269.48
OUT_05720,78.49
OUT_05721,80.01
OUT_05722,254.76
OUT_05723,80.08
OUT_05724,86.7
OUT_05725,77.88
OUT_05726,275.33
OUT_05727,2853.39
OUT_05728,80.26
OUT_05729,78.26
OUT_05730,78.24
OUT_05731,83.79
OUT_05732,1086.82
OUT_05733,1152.68
OUT_05734,79.73
OUT_05735,82.25
OUT_05736,245.3
OUT_05737,80.98
OUT_05738,78.27
OUT_05739,280.39
OUT_05740,262.61
OUT_05741,87.51
OUT_05742,255.63
OUT_05743,2929.33
OUT_05744,254.84
OUT_05745,80.18
OUT_05746,83.06
OUT_05747,78.52
OUT_05748,78.77
OUT_05749,265.57
OUT_05750,267.18
OUT_05751,75.9
OUT_05752,266.06
OUT_05753,70.44
OUT_05754,253.72
OUT_05755,78.57
OUT_05756,267.96
OUT_05757,2890.06
OUT_05758,274.4
OUT_05759,81.18
OUT_05760,78.69
OUT_05761,263.68
OUT_05762,265.73
OUT_05763,77.42
OUT_05764,278.36
OUT_05765,252.26
OUT_05766,74.8
OUT_05767,83.03
OUT_05768,81.22
OUT_05769,264.62
OUT_05770,263.06
OUT_05771,72.65
OUT_05772,254.1
OUT_05773,282.52
OUT_05774,265.62
OUT_05775,79.35
OUT_05776,2752.51
OUT_05777,1140.84
OUT_05778,256.19
OUT_05779,79.87
OUT_05780,81.26
OUT_05781,79.24
OUT_05782,269.58
OUT_05783,264.17
OUT_05784,80.71
OUT_05785,76.01
OUT_05786,1133.0
OUT_05787,82.77
OUT_05788,75.85
OUT_05789,78.36
OUT_05790,265.86
OUT_05791,77.14
OUT_05792,277.97
OUT_05793,79.38
OUT_05794,72.87
OUT_05795,77.46
OUT_05796,78.18
OUT_05797,270.53
OUT_05798,269.91
OUT_05799,78.99
OUT_05800,262.04
OUT_05801,265.67
OUT_05802,261.48
OUT_05803,1105.14
OUT_05804,1085.32
OUT_05805,84.16
OUT_05806,266.46
OUT_05807,79.43
OUT_05808,82.44
OUT_05809,284.09
OUT_05810,77.66
OUT_05811,262.93
OUT_05812,84.94
OUT_05813,1105.65
OUT_05814,1097.9
OUT_05815,263.18
OUT_05816,265.75
OUT_05817,81.23
OUT_05818,281.95
OUT_05819,80.35
OUT_05820,75.36
OUT_05821,77.51
OUT_05822,253.53
OUT_05823,83.14
OUT_05824,1120.32
OUT_05825,2852.1
OUT_05826,78.53
OUT_05827,76.96
OUT_05828,80.41
OUT_05829,273.46
OUT_05830,269.18
OUT_05831,263.66
OUT_05832,77.21
OUT_05833,80.31
OUT_05834,270.4
OUT_05835,79.15
OUT_05836,278.74
OUT_05837,277.03
OUT_05838,2782.68
OUT_05839,81.72
OUT_05840,76.93
OUT_05841,79.53
OUT_05842,77.73
OUT_05843,1139.36
OUT_05844,80.63
OUT_05845,258.62
OUT_05846,1145.39
OUT_05847,1056.63
OUT_05848,81.23
OUT_05849,1138.62
OUT_05850,270.91
OUT_05851,83.98
OUT_05852,1129.09
OUT_05853,79.33
OUT_05854,1145.64
OUT_05855,252.74
OUT_05856,265.77
OUT_05857,80.37
OUT_05858,80.27
OUT_05859,76.68
OUT_05860,78.45
OUT_05861,78.3
OUT_05862,78.58
OUT_05863,76.18
OUT_05864,77.19
OUT_05865,79.92
OUT_05866,73.45
OUT_05867,266.72
OUT_05868,256.83
OUT_05869,76.75
OUT_05870,1134.96
OUT_05871,272.73
OUT_05872,83.18
OUT_05873,257.52
OUT_05874,76.75
OUT_05875,262.46
OUT_05876,73.84
OUT_05877,278.21
OUT_05878,80.97
OUT_05879,1138.78
OUT_05880,81.69
OUT_05881,79.36
OUT_05882,268.08
OUT_05883,266.6
OUT_05884,271.49
OUT_05885,271.16
OUT_05886,265.72
OUT_05887,265.49
OUT_05888,81.36
OUT_05889,267.67
OUT_05890,1127.7
OUT_05891,73.7
OUT_05892,1121.04
OUT_05893,264.06
OUT_05894,1088.43
OUT_05895,76.42
OUT_05896,73.92
OUT_05897,77.83
OUT_05898,82.04
OUT_05899,1145.45
OUT_05900,266.94
OUT_05901,83.68
OUT_05902,276.83
OUT_05903,2781.11
OUT_05904,78.75
OUT_05905,78.94
OUT_05906,83.66
OUT_05907,258.87
OUT_05908,84.82
OUT_05909,1108.08
OUT_05910,81.47
OUT_05911,86.15
OUT_05912,74.87
OUT_05913,81.59
OUT_05914,80.2
OUT_05915,265.02
OUT_05916,273.7
OUT_05917,78.32
OUT_05918,249.9
OUT_05919,82.35
OUT_05920,79.87
OUT_05921,81.84
OUT_05922,269.94
OUT_05923,82.46
OUT_05924,276.17
OUT_05925,268.59
OUT_05926,75.3
OUT_05927,2869.7
OUT_05928,75.28
OUT_05929,247.53
OUT_05930,78.27
OUT_05931,77.43
OUT_05932,272.15
OUT_05933,263.91
OUT_05934,81.78
OUT_05935,70.58
OUT_05936,2728.9
OUT_05937,1076.47
OUT_05938,2932.38
OUT_05939,281.4
OUT_05940,2836.14
OUT_05941,83.14
OUT_05942,70.07
OUT_05943,1105.28
OUT_05944,80.02
OUT_05945,78.87
OUT_05946,79.61
OUT_05947,2769.38
OUT_05948,1125.34
OUT_05949,269.19
OUT_05950,74.69
OUT_05951,84.15
OUT_05952,82.15
OUT_05953,75.14
OUT_05954,85.49
OUT_05955,81.86
OUT_05956,1084.89
OUT_05957,81.72
OUT_05958,273.72
OUT_05959,83.99
OUT_05960,1163.36
OUT_05961,83.05
OUT_05962,261.58
OUT_05963,85.73
OUT_05964,81.08
OUT_05965,272.49
OUT_05966,264.27
OUT_05967,78.01
OUT_05968,81.0
OUT_05969,255.85
OUT_05970,272.47
OUT_05971,267.87
OUT_05972,79.41
OUT_05973,272.0
OUT_05974,81.93
OUT_05975,265.1
OUT_05976,75.44
OUT_05977,80.7
OUT_05978,258.91
OUT_05979,259.49
OUT_05980,81.63
OUT_05981,2864.22
OUT_05982,270.5
OUT_05983,81.72
OUT_05984,1118.94
OUT_05985,78.94
OUT_05986,78.4
OUT_05987,79.63
OUT_05988,260.95
OUT_05989,82.65
OUT_05990,86.65
OUT_05991,85.31
OUT_05992,1142.95
OUT_05993,77.8
OUT_05994,75.11
OUT_05995,84.42
OUT_05996,79.0
OUT_05997,82.19
OUT_05998,267.24
OUT_05999,72.49
OUT_06000,79.02
OUT_06001,78.89
OUT_06002,269.37
OUT_06003,78.27
OUT_06004,78.77
OUT_06005,261.44
OUT_06006,264.65
OUT_06007,81.89
OUT_06008,268.92
OUT_06009,276.75
OUT_06010,81.37
OUT_06011,75.7
OUT_06012,1143.16
OUT_06013,1125.88
OUT_06014,270.05
OUT_06015,85.25
OUT_06016,1189.63
OUT_06017,80.4
OUT_06018,87.1
OUT_06019,71.06
OUT_06020,275.72
OUT_06021,78.64
OUT_06022,76.69
OUT_06023,2838.15
OUT_06024,76.92
OUT_06025,259.92
OUT_06026,1111.75
OUT_06027,273.64
OUT_06029,78.76
OUT_06030,2878.65
OUT_06031,73.25
OUT_06032,1082.23
OUT_06033,2883.44
OUT_06034,266.38
OUT_06035,75.38
OUT_06036,77.53
OUT_06037,259.87
OUT_06038,282.45
OUT_06039,266.11
OUT_06040,258.99
OUT_06041,1126.87
OUT_06042,258.65
OUT_06043,85.01
OUT_06044,2858.03
OUT_06045,76.91
OUT_06046,74.58
OUT_06047,1109.35
OUT_06048,79.11
OUT_06049,1154.11
OUT_06050,1125.18
OUT_06051,76.33
OUT_06052,261.96
OUT_06053,264.99
OUT_06054,78.88
OUT_06055,260.55
OUT_06056,74.43
OUT_06057,268.67
OUT_06058,76.43
OUT_06059,269.41
OUT_06060,76.44
OUT_06061,264.29
OUT_06062,1131.94
OUT_06063,257.16
OUT_06064,270.75
OUT_06065,244.37
OUT_06066,75.79
OUT_06067,79.76
OUT_06068,84.69
OUT_06069,79.18
OUT_06070,84.92
OUT_06071,81.96
OUT_06072,1052.86
OUT_06073,77.13
OUT_06074,78.55
OUT_06075,269.31
OUT_06076,81.28
OUT_06077,85.58
OUT_06078,85.76
OUT_06079,77.65
OUT_06080,81.68
OUT_06081,2931.63
OUT_06082,1140.26
OUT_06083,2752.99
OUT_06084,78.01
OUT_06085,86.77
OUT_06086,1116.06
OUT_06087,272.71
OUT_06088,1156.89
OUT_06089,85.23
OUT_06090,259.98
OUT_06091,70.94
OUT_06092,85.06
OUT_06093,2898.84
OUT_06094,261.93
OUT_06095,73.55
OUT_06096,1135.19
OUT_06097,1055.07
OUT_06098,75.91
OUT_06099,83.06
OUT_06100,1149.86
OUT_06101,261.23
OUT_06102,274.41
OUT_06103,1118.58
OUT_06104,265.68
OUT_06105,80.42
OUT_06106,275.1
OUT_06107,1090.31
OUT_06108,79.89
OUT_06109,1099.41
OUT_06110,81.05
OUT_06111,77.17
OUT_06112,271.88
OUT_06113,73.24
OUT_06114,277.32
OUT_06115,274.59
OUT_06116,80.42
OUT_06117,80.45
OUT_06118,79.28
OUT_06119,2752.28
OUT_06120,77.67
OUT_06121,73.68
OUT_06122,77.49
OUT_06123,251.48
OUT_06124,273.8
OUT_06125,78.64
OUT_06126,85.63
OUT_06127,256.22
OUT_06128,268.24
OUT_06129,77.42
OUT_06130,268.81
OUT_06131,83.91
OUT_06132,88.73
OUT_06133,84.09
OUT_06134,256.69
OUT_06135,1088.39
OUT_06136,1165.21
OUT_06137,273.7
OUT_06138,73.31
OUT_06139,78.29
OUT_06140,80.11
OUT_06141,78.71
OUT_06142,1137.98
OUT_06143,78.31
OUT_06144,273.3
OUT_06145,273.28
OUT_06146,78.29
OUT_06147,257.79
OUT_06148,270.27
OUT_06149,271.63
OUT_06150,260.2
OUT_06151,2867.35
OUT_06152,71.33
OUT_06153,74.99
OUT_06154,84.26
OUT_06155,1124.35
OUT_06156,79.93
OUT_06157,1144.87
OUT_06158,274.01
OUT_06159,2897.17
OUT_06160,258.14
OUT_06161,257.65
OUT_06162,269.23
OUT_06163,80.82
OUT_06164,77.75
OUT_06165,269.13
OUT_06166,79.42
OUT_06167,269.85
OUT_06168,1082.58
OUT_06169,75.25
OUT_06170,1131.72
OUT_06171,82.2
OUT_06172,2917.71
OUT_06173,73.29
OUT_06174,258.76
OUT_06175,79.93
OUT_06176,268.69
OUT_06177,75.76
OUT_06178,81.36
OUT_06179,79.28
OUT_06180,81.04
OUT_06181,265.88
OUT_06182,1099.39
OUT_06183,80.59
OUT_06184,73.44
OUT_06185,261.15
OUT_06186,1123.61
OUT_06187,77.26
OUT_06188,79.5
OUT_06189,2823.69
OUT_06190,74.28
OUT_06191,80.46
OUT_06192,256.96
OUT_06193,255.8
OUT_06194,77.46
OUT_06195,80.51
OUT_06196,83.54
OUT_06197,270.58
OUT_06198,74.19
OUT_06199,73.25
OUT_06200,265.48
OUT_06201,79.38
OUT_06202,75.7
OUT_06203,1143.36
OUT_06204,81.85
OUT_06205,2800.7
OUT_06206,278.28
OUT_06207,78.99
OUT_06208,78.37
OUT_06209,253.51
OUT_06210,2914.05
OUT_06211,82.75
OUT_06212,266.42
OUT_06213,77.57
OUT_06214,272.6
OUT_06215,1072.38
OUT_06216,81.64
OUT_06217,265.65
OUT_06218,268.53
OUT_06219,73.65
OUT_06220,76.69
OUT_06221,86.66
OUT_06222,75.0
OUT_06223,75.81
OUT_06224,265.06
OUT_06225,80.79
OUT_06226,78.72
OUT_06227,265.94
OUT_06228,1105.12
OUT_06229,270.09
OUT_06230,81.22
OUT_06231,76.12
OUT_06232,1123.22
OUT_06233,267.77
OUT_06234,79.17
OUT_06235,85.68
OUT_06236,253.75
OUT_06237,262.66
OUT_06238,279.75
OUT_06239,76.88
OUT_06240,79.76
OUT_06241,79.13
OUT_06242,1147.07
OUT_06243,85.96
OUT_06244,278.79
OUT_06245,74.21
OUT_06246,1097.82
OUT_06247,83.91
OUT_06248,83.36
OUT_06249,78.45
OUT_06250,270.6
OUT_06251,266.6
OUT_06252,1120.06
OUT_06253,80.77
OUT_06254,78.95
OUT_06255,1154.2
OUT_06256,83.24
OUT_06257,1102.81
OUT_06258,75.18
OUT_06259,264.59
OUT_06260,82.88
OUT_06261,251.14
OUT_06262,1160.31
OUT_06263,82.15
OUT_06264,2750.57
OUT_06265,78.86
OUT_06266,266.23
OUT_06267,81.82
OUT_06268,72.9
OUT_06269,79.11
OUT_06270,76.34
OUT_06271,1133.64
OUT_06272,272.14
OUT_06273,78.18
OUT_06274,76.91
OUT_06275,284.73
OUT_06276,272.83
OUT_06277,252.09
OUT_06278,2866.4
OUT_06279,1135.04
OUT_06280,268.76
OUT_06281,260.66
OUT_06282,77.7
OUT_06283,77.07
OUT_06284,1144.6
OUT_06285,74.97
OUT_06286,82.28
OUT_06287,73.9
OUT_06288,82.37
OUT_06289,1121.58
OUT_06290,72.37
OUT_06291,79.55
OUT_06292,79.07
OUT_06293,260.52
OUT_06294,77.36
OUT_06295,81.61
OUT_06296,255.03
OUT_06297,78.38
OUT_06298,76.34
OUT_06299,273.56
OUT_06300,266.51
OUT_06301,261.47
OUT_06302,74.9
OUT_06303,78.28
OUT_06304,2917.3
OUT_06305,76.7
OUT_06306,79.15
OUT_06307,77.34
OUT_06308,277.41
OUT_06309,81.51
OUT_06310,75.71
OUT_06311,273.24
OUT_06312,84.98
OUT_06313,78.93
OUT_06314,81.0
OUT_06315,1110.99
OUT_06316,283.59
OUT_06317,77.2
OUT_06318,74.64
OUT_06319,270.49
OUT_06320,265.8
OUT_06321,2852.1
OUT_06322,80.45
OUT_06323,1120.94
OUT_06324,80.0
OUT_06325,77.24
OUT_06326,277.37
OUT_06327,1136.99
OUT_06328,262.46
OUT_06329,77.39
OUT_06330,74.51
OUT_06331,262.58
OUT_06332,1179.36
OUT_06333,79.77
OUT_06334,74.19
OUT_06335,72.71
OUT_06336,1146.8
OUT_06337,75.49
OUT_06338,84.86
OUT_06339,266.31
OUT_06340,1138.42
OUT_06341,254.17
OUT_06342,270.06
OUT_06343,79.07
OUT_06344,80.82
OUT_06345,82.58
OUT_06346,80.38
OUT_06347,256.42
OUT_06348,279.41
OUT_06349,269.43
OUT_06350,275.77
OUT_06351,274.62
OUT_06352,276.39
OUT_06353,275.05
OUT_06354,86.41
OUT_06355,80.92
OUT_06356,2787.47
OUT_06357,79.07
OUT_06358,2887.24
OUT_06359,270.46
OUT_06360,80.7
OUT_06361,1109.16
OUT_06362,75.16
OUT_06363,80.54
OUT_06364,74.29
OUT_06365,270.77
OUT_06366,75.85
OUT_06367,1093.54
OUT_06368,80.32
OUT_06369,281.85
OUT_06370,1158.55
OUT_06371,79.29
OUT_06372,270.49
OUT_06373,2853.49
OUT_06374,81.13
OUT_06375,1131.28
OUT_06376,264.08
OUT_06377,267.86
OUT_06378,81.52
OUT_06379,262.48
OUT_06380,77.32
OUT_06381,2842.16
OUT_06382,264.1
OUT_06383,75.34
OUT_06384,73.24
OUT_06385,77.87
OUT_06386,1152.91
OUT_06387,2823.97
OUT_06388,75.58
OUT_06389,83.07
OUT_06390,271.81
OUT_06391,81.46
OUT_06392,2756.93
OUT_06393,74.88
OUT_06394,73.38
OUT_06395,71.03
OUT_06396,81.47
OUT_06397,79.51
OUT_06398,74.59
OUT_06399,273.56
OUT_06400,277.85
OUT_06401,82.06
OUT_06402,1096.3
OUT_06403,1138.3
OUT_06404,1090.45
OUT_06405,270.77
OUT_06406,1194.06
OUT_06407,80.06
OUT_06408,74.9
OUT_06409,86.23
OUT_06410,2893.24
OUT_06411,76.4
OUT_06412,71.66
OUT_06413,261.14
OUT_06414,2869.07
OUT_06415,260.53
OUT_06416,285.9
OUT_06417,2881.1
OUT_06418,78.7
OUT_06419,78.07
OUT_06420,2737.23
OUT_06421,81.46
OUT_06422,83.44
OUT_06423,79.31
OUT_06424,272.32
OUT_06425,77.91
OUT_06426,80.34
OUT_06427,1169.48
OUT_06428,79.02
OUT_06429,77.42
OUT_06430,270.98
OUT_06431,276.19
OUT_06432,1120.48
OUT_06433,243.02
OUT_06434,271.92
OUT_06435,78.06
OUT_06436,1136.94
OUT_06437,86.51
OUT_06438,79.81
OUT_06439,2884.86
OUT_06440,272.36
OUT_06441,267.49
OUT_06442,274.8
OUT_06443,78.86
OUT_06444,84.7
OUT_06445,258.95
OUT_06446,77.31
OUT_06447,76.19
OUT_06448,80.72
OUT_06449,72.22
OUT_06450,76.12
OUT_06451,78.44
OUT_06452,78.09
OUT_06453,74.27
OUT_06454,261.5
OUT_06455,82.42
OUT_06456,80.51
OUT_06457,76.18
OUT_06458,82.82
OUT_06459,77.19
OUT_06460,265.66
OUT_06461,80.17
OUT_06462,1177.28
OUT_06463,81.17
OUT_06464,80.39
OUT_06465,281.98
OUT_06466,1117.76
OUT_06467,254.52
OUT_06468,79.94
OUT_06469,74.78
OUT_06470,81.32
OUT_06471,268.18
OUT_06472,1151.1
OUT_06473,270.81
OUT_06474,77.74
OUT_06475,271.26
OUT_06476,255.67
OUT_06477,82.21
OUT_06478,73.84
OUT_06479,77.1
OUT_06480,271.91
OUT_06481,273.96
OUT_06482,76.4
OUT_06483,77.38
OUT_06484,77.98
OUT_06485,68.37
OUT_06486,79.42
OUT_06487,262.59
OUT_06488,82.04
OUT_06489,80.66
OUT_06490,1151.77
OUT_06491,74.04
OUT_06492,272.82
OUT_06493,267.39
OUT_06494,80.21
OUT_06495,76.79
OUT_06496,273.38
OUT_06497,74.4
OUT_06498,80.59
OUT_06499,2884.08
OUT_06500,76.88
OUT_06501,1125.38
OUT_06502,1122.26
OUT_06503,85.16
OUT_06504,82.52
OUT_06505,78.2
OUT_06506,78.96
OUT_06507,1122.35
OUT_06508,78.5
OUT_06509,256.31
OUT_06510,78.02
OUT_06511,78.23
OUT_06512,265.49
OUT_06513,79.94
OUT_06514,266.37
OUT_06515,258.81
OUT_06516,82.07
OUT_06517,75.05
OUT_06518,1098.22
OUT_06519,266.24
OUT_06520,79.63
OUT_06521,76.9
OUT_06522,258.1
OUT_06523,268.27
OUT_06524,76.55
OUT_06525,68.98
OUT_06526,265.54
OUT_06527,83.38
OUT_06528,74.83
OUT_06529,1118.59
OUT_06530,81.26
OUT_06531,280.73
OUT_06532,256.51
OUT_06533,77.63
OUT_06534,263.51
OUT_06535,1122.58
OUT_06536,262.85
OUT_06537,75.85
OUT_06538,1111.65
OUT_06539,79.7
OUT_06540,1123.17
OUT_06541,84.47
OUT_06542,81.11
OUT_06543,262.28
OUT_06544,82.38
OUT_06545,1137.87
OUT_06546,80.14
OUT_06547,74.66
OUT_06548,79.03
OUT_06549,81.75
OUT_06550,261.38
OUT_06551,265.24
OUT_06552,282.52
OUT_06553,280.77
OUT_06554,73.77
OUT_06555,277.33
OUT_06556,2692.28
OUT_06557,263.56
OUT_06558,268.02
OUT_06559,1147.2
OUT_06560,74.34
OUT_06561,272.59
OUT_06562,85.95
OUT_06563,80.66
OUT_06564,79.06
OUT_06565,1126.89
OUT_06566,81.55
OUT_06567,80.83
OUT_06568,268.92
OUT_06569,79.52
OUT_06570,83.68
OUT_06571,259.02
OUT_06572,81.51
OUT_06573,73.6
OUT_06574,1099.54
OUT_06575,273.38
OUT_06576,84.55
OUT_06577,80.94
OUT_06578,77.67
OUT_06579,1171.57
OUT_06580,74.52
OUT_06581,83.05
OUT_06582,82.95
OUT_06583,73.22
OUT_06584,76.95
OUT_06585,77.34
OUT_06586,242.78
OUT_06587,1091.67
OUT_06588,82.43
OUT_06589,2909.25
OUT_06590,1182.02
OUT_06591,82.92
OUT_06592,88.63
OUT_06593,276.61
OUT_06594,76.41
OUT_06595,82.11
OUT_06596,263.54
OUT_06597,74.31
OUT_06598,76.29
OUT_06599,1145.16
OUT_06600,265.21
OUT_06601,80.54
OUT_06602,70.81
OUT_06603,255.1
OUT_06604,265.77
OUT_06605,77.1
OUT_06606,74.23
OUT_06607,83.18
OUT_06608,1118.04
OUT_06609,276.32
OUT_06610,77.28
OUT_06611,79.93
OUT_06612,261.09
OUT_06613,1125.86
OUT_06614,83.2
OUT_06615,1109.93
OUT_06616,264.76
OUT_06617,282.48
OUT_06618,74.14
OUT_06619,78.53
OUT_06620,78.93
OUT_06621,82.75
OUT_06622,75.9
OUT_06623,85.01
OUT_06624,270.29
OUT_06625,2901.05
OUT_06626,273.59
OUT_06627,86.45
OUT_06628,279.76
OUT_06629,1108.91
OUT_06630,267.65
OUT_06631,1141.26
OUT_06632,77.56
OUT_06633,82.12
OUT_06634,280.46
OUT_06635,81.35
OUT_06636,80.92
OUT_06637,270.58
OUT_06638,75.63
OUT_06639,82.03
OUT_06640,77.49
OUT_06641,76.89
OUT_06642,85.3
OUT_06643,78.84
OUT_06644,84.02
OUT_06645,1150.08
OUT_06646,273.46
OUT_06647,260.83
OUT_06648,1079.53
OUT_06649,247.99
OUT_06650,73.57
OUT_06651,281.59
OUT_06652,80.22
OUT_06653,76.97
OUT_06654,81.08
OUT_06655,1097.1
OUT_06656,82.07
OUT_06657,272.43
OUT_06658,2858.3
OUT_06659,81.36
OUT_06660,2894.6
OUT_06661,75.75
OUT_06662,277.78
OUT_06663,2728.3
OUT_06664,268.74
OUT_06665,78.71
OUT_06666,260.94
OUT_06667,77.69
OUT_06668,278.69
OUT_06669,75.02
OUT_06670,78.74
OUT_06671,78.03
OUT_06672,80.98
OUT_06673,78.46
OUT_06674,76.66
OUT_06675,79.77
OUT_06676,82.89
OUT_06677,1125.59
OUT_06678,253.55
OUT_06679,268.09
OUT_06680,79.13
OUT_06681,79.32
OUT_06682,1153.37
OUT_06683,70.99
OUT_06684,270.65
OUT_06685,75.77
OUT_06686,254.16
OUT_06687,80.54
OUT_06688,80.79
OUT_06689,85.05
OUT_06690,261.34
OUT_06691,80.8
OUT_06692,265.74
OUT_06693,78.75
OUT_06694,258.21
OUT_06695,265.65
OUT_06696,1145.7
OUT_06697,76.19
OUT_06698,1165.89
OUT_06699,2752.54
OUT_06700,82.97
OUT_06701,272.51
OUT_06702,280.1
OUT_06703,275.81
OUT_06704,261.98
OUT_06705,75.65
OUT_06706,267.39
OUT_06707,268.58
OUT_06708,81.91
OUT_06709,80.56
OUT_06710,261.37
OUT_06711,1152.18
OUT_06712,76.2
OUT_06713,83.24
OUT_06714,76.54
OUT_06715,84.65
OUT_06716,76.87
OUT_06717,276.88
OUT_06718,1125.35
OUT_06719,81.52
OUT_06720,1093.0
OUT_06721,266.12
OUT_06722,78.7
OUT_06723,83.18
OUT_06724,1113.54
OUT_06725,1104.02
OUT_06726,252.12
OUT_06727,276.88
OUT_06728,70.6
OUT_06729,74.43
OUT_06730,80.78
OUT_06731,79.6
OUT_06732,78.24
OUT_06733,2785.24
OUT_06734,258.52
OUT_06735,84.35
OUT_06736,1122.33
OUT_06737,75.03
OUT_06738,78.92
OUT_06739,272.83
OUT_06740,80.48
OUT_06741,260.19
OUT_06742,80.17
OUT_06743,78.7
OUT_06744,1141.08
OUT_06745,267.71
OUT_06746,261.92
OUT_06747,1137.98
OUT_06748,74.86
OUT_06749,273.12
OUT_06750,79.65
OUT_06751,268.63
OUT_06752,86.51
OUT_06753,263.97
OUT_06754,82.1
OUT_06755,80.53
OUT_06756,83.52
OUT_06757,78.47
OUT_06758,273.81
OUT_06759,76.62
OUT_06760,1087.25
OUT_06761,79.12
OUT_06762,83.57
OUT_06763,1123.76
OUT_06764,1146.69
OUT_06765,259.98
OUT_06766,262.21
OUT_06767,275.02
OUT_06768,80.03
OUT_06769,82.37
OUT_06770,76.44
OUT_06771,76.99
OUT_06772,81.25
OUT_06773,265.73
OUT_06774,260.24
OUT_06775,277.57
OUT_06776,78.83
OUT_06777,1146.36
OUT_06778,75.54
OUT_06779,82.58
OUT_06780,81.19
OUT_06781,77.48
OUT_06782,77.35
OUT_06783,87.02
OUT_06784,256.64
OUT_06785,264.82
OUT_06786,74.93
OUT_06787,80.28
OUT_06788,85.15
OUT_06789,86.6
OUT_06790,269.44
OUT_06791,75.52
OUT_06792,267.43
OUT_06793,268.84
OUT_06794,72.47
OUT_06795,260.84
OUT_06796,83.5
OUT_06797,1068.51
OUT_06798,1123.12
OUT_06799,73.33
OUT_06800,265.01
OUT_06801,70.55
OUT_06802,264.35
OUT_06803,276.16
OUT_06804,80.58
OUT_06805,79.35
OUT_06806,76.11
OUT_06807,80.65
OUT_06808,261.47
OUT_06809,79.9
OUT_06810,2791.72
OUT_06811,81.07
OUT_06812,77.58
OUT_06813,78.52
OUT_06814,78.74
OUT_06815,1141.31
OUT_06816,278.05
OUT_06817,1143.93
OUT_06818,2777.01
OUT_06819,258.22
OUT_06820,78.53
OUT_06821,256.44
OUT_06822,81.24
OUT_06823,266.45
OUT_06824,77.78
OUT_06825,270.66
OUT_06826,1134.16
OUT_06827,83.6
OUT_06828,76.78
OUT_06829,76.55
OUT_06830,1122.47
OUT_06831,276.77
OUT_06832,268.08
OUT_06833,272.24
OUT_06834,258.93
OUT_06835,75.27
OUT_06836,82.29
OUT_06837,273.15
OUT_06838,81.55
OUT_06839,1086.14
OUT_06840,260.68
OUT_06841,267.24
OUT_06842,83.28
OUT_06843,1165.49
OUT_06844,81.88
OUT_06845,262.92
OUT_06846,81.9
OUT_06847,77.56
OUT_06848,79.87
OUT_06849,266.67
OUT_06850,72.99
OUT_06851,268.86
OUT_06852,78.25
OUT_06853,74.6
OUT_06854,79.19
OUT_06855,267.13
OUT_06856,258.54
OUT_06857,82.59
OUT_06858,79.34
OUT_06859,74.13
OUT_06860,1109.84
OUT_06861,76.61
OUT_06862,85.6
OUT_06863,1110.3
OUT_06864,75.8
OUT_06865,273.85
OUT_06866,265.26
OUT_06867,1096.01
OUT_06868,79.01
OUT_06869,79.46
OUT_06870,73.97
OUT_06871,77.63
OUT_06872,75.32
OUT_06873,76.14
OUT_06874,77.25
OUT_06875,77.65
OUT_06876,77.96
OUT_06877,79.66
OUT_06878,81.87
OUT_06879,1126.8
OUT_06880,1142.04
OUT_06881,1082.88
OUT_06882,1130.17
OUT_06883,81.16
OUT_06884,254.29
OUT_06885,79.2
OUT_06886,268.18
OUT_06887,80.72
OUT_06888,1158.91
OUT_06889,78.27
OUT_06890,72.81
OUT_06891,269.44
OUT_06892,79.82
OUT_06893,256.03
OUT_06894,273.72
OUT_06895,75.79
OUT_06896,78.95
OUT_06897,256.83
OUT_06898,81.13
OUT_06899,80.18
OUT_06900,81.23
OUT_06901,254.96
OUT_06902,81.91
OUT_06903,78.86
OUT_06904,263.43
OUT_06905,262.61
OUT_06906,1122.64
OUT_06907,75.01
OUT_06908,78.71
OUT_06909,80.85
OUT_06910,284.67
OUT_06911,78.95
OUT_06912,72.03
OUT_06913,77.48
OUT_06914,266.7
OUT_06915,1131.61
OUT_06916,78.9
OUT_06917,77.86
OUT_06918,80.83
OUT_06919,78.84
OUT_06920,79.15
OUT_06921,71.63
OUT_06922,1024.6
OUT_06923,81.13
OUT_06924,83.25
OUT_06925,80.19
OUT_06926,73.96
OUT_06927,80.58
OUT_06928,74.93
OUT_06929,78.85
OUT_06930,268.99
OUT_06931,78.82
OUT_06932,272.98
OUT_06933,271.16
OUT_06934,80.02
OUT_06935,77.62
OUT_06936,266.29
OUT_06937,81.35
OUT_06938,1114.71
OUT_06939,276.39
OUT_06940,2838.42
OUT_06941,256.27
OUT_06942,266.56
OUT_06943,261.27
OUT_06944,76.39
OUT_06945,78.02
OUT_06946,83.44
OUT_06947,257.62
OUT_06948,1084.44
OUT_06949,270.84
OUT_06950,85.12
OUT_06951,77.68
OUT_06952,1139.94
OUT_06953,79.76
OUT_06954,83.68
OUT_06955,79.84
OUT_06956,259.6
OUT_06957,80.48
OUT_06958,84.92
OUT_06959,77.18
OUT_06960,85.58
OUT_06961,74.39
OUT_06962,75.77
OUT_06963,261.47
OUT_06964,80.73
OUT_06965,78.61
OUT_06966,87.24
OUT_06967,267.75
OUT_06968,81.35
OUT_06969,75.21
OUT_06970,81.34
OUT_06971,76.25
OUT_06972,77.65
OUT_06973,82.49
OUT_06974,265.22
OUT_06975,80.72
OUT_06976,1165.09
OUT_06977,265.22
OUT_06978,78.83
OUT_06979,81.76
OUT_06980,79.03
OUT_06981,2844.79
OUT_06982,81.02
OUT_06983,79.2
OUT_06984,257.59
OUT_06985,2878.31
OUT_06986,87.3
OUT_06987,77.14
OUT_06988,268.14
OUT_06989,253.99
OUT_06990,1098.33
OUT_06991,76.52
OUT_06992,75.44
OUT_06993,74.14
OUT_06994,79.04
OUT_06995,75.69
OUT_06996,1116.75
OUT_06997,265.1
OUT_06998,73.82
OUT_06999,284.94
OUT_07000,1159.5
OUT_07001,287.87
OUT_07002,1165.89
OUT_07003,266.97
OUT_07004,83.82
OUT_07005,91.86
OUT_07006,77.69
OUT_07007,273.87
OUT_07008,2846.78
OUT_07009,265.57
OUT_07010,284.66
OUT_07011,81.19
OUT_07012,1109.38
OUT_07013,2811.02
OUT_07014,280.05
OUT_07015,71.91
OUT_07016,2888.33
OUT_07017,86.55
OUT_07018,264.02
OUT_07019,77.73
OUT_07020,1106.03
OUT_07021,277.42
OUT_07022,72.15
OUT_07023,86.12
OUT_07024,263.12
OUT_07025,76.47
OUT_07026,2920.61
OUT_07027,2901.08
OUT_07028,77.43
OUT_07029,1156.21
OUT_07030,85.35
OUT_07031,1121.39
OUT_07032,260.3
OUT_07033,269.36
OUT_07034,79.89
OUT_07035,78.26
OUT_07036,76.23
OUT_07037,264.81
OUT_07038,80.26
OUT_07039,79.16
OUT_07040,258.57
OUT_07041,75.56
OUT_07042,254.98
OUT_07043,80.48
OUT_07044,268.39
OUT_07045,266.14
OUT_07046,262.7
OUT_07047,82.61
OUT_07048,1136.22
OUT_07049,79.36
OUT_07050,252.98
OUT_07051,263.11
OUT_07052,76.7
OUT_07053,82.2
OUT_07054,274.24
OUT_07055,69.7
OUT_07056,1140.58
OUT_07057,1133.78
OUT_07058,261.08
OUT_07059,81.6
OUT_07060,82.52
OUT_07061,1138.65
OUT_07062,266.65
OUT_07063,83.91
OUT_07064,273.6
OUT_07065,1131.57
OUT_07066,75.56
OUT_07067,263.39
OUT_07068,2894.02
OUT_07069,76.68
OUT_07070,271.83
OUT_07071,80.54
OUT_07072,76.55
OUT_07073,77.48
OUT_07074,77.24
OUT_07075,80.43
OUT_07076,79.37
OUT_07077,77.92
OUT_07078,270.8
OUT_07079,73.63
OUT_07080,2875.04
OUT_07081,277.39
OUT_07082,80.21
OUT_07083,75.43
OUT_07084,86.94
OUT_07085,269.69
OUT_07086,79.06
OUT_07087,78.37
OUT_07088,269.63
OUT_07089,2836.79
OUT_07090,275.08
OUT_07091,261.61
OUT_07092,83.36
OUT_07093,1108.44
OUT_07094,259.78
OUT_07095,74.08
OUT_07096,274.73
OUT_07097,267.2
OUT_07098,80.66
OUT_07099,259.47
OUT_07100,84.64
OUT_07101,1142.62
OUT_07102,80.22
OUT_07103,78.02
OUT_07104,75.55
OUT_07105,270.78
OUT_07106,84.83
OUT_07107,81.76
OUT_07108,1163.24
OUT_07109,78.01
OUT_07110,82.93
OUT_07111,268.34
OUT_07112,255.11
OUT_07113,268.01
OUT_07114,277.71
OUT_07115,262.64
OUT_07116,80.56
OUT_07117,77.48
OUT_07118,78.16
OUT_07119,261.77
OUT_07120,277.07
OUT_07121,1134.23
OUT_07122,1027.11
OUT_07123,82.0
OUT_07124,1110.63
OUT_07125,76.28
OUT_07126,272.67
OUT_07127,78.87
OUT_07128,73.48
OUT_07129,267.22
OUT_07130,79.98
OUT_07131,84.03
OUT_07132,275.64
OUT_07133,81.74
OUT_07134,84.37
OUT_07135,2807.75
OUT_07136,78.3
OUT_07137,76.93
OUT_07138,1118.34
OUT_07139,73.25
OUT_07140,77.54
OUT_07141,1077.45
OUT_07142,75.27
OUT_07143,79.02
OUT_07144,1087.02
OUT_07145,72.45
OUT_07146,81.53
OUT_07147,1094.92
OUT_07148,1137.16
OUT_07149,261.21
OUT_07150,1108.05
OUT_07151,82.11
OUT_07152,79.25
OUT_07153,80.99
OUT_07154,82.8
OUT_07155,267.21
OUT_07156,1035.8
OUT_07157,277.88
OUT_07158,77.33
OUT_07159,77.03
OUT_07160,79.53
OUT_07161,2870.24
OUT_07162,78.48
OUT_07163,76.91
OUT_07164,76.68
OUT_07165,84.21
OUT_07166,270.41
OUT_07167,84.08
OUT_07168,77.26
OUT_07169,272.8
OUT_07170,80.13
OUT_07171,76.96
OUT_07172,75.17
OUT_07173,79.19
OUT_07174,81.71
OUT_07175,77.82
OUT_07176,83.68
OUT_07177,2801.83
OUT_07178,275.43
OUT_07179,81.28
OUT_07180,78.51
OUT_07181,263.07
OUT_07182,79.18
OUT_07183,1139.16
OUT_07184,277.24
OUT_07185,82.92
OUT_07186,80.04
OUT_07187,1066.33
OUT_07188,76.22
OUT_07189,79.1
OUT_07190,72.0
OUT_07191,77.53
OUT_07192,79.85
OUT_07193,273.26
OUT_07194,1096.68
OUT_07195,1121.56
OUT_07196,251.75
OUT_07197,76.33
OUT_07198,79.17
OUT_07199,278.45
OUT_07200,72.13
OUT_07201,262.23
OUT_07202,82.68
OUT_07203,261.88
OUT_07204,81.01
OUT_07205,78.58
OUT_07206,78.63
OUT_07207,271.72
OUT_07208,82.19
OUT_07209,263.24
OUT_07210,81.06
OUT_07211,77.12
OUT_07212,262.33
OUT_07213,82.5
OUT_07214,1138.73
OUT_07215,2817.78
OUT_07216,76.3
OUT_07217,87.44
OUT_07218,267.19
OUT_07219,1118.46
OUT_07220,79.03
OUT_07221,78.9
OUT_07222,75.6
OUT_07223,87.28
OUT_07224,85.77
OUT_07225,2874.4
OUT_07226,81.17
OUT_07227,1173.57
OUT_07228,77.94
OUT_07229,83.62
OUT_07230,73.93
OUT_07231,79.48
OUT_07232,262.18
OUT_07233,2799.38
OUT_07234,80.67
OUT_07235,261.16
OUT_07236,76.84
OUT_07237,76.9
OUT_07238,80.6
OUT_07239,266.22
OUT_07240,78.26
OUT_07241,76.55
OUT_07242,83.05
OUT_07243,263.67
OUT_07244,73.97
OUT_07245,268.46
OUT_07246,77.26
OUT_07247,269.32
OUT_07248,77.08
OUT_07249,80.28
OUT_07250,2829.59
OUT_07251,257.12
OUT_07252,277.51
OUT_07253,79.45
OUT_07254,78.36
OUT_07255,83.19
OUT_07256,271.7
OUT_07257,271.19
OUT_07258,1118.92
OUT_07260,74.18
OUT_07261,77.53
OUT_07262,262.68
OUT_07263,1094.89
OUT_07264,76.49
OUT_07265,75.28
OUT_07266,1141.48
OUT_07267,80.2
OUT_07268,260.82
OUT_07269,274.07
OUT_07270,78.67
OUT_07271,79.26
OUT_07272,263.6
OUT_07273,1101.37
OUT_07274,1109.01
OUT_07275,77.99
OUT_07276,2816.25
OUT_07277,79.71
OUT_07278,83.49
OUT_07279,80.89
OUT_07280,265.42
OUT_07281,1089.31
OUT_07282,270.9
OUT_07283,79.42
OUT_07284,249.59
OUT_07285,2821.26
OUT_07286,277.2
OUT_07287,86.72
OUT_07288,76.07
OUT_07289,1123.12
OUT_07290,77.79
OUT_07291,79.65
OUT_07292,78.2
OUT_07293,79.11
OUT_07294,79.03
OUT_07295,78.27
OUT_07296,271.74
OUT_07297,85.12
OUT_07298,1147.01
OUT_07299,76.53
OUT_07300,1092.18
OUT_07301,77.46
OUT_07302,246.43
OUT_07303,76.23
OUT_07304,74.82
OUT_07305,1085.99
OUT_07306,79.85
OUT_07307,1124.8
OUT_07308,72.4
OUT_07309,78.47
OUT_07310,78.72
OUT_07311,246.46
OUT_07312,84.03
OUT_07313,78.15
OUT_07314,1129.56
OUT_07315,270.02
OUT_07316,2839.15
OUT_07317,1149.99
OUT_07318,255.95
OUT_07319,82.17
OUT_07320,80.66
OUT_07321,2897.82
OUT_07322,267.59
OUT_07323,81.47
OUT_07324,1147.02
OUT_07325,78.31
OUT_07326,76.88
OUT_07327,1144.11
OUT_07328,273.82
OUT_07329,269.04
OUT_07330,270.46
OUT_07331,1145.55
OUT_07332,82.57
OUT_07333,264.48
OUT_07334,273.79
OUT_07335,1115.11
OUT_07336,82.09
OUT_07337,75.58
OUT_07338,74.32
OUT_07339,87.51
OUT_07340,84.44
OUT_07341,1168.98
OUT_07342,77.06
OUT_07343,274.46
OUT_07344,75.73
OUT_07345,81.51
OUT_07346,79.33
OUT_07347,279.05
OUT_07348,267.95
OUT_07349,1096.76
OUT_07350,78.92
OUT_07351,266.19
OUT_07352,86.04
OUT_07353,82.89
OUT_07354,1151.82
OUT_07355,74.86
OUT_07356,263.85
OUT_07357,260.95
OUT_07358,81.86
OUT_07359,82.46
OUT_07360,77.19
OUT_07361,77.46
OUT_07362,266.21
OUT_07363,83.17
OUT_07364,259.12
OUT_07365,84.42
OUT_07366,78.89
OUT_07367,1105.6
OUT_07368,1122.68
OUT_07369,82.61
OUT_07370,79.58
OUT_07371,252.22
OUT_07372,83.6
OUT_07373,76.99
OUT_07374,1108.6
OUT_07375,73.93
OUT_07376,269.56
OUT_07377,73.98
OUT_07378,1156.36
OUT_07379,83.98
OUT_07380,1119.86
OUT_07381,79.02
OUT_07382,251.53
OUT_07383,271.16
OUT_07384,74.68
OUT_07385,80.95
OUT_07386,1167.93
OUT_07387,77.12
OUT_07388,2852.79
OUT_07389,84.76
OUT_07390,1074.16
OUT_07391,2815.94
OUT_07392,69.98
OUT_07393,1147.13
OUT_07394,78.59
OUT_07395,82.45
OUT_07396,249.42
OUT_07397,76.86
OUT_07398,75.33
OUT_07399,78.62
OUT_07400,274.45
OUT_07401,83.88
OUT_07402,278.76
OUT_07403,80.2
OUT_07404,78.2
OUT_07405,80.74
OUT_07406,74.57
OUT_07407,83.08
OUT_07408,2885.75
OUT_07409,73.69
OUT_07410,259.46
OUT_07411,79.25
OUT_07412,79.84
OUT_07413,270.61
OUT_07414,252.17
OUT_07415,262.51
OUT_07416,276.05
OUT_07417,2846.37
OUT_07418,1124.82
OUT_07419,75.34
OUT_07420,252.89
OUT_07421,79.17
OUT_07422,1101.29
OUT_07423,274.43
OUT_07424,84.95
OUT_07425,267.64
OUT_07426,275.53
OUT_07427,73.68
OUT_07428,270.76
OUT_07429,246.95
OUT_07430,81.85
OUT_07431,76.13
OUT_07432,1187.95
OUT_07433,77.12
OUT_07434,73.69
OUT_07435,79.65
OUT_07436,78.52
OUT_07437,78.28
OUT_07438,77.6
OUT_07439,76.65
OUT_07440,243.04
OUT_07441,76.79
OUT_07442,84.75
OUT_07443,1112.75
OUT_07444,279.25
OUT_07445,73.27
OUT_07446,82.34
OUT_07447,264.73
OUT_07448,267.67
OUT_07449,78.61
OUT_07450,74.17
OUT_07451,1144.67
OUT_07452,259.3
OUT_07453,265.55
OUT_07454,79.45
OUT_07455,256.4
OUT_07456,1150.73
OUT_07457,79.34
OUT_07458,269.99
OUT_07459,79.85
OUT_07460,81.01
OUT_07461,79.55
OUT_07462,267.56
OUT_07463,262.37
OUT_07464,272.65
OUT_07465,81.84
OUT_07466,1129.58
OUT_07467,263.47
OUT_07468,86.76
OUT_07469,1118.59
OUT_07470,74.7
OUT_07471,268.41
OUT_07472,1185.39
OUT_07473,79.74
OUT_07474,2780.2
OUT_07475,246.61
OUT_07476,78.75
OUT_07477,77.99
OUT_07478,78.01
OUT_07479,81.12
OUT_07480,1139.43
OUT_07481,262.92
OUT_07482,72.24
OUT_07483,1150.01
OUT_07484,278.18
OUT_07485,269.53
OUT_07486,269.02
OUT_07487,262.11
OUT_07488,273.89
OUT_07489,283.14
OUT_07490,1108.59
OUT_07491,267.61
OUT_07492,2863.0
OUT_07493,272.49
OUT_07494,277.66
OUT_07495,272.17
OUT_07496,80.43
OUT_07497,264.64
OUT_07498,274.01
OUT_07499,269.82
OUT_07500,82.22
OUT_07501,270.95
OUT_07502,75.17
OUT_07503,261.77
OUT_07504,2675.86
OUT_07505,1152.06
OUT_07506,82.28
OUT_07507,76.95
OUT_07508,74.34
OUT_07509,77.58
OUT_07510,80.15
OUT_07511,76.37
OUT_07512,255.69
OUT_07513,271.73
OUT_07514,83.65
OUT_07515,1161.19
OUT_07516,79.78
OUT_07517,80.32
OUT_07518,77.12
OUT_07519,2955.74
OUT_07520,264.43
OUT_07521,73.22
OUT_07522,260.99
OUT_07523,84.73
OUT_07524,266.34
OUT_07525,80.12
OUT_07526,79.8
OUT_07527,73.37
OUT_07528,85.32
OUT_07529,74.57
OUT_07530,269.65
OUT_07531,82.41
OUT_07532,269.33
OUT_07533,278.51
OUT_07534,75.25
OUT_07535,270.53
OUT_07536,1084.96
OUT_07537,77.12
OUT_07538,77.97
OUT_07539,261.89
OUT_07540,81.69
OUT_07541,77.47
OUT_07542,80.11
OUT_07543,81.78
OUT_07544,72.04
OUT_07545,271.59
OUT_07546,2838.11
OUT_07547,271.82
OUT_07548,74.95
OUT_07549,79.89
OUT_07550,78.4
OUT_07551,76.17
OUT_07552,278.07
OUT_07553,2846.37
OUT_07554,80.17
OUT_07555,76.01
OUT_07556,81.03
OUT_07557,1122.58
OUT_07558,77.16
OUT_07559,75.12
OUT_07560,81.53
OUT_07561,264.27
OUT_07562,76.24
OUT_07563,268.82
OUT_07564,75.74
OUT_07565,78.46
OUT_07566,76.81
OUT_07567,80.3
OUT_07568,75.64
OUT_07569,78.67
OUT_07570,77.19
OUT_07571,268.79
OUT_07572,77.88
OUT_07573,80.23
OUT_07574,1139.8
OUT_07575,83.0
OUT_07576,257.38
OUT_07577,78.34
OUT_07578,1136.36
OUT_07579,75.03
OUT_07580,75.97
OUT_07581,1158.06
OUT_07582,72.05
OUT_07583,81.4
OUT_07584,81.32
OUT_07585,83.2
OUT_07586,269.64
OUT_07587,1129.43
OUT_07588,78.77
OUT_07589,71.88
OUT_07590,1149.61
OUT_07591,1132.1
OUT_07592,79.84
OUT_07593,261.16
OUT_07594,73.22
OUT_07595,70.94
OUT_07596,84.35
OUT_07597,81.05
OUT_07598,266.02
OUT_07599,77.55
OUT_07600,1095.61
OUT_07601,73.11
OUT_07602,77.15
OUT_07603,81.66
OUT_07604,2890.25
OUT_07605,1160.98
OUT_07606,83.75
OUT_07607,81.52
OUT_07608,82.26
OUT_07609,261.85
OUT_07610,77.46
OUT_07611,256.11
OUT_07612,78.46
OUT_07613,75.3
OUT_07614,76.75
OUT_07615,254.9
OUT_07616,75.57
OUT_07617,1122.65
OUT_07618,74.4
OUT_07619,278.04
OUT_07620,280.21
OUT_07621,282.01
OUT_07622,268.83
OUT_07623,83.3
OUT_07624,75.37
OUT_07625,1116.75
OUT_07626,73.67
OUT_07627,1184.77
OUT_07628,85.79
OUT_07629,1152.43
OUT_07630,82.79
OUT_07631,82.91
OUT_07632,76.85
OUT_07633,1149.78
OUT_07634,81.97
OUT_07635,1152.75
OUT_07636,1145.03
OUT_07637,77.19
OUT_07638,257.12
OUT_07639,2878.7
OUT_07640,83.37
OUT_07641,266.79
OUT_07642,82.9
OUT_07643,278.31
OUT_07644,71.36
OUT_07645,78.69
OUT_07646,262.94
OUT_07647,84.15
OUT_07648,81.44
OUT_07649,277.84
OUT_07650,255.35
OUT_07651,82.6
OUT_07652,75.13
OUT_07653,73.91
OUT_07654,270.13
OUT_07655,2914.49
OUT_07656,79.14
OUT_07657,77.59
OUT_07658,2779.55
OUT_07659,256.47
OUT_07660,71.41
OUT_07661,253.81
OUT_07662,279.57
OUT_07663,80.15
OUT_07664,263.58
OUT_07665,80.44
OUT_07666,77.46
OUT_07667,260.99
OUT_07668,77.71
OUT_07669,78.14
OUT_07670,80.3
OUT_07671,1116.1
OUT_07672,74.81
OUT_07673,84.77
OUT_07674,1108.35
OUT_07675,82.09
OUT_07676,82.25
OUT_07677,1137.23
OUT_07678,1143.6
OUT_07679,1150.34
OUT_07680,77.81
OUT_07681,257.39
OUT_07682,1173.95
OUT_07683,82.97
OUT_07684,269.28
OUT_07685,1156.63
OUT_07686,79.26
OUT_07687,2924.83
OUT_07688,2791.09
OUT_07689,256.63
OUT_07690,72.79
OUT_07691,80.35
OUT_07692,79.22
OUT_07693,256.04
OUT_07694,81.92
OUT_07695,84.12
OUT_07696,78.14
OUT_07697,80.63
OUT_07698,81.38
OUT_07699,78.64
OUT_07700,87.84
OUT_07701,78.82
OUT_07702,1133.23
OUT_07703,2893.91
OUT_07704,1102.82
OUT_07705,279.58
OUT_07706,273.14
OUT_07707,72.93
OUT_07708,271.25
OUT_07709,259.86
OUT_07710,85.2
OUT_07711,77.06
OUT_07712,277.77
OUT_07713,249.87
OUT_07714,266.52
OUT_07715,251.1
OUT_07716,79.8
OUT_07717,71.01
OUT_07718,264.68
OUT_07719,79.14
OUT_07720,2783.53
OUT_07721,273.19
OUT_07722,1131.88
OUT_07723,80.1
OUT_07724,260.37
OUT_07725,269.11
OUT_07726,78.38
OUT_07727,82.45
OUT_07728,71.77
OUT_07729,78.02
OUT_07730,251.47
OUT_07731,79.51
OUT_07732,257.72
OUT_07733,84.3
OUT_07734,1182.59
OUT_07735,77.1
OUT_07736,2756.86
OUT_07737,76.65
OUT_07738,79.1
OUT_07739,253.29
OUT_07740,262.53
OUT_07741,79.34
OUT_07742,1110.01
OUT_07743,79.47
OUT_07744,78.51
OUT_07745,74.67
OUT_07746,1116.26
OUT_07747,267.11
OUT_07748,80.34
OUT_07749,255.19
OUT_07750,280.32
OUT_07751,76.3
OUT_07752,79.8
OUT_07753,268.87
OUT_07754,77.08
OUT_07755,259.15
OUT_07756,79.24
OUT_07757,78.64
OUT_07758,82.43
OUT_07759,77.22
OUT_07760,273.15
OUT_07761,75.33
OUT_07762,2909.49
OUT_07763,268.26
OUT_07764,83.39
OUT_07765,2881.72
OUT_07766,85.45
OUT_07767,83.56
OUT_07768,81.66
OUT_07769,1102.56
OUT_07770,80.29
OUT_07771,266.11
OUT_07772,1113.42
OUT_07773,269.16
OUT_07774,265.41
OUT_07775,1136.24
OUT_07776,78.68
OUT_07777,80.28
OUT_07778,84.78
OUT_07779,78.87
OUT_07780,81.7
OUT_07781,265.98
OUT_07782,269.6
OUT_07783,82.31
OUT_07784,265.78
OUT_07785,276.0
OUT_07786,1099.13
OUT_07787,1129.03
OUT_07788,77.09
OUT_07789,74.12
OUT_07790,270.9
OUT_07791,1091.6
OUT_07792,1153.87
OUT_07793,1132.9
OUT_07794,79.36
OUT_07795,1138.08
OUT_07796,2753.41
OUT_07797,77.91
OUT_07798,269.76
OUT_07799,76.59
OUT_07800,71.8
OUT_07801,1121.42
OUT_07802,83.67
OUT_07803,82.69
OUT_07804,80.33
OUT_07805,82.66
OUT_07806,259.0
OUT_07807,81.48
OUT_07808,81.25
OUT_07809,275.19
OUT_07810,2828.21
OUT_07811,78.96
OUT_07812,81.49
OUT_07813,75.21
OUT_07814,82.14
OUT_07815,2760.09
OUT_07816,84.78
OUT_07817,1134.47
OUT_07818,67.81
OUT_07819,269.86
OUT_07820,75.21
OUT_07821,85.52
OUT_07822,77.14
OUT_07823,1111.47
OUT_07824,76.56
OUT_07825,276.55
OUT_07826,77.85
OUT_07827,258.51
OUT_07828,85.79
OUT_07829,79.7
OUT_07830,1124.3
OUT_07831,255.94
OUT_07832,1126.79
OUT_07833,257.93
OUT_07834,268.39
OUT_07835,76.86
OUT_07836,269.54
OUT_07837,2924.23
OUT_07838,269.84
OUT_07839,83.83
OUT_07840,277.69
OUT_07841,72.17
OUT_07842,77.01
OUT_07843,77.63
OUT_07844,80.0
OUT_07845,1118.67
OUT_07846,273.48
OUT_07847,267.96
OUT_07848,75.57
OUT_07849,78.58
OUT_07850,77.55
OUT_07851,80.84
OUT_07852,80.35
OUT_07853,78.71
OUT_07854,76.03
OUT_07855,266.31
OUT_07856,261.87
OUT_07857,278.02
OUT_07858,1122.43
OUT_07859,1128.39
OUT_07860,255.21
OUT_07861,261.39
OUT_07862,82.86
OUT_07863,271.38
OUT_07864,264.26
OUT_07865,76.37
OUT_07866,79.9
OUT_07867,1102.31
OUT_07868,76.76
OUT_07869,253.72
OUT_07870,252.14
OUT_07871,73.94
OUT_07872,77.64
OUT_07873,78.64
OUT_07874,77.46
OUT_07875,1155.04
OUT_07876,2910.95
OUT_07877,2877.31
OUT_07878,77.83
OUT_07879,1089.72
OUT_07880,2858.03
OUT_07881,81.73
OUT_07882,76.06
OUT_07883,1132.95
OUT_07884,265.16
OUT_07885,72.92
OUT_07886,273.94
OUT_07887,78.3
OUT_07888,262.94
OUT_07889,80.36
OUT_07890,69.48
OUT_07891,83.6
OUT_07892,76.79
OUT_07893,1137.03
OUT_07894,82.95
OUT_07895,82.93
OUT_07896,2809.7
OUT_07897,1122.28
OUT_07898,255.0
OUT_07899,267.46
OUT_07900,77.88
OUT_07901,1080.78
OUT_07902,78.99
OUT_07903,83.39
OUT_07904,78.55
OUT_07905,81.14
OUT_07906,79.52
OUT_07907,76.22
OUT_07908,1129.15
OUT_07909,276.73
OUT_07910,265.22
OUT_07911,1162.35
OUT_07912,73.91
OUT_07913,78.88
OUT_07914,71.39
OUT_07915,262.32
OUT_07916,2724.99
OUT_07917,81.5
OUT_07918,75.79
OUT_07919,75.19
OUT_07920,255.78
OUT_07921,82.02
OUT_07922,74.72
OUT_07923,2826.32
OUT_07924,1089.32
OUT_07925,2880.35
OUT_07926,83.62
OUT_07927,72.29
OUT_07928,79.48
OUT_07929,80.48
OUT_07930,1116.13
OUT_07931,82.06
OUT_07932,243.21
OUT_07933,72.52
OUT_07934,79.81
OUT_07935,1130.59
OUT_07936,78.65
OUT_07937,76.84
OUT_07938,1155.57
OUT_07939,257.44
OUT_07940,75.66
OUT_07941,266.72
OUT_07942,79.22
OUT_07943,258.26
OUT_07944,71.91
OUT_07945,261.3
OUT_07946,83.63
OUT_07947,253.49
OUT_07948,256.91
OUT_07949,1111.64
OUT_07950,79.91
OUT_07951,81.74
OUT_07952,77.45
OUT_07953,79.9
OUT_07954,270.06
OUT_07955,257.59
OUT_07956,262.65
OUT_07957,270.2
OUT_07958,81.94
OUT_07959,77.83
OUT_07960,76.07
OUT_07961,86.38
OUT_07962,256.08
OUT_07963,79.57
OUT_07964,71.64
OUT_07965,261.23
OUT_07966,256.95
OUT_07967,1104.9
OUT_07968,76.27
OUT_07969,276.2
OUT_07970,1134.4
OUT_07971,1190.35
OUT_07972,265.89
OUT_07973,77.83
OUT_07974,274.92
OUT_07975,75.25
OUT_07976,74.59
OUT_07977,81.38
OUT_07978,261.82
OUT_07979,80.33
OUT_07980,2849.13
OUT_07981,75.78
OUT_07982,73.53
OUT_07983,78.39
OUT_07984,76.21
OUT_07985,1145.39
OUT_07986,82.01
OUT_07987,81.31
OUT_07988,78.57
OUT_07989,76.99
OUT_07990,79.28
OUT_07991,1191.25
OUT_07992,80.99
OUT_07993,1161.37
OUT_07994,80.58
OUT_07995,80.38
OUT_07996,76.98
OUT_07997,262.01
OUT_07998,76.47
OUT_07999,84.13
OUT_08000,74.04
OUT_08001,1137.03
OUT_08002,251.85
OUT_08003,75.92
OUT_08004,77.0
OUT_08005,80.29
OUT_08006,78.08
OUT_08007,82.0
OUT_08008,259.27
OUT_08009,81.15
OUT_08010,254.51
OUT_08011,83.21
OUT_08012,80.42
OUT_08013,261.48
OUT_08014,261.97
OUT_08015,1081.37
OUT_08016,77.91
OUT_08017,77.17
OUT_08018,82.59
OUT_08019,274.16
OUT_08020,83.19
OUT_08021,80.61
OUT_08022,268.44
OUT_08023,270.17
OUT_08024,75.37
OUT_08025,1155.86
OUT_08026,275.37
OUT_08027,83.15
OUT_08028,76.12
OUT_08029,1089.88
OUT_08030,1039.09
OUT_08031,79.8
OUT_08032,2828.29
OUT_08033,2789.95
OUT_08034,82.72
OUT_08035,260.44
OUT_08036,76.08
OUT_08037,1116.81
OUT_08038,273.3
OUT_08039,1126.62
OUT_08040,78.64
OUT_08041,1120.95
OUT_08042,273.25
OUT_08043,78.86
OUT_08044,81.13
OUT_08045,2756.77
OUT_08046,72.1
OUT_08047,2727.64
OUT_08048,80.78
OUT_08049,76.97
OUT_08050,1142.44
OUT_08051,83.38
OUT_08052,260.51
OUT_08053,73.15
OUT_08054,81.66
OUT_08055,1094.36
OUT_08056,78.93
OUT_08057,272.88
OUT_08058,271.18
OUT_08059,1131.11
OUT_08060,74.3
OUT_08061,76.11
OUT_08062,1101.46
OUT_08063,271.07
OUT_08064,77.38
OUT_08065,264.27
OUT_08066,1114.94
OUT_08067,1117.25
OUT_08068,82.66
OUT_08069,268.78
OUT_08070,270.05
OUT_08071,80.89
OUT_08072,265.84
OUT_08073,79.34
OUT_08074,78.72
OUT_08075,246.99
OUT_08076,264.09
OUT_08077,73.86
OUT_08078,252.06
OUT_08079,2833.73
OUT_08080,253.25
OUT_08081,72.39
OUT_08082,269.48
OUT_08083,1110.76
OUT_08084,70.63
OUT_08085,81.83
OUT_08086,78.07
OUT_08087,77.01
OUT_08088,260.04
OUT_08089,80.13
OUT_08090,2777.2
OUT_08091,267.47
OUT_08092,79.38
OUT_08093,254.69
OUT_08094,76.68
OUT_08095,82.56
OUT_08096,78.49
OUT_08097,1069.28
OUT_08098,263.73
OUT_08099,1106.19
OUT_08100,2869.24
OUT_08101,83.24
OUT_08102,265.99
OUT_08103,79.35
OUT_08104,85.15
OUT_08105,266.52
OUT_08106,80.61
OUT_08107,250.78
OUT_08108,74.32
OUT_08109,2790.62
OUT_08110,80.97
OUT_08111,270.6
OUT_08112,1104.13
OUT_08113,80.7
OUT_08114,1137.84
OUT_08115,81.53
OUT_08116,272.13
OUT_08117,80.33
OUT_08118,1166.07
OUT_08119,75.01
OUT_08120,1103.83
OUT_08121,81.4
OUT_08122,80.39
OUT_08123,257.57
OUT_08124,78.34
OUT_08125,270.45
OUT_08126,1166.32
OUT_08127,1132.42
OUT_08128,1138.65
OUT_08129,1063.6
OUT_08130,82.85
OUT_08131,1124.78
OUT_08132,78.36
OUT_08133,82.2
OUT_08134,261.57
OUT_08135,271.02
OUT_08136,82.28
OUT_08137,272.39
OUT_08138,1087.31
OUT_08139,258.87
OUT_08140,1117.25
OUT_08141,81.17
OUT_08142,84.53
OUT_08143,262.89
OUT_08144,81.27
OUT_08145,1152.45
OUT_08146,79.74
OUT_08147,69.95
OUT_08148,267.7
OUT_08149,79.58
OUT_08150,78.73
OUT_08151,266.39
OUT_08152,77.47
OUT_08153,265.88
OUT_08154,269.1
OUT_08155,76.03
OUT_08156,77.92
OUT_08157,80.05
OUT_08158,1121.22
OUT_08159,2831.92
OUT_08160,1124.44
OUT_08161,78.46
OUT_08162,81.84
OUT_08163,77.78
OUT_08164,75.23
OUT_08165,260.52
OUT_08166,79.71
OUT_08167,257.91
OUT_08168,83.62
OUT_08169,72.74
OUT_08170,76.86
OUT_08171,79.91
OUT_08172,272.76
OUT_08173,254.03
OUT_08174,84.36
OUT_08175,1139.05
OUT_08176,75.04
OUT_08177,1140.81
OUT_08178,272.0
OUT_08179,1128.65
OUT_08180,83.52
OUT_08181,273.04
OUT_08182,257.64
OUT_08183,81.54
OUT_08184,74.4
OUT_08185,84.02
OUT_08186,1092.9
OUT_08187,1101.85
OUT_08188,283.89
OUT_08189,79.27
OUT_08190,257.99
OUT_08191,76.73
OUT_08192,265.47
OUT_08193,81.4
OUT_08194,76.47
OUT_08195,1170.51
OUT_08196,264.44
OUT_08197,74.28
OUT_08198,249.11
OUT_08199,278.22
OUT_08200,84.3
OUT_08201,2818.87
OUT_08202,82.25
OUT_08203,78.63
OUT_08204,76.95
OUT_08205,78.35
OUT_08206,1100.19
OUT_08207,79.09
OUT_08208,265.17
OUT_08209,263.92
OUT_08210,81.35
OUT_08211,78.87
OUT_08212,78.04
OUT_08213,76.17
OUT_08214,79.89
OUT_08215,273.11
OUT_08216,1121.4
OUT_08217,1089.7
OUT_08218,2560.21
OUT_08219,256.93
OUT_08220,76.39
OUT_08221,1123.51
OUT_08222,1130.54
OUT_08223,80.1
OUT_08224,82.8
OUT_08225,1108.8
OUT_08226,2873.05
OUT_08227,1118.29
OUT_08228,1131.49
OUT_08229,85.45
OUT_08230,272.44
OUT_08231,2817.3
OUT_08232,85.63
OUT_08233,1144.54
OUT_08234,1134.37
OUT_08235,78.17
OUT_08236,71.9
OUT_08237,1098.46
OUT_08238,261.78
OUT_08239,270.05
OUT_08240,80.8
OUT_08241,1206.41
OUT_08242,78.8
OUT_08243,1114.3
OUT_08244,77.26
OUT_08245,79.86
OUT_08246,77.47
OUT_08247,259.21
OUT_08248,80.6
OUT_08249,76.35
OUT_08250,79.57
OUT_08251,274.09
OUT_08252,79.81
OUT_08253,80.41
OUT_08254,252.87
OUT_08255,275.55
OUT_08256,74.73
OUT_08257,277.71
OUT_08258,270.03
OUT_08259,261.45
OUT_08260,1138.39
OUT_08261,1139.69
OUT_08262,265.02
OUT_08263,72.22
OUT_08264,277.16
OUT_08265,72.48
OUT_08266,70.16
OUT_08267,280.01
OUT_08268,80.81
OUT_08269,79.21
OUT_08270,253.82
OUT_08271,1053.98
OUT_08272,270.04
OUT_08273,1194.7
OUT_08274,76.18
OUT_08275,1144.08
OUT_08276,81.97
OUT_08277,259.72
OUT_08278,2940.73
OUT_08279,265.89
OUT_08280,1123.81
OUT_08281,1112.17
OUT_08282,81.3
OUT_08283,79.07
OUT_08284,84.79
OUT_08285,86.24
OUT_08286,258.71
OUT_08287,274.14
OUT_08288,263.37
OUT_08289,81.0
OUT_08290,83.5
OUT_08291,79.61
OUT_08292,1132.27
OUT_08293,79.73
OUT_08294,255.53
OUT_08295,76.42
OUT_08296,2853.78
OUT_08297,77.66
OUT_08298,2905.34
OUT_08299,76.92
OUT_08300,281.21
OUT_08301,80.97
OUT_08302,83.53
OUT_08303,273.66
OUT_08304,2772.33
OUT_08305,1119.51
OUT_08306,84.97
OUT_08307,1174.4
OUT_08308,275.69
OUT_08309,253.79
OUT_08310,269.44
OUT_08311,78.09
OUT_08312,79.42
OUT_08313,1144.6
OUT_08314,75.69
OUT_08315,74.19
OUT_08316,79.11
OUT_08317,80.41
OUT_08318,79.95
OUT_08319,271.97
OUT_08320,269.51
OUT_08321,266.81
OUT_08322,77.94
OUT_08323,268.15
OUT_08324,82.59
OUT_08325,273.13
OUT_08326,282.24
OUT_08327,1110.6
OUT_08328,272.66
OUT_08329,261.0
OUT_08330,1150.35
OUT_08331,1139.41
OUT_08332,1147.14
OUT_08333,74.44
OUT_08334,76.2
OUT_08335,263.91
OUT_08336,80.59
OUT_08337,82.43
OUT_08338,270.68
OUT_08339,84.1
OUT_08340,257.67
OUT_08341,78.02
OUT_08342,273.13
OUT_08343,80.17
OUT_08344,78.0
OUT_08345,82.55
OUT_08346,270.93
OUT_08347,1133.84
OUT_08348,1143.8
OUT_08349,71.97
OUT_08350,84.58
OUT_08351,252.87
OUT_08352,84.34
OUT_08353,77.38
OUT_08354,84.38
OUT_08355,1042.27
OUT_08356,276.26
OUT_08357,273.54
OUT_08358,257.07
OUT_08359,79.88
OUT_08360,1162.93
OUT_08361,270.3
OUT_08362,1109.12
OUT_08363,77.43
OUT_08364,85.02
OUT_08365,82.29
OUT_08366,75.97
OUT_08367,74.78
OUT_08368,80.03
OUT_08369,79.15
OUT_08370,83.99
OUT_08371,257.6
OUT_08372,76.46
OUT_08373,85.51
OUT_08374,76.19
OUT_08375,79.96
OUT_08376,85.51
OUT_08377,271.53
OUT_08378,264.02
OUT_08379,77.24
OUT_08380,267.45
OUT_08381,77.0
OUT_08382,1140.95
OUT_08383,75.45
OUT_08384,80.48
OUT_08385,76.46
OUT_08386,262.33
OUT_08387,271.55
OUT_08388,260.71
OUT_08389,83.17
OUT_08390,264.6
OUT_08391,84.1
OUT_08392,82.52
OUT_08393,77.65
OUT_08394,77.71
OUT_08395,76.48
OUT_08396,277.75
OUT_08397,77.47
OUT_08398,254.89
OUT_08399,74.27
OUT_08400,1161.72
OUT_08401,82.59
OUT_08402,2805.75
OUT_08403,82.49
OUT_08404,78.86
OUT_08405,81.59
OUT_08406,259.39
OUT_08407,75.03
OUT_08408,1135.05
OUT_08409,78.74
OUT_08410,79.83
OUT_08411,269.89
OUT_08412,81.19
OUT_08413,267.27
OUT_08414,268.49
OUT_08415,81.12
OUT_08416,78.62
OUT_08417,75.92
OUT_08418,75.04
OUT_08419,72.2
OUT_08420,83.13
OUT_08421,253.92
OUT_08422,258.89
OUT_08423,79.72
OUT_08424,84.95
OUT_08425,82.1
OUT_08426,83.39
OUT_08427,1149.86
OUT_08428,80.03
OUT_08429,81.67
OUT_08430,84.54
OUT_08431,83.45
OUT_08432,2782.54
OUT_08433,83.55
OUT_08434,82.78
OUT_08435,77.72
OUT_08436,272.23
OUT_08437,1092.74
OUT_08438,1129.35
OUT_08439,79.68
OUT_08440,77.35
OUT_08441,78.72
OUT_08442,2747.78
OUT_08443,253.65
OUT_08444,263.34
OUT_08445,79.6
OUT_08446,254.25
OUT_08447,76.09
OUT_08448,262.09
OUT_08449,1112.89
OUT_08450,81.05
OUT_08451,291.39
OUT_08452,2806.07
OUT_08453,82.51
OUT_08454,87.73
OUT_08455,1106.51
OUT_08456,75.85
OUT_08457,1108.7
OUT_08458,1082.05
OUT_08459,282.95
OUT_08460,81.04
OUT_08461,268.81
OUT_08462,75.39
OUT_08463,274.84
OUT_08464,1143.77
OUT_08465,255.39
OUT_08466,255.58
OUT_08467,82.2
OUT_08468,283.95
OUT_08469,266.69
OUT_08470,267.47
OUT_08471,85.54
OUT_08472,266.2
OUT_08473,270.97
OUT_08474,1167.9
OUT_08475,83.1
OUT_08476,80.85
OUT_08477,1115.34
OUT_08478,69.89
OUT_08479,260.98
OUT_08480,268.26
OUT_08481,80.18
OUT_08482,272.52
OUT_08483,73.9
OUT_08484,2816.4
OUT_08485,2793.91
OUT_08486,78.67
OUT_08487,85.43
OUT_08488,77.89
OUT_08489,1142.69
OUT_08490,263.8
OUT_08491,266.22
OUT_08492,258.93
OUT_08493,1162.87
OUT_08494,73.54
OUT_08495,74.96
OUT_08496,1151.14
OUT_08497,77.46
OUT_08498,76.69
OUT_08499,79.83
OUT_08500,80.9
OUT_08501,79.14
OUT_08502,1123.81
OUT_08503,79.71
OUT_08504,269.21
OUT_08505,75.71
OUT_08506,1153.66
OUT_08507,79.96
OUT_08508,266.63
OUT_08509,70.39
OUT_08510,74.55
OUT_08511,82.84
OUT_08512,1138.63
OUT_08513,78.51
OUT_08514,79.02
OUT_08515,270.35
OUT_08516,76.47
OUT_08517,1200.2
OUT_08518,264.08
OUT_08519,72.43
OUT_08520,76.97
OUT_08521,76.31
OUT_08522,76.2
OUT_08523,279.9
OUT_08524,259.31
OUT_08525,255.18
OUT_08526,2807.3
OUT_08527,83.77
OUT_08528,79.08
OUT_08529,76.28
OUT_08530,270.34
OUT_08531,81.94
OUT_08532,272.56
OUT_08533,84.05
OUT_08534,79.14
OUT_08535,79.33
OUT_08536,82.71
OUT_08537,1120.61
OUT_08538,77.33
OUT_08539,258.1
OUT_08540,1118.92
OUT_08541,270.47
OUT_08542,73.08
OUT_08543,267.63
OUT_08544,1127.07
OUT_08545,79.76
OUT_08546,81.23
OUT_08547,86.03
OUT_08548,81.43
OUT_08549,2799.14
OUT_08550,1119.83
OUT_08551,76.6
OUT_08552,1097.47
OUT_08553,278.14
OUT_08554,65.22
OUT_08555,1123.18
OUT_08556,268.0
OUT_08557,76.13
OUT_08558,80.75
OUT_08559,1102.68
OUT_08560,268.56
OUT_08561,275.54
OUT_08562,81.19
OUT_08563,271.81
OUT_08565,1133.95
OUT_08566,253.74
OUT_08567,77.14
OUT_08568,1109.78
OUT_08569,78.64
OUT_08570,80.5
OUT_08571,79.92
OUT_08572,70.39
OUT_08573,274.52
OUT_08574,271.53
OUT_08575,264.52
OUT_08576,80.68
OUT_08577,265.5
OUT_08578,263.11
OUT_08579,78.43
OUT_08580,78.65
OUT_08581,281.38
OUT_08582,268.43
OUT_08583,2799.6
OUT_08584,78.49
OUT_08585,75.27
OUT_08586,80.72
OUT_08587,78.31
OUT_08588,256.35
OUT_08589,80.86
OUT_08590,272.49
OUT_08591,78.38
OUT_08592,281.89
OUT_08593,73.71
OUT_08594,71.1
OUT_08595,274.81
OUT_08596,260.42
OUT_08597,84.45
OUT_08598,78.37
OUT_08599,80.79
OUT_08600,74.37
OUT_08601,80.91
OUT_08602,272.54
OUT_08603,1100.24
OUT_08604,74.21
OUT_08605,74.13
OUT_08606,1151.14
OUT_08607,80.74
OUT_08608,271.14
OUT_08609,78.01
OUT_08610,72.93
OUT_08611,270.2
OUT_08612,80.9
OUT_08613,284.5
OUT_08614,2839.2
OUT_08615,78.04
OUT_08616,81.87
OUT_08617,73.97
OUT_08618,269.47
OUT_08619,1126.11
OUT_08620,88.49
OUT_08621,75.55
OUT_08622,76.69
OUT_08623,264.81
OUT_08624,85.58
OUT_08625,2866.58
OUT_08626,267.12
OUT_08627,82.82
OUT_08628,78.62
OUT_08629,78.92
OUT_08630,1084.27
OUT_08631,1143.98
OUT_08632,77.48
OUT_08633,83.11
OUT_08634,75.31
OUT_08635,73.94
OUT_08636,2800.82
OUT_08637,84.34
OUT_08638,269.14
OUT_08639,78.51
OUT_08640,251.3
OUT_08641,272.63
OUT_08642,1159.02
OUT_08643,274.33
OUT_08644,81.9
OUT_08645,74.06
OUT_08646,80.04
OUT_08647,1088.1
OUT_08648,260.2
OUT_08649,73.79
OUT_08650,268.48
OUT_08651,2893.15
OUT_08652,1170.86
OUT_08653,1134.92
OUT_08654,82.1
OUT_08655,273.36
OUT_08656,258.23
OUT_08657,261.65
OUT_08658,1141.99
OUT_08659,78.84
OUT_08660,2813.55
OUT_08661,82.78
OUT_08662,84.73
OUT_08663,76.55
OUT_08664,72.57
OUT_08665,1114.84
OUT_08666,2745.87
OUT_08667,82.3
OUT_08668,85.18
OUT_08669,76.46
OUT_08670,1138.06
OUT_08671,80.04
OUT_08672,77.53
OUT_08673,1108.6
OUT_08674,268.85
OUT_08675,78.27
OUT_08676,2808.39
OUT_08677,71.98
OUT_08678,82.37
OUT_08679,261.08
OUT_08680,267.09
OUT_08681,78.32
OUT_08682,1092.01
OUT_08683,78.01
OUT_08684,77.46
OUT_08685,79.01
OUT_08686,277.97
OUT_08687,81.71
OUT_08688,78.22
OUT_08689,84.85
OUT_08690,74.12
OUT_08691,272.31
OUT_08692,269.39
OUT_08693,268.46
OUT_08694,269.93
OUT_08695,1121.1
OUT_08696,83.94
OUT_08697,76.08
OUT_08698,263.26
OUT_08699,265.14
OUT_08700,275.34
OUT_08701,272.48
OUT_08702,247.28
OUT_08703,79.93
OUT_08704,1123.15
OUT_08705,257.36
OUT_08706,85.94
OUT_08707,82.15
OUT_08708,1122.89
OUT_08709,84.38
OUT_08710,78.77
OUT_08711,77.7
OUT_08712,79.01
OUT_08713,76.45
OUT_08714,270.82
OUT_08715,73.43
OUT_08716,2794.9
OUT_08717,276.41
OUT_08718,82.39
OUT_08719,264.81
OUT_08720,75.25
OUT_08721,1181.53
OUT_08722,259.1
OUT_08724,76.58
OUT_08725,78.58
OUT_08726,82.39
OUT_08727,76.67
OUT_08728,270.12
OUT_08729,80.42
OUT_08730,80.75
OUT_08731,76.16
OUT_08732,78.11
OUT_08733,80.85
OUT_08734,82.8
OUT_08735,274.13
OUT_08736,1118.81
OUT_08737,85.08
OUT_08738,278.0
OUT_08739,2845.03
OUT_08740,85.66
OUT_08741,87.6
OUT_08742,83.28
OUT_08743,78.0
OUT_08744,78.41
OUT_08745,268.23
OUT_08746,80.97
OUT_08747,76.28
OUT_08748,79.24
OUT_08749,268.07
OUT_08750,266.47
OUT_08751,262.34
OUT_08752,78.89
OUT_08753,1104.29
OUT_08754,78.38
OUT_08755,78.42
OUT_08756,1103.86
OUT_08757,88.32
OUT_08758,83.96
OUT_08759,1129.83
OUT_08760,84.3
OUT_08761,1133.31
OUT_08762,77.14
OUT_08763,268.07
OUT_08764,1172.18
OUT_08765,82.72
OUT_08766,78.6
OUT_08767,1047.41
OUT_08768,80.76
OUT_08769,76.66
OUT_08770,267.28
OUT_08771,254.1
OUT_08772,256.04
OUT_08773,79.82
OUT_08774,77.33
OUT_08775,248.41
OUT_08776,1136.89
OUT_08777,77.98
OUT_08778,83.47
OUT_08779,80.73
OUT_08780,1085.6
OUT_08781,291.6
OUT_08782,276.67
OUT_08783,1092.77
OUT_08784,257.37
OUT_08785,1145.97
OUT_08786,82.67
OUT_08787,249.96
OUT_08788,78.07
OUT_08789,1062.65
OUT_08790,81.3
OUT_08791,263.45
OUT_08792,76.03
OUT_08793,80.32
OUT_08794,256.21
OUT_08795,80.92
OUT_08796,83.14
OUT_08797,77.07
OUT_08798,76.98
OUT_08799,82.02
OUT_08800,80.34
OUT_08801,264.41
OUT_08802,81.94
OUT_08803,276.55
OUT_08804,81.26
OUT_08805,2822.29
OUT_08806,78.66
OUT_08807,268.9
OUT_08808,268.43
OUT_08809,71.77
OUT_08810,82.52
OUT_08811,79.72
OUT_08812,79.46
OUT_08813,77.72
OUT_08814,77.85
OUT_08815,1146.86
OUT_08816,83.91
OUT_08817,262.64
OUT_08818,261.27
OUT_08819,262.78
OUT_08820,78.88
OUT_08821,259.38
OUT_08822,270.19
OUT_08823,246.42
OUT_08824,81.78
OUT_08825,82.83
OUT_08826,1183.5
OUT_08827,2913.76
OUT_08828,87.63
OUT_08829,78.46
OUT_08830,78.64
OUT_08831,2858.2
OUT_08832,78.44
OUT_08833,83.11
OUT_08834,81.6
OUT_08835,2869.5
OUT_08836,78.9
OUT_08837,258.48
OUT_08838,270.72
OUT_08839,81.27
OUT_08840,1134.75
OUT_08841,1121.48
OUT_08842,78.92
OUT_08843,1116.41
OUT_08844,266.43
OUT_08845,252.89
OUT_08846,272.58
OUT_08847,266.83
OUT_08848,272.87
OUT_08849,269.33
OUT_08850,1142.87
OUT_08851,81.53
OUT_08852,83.15
OUT_08853,1115.98
OUT_08854,81.89
OUT_08855,1138.73
OUT_08856,75.77
OUT_08857,259.41
OUT_08858,282.17
OUT_08859,76.01
OUT_08860,1128.09
OUT_08861,74.64
OUT_08862,79.72
OUT_08863,82.61
OUT_08864,81.68
OUT_08865,265.37
OUT_08866,76.96
OUT_08867,79.17
OUT_08868,76.47
OUT_08869,272.82
OUT_08870,84.95
OUT_08871,1123.23
OUT_08872,2841.91
OUT_08873,82.49
OUT_08874,76.31
OUT_08875,275.03
OUT_08876,84.76
OUT_08877,1122.98
OUT_08878,263.49
OUT_08879,279.07
OUT_08880,78.8
OUT_08881,80.46
OUT_08882,81.19
OUT_08883,1106.58
OUT_08884,1079.6
OUT_08885,79.56
OUT_08886,1097.09
OUT_08887,262.02
OUT_08888,75.14
OUT_08889,84.58
OUT_08890,79.91
OUT_08891,1137.95
OUT_08892,265.82
OUT_08893,262.8
OUT_08894,84.93
OUT_08895,1137.47
OUT_08896,82.41
OUT_08897,264.32
OUT_08898,1149.29
OUT_08899,256.76
OUT_08900,75.91
OUT_08901,77.93
OUT_08902,265.18
OUT_08903,64.96
OUT_08904,75.05
OUT_08905,74.73
OUT_08906,254.86
OUT_08907,276.68
OUT_08908,79.28
OUT_08909,76.66
OUT_08910,1097.44
OUT_08911,77.85
OUT_08912,255.27
OUT_08913,1125.15
OUT_08914,1146.55
OUT_08915,77.54
OUT_08916,80.97
OUT_08917,83.32
OUT_08918,271.74
OUT_08919,82.15
OUT_08920,78.8
OUT_08921,1129.48
OUT_08922,279.84
OUT_08923,86.55
OUT_08924,272.95
OUT_08925,1147.59
OUT_08926,79.44
OUT_08927,261.26
OUT_08928,1080.98
OUT_08929,2812.35
OUT_08930,77.48
OUT_08931,80.88
OUT_08932,77.83
OUT_08933,261.75
OUT_08934,271.8
OUT_08935,273.39
OUT_08936,78.49
OUT_08937,81.43
OUT_08938,1095.9
OUT_08939,80.74
OUT_08940,70.12
OUT_08941,77.53
OUT_08942,78.79
OUT_08943,81.2
OUT_08944,1108.96
OUT_08945,80.04
OUT_08946,1177.88
OUT_08947,1134.44
OUT_08948,72.95
OUT_08949,272.34
OUT_08950,270.22
OUT_08951,80.35
OUT_08952,73.96
OUT_08953,73.38
OUT_08954,81.33
OUT_08955,69.92
OUT_08956,80.97
OUT_08957,80.59
OUT_08958,1142.86
OUT_08959,275.76
OUT_08960,79.92
OUT_08961,81.8
OUT_08962,75.02
OUT_08963,76.17
OUT_08964,1108.95
OUT_08965,1150.89
OUT_08966,259.64
OUT_08967,82.14
OUT_08968,260.86
OUT_08969,1125.75
OUT_08970,278.72
OUT_08971,80.66
OUT_08972,82.79
OUT_08973,80.9
OUT_08974,267.93
OUT_08975,73.95
OUT_08976,80.08
OUT_08977,79.34
OUT_08978,1127.87
OUT_08979,1125.33
OUT_08980,75.87
OUT_08981,78.67
OUT_08982,80.32
OUT_08983,264.62
OUT_08984,81.36
OUT_08985,81.85
OUT_08986,1128.11
OUT_08987,268.75
OUT_08988,74.1
OUT_08989,85.3
OUT_08990,78.76
OUT_08991,269.49
OUT_08992,1120.38
OUT_08993,78.27
OUT_08994,268.64
OUT_08995,2818.87
OUT_08996,81.11
OUT_08997,254.94
OUT_08998,274.52
OUT_08999,259.36
OUT_09000,78.82
OUT_09001,73.16
OUT_09002,76.28
OUT_09003,77.0
OUT_09004,76.35
OUT_09005,72.01
OUT_09006,2748.12
OUT_09007,2773.61
OUT_09008,74.38
OUT_09009,74.49
OUT_09010,1125.27
OUT_09011,1055.55
OUT_09012,2713.77
OUT_09013,71.84
OUT_09015,2650.56
OUT_09016,77.92
OUT_09017,73.28
OUT_09018,77.72
OUT_09019,73.55
OUT_09020,77.52
OUT_09021,76.74
OUT_09022,256.79
OUT_09023,76.96
OUT_09024,2719.68
OUT_09025,261.65
OUT_09026,74.21
OUT_09027,78.54
OUT_09028,260.84
OUT_09029,76.72
OUT_09030,77.53
OUT_09031,77.5
OUT_09032,248.96
OUT_09033,74.5
OUT_09034,256.31
OUT_09035,251.73
OUT_09036,2700.4
OUT_09037,73.81
OUT_09038,269.87
OUT_09039,1127.86
OUT_09040,76.69
OUT_09041,260.68
OUT_09042,1073.06
OUT_09043,1094.18
OUT_09044,264.69
OUT_09045,251.39
OUT_09046,72.3
OUT_09047,1134.27
OUT_09048,1115.37
OUT_09049,78.01
OUT_09050,1013.72
OUT_09051,1101.16
OUT_09052,78.54
OUT_09053,260.6
OUT_09054,268.04
OUT_09055,77.16
OUT_09056,254.96
OUT_09057,256.7
OUT_09058,1065.81
OUT_09059,77.2
OUT_09060,76.78
OUT_09061,77.67
OUT_09062,78.2
OUT_09063,77.08
OUT_09064,1102.41
OUT_09065,258.28
OUT_09066,80.4
OUT_09067,71.41
OUT_09068,1094.5
OUT_09069,257.03
OUT_09070,1085.85
OUT_09071,1037.68
OUT_09072,2761.36
OUT_09073,257.29
OUT_09074,1116.62
OUT_09075,75.28
OUT_09076,259.54
OUT_09077,79.25
OUT_09078,266.75
OUT_09079,253.05
OUT_09080,76.01
OUT_09081,1078.59
OUT_09082,78.18
OUT_09083,252.85
OUT_09084,76.5
OUT_09085,76.81
OUT_09086,73.36
OUT_09087,75.71
OUT_09088,77.14
OUT_09089,1082.08
OUT_09090,258.99
OUT_09091,245.4
OUT_09092,79.8
OUT_09093,1100.58
OUT_09094,267.7
OUT_09095,257.94
OUT_09096,268.92
OUT_09097,1086.41
OUT_09098,77.66
OUT_09099,246.18
OUT_09100,263.41
OUT_09101,256.29
OUT_09102,254.85
OUT_09103,76.5
OUT_09104,1079.21
OUT_09105,78.0
OUT_09106,264.82
OUT_09107,79.87
OUT_09108,257.86
OUT_09109,74.67
OUT_09110,1115.36
OUT_09111,2719.25
OUT_09112,250.44
OUT_09113,77.17
OUT_09114,261.63
OUT_09115,79.12
OUT_09116,78.66
OUT_09117,264.27
OUT_09118,74.53
OUT_09119,263.1
OUT_09120,1037.58
OUT_09121,81.52
OUT_09122,1080.69
OUT_09123,256.76
OUT_09124,80.12
OUT_09125,71.33
OUT_09126,77.39
OUT_09127,75.55
OUT_09128,259.93
OUT_09129,76.22
OUT_09130,74.23
OUT_09131,253.62
OUT_09132,74.68
OUT_09133,75.28
OUT_09134,1092.38
OUT_09135,76.93
OUT_09136,73.25
OUT_09137,73.02
OUT_09138,79.51
OUT_09139,258.18
OUT_09140,76.71
OUT_09141,75.9
OUT_09142,258.68
OUT_09143,259.63
OUT_09144,79.11
OUT_09145,79.3
OUT_09146,249.46
OUT_09147,81.79
OUT_09148,73.54
OUT_09149,71.15
OUT_09150,75.9
OUT_09151,1103.71
OUT_09152,76.11
OUT_09153,76.03
OUT_09154,262.66
OUT_09155,77.84
OUT_09156,81.31
OUT_09157,87.43
OUT_09158,236.89
OUT_09159,252.82
OUT_09160,76.98
OUT_09161,75.65
OUT_09162,77.86
OUT_09163,77.66
OUT_09164,264.51
OUT_09165,268.92
OUT_09166,75.19
OUT_09167,257.87
OUT_09168,77.72
OUT_09169,71.93
OUT_09170,1081.66
OUT_09171,77.58
OUT_09172,264.77
OUT_09173,75.67
OUT_09174,243.69
OUT_09175,259.16
OUT_09176,78.46
OUT_09177,70.22
OUT_09178,75.44
OUT_09179,78.31
OUT_09180,258.94
OUT_09181,270.15
OUT_09182,263.17
OUT_09183,1119.8
OUT_09184,73.6
OUT_09185,1032.83
OUT_09186,1095.58
OUT_09187,259.47
OUT_09188,271.84
OUT_09189,72.84
OUT_09190,259.02
OUT_09191,1085.4
OUT_09192,255.84
OUT_09193,76.71
OUT_09194,78.17
OUT_09195,74.98
OUT_09196,77.32
OUT_09197,256.35
OUT_09198,1096.54
OUT_09199,68.31
OUT_09200,1094.71
OUT_09201,255.62
OUT_09202,75.4
OUT_09203,77.67
OUT_09204,251.91
OUT_09205,78.19
OUT_09206,78.18
OUT_09207,1110.16
OUT_09208,74.34
OUT_09209,74.96
OUT_09210,254.73
OUT_09211,256.31
OUT_09212,78.59
OUT_09213,254.69
OUT_09214,2720.34
OUT_09215,1060.55
OUT_09216,2831.87
OUT_09217,1098.35
OUT_09218,78.95
OUT_09219,253.65
OUT_09220,258.69
OUT_09221,2799.17
OUT_09222,73.01
OUT_09223,71.0
OUT_09224,242.05
OUT_09225,76.95
OUT_09226,78.04
OUT_09227,74.2
OUT_09228,80.62
OUT_09229,257.0
OUT_09230,76.56
OUT_09231,73.62
OUT_09232,1120.0
OUT_09233,1064.88
OUT_09234,77.55
OUT_09235,73.06
OUT_09236,1116.22
OUT_09237,80.76
OUT_09238,259.29
OUT_09239,73.46
OUT_09240,79.2
OUT_09241,252.48
OUT_09242,80.13
OUT_09243,1123.31
OUT_09244,255.88
OUT_09245,75.78
OUT_09246,71.28
OUT_09247,74.2
OUT_09248,77.74
OUT_09249,74.24
OUT_09250,244.37
OUT_09251,76.14
OUT_09252,79.28
OUT_09253,263.06
OUT_09254,75.71
OUT_09255,259.55
OUT_09256,245.22
OUT_09257,2728.72
OUT_09258,71.73
OUT_09259,1038.37
OUT_09260,76.5
OUT_09261,79.04
OUT_09262,1077.09
OUT_09263,1119.95
OUT_09264,77.24
OUT_09265,1075.58
OUT_09266,76.46
OUT_09267,254.52
OUT_09268,76.53
OUT_09269,80.04
OUT_09270,75.26
OUT_09271,256.04
OUT_09272,248.35
OUT_09273,77.02
OUT_09274,2758.52
OUT_09275,2768.11
OUT_09276,75.93
OUT_09277,262.97
OUT_09278,83.0
OUT_09279,82.02
OUT_09280,74.13
OUT_09281,79.56
OUT_09282,77.41
OUT_09283,258.3
OUT_09284,257.13
OUT_09285,78.5
OUT_09286,246.55
OUT_09287,76.48
OUT_09288,1087.67
OUT_09289,76.01
OUT_09290,74.77
OUT_09291,265.61
OUT_09292,75.47
OUT_09293,251.18
OUT_09294,255.82
OUT_09295,78.49
OUT_09296,79.62
OUT_09297,1078.35
OUT_09298,74.69
OUT_09299,78.62
OUT_09300,75.4
OUT_09301,264.8
OUT_09302,252.39
OUT_09303,2710.11
OUT_09304,1061.55
OUT_09305,75.6
OUT_09306,76.66
OUT_09307,1040.66
OUT_09308,78.41
OUT_09309,79.94
OUT_09310,2724.09
OUT_09311,75.85
OUT_09312,73.29
OUT_09313,76.16
OUT_09314,245.18
OUT_09315,253.23
OUT_09316,261.51
OUT_09317,1119.67
OUT_09318,1119.73
OUT_09319,260.54
OUT_09320,1078.0
OUT_09321,77.88
OUT_09322,76.79
OUT_09323,2636.42
OUT_09324,254.12
OUT_09325,78.96
OUT_09326,74.23
OUT_09327,75.21
OUT_09328,79.52
OUT_09329,78.51
OUT_09330,78.82
OUT_09331,262.0
OUT_09332,1062.06
OUT_09333,76.19
OUT_09334,80.09
OUT_09335,75.11
OUT_09336,1110.79
OUT_09337,78.01
OUT_09338,77.48
OUT_09339,80.47
OUT_09340,1040.92
OUT_09341,79.28
OUT_09342,1113.17
OUT_09343,252.61
OUT_09344,79.64
OUT_09345,74.74
OUT_09346,77.84
OUT_09347,260.33
OUT_09348,79.82
OUT_09349,251.46
OUT_09350,73.17
OUT_09351,246.3
OUT_09352,75.86
OUT_09353,74.98
OUT_09354,1080.47
OUT_09355,252.56
OUT_09356,74.98
OUT_09357,1041.38
OUT_09358,73.79
OUT_09359,76.88
OUT_09360,73.14
OUT_09361,79.84
OUT_09362,80.91
OUT_09363,77.97
OUT_09364,79.51
OUT_09365,1100.24
OUT_09366,74.87
OUT_09367,79.93
OUT_09368,77.73
OUT_09369,2756.92
OUT_09370,264.12
OUT_09371,75.54
OUT_09372,264.54
OUT_09373,257.25
OUT_09374,77.92
OUT_09375,77.28
OUT_09376,80.66
OUT_09377,1051.53
OUT_09378,78.44
OUT_09379,265.88
OUT_09380,265.74
OUT_09381,79.63
OUT_09382,254.42
OUT_09383,249.94
OUT_09384,74.43
OUT_09385,252.46
OUT_09386,258.09
OUT_09387,76.84
OUT_09388,253.56
OUT_09389,75.26
OUT_09390,2762.37
OUT_09391,267.41
OUT_09392,68.43
OUT_09393,77.46
OUT_09394,259.44
OUT_09395,77.98
OUT_09396,250.62
OUT_09397,248.35
OUT_09398,268.32
OUT_09399,257.43
OUT_09400,1116.81
OUT_09401,256.14
OUT_09402,72.38
OUT_09403,76.14
OUT_09404,260.4
OUT_09405,260.93
OUT_09406,79.32
OUT_09407,1071.34
OUT_09408,75.08
OUT_09409,75.06
OUT_09410,1098.43
OUT_09411,257.47
OUT_09412,78.14
OUT_09413,77.65
OUT_09414,253.17
OUT_09415,81.27
OUT_09416,75.71
OUT_09417,264.22
OUT_09418,264.74
OUT_09419,77.8
OUT_09420,78.77
OUT_09421,73.93
OUT_09422,2753.4
OUT_09423,239.83
OUT_09424,259.9
OUT_09425,254.36
OUT_09426,82.38
OUT_09427,271.82
OUT_09428,79.71
OUT_09429,264.06
OUT_09430,254.04
OUT_09431,78.25
OUT_09432,82.0
OUT_09433,79.4
OUT_09434,77.42
OUT_09435,75.43
OUT_09436,263.38
OUT_09437,74.31
OUT_09438,80.89
OUT_09439,253.01
OUT_09440,78.48
OUT_09441,76.48
OUT_09442,256.9
OUT_09443,76.43
OUT_09444,77.09
OUT_09445,2642.92
OUT_09446,250.13
OUT_09447,266.38
OUT_09448,1105.45
OUT_09449,83.14
OUT_09450,1107.16
OUT_09451,80.9
OUT_09452,77.17
OUT_09453,78.91
OUT_09454,77.27
OUT_09455,252.75
OUT_09456,79.87
OUT_09457,75.22
OUT_09458,270.87
OUT_09459,77.91
OUT_09460,76.52
OUT_09461,257.81
OUT_09462,78.35
OUT_09463,1102.9
OUT_09464,75.94
OUT_09465,73.55
OUT_09466,251.34
OUT_09467,78.94
OUT_09468,74.51
OUT_09469,1060.84
OUT_09470,247.13
OUT_09471,254.33
OUT_09472,81.08
OUT_09473,78.04
OUT_09474,81.08
OUT_09475,72.71
OUT_09476,1090.94
OUT_09477,1089.77
OUT_09478,78.78
OUT_09479,259.97
OUT_09480,259.16
OUT_09481,260.74
OUT_09482,2752.73
OUT_09483,74.11
OUT_09484,1028.87
OUT_09485,74.11
OUT_09486,75.22
OUT_09487,1093.09
OUT_09488,79.33
OUT_09489,77.38
OUT_09490,75.21
OUT_09491,1072.12
OUT_09492,256.28
OUT_09493,76.42
OUT_09494,75.52
OUT_09495,267.8
OUT_09496,74.17
OUT_09497,75.82
OUT_09498,261.53
OUT_09499,75.23
OUT_09500,72.94
OUT_09501,2710.79
OUT_09502,76.37
OUT_09503,81.18
OUT_09504,78.68
OUT_09505,254.12
OUT_09506,75.22
OUT_09507,266.62
OUT_09508,248.81
OUT_09509,1095.15
OUT_09510,250.8
OUT_09511,77.59
OUT_09512,74.53
OUT_09513,77.65
OUT_09514,73.86
OUT_09515,1030.1
OUT_09516,77.07
OUT_09517,80.83
OUT_09518,246.95
OUT_09519,1077.56
OUT_09520,256.76
OUT_09521,77.9
OUT_09522,81.68
OUT_09523,2755.54
OUT_09524,259.74
OUT_09525,258.24
OUT_09526,69.92
OUT_09527,75.23
OUT_09528,77.94
OUT_09529,255.99
OUT_09530,75.24
OUT_09531,83.24
OUT_09532,68.31
OUT_09533,2817.89
OUT_09534,75.06
OUT_09535,82.51
OUT_09536,76.16
OUT_09537,243.01
OUT_09538,79.21
OUT_09539,78.11
OUT_09540,1087.36
OUT_09541,246.22
OUT_09542,260.87
OUT_09543,251.6
OUT_09544,74.83
OUT_09545,267.46
OUT_09546,76.19
OUT_09547,258.28
OUT_09548,1075.56
OUT_09549,80.02
OUT_09550,254.41
OUT_09551,247.98
OUT_09552,1120.03
OUT_09553,255.67
OUT_09554,75.72
OUT_09555,72.93
OUT_09556,72.46
OUT_09557,76.15
OUT_09558,73.42
OUT_09559,258.88
OUT_09560,75.42
OUT_09561,78.24
OUT_09562,72.03
OUT_09563,74.27
OUT_09564,79.82
OUT_09565,74.21
OUT_09566,72.44
OUT_09567,256.68
OUT_09568,1039.44
OUT_09569,260.06
OUT_09570,1076.87
OUT_09571,77.3
OUT_09572,263.24
OUT_09573,253.3
OUT_09574,75.0
OUT_09575,73.13
OUT_09576,1048.41
OUT_09577,74.35
OUT_09578,258.25
OUT_09579,1105.34
OUT_09580,77.06
OUT_09581,1090.05
OUT_09582,2776.51
OUT_09583,1104.38
OUT_09584,74.24
OUT_09585,1058.41
OUT_09586,2740.44
OUT_09587,72.33
OUT_09588,265.81
OUT_09589,265.12
OUT_09590,259.57
OUT_09591,240.8
OUT_09592,2724.83
OUT_09593,77.64
OUT_09594,250.96
OUT_09595,256.27
OUT_09596,76.27
OUT_09597,253.97
OUT_09598,75.3
OUT_09599,74.47
OUT_09600,1086.87
OUT_09601,73.67
OUT_09602,75.44
OUT_09603,1109.12
OUT_09604,75.64
OUT_09605,250.04
OUT_09606,255.84
OUT_09607,1075.16
OUT_09608,2759.6
OUT_09609,82.51
OUT_09610,254.47
OUT_09611,75.42
OUT_09612,77.23
OUT_09613,73.65
OUT_09614,1072.33
OUT_09615,253.29
OUT_09616,75.56
OUT_09617,74.51
OUT_09618,256.04
OUT_09619,73.08
OUT_09620,246.02
OUT_09621,76.47
OUT_09622,262.6
OUT_09623,78.15
OUT_09624,75.45
OUT_09625,80.37
OUT_09626,256.33
OUT_09627,242.51
OUT_09628,81.86
OUT_09629,251.08
OUT_09630,73.8
OUT_09631,253.9
OUT_09632,75.7
OUT_09633,254.44
OUT_09634,2646.92
OUT_09635,257.86
OUT_09636,1098.61
OUT_09637,1071.27
OUT_09638,72.65
OUT_09639,74.14
OUT_09640,76.81
OUT_09641,74.33
OUT_09642,76.8
OUT_09643,258.65
OUT_09644,79.2
OUT_09645,75.84
OUT_09646,77.56
OUT_09647,261.01
OUT_09648,1115.58
OUT_09649,252.19
OUT_09650,81.58
OUT_09651,76.9
OUT_09652,80.65
OUT_09653,252.22
OUT_09654,262.86
OUT_09655,78.55
OUT_09656,1094.84
OUT_09657,75.85
OUT_09658,71.08
OUT_09659,76.78
OUT_09660,255.47
OUT_09661,249.14
OUT_09662,75.12
OUT_09663,78.39
OUT_09664,79.9
OUT_09665,258.57
OUT_09666,77.32
OUT_09667,250.45
OUT_09668,263.53
OUT_09669,74.73
OUT_09670,259.65
OUT_09671,261.24
OUT_09672,75.17
OUT_09673,261.15
OUT_09674,79.14
OUT_09675,79.07
OUT_09676,262.55
OUT_09677,76.73
OUT_09678,77.4
OUT_09679,75.38
OUT_09680,255.2
OUT_09681,75.45
OUT_09682,1115.91
OUT_09683,258.36
OUT_09684,79.82
OUT_09685,79.88
OUT_09686,81.45
OUT_09687,81.11
OUT_09688,257.2
OUT_09689,76.85
OUT_09690,77.61
OUT_09691,73.92
OUT_09692,76.64
OUT_09693,263.43
OUT_09694,1061.76
OUT_09695,269.02
OUT_09696,77.38
OUT_09697,251.0
OUT_09698,251.87
OUT_09699,78.07
OUT_09700,76.0
OUT_09701,76.91
OUT_09702,73.97
OUT_09703,77.68
OUT_09704,76.57
OUT_09705,250.69
OUT_09706,74.32
OUT_09707,2762.16
OUT_09708,75.69
OUT_09709,81.85
OUT_09710,2734.33
OUT_09711,257.06
OUT_09712,251.88
OUT_09713,76.56
OUT_09714,75.18
OUT_09715,2670.53
OUT_09716,1105.46
OUT_09717,1096.07
OUT_09718,1076.32
OUT_09719,1081.76
OUT_09720,78.96
OUT_09721,261.33
OUT_09722,75.64
OUT_09723,256.33
OUT_09724,73.4
OUT_09725,68.45
OUT_09726,76.76
OUT_09727,2726.23
OUT_09728,78.03
OUT_09729,73.46
OUT_09730,77.91
OUT_09731,2740.65
OUT_09732,75.72
OUT_09733,73.85
OUT_09734,74.37
OUT_09735,75.28
OUT_09736,254.0
OUT_09737,75.2
OUT_09738,73.56
OUT_09739,79.65
OUT_09740,71.73
OUT_09741,73.01
OUT_09742,247.82
OUT_09743,75.38
OUT_09744,76.69
OUT_09745,75.21
OUT_09746,78.41
OUT_09747,70.11
OUT_09748,1090.5
OUT_09749,77.59
OUT_09750,2754.32
OUT_09751,77.42
OUT_09752,78.29
OUT_09753,72.54
OUT_09754,265.99
OUT_09755,1071.49
OUT_09756,260.77
OUT_09757,79.54
OUT_09758,255.99
OUT_09759,77.99
OUT_09760,75.58
OUT_09761,73.73
OUT_09762,1061.2
OUT_09763,1119.43
OUT_09764,267.59
OUT_09765,75.57
OUT_09766,255.07
OUT_09767,77.49
OUT_09768,1098.97
OUT_09769,76.68
OUT_09770,254.09
OUT_09771,75.61
OUT_09772,1107.21
OUT_09773,260.75
OUT_09774,1064.13
OUT_09775,71.18
OUT_09776,81.15
OUT_09777,263.34
OUT_09778,2784.42
OUT_09779,261.02
OUT_09780,2784.07
OUT_09781,80.05
OUT_09782,264.82
OUT_09783,1107.3
OUT_09784,257.59
OUT_09785,75.88
OUT_09786,256.52
OUT_09787,1070.86
OUT_09788,1084.64
OUT_09789,80.5
OUT_09790,75.65
OUT_09791,76.83
OUT_09792,1125.14
OUT_09793,80.52
OUT_09794,74.05
OUT_09795,1109.05
OUT_09796,77.08
OUT_09797,77.58
OUT_09798,257.53
OUT_09799,256.81
OUT_09800,74.86
OUT_09801,77.35
OUT_09802,250.45
OUT_09803,75.29
OUT_09804,77.93
OUT_09805,79.08
OUT_09806,1011.58
OUT_09807,255.33
OUT_09808,1077.66
OUT_09809,75.83
OUT_09810,71.81
OUT_09811,1087.25
OUT_09812,2713.3
OUT_09813,1043.24
OUT_09814,77.14
OUT_09815,265.19
OUT_09816,74.31
OUT_09817,2653.12
OUT_09818,75.12
OUT_09819,73.35
OUT_09820,78.94
OUT_09821,77.34
OUT_09822,68.81
OUT_09823,258.45
OUT_09824,74.27
OUT_09825,78.64
OUT_09826,72.3
OUT_09827,271.17
OUT_09828,264.87
OUT_09829,1069.43
OUT_09830,264.59
OUT_09831,78.34
OUT_09832,74.17
OUT_09833,71.04
OUT_09834,75.29
OUT_09835,257.36
OUT_09836,75.77
OUT_09837,2719.37
OUT_09838,77.92
OUT_09839,76.08
OUT_09840,1072.88
OUT_09841,72.42
OUT_09842,78.37
OUT_09843,74.58
OUT_09844,75.24
OUT_09845,77.92
OUT_09846,76.82
OUT_09847,257.71
OUT_09848,261.87
OUT_09849,76.91
OUT_09850,75.12
OUT_09851,252.7
OUT_09852,262.35
OUT_09853,72.93
OUT_09854,76.07
OUT_09855,78.97
OUT_09856,82.7
OUT_09857,250.54
OUT_09858,75.61
OUT_09859,1099.42
OUT_09860,77.53
OUT_09861,1068.34
OUT_09862,265.91
OUT_09863,254.53
OUT_09864,77.64
OUT_09865,76.29
OUT_09866,74.52
OUT_09867,247.87
OUT_09868,1091.21
OUT_09869,75.03
OUT_09870,259.19
OUT_09871,255.47
OUT_09872,78.53
OUT_09873,76.62
OUT_09874,1073.59
OUT_09875,72.78
OUT_09876,256.84
OUT_09877,1073.45
OUT_09878,78.21
OUT_09879,77.31
OUT_09880,79.59
OUT_09881,259.55
OUT_09882,259.0
OUT_09883,251.76
OUT_09884,78.62
OUT_09885,77.07
OUT_09886,73.26
OUT_09887,251.86
OUT_09888,76.11
OUT_09889,75.01
OUT_09890,262.51
OUT_09891,71.91
OUT_09892,77.49
OUT_09893,256.05
OUT_09894,74.16
OUT_09895,75.42
OUT_09896,263.35
OUT_09897,78.19
OUT_09898,78.27
OUT_09899,80.67
OUT_09900,257.88
OUT_09901,74.31
OUT_09902,73.87
OUT_09903,2759.07
OUT_09904,81.0
OUT_09905,78.46
OUT_09906,78.91
OUT_09907,260.17
OUT_09908,250.02
OUT_09909,77.58
OUT_09910,74.83
OUT_09911,1058.02
OUT_09912,1118.85
OUT_09913,255.78
OUT_09914,1118.59
OUT_09915,249.0
OUT_09916,255.06
OUT_09917,254.04
OUT_09918,81.83
OUT_09919,73.91
OUT_09920,76.07
OUT_09921,76.48
OUT_09922,2746.21
OUT_09923,76.2
OUT_09924,258.69
OUT_09925,260.43
OUT_09926,82.03
OUT_09927,264.95
OUT_09928,77.86
OUT_09929,254.67
OUT_09930,266.18
OUT_09931,75.74
OUT_09932,257.56
OUT_09933,2799.85
OUT_09934,1101.46
OUT_09935,1077.7
OUT_09936,76.83
OUT_09937,1057.16
OUT_09938,76.53
OUT_09939,259.06
OUT_09940,74.97
OUT_09941,80.07
OUT_09942,70.74
OUT_09943,256.31
OUT_09944,76.55
OUT_09945,74.57
OUT_09946,1005.91
OUT_09947,260.99
OUT_09948,73.79
OUT_09949,79.44
OUT_09950,76.31
OUT_09951,74.87
OUT_09952,1056.35
OUT_09953,262.53
OUT_09954,71.23
OUT_09955,76.86
OUT_09956,250.42
OUT_09957,255.8
OUT_09958,74.86
OUT_09959,261.27
OUT_09960,77.45
OUT_09961,1064.87
OUT_09962,79.26
OUT_09963,1103.58
OUT_09964,255.61
OUT_09965,76.36
OUT_09966,1118.2
OUT_09967,72.99
OUT_09968,250.87
OUT_09969,75.71
OUT_09970,73.9
OUT_09971,76.08
OUT_09972,249.82
OUT_09973,79.15
OUT_09974,77.55
OUT_09975,82.21
OUT_09976,77.03
OUT_09977,1092.73
OUT_09978,251.05
OUT_09979,1094.21
OUT_09980,70.26
OUT_09981,75.63
OUT_09982,2775.3
OUT_09983,76.86
OUT_09984,247.24
OUT_09985,268.96
OUT_09986,256.02
OUT_09987,1095.72
OUT_09988,253.39
OUT_09989,1090.04
OUT_09990,263.08
OUT_09991,74.92
OUT_09992,78.19
OUT_09993,77.42
OUT_09994,74.65
OUT_09995,74.89
OUT_09996,268.49
OUT_09997,252.76
OUT_09998,263.03
OUT_09999,77.44
OUT_10000,250.87
OUT_10001,76.42
OUT_10002,265.43
OUT_10003,267.28
OUT_10004,77.37
OUT_10005,75.23
OUT_10006,1110.96
OUT_10007,2741.89
OUT_10008,82.04
OUT_10009,259.89
OUT_10010,76.57
OUT_10011,1077.38
OUT_10012,77.93
OUT_10013,77.38
OUT_10014,77.52
OUT_10015,75.36
OUT_10016,71.53
OUT_10017,259.41
OUT_10018,77.28
OUT_10019,267.36
OUT_10020,76.34
OUT_10021,259.75
OUT_10022,245.83
OUT_10023,2677.75
OUT_10024,77.38
OUT_10025,257.95
OUT_10026,259.97
OUT_10027,77.11
OUT_10028,75.8
OUT_10029,68.88
OUT_10030,261.56
OUT_10031,76.87
OUT_10032,81.41
OUT_10033,77.58
OUT_10034,1063.72
OUT_10035,75.44
OUT_10036,260.6
OUT_10037,255.98
OUT_10038,249.84
OUT_10039,73.06
OUT_10040,256.04
OUT_10041,1118.04
OUT_10042,1110.92
OUT_10043,252.29
OUT_10044,75.47
OUT_10045,79.96
OUT_10046,259.57
OUT_10047,77.79
OUT_10048,1131.54
OUT_10049,75.11
OUT_10050,75.05
OUT_10051,2760.83
OUT_10052,79.85
OUT_10053,78.65
OUT_10054,75.56
OUT_10055,1088.02
OUT_10056,78.05
OUT_10057,264.57
OUT_10058,1057.73
OUT_10059,76.43
OUT_10060,1093.19
OUT_10061,79.14
OUT_10062,82.91
OUT_10063,243.55
OUT_10064,258.06
OUT_10065,77.5
OUT_10066,74.33
OUT_10067,261.71
OUT_10068,263.99
OUT_10069,264.17
OUT_10070,79.16
OUT_10071,79.14
OUT_10072,77.17
OUT_10073,72.99
OUT_10074,259.56
OUT_10075,79.02
OUT_10076,1077.88
OUT_10077,74.59
OUT_10078,247.75
OUT_10079,78.51
OUT_10080,71.78
OUT_10081,75.07
OUT_10082,258.94
OUT_10083,256.22
OUT_10084,78.67
OUT_10085,76.93
OUT_10086,257.06
OUT_10087,75.32
OUT_10088,1069.6
OUT_10089,250.09
OUT_10090,1048.57
OUT_10091,257.66
OUT_10092,77.97
OUT_10093,75.96
OUT_10094,73.95
OUT_10095,252.38
OUT_10096,1112.82
OUT_10097,75.43
OUT_10098,75.93
OUT_10099,74.59
OUT_10100,79.38
OUT_10101,254.83
OUT_10102,72.96
OUT_10103,253.62
OUT_10104,1069.22
OUT_10105,2741.87
OUT_10106,82.29
OUT_10107,1097.79
OUT_10108,1048.05
OUT_10109,74.17
OUT_10110,244.59
OUT_10111,266.11
OUT_10112,76.63
OUT_10113,74.03
OUT_10114,268.9
OUT_10115,75.08
OUT_10116,2722.38
OUT_10117,77.6
OUT_10118,77.69
OUT_10119,259.27
OUT_10120,258.21
OUT_10121,254.99
OUT_10122,77.79
OUT_10123,257.13
OUT_10124,1073.14
OUT_10125,77.63
OUT_10126,74.68
OUT_10127,258.7
OUT_10128,257.79
OUT_10129,78.07
OUT_10130,1042.7
OUT_10131,2718.78
OUT_10132,256.69
OUT_10133,265.52
OUT_10134,1093.95
OUT_10135,72.91
OUT_10136,77.36
OUT_10137,74.16
OUT_10138,76.8
OUT_10139,256.03
OUT_10140,1082.11
OUT_10141,256.76
OUT_10142,2811.44
OUT_10143,75.56
OUT_10144,246.71
OUT_10145,251.68
OUT_10146,254.16
OUT_10147,75.97
OUT_10148,252.08
OUT_10149,250.99
OUT_10150,76.51
OUT_10151,75.25
OUT_10152,79.59
OUT_10153,248.99
OUT_10154,256.16
OUT_10155,246.23
OUT_10156,72.36
OUT_10157,1091.74
OUT_10158,75.73
OUT_10159,1079.32
OUT_10160,254.89
OUT_10161,254.7
OUT_10162,79.44
OUT_10163,272.1
OUT_10164,1109.88
OUT_10165,1096.44
OUT_10166,79.37
OUT_10167,1064.12
OUT_10168,1036.28
OUT_10169,78.22
OUT_10170,76.96
OUT_10171,252.81
OUT_10172,79.79
OUT_10173,251.49
OUT_10174,2722.44
OUT_10175,246.79
OUT_10176,72.96
OUT_10178,1083.52
OUT_10179,77.26
OUT_10180,256.01
OUT_10181,1078.11
OUT_10182,261.61
OUT_10183,1054.38
OUT_10184,1009.85
OUT_10185,1082.24
OUT_10186,76.71
OUT_10187,264.32
OUT_10188,259.08
OUT_10189,72.15
OUT_10190,1063.08
OUT_10191,73.92
OUT_10192,259.72
OUT_10193,1095.51
OUT_10194,75.09
OUT_10195,254.72
OUT_10196,1075.89
OUT_10197,77.36
OUT_10198,75.56
OUT_10199,260.89
OUT_10200,74.6
OUT_10201,74.33
OUT_10202,263.38
OUT_10203,77.78
OUT_10204,249.95
OUT_10205,70.16
OUT_10206,1105.85
OUT_10207,268.18
OUT_10208,1067.01
OUT_10209,259.19
OUT_10210,255.36
OUT_10211,255.8
OUT_10212,260.78
OUT_10213,2764.15
OUT_10214,262.19
OUT_10215,2704.91
OUT_10216,77.21
OUT_10217,246.53
OUT_10218,1071.53
OUT_10219,76.39
OUT_10220,76.14
OUT_10221,79.24
OUT_10222,262.37
OUT_10223,80.36
OUT_10224,77.79
OUT_10225,75.14
OUT_10226,254.57
OUT_10227,1107.6
OUT_10228,72.45
OUT_10230,73.25
OUT_10231,1100.72
OUT_10232,82.43
OUT_10233,246.9
OUT_10234,256.21
OUT_10235,1091.58
OUT_10236,75.76
OUT_10237,250.32
OUT_10238,264.9
OUT_10239,248.52
OUT_10240,78.48
OUT_10241,77.41
OUT_10242,254.57
OUT_10243,1065.94
OUT_10244,2667.2
OUT_10245,78.62
OUT_10246,259.41
OUT_10247,261.56
OUT_10248,1099.8
OUT_10249,257.42
OUT_10250,1106.66
OUT_10251,75.43
OUT_10252,82.13
OUT_10253,270.71
OUT_10254,1082.51
OUT_10255,76.34
OUT_10256,247.97
OUT_10257,71.75
OUT_10258,76.91
OUT_10259,1054.99
OUT_10260,1129.64
OUT_10261,75.89
OUT_10262,1099.81
OUT_10263,261.66
OUT_10264,82.83
OUT_10265,265.71
OUT_10266,258.95
OUT_10267,261.13
OUT_10268,1104.19
OUT_10269,78.12
OUT_10270,79.15
OUT_10271,77.13
OUT_10272,75.47
OUT_10273,74.62
OUT_10274,1065.76
OUT_10275,258.85
OUT_10276,76.85
OUT_10277,70.41
OUT_10278,82.06
OUT_10279,266.88
OUT_10280,72.89
OUT_10281,74.46
OUT_10282,1126.71
OUT_10283,1080.15
OUT_10284,261.27
OUT_10285,76.75
OUT_10286,253.59
OUT_10287,81.58
OUT_10288,256.39
OUT_10289,77.47
OUT_10290,78.68
OUT_10291,1082.78
OUT_10292,265.76
OUT_10293,74.96
OUT_10294,2761.71
OUT_10295,79.19
OUT_10296,261.39
OUT_10297,265.89
OUT_10298,252.26
OUT_10299,2777.51
OUT_10300,75.47
OUT_10301,257.3
OUT_10302,1100.49
OUT_10303,1087.72
OUT_10304,257.95
OUT_10305,79.05
OUT_10306,75.06
OUT_10307,73.01
OUT_10308,1073.28
OUT_10309,78.05
OUT_10310,1074.94
OUT_10311,259.18
OUT_10312,271.76
OUT_10313,78.54
OUT_10314,251.25
OUT_10315,76.05
OUT_10316,1078.88
OUT_10317,249.98
OUT_10318,256.92
OUT_10319,260.51
OUT_10320,74.96
OUT_10321,81.79
OUT_10322,69.8
OUT_10323,260.9
OUT_10324,70.47
OUT_10325,256.0
OUT_10326,84.22
OUT_10327,1134.43
OUT_10328,252.78
OUT_10329,78.72
OUT_10330,75.13
OUT_10331,80.04
OUT_10332,72.83
OUT_10333,77.79
OUT_10334,1083.03
OUT_10335,1069.27
OUT_10336,255.7
OUT_10337,76.6
OUT_10338,78.16
OUT_10339,74.74
OUT_10340,260.43
OUT_10341,75.58
OUT_10342,253.34
OUT_10343,2785.95
OUT_10344,72.61
OUT_10345,266.12
OUT_10346,1060.21
OUT_10347,77.54
OUT_10348,78.78
OUT_10349,1079.71
OUT_10350,1095.12
OUT_10351,72.11
OUT_10352,1051.1
OUT_10353,77.53
OUT_10354,74.02
OUT_10355,1121.85
OUT_10356,79.07
OUT_10357,76.18
OUT_10358,257.86
OUT_10359,76.79
OUT_10360,256.94
OUT_10361,255.0
OUT_10362,264.0
OUT_10363,247.43
OUT_10364,263.05
OUT_10365,247.31
OUT_10366,261.58
OUT_10367,75.63
OUT_10368,74.46
OUT_10369,77.68
OUT_10370,269.03
OUT_10371,74.25
OUT_10372,1102.61
OUT_10373,74.89
OUT_10374,1107.04
OUT_10375,1098.17
OUT_10376,75.44
OUT_10377,75.9
OUT_10378,72.22
OUT_10379,77.87
OUT_10380,257.36
OUT_10381,1081.11
OUT_10382,1112.71
OUT_10383,74.88
OUT_10384,79.91
OUT_10385,251.93
OUT_10386,76.4
OUT_10387,263.72
OUT_10388,252.44
OUT_10389,75.14
OUT_10390,250.77
OUT_10391,2685.23
OUT_10392,76.76
OUT_10393,78.93
OUT_10394,262.54
OUT_10395,72.54
OUT_10396,1096.89
OUT_10397,2668.53
OUT_10398,74.43
OUT_10399,1074.87
OUT_10400,254.58
OUT_10401,259.94
OUT_10402,257.4
OUT_10403,250.04
OUT_10404,76.88
OUT_10405,76.58
OUT_10406,79.73
OUT_10407,1068.0
OUT_10408,73.19
OUT_10409,75.26
OUT_10410,75.29
OUT_10411,77.56
OUT_10412,1122.02
OUT_10413,77.0
OUT_10414,81.9
OUT_10415,260.25
OUT_10417,77.41
OUT_10418,245.32
OUT_10419,78.0
OUT_10420,76.39
OUT_10421,75.35
OUT_10422,76.38
OUT_10423,1074.36
OUT_10424,77.6
OUT_10425,74.78
OUT_10426,75.39
OUT_10427,76.7
OUT_10428,1096.42
OUT_10429,267.42
OUT_10430,76.55
OUT_10431,1055.05
OUT_10432,1123.54
OUT_10433,1096.71
OUT_10434,1121.12
OUT_10435,79.68
OUT_10436,76.37
OUT_10437,74.76
OUT_10438,1097.42
OUT_10439,77.51
OUT_10440,254.81
OUT_10441,257.98
OUT_10442,75.97
OUT_10443,73.87
OUT_10444,250.73
OUT_10445,253.79
OUT_10446,251.69
OUT_10447,262.72
OUT_10448,1097.61
OUT_10449,250.42
OUT_10450,249.07
OUT_10451,79.81
OUT_10452,75.14
OUT_10453,75.89
OUT_10454,74.13
OUT_10455,75.4
OUT_10456,1092.51
OUT_10457,1102.9
OUT_10458,248.19
OUT_10459,1103.4
OUT_10460,266.72
OUT_10461,80.36
OUT_10462,76.39
OUT_10463,73.92
OUT_10464,74.81
OUT_10465,76.95
OUT_10466,75.4
OUT_10467,272.16
OUT_10468,261.37
OUT_10469,253.29
OUT_10470,73.83
OUT_10471,80.83
OUT_10472,254.05
OUT_10473,251.79
OUT_10474,76.51
OUT_10475,75.19
OUT_10476,259.58
OUT_10477,79.06
OUT_10478,74.84
OUT_10479,1068.44
OUT_10480,76.55
OUT_10481,74.91
OUT_10482,1090.4
OUT_10483,247.83
OUT_10484,249.26
OUT_10485,75.36
OUT_10486,75.47
OUT_10487,78.5
OUT_10488,73.49
OUT_10489,1086.19
OUT_10490,265.32
OUT_10491,72.36
OUT_10492,72.11
OUT_10493,1049.52
OUT_10494,1049.23
OUT_10495,76.2
OUT_10496,256.03
OUT_10497,83.02
OUT_10498,255.24
OUT_10499,80.4
OUT_10500,75.53
OUT_10501,1085.23
OUT_10502,76.67
OUT_10503,1111.62
OUT_10504,2831.07
OUT_10505,1100.35
OUT_10506,79.93
OUT_10507,2702.87
OUT_10508,2756.87
OUT_10509,254.7
OUT_10510,1085.82
OUT_10511,74.6
OUT_10512,75.69
OUT_10513,76.39
OUT_10514,252.29
OUT_10515,76.73
OUT_10516,1086.91
OUT_10517,79.16
OUT_10518,73.69
OUT_10519,79.17
OUT_10520,1130.41
OUT_10521,1072.08
OUT_10522,1072.75
OUT_10523,76.51
OUT_10524,254.69
OUT_10525,267.66
OUT_10526,75.49
OUT_10527,78.93
OUT_10528,253.49
OUT_10529,261.21
OUT_10531,77.36
OUT_10532,76.63
OUT_10533,1078.63
OUT_10534,74.82
OUT_10535,270.14
OUT_10536,73.44
OUT_10537,260.03
OUT_10538,73.46
OUT_10539,78.18
OUT_10540,72.94
OUT_10541,1073.65
OUT_10542,256.04
OUT_10543,264.11
OUT_10544,255.08
OUT_10545,2758.97
OUT_10546,74.5
OUT_10547,253.53
OUT_10548,73.55
OUT_10549,255.63
OUT_10550,1102.75
OUT_10551,76.82
OUT_10552,73.71
OUT_10553,244.79
OUT_10554,264.81
OUT_10555,75.01
OUT_10556,76.97
OUT_10557,257.91
OUT_10558,75.21
OUT_10559,72.26
OUT_10560,80.04
OUT_10561,75.84
OUT_10562,73.15
OUT_10563,72.36
OUT_10564,1081.94
OUT_10565,265.62
OUT_10566,262.33
OUT_10567,253.04
OUT_10568,75.86
OUT_10569,1082.4
OUT_10570,264.82
OUT_10571,263.39
OUT_10572,250.37
OUT_10573,77.82
OUT_10574,268.85
OUT_10575,75.96
OUT_10576,258.97
OUT_10577,74.94
OUT_10578,79.89
OUT_10579,253.63
OUT_10580,257.78
OUT_10581,254.12
OUT_10582,75.41
OUT_10583,1086.75
OUT_10584,76.59
OUT_10585,78.49
OUT_10586,257.53
OUT_10587,252.07
OUT_10588,76.76
OUT_10589,258.18
OUT_10590,74.46
OUT_10591,79.22
OUT_10592,260.26
OUT_10593,1066.01
OUT_10594,256.14
OUT_10595,75.92
OUT_10596,83.56
OUT_10597,260.19
OUT_10598,1053.67
OUT_10599,81.06
OUT_10600,1136.01
OUT_10601,241.74
OUT_10602,81.0
OUT_10603,75.45
OUT_10604,267.26
OUT_10605,74.32
OUT_10606,73.4
OUT_10607,76.69
OUT_10608,238.46
OUT_10609,77.37
OUT_10610,256.66
OUT_10611,256.29
OUT_10612,76.92
OUT_10613,257.57
OUT_10614,264.12
OUT_10615,79.92
OUT_10616,264.43
OUT_10617,1090.67
OUT_10618,76.88
OUT_10619,80.87
OUT_10620,74.86
OUT_10621,261.04
OUT_10622,259.6
OUT_10623,78.12
OUT_10624,255.49
OUT_10625,71.13
OUT_10626,259.45
OUT_10627,75.99
OUT_10628,77.65
OUT_10629,71.44
OUT_10630,1042.93
OUT_10631,78.87
OUT_10632,1063.84
OUT_10633,1068.96
OUT_10634,78.3
OUT_10635,75.11
OUT_10636,1077.13
OUT_10637,78.76
OUT_10638,79.43
OUT_10639,251.19
OUT_10640,81.59
OUT_10641,250.79
OUT_10642,2768.01
OUT_10643,73.04
OUT_10644,1076.65
OUT_10645,255.07
OUT_10646,76.87
OUT_10647,77.27
OUT_10648,246.55
OUT_10649,77.05
OUT_10650,78.26
OUT_10651,75.99
OUT_10652,255.98
OUT_10653,2651.57
OUT_10654,77.01
OUT_10655,74.15
OUT_10656,71.64
OUT_10657,2764.77
OUT_10658,76.74
OUT_10659,259.86
OUT_10660,2661.38
OUT_10661,80.89
OUT_10662,74.68
OUT_10663,253.31
OUT_10664,252.02
OUT_10665,259.5
OUT_10666,257.57
OUT_10667,256.94
OUT_10668,79.58
OUT_10669,2704.53
OUT_10670,1064.53
OUT_10671,247.65
OUT_10672,251.2
OUT_10673,74.35
OUT_10674,257.81
OUT_10675,74.72
OUT_10676,263.54
OUT_10677,77.2
OUT_10678,77.63
OUT_10679,256.47
OUT_10680,77.69
OUT_10681,77.16
OUT_10682,77.22
OUT_10683,1089.07
OUT_10684,73.44
OUT_10685,262.47
OUT_10686,256.53
OUT_10687,77.38
OUT_10688,265.36
OUT_10689,260.68
OUT_10690,70.88
OUT_10691,249.85
OUT_10692,260.59
OUT_10693,71.65
OUT_10694,259.72
OUT_10695,78.96
OUT_10696,1050.62
OUT_10697,75.04
OUT_10698,74.41
OUT_10699,2703.05
OUT_10700,75.15
OUT_10701,74.7
OUT_10702,77.37
OUT_10703,72.11
OUT_10704,79.44
OUT_10705,2727.05
OUT_10706,74.03
OUT_10707,76.51
OUT_10708,2761.03
OUT_10709,258.46
OUT_10710,2683.19
OUT_10711,1092.32
OUT_10712,79.59
OUT_10713,79.45
OUT_10714,255.15
OUT_10715,266.73
OUT_10716,264.47
OUT_10717,1062.84
OUT_10718,75.12
OUT_10719,2694.28
OUT_10720,260.24
OUT_10721,260.46
OUT_10722,259.36
OUT_10723,255.3
OUT_10724,76.77
OUT_10725,79.84
OUT_10726,75.23
OUT_10727,261.94
OUT_10728,2718.68
OUT_10729,75.58
OUT_10730,2780.19
OUT_10731,77.46
OUT_10732,78.84
OUT_10733,76.92
OUT_10734,261.12
OUT_10735,258.04
OUT_10736,78.13
OUT_10737,264.17
OUT_10738,75.84
OUT_10739,75.3
OUT_10740,76.02
OUT_10741,72.75
OUT_10742,73.03
OUT_10743,76.28
OUT_10744,73.25
OUT_10745,75.26
OUT_10746,79.46
OUT_10747,1071.76
OUT_10748,76.09
OUT_10749,74.95
OUT_10750,77.93
OUT_10751,70.62
OUT_10752,260.92
OUT_10754,77.24
OUT_10755,78.17
OUT_10756,75.96
OUT_10757,76.06
OUT_10758,2722.99
OUT_10759,76.17
OUT_10760,1051.41
OUT_10761,263.12
OUT_10762,248.67
OUT_10763,252.61
OUT_10764,247.63
OUT_10765,73.3
OUT_10766,74.02
OUT_10767,76.71
OUT_10768,260.76
OUT_10769,75.68
OUT_10770,1086.46
OUT_10771,77.34
OUT_10772,75.78
OUT_10773,262.05
OUT_10774,79.01
OUT_10775,258.18
OUT_10776,1087.41
OUT_10777,78.9
OUT_10778,79.2
OUT_10779,1077.51
OUT_10780,258.72
OUT_10781,2732.57
OUT_10782,262.61
OUT_10783,269.95
OUT_10784,76.84
OUT_10785,76.45
OUT_10786,75.74
OUT_10787,73.3
OUT_10788,1055.99
OUT_10789,74.88
OUT_10790,266.95
OUT_10791,75.88
OUT_10792,257.47
OUT_10793,1113.26
OUT_10794,2776.1
OUT_10795,73.5
OUT_10796,252.26
OUT_10797,76.81
OUT_10798,2780.57
OUT_10799,76.32
OUT_10800,75.85
OUT_10801,1120.43
OUT_10802,77.36
OUT_10803,1084.41
OUT_10804,2719.38
OUT_10805,1077.16
OUT_10806,75.1
OUT_10807,74.91
OUT_10808,78.9
OUT_10809,72.76
OUT_10810,260.31
OUT_10811,73.92
OUT_10812,77.5
OUT_10813,76.62
OUT_10814,73.78
OUT_10815,265.11
OUT_10816,263.61
OUT_10817,259.68
OUT_10818,2694.31
OUT_10819,263.57
OUT_10820,74.51
OUT_10821,263.2
OUT_10822,73.36
OUT_10823,76.71
OUT_10824,76.31
OUT_10825,259.27
OUT_10826,1059.96
OUT_10827,1047.33
OUT_10828,2727.25
OUT_10829,77.67
OUT_10830,74.61
OUT_10831,75.73
OUT_10832,77.17
OUT_10833,258.62
OUT_10834,2726.47
OUT_10835,74.15
OUT_10836,73.29
OUT_10837,72.26
OUT_10838,245.75
OUT_10839,259.2
OUT_10840,74.86
OUT_10841,1101.77
OUT_10842,257.27
OUT_10843,73.98
OUT_10844,265.54
OUT_10845,1115.23
OUT_10846,74.45
OUT_10847,76.2
OUT_10848,74.34
OUT_10849,2700.01
OUT_10850,77.6
OUT_10851,70.76
OUT_10852,259.26
OUT_10853,72.92
OUT_10854,1124.43
OUT_10855,74.8
OUT_10856,80.57
OUT_10857,263.57
OUT_10858,78.09
OUT_10859,1078.25
OUT_10860,76.07
OUT_10861,263.6
OUT_10862,74.69
OUT_10863,76.56
OUT_10864,253.94
OUT_10865,259.97
OUT_10866,75.48
OUT_10867,256.93
OUT_10868,79.4
OUT_10869,73.14
OUT_10870,75.39
OUT_10871,261.79
OUT_10872,1106.64
OUT_10873,77.32
OUT_10874,77.92
OUT_10875,1077.06
OUT_10876,1142.13
OUT_10877,257.76
OUT_10878,79.97
OUT_10879,257.27
OUT_10880,265.16
OUT_10881,76.33
OUT_10882,1093.2
OUT_10883,1075.79
OUT_10884,74.54
OUT_10885,75.99
OUT_10886,78.89
OUT_10887,1090.03
OUT_10888,77.86
OUT_10889,72.15
OUT_10890,253.33
OUT_10891,1096.14
OUT_10892,75.18
OUT_10893,79.56
OUT_10894,1081.28
OUT_10895,75.41
OUT_10896,78.12
OUT_10897,80.11
OUT_10898,72.31
OUT_10899,76.83
OUT_10900,69.11
OUT_10901,77.26
OUT_10902,1072.8
OUT_10903,1073.33
OUT_10904,82.15
OUT_10905,76.41
OUT_10906,76.68
OUT_10907,74.77
OUT_10908,81.71
OUT_10909,79.89
OUT_10910,1044.32
OUT_10911,80.35
OUT_10912,78.62
OUT_10913,267.68
OUT_10914,1099.3
OUT_10915,73.64
OUT_10916,255.17
OUT_10917,255.45
OUT_10918,76.34
OUT_10919,79.01
OUT_10920,78.2
OUT_10921,1102.01
OUT_10922,263.39
OUT_10923,1066.48
OUT_10924,1104.57
OUT_10925,2648.07
OUT_10926,80.89
OUT_10927,75.52
OUT_10928,74.01
OUT_10929,1082.97
OUT_10930,1115.03
OUT_10931,75.58
OUT_10932,1101.79
OUT_10933,254.92
OUT_10934,78.09
OUT_10935,1093.38
OUT_10936,74.47
OUT_10937,75.86
OUT_10938,1100.03
OUT_10939,250.27
OUT_10940,1118.15
OUT_10941,1080.75
OUT_10942,75.6
OUT_10943,1038.37
OUT_10944,77.75
OUT_10945,76.0
OUT_10946,76.89
OUT_10947,78.79
OUT_10948,74.77
OUT_10949,74.49
OUT_10950,73.76
OUT_10951,78.36
OUT_10952,1069.39
OUT_10953,260.51
OUT_10954,2700.02
OUT_10955,77.26
OUT_10956,76.68
OUT_10957,1084.89
OUT_10958,76.07
OUT_10959,1070.25
OUT_10960,247.6
OUT_10961,75.54
OUT_10962,2788.63
OUT_10963,2746.69
OUT_10964,2757.67
OUT_10965,77.75
OUT_10966,2692.6
OUT_10967,1092.67
OUT_10968,1097.91
OUT_10969,73.11
OUT_10970,257.09
OUT_10971,78.59
OUT_10972,79.46
OUT_10973,75.36
OUT_10974,258.7
OUT_10975,264.7
OUT_10976,76.33
OUT_10977,75.02
OUT_10978,73.05
OUT_10979,74.47
OUT_10980,1063.73
OUT_10981,75.36
OUT_10982,237.54
OUT_10983,263.58
OUT_10984,74.0
OUT_10985,257.43
OUT_10986,74.46
OUT_10987,257.78
OUT_10988,259.94
OUT_10989,1047.03
OUT_10990,1074.12
OUT_10991,75.68
OUT_10992,79.57
OUT_10993,1125.87
OUT_10994,76.34
OUT_10995,80.8
OUT_10996,2740.9
OUT_10997,2718.96
OUT_10998,77.91
OUT_10999,1087.19
OUT_11000,80.53
OUT_11001,252.73
OUT_11002,75.08
OUT_11003,2707.56
OUT_11004,72.27
OUT_11005,253.21
OUT_11006,253.33
OUT_11007,79.57
OUT_11008,1079.89
OUT_11009,266.27
OUT_11010,264.7
OUT_11011,80.57
OUT_11012,81.43
OUT_11013,255.08
OUT_11014,74.98
OUT_11015,1044.7
OUT_11016,76.28
OUT_11017,1079.98
OUT_11018,80.34
OUT_11019,78.55
OUT_11020,71.05
OUT_11021,1146.87
OUT_11022,82.43
OUT_11023,83.22
OUT_11024,77.13
OUT_11025,257.02
OUT_11026,73.94
OUT_11027,257.82
OUT_11028,261.12
OUT_11029,2720.09
OUT_11030,81.36
OUT_11031,75.98
OUT_11032,79.8
OUT_11033,256.75
OUT_11034,256.41
OUT_11035,77.24
OUT_11036,251.63
OUT_11037,75.22
OUT_11038,247.49
OUT_11039,1112.25
OUT_11040,74.88
OUT_11041,72.24
OUT_11042,260.76
OUT_11043,1095.18
OUT_11044,77.38
OUT_11045,264.7
OUT_11046,266.63
OUT_11047,76.03
OUT_11048,252.98
OUT_11049,258.19
OUT_11050,261.34
OUT_11051,264.41
OUT_11052,1066.27
OUT_11053,78.4
OUT_11054,265.22
OUT_11055,256.4
OUT_11056,2763.96
OUT_11057,255.16
OUT_11058,78.02
OUT_11059,75.67
OUT_11060,263.52
OUT_11061,71.95
OUT_11062,72.73
OUT_11063,1032.88
OUT_11064,258.68
OUT_11065,74.16
OUT_11066,75.71
OUT_11067,79.35
OUT_11068,1094.65
OUT_11069,1070.88
OUT_11070,254.18
OUT_11071,79.21
OUT_11072,75.14
OUT_11073,77.59
OUT_11074,71.69
OUT_11075,80.49
OUT_11076,260.86
OUT_11077,1108.55
OUT_11078,75.44
OUT_11079,76.61
OUT_11080,77.55
OUT_11081,257.28
OUT_11082,75.77
OUT_11083,261.06
OUT_11084,255.34
OUT_11085,77.14
OUT_11086,75.0
OUT_11087,75.18
OUT_11088,76.46
OUT_11089,258.17
OUT_11090,1080.52
OUT_11091,80.86
OUT_11092,259.15
OUT_11093,75.63
OUT_11094,2760.83
OUT_11095,77.47
OUT_11096,75.12
OUT_11097,259.84
OUT_11098,1127.67
OUT_11099,76.6
OUT_11100,74.83
OUT_11101,1086.79
OUT_11102,76.03
OUT_11103,77.73
OUT_11104,74.41
OUT_11105,1115.72
OUT_11106,1091.86
OUT_11107,261.51
OUT_11108,2822.4
OUT_11109,258.28
OUT_11110,251.05
OUT_11111,75.94
OUT_11112,1085.25
OUT_11113,258.88
OUT_11114,263.98
OUT_11115,72.32
OUT_11116,76.43
OUT_11117,266.23
OUT_11118,74.98
OUT_11119,257.76
OUT_11120,1057.57
OUT_11121,76.21
OUT_11122,77.42
OUT_11123,1042.13
OUT_11124,1054.22
OUT_11125,248.47
OUT_11126,75.78
OUT_11127,78.88
OUT_11128,2690.09
OUT_11129,76.13
OUT_11130,75.1
OUT_11131,1098.11
OUT_11132,258.66
OUT_11133,241.9
OUT_11134,77.36
OUT_11135,79.26
OUT_11136,79.68
OUT_11137,75.82
OUT_11138,251.89
OUT_11139,258.68
OUT_11140,1086.01
OUT_11141,259.12
OUT_11142,72.84
OUT_11143,2632.06
OUT_11144,76.69
OUT_11145,246.96
OUT_11146,77.8
OUT_11147,78.94
OUT_11148,80.94
OUT_11149,78.29
OUT_11150,1067.76
OUT_11151,260.94
OUT_11152,1117.37
OUT_11153,264.44
OUT_11154,76.09
OUT_11155,72.72
OUT_11156,70.49
OUT_11157,262.3
OUT_11158,247.75
OUT_11159,83.21
OUT_11160,255.18
OUT_11161,79.3
OUT_11162,76.97
OUT_11163,254.01
OUT_11164,74.08
OUT_11165,2750.79
OUT_11166,77.93
OUT_11167,248.68
OUT_11168,2785.39
OUT_11169,77.03
OUT_11170,73.41
OUT_11171,77.11
OUT_11172,261.18
OUT_11173,77.47
OUT_11174,77.36
OUT_11175,256.66
OUT_11176,259.25
OUT_11177,1107.46
OUT_11178,74.73
OUT_11179,253.78
OUT_11180,74.57
OUT_11181,74.76
OUT_11182,1115.46
OUT_11183,264.69
OUT_11184,72.66
OUT_11185,73.15
OUT_11186,260.92
OUT_11187,1086.46
OUT_11188,72.71
OUT_11189,265.28
OUT_11190,76.41
OUT_11191,79.62
OUT_11192,264.27
OUT_11193,75.58
OUT_11194,74.46
OUT_11195,256.58
OUT_11196,76.24
OUT_11197,264.25
OUT_11198,262.99
OUT_11199,1065.3
OUT_11200,81.23
OUT_11201,251.16
OUT_11202,77.06
OUT_11203,70.53
OUT_11204,2796.2
OUT_11205,75.46
OUT_11206,73.2
OUT_11207,75.88
OUT_11208,1127.53
OUT_11209,78.93
OUT_11210,77.22
OUT_11211,76.52
OUT_11212,274.58
OUT_11213,262.62
OUT_11214,2799.52
OUT_11215,79.07
OUT_11216,79.37
OUT_11217,2812.79
OUT_11218,263.09
OUT_11219,1075.54
OUT_11220,76.5
OUT_11221,79.02
OUT_11222,2746.09
OUT_11223,72.83
OUT_11224,75.48
OUT_11225,2801.39
OUT_11226,74.24
OUT_11227,75.35
OUT_11228,80.17
OUT_11229,252.82
OUT_11230,74.72
OUT_11231,257.81
OUT_11232,2696.37
OUT_11233,1112.39
OUT_11234,78.07
OUT_11235,73.03
OUT_11236,264.65
OUT_11237,76.6
OUT_11238,75.9
OUT_11239,1068.37
OUT_11240,256.35
OUT_11241,74.73
OUT_11242,80.27
OUT_11243,76.58
OUT_11244,74.83
OUT_11245,256.97
OUT_11246,76.67
OUT_11247,75.77
OUT_11248,78.0
OUT_11249,245.9
OUT_11250,257.52
OUT_11251,2683.93
OUT_11252,74.46
OUT_11253,1077.76
OUT_11254,262.29
OUT_11255,247.35
OUT_11256,259.69
OUT_11257,76.94
OUT_11258,82.79
OUT_11259,80.4
OUT_11260,1105.85
OUT_11261,2734.05
OUT_11262,76.57
OUT_11263,76.59
OUT_11264,76.68
OUT_11265,1085.49
OUT_11266,77.6
OUT_11267,80.69
OUT_11268,261.6
OUT_11269,2702.33
OUT_11270,81.91
OUT_11271,75.58
OUT_11272,73.36
OUT_11273,246.1
OUT_11274,80.01
OUT_11275,75.58
OUT_11276,256.66
OUT_11277,79.99
OUT_11278,72.02
OUT_11279,77.2
OUT_11280,1057.54
OUT_11281,75.8
OUT_11282,80.16
OUT_11283,78.8
OUT_11284,81.19
OUT_11285,73.12
OUT_11286,257.11
OUT_11287,74.06
OUT_11288,1081.12
OUT_11289,74.25
OUT_11290,250.96
OUT_11291,1097.56
OUT_11292,77.1
OUT_11293,259.96
OUT_11294,73.87
OUT_11295,75.6
OUT_11296,1079.69
OUT_11297,262.65
OUT_11298,260.41
OUT_11299,77.86
OUT_11300,78.19
OUT_11301,73.71
OUT_11302,74.9
OUT_11303,1121.95
OUT_11304,74.59
OUT_11305,2680.26
OUT_11306,252.06
OUT_11307,2822.4
OUT_11308,243.39
OUT_11309,1098.4
OUT_11310,273.11
OUT_11311,80.82
OUT_11312,80.65
OUT_11313,76.76
OUT_11314,1098.61
OUT_11315,250.49
OUT_11316,2659.09
OUT_11317,1110.53
OUT_11318,1083.64
OUT_11319,79.69
OUT_11320,71.57
OUT_11321,248.69
OUT_11322,1111.89
OUT_11323,256.76
OUT_11324,76.08
OUT_11325,74.53
OUT_11326,252.85
OUT_11327,76.95
OUT_11328,1089.63
OUT_11329,73.86
OUT_11330,1104.52
OUT_11331,259.67
OUT_11332,77.58
OUT_11333,249.55
OUT_11334,76.63
OUT_11335,70.94
OUT_11336,259.79
OUT_11337,253.66
OUT_11338,268.15
OUT_11339,75.98
OUT_11340,256.56
OUT_11341,77.22
OUT_11342,265.45
OUT_11343,74.79
OUT_11344,80.22
OUT_11345,73.61
OUT_11346,259.79
OUT_11347,268.85
OUT_11348,75.05
OUT_11349,76.93
OUT_11350,249.52
OUT_11351,69.9
OUT_11352,264.17
OUT_11353,77.8
OUT_11354,1057.76
OUT_11355,72.46
OUT_11356,74.42
OUT_11357,252.09
OUT_11358,78.33
OUT_11359,2768.85
OUT_11360,257.49
OUT_11361,257.48
OUT_11362,255.91
OUT_11363,76.75
OUT_11364,75.29
OUT_11365,269.37
OUT_11366,77.73
OUT_11367,78.07
OUT_11368,2758.79
OUT_11369,78.0
OUT_11370,80.38
OUT_11371,258.67
OUT_11372,1114.98
OUT_11373,258.37
OUT_11374,74.83
OUT_11375,263.41
OUT_11376,249.79
OUT_11377,73.83
OUT_11378,258.73
OUT_11379,75.4
OUT_11380,76.82
OUT_11381,254.67
OUT_11382,78.32
OUT_11383,254.01
OUT_11384,252.26
OUT_11385,251.68
OUT_11386,247.59
OUT_11387,74.29
OUT_11388,266.63
OUT_11389,75.45
OUT_11390,80.53
OUT_11391,75.5
OUT_11392,1095.26
OUT_11393,84.91
OUT_11394,1068.23
OUT_11395,257.05
OUT_11396,255.35
OUT_11397,1103.91
OUT_11398,249.09
OUT_11399,77.24
OUT_11400,78.85
OUT_11401,254.48
OUT_11402,77.51
OUT_11403,2713.7
OUT_11404,74.87
OUT_11405,75.96
OUT_11406,1111.7
OUT_11407,72.57
OUT_11408,74.15
OUT_11409,259.79
OUT_11410,249.57
OUT_11411,76.07
OUT_11412,78.08
OUT_11413,1130.79
OUT_11414,80.16
OUT_11415,77.21
OUT_11416,1106.07
OUT_11417,74.04
OUT_11418,72.9
OUT_11419,77.28
OUT_11420,250.85
OUT_11421,1042.72
OUT_11422,255.94
OUT_11423,252.03
OUT_11424,246.63
OUT_11425,79.57
OUT_11426,2731.37
OUT_11427,262.33
OUT_11428,260.66
OUT_11429,75.66
OUT_11430,74.01
OUT_11431,262.11
OUT_11432,265.8
OUT_11433,82.38
OUT_11434,1058.44
OUT_11435,76.15
OUT_11436,78.51
OUT_11437,1124.43
OUT_11438,1106.67
OUT_11439,265.99
OUT_11440,71.45
OUT_11441,72.97
OUT_11442,73.6
OUT_11443,74.77
OUT_11444,80.35
OUT_11445,80.36
OUT_11446,260.9
OUT_11447,1095.07
OUT_11448,72.99
OUT_11449,248.26
OUT_11450,77.77
OUT_11451,79.45
OUT_11452,79.64
OUT_11453,260.65
OUT_11454,263.78
OUT_11455,263.05
OUT_11456,77.05
OUT_11457,253.94
OUT_11458,2612.19
OUT_11459,73.47
OUT_11460,2707.13
OUT_11461,81.27
OUT_11462,79.83
OUT_11463,80.21
OUT_11464,262.53
OUT_11465,2722.33
OUT_11466,77.07
OUT_11467,74.91
OUT_11468,258.31
OUT_11469,73.69
OUT_11470,78.68
OUT_11471,255.34
OUT_11472,78.28
OUT_11473,249.79
OUT_11474,75.38
OUT_11475,1087.84
OUT_11476,78.09
OUT_11477,74.31
OUT_11478,79.19
OUT_11479,254.84
OUT_11480,81.24
OUT_11481,76.53
OUT_11482,248.57
OUT_11483,258.54
OUT_11484,263.63
OUT_11485,74.43
OUT_11486,261.92
OUT_11487,254.05
OUT_11488,247.61
OUT_11489,264.27
OUT_11490,260.22
OUT_11491,261.92
OUT_11492,255.91
OUT_11493,258.18
OUT_11494,75.7
OUT_11495,248.69
OUT_11496,75.1
OUT_11497,2652.85
OUT_11498,76.68
OUT_11499,75.79
OUT_11500,1092.44
OUT_11501,77.43
OUT_11502,1110.23
OUT_11503,254.0
OUT_11504,1057.38
OUT_11505,78.11
OUT_11506,268.41
OUT_11507,81.67
OUT_11508,260.12
OUT_11509,76.59
OUT_11510,255.17
OUT_11511,261.46
OUT_11512,1075.26
OUT_11513,238.55
OUT_11514,80.15
OUT_11515,1074.4
OUT_11516,80.47
OUT_11517,262.54
OUT_11518,74.31
OUT_11519,77.13
OUT_11520,241.98
OUT_11521,78.88
OUT_11522,245.8
OUT_11523,2756.32
OUT_11524,75.3
OUT_11525,77.77
OUT_11526,76.44
OUT_11527,76.08
OUT_11528,77.85
OUT_11529,75.97
OUT_11530,80.24
OUT_11531,262.75
OUT_11532,1096.58
OUT_11533,76.36
OUT_11534,1095.38
OUT_11535,253.61
OUT_11536,266.94
OUT_11537,76.59
OUT_11538,78.09
OUT_11539,250.78
OUT_11540,1040.72
OUT_11541,253.14
OUT_11542,75.49
OUT_11543,77.16
OUT_11544,73.13
OUT_11545,1109.11
OUT_11546,78.16
OUT_11547,1072.05
OUT_11548,80.7
OUT_11549,258.24
OUT_11550,75.53
OUT_11551,79.89
OUT_11552,79.61
OUT_11553,77.83
OUT_11554,76.45
OUT_11555,75.8
OUT_11556,76.57
OUT_11557,256.67
OUT_11558,81.36
OUT_11559,1097.85
OUT_11560,255.49
OUT_11561,73.77
OUT_11562,77.02
OUT_11563,1073.39
OUT_11564,75.69
OUT_11565,256.01
OUT_11566,73.78
OUT_11567,1099.74
OUT_11568,78.55
OUT_11569,1083.86
OUT_11570,77.34
OUT_11571,255.97
OUT_11572,75.39
OUT_11573,250.87
OUT_11574,255.58
OUT_11575,75.07
OUT_11576,265.52
OUT_11577,76.01
OUT_11578,259.05
OUT_11579,76.98
OUT_11580,79.56
OUT_11581,81.18
OUT_11582,76.68
OUT_11583,256.32
OUT_11584,1101.58
OUT_11585,257.3
OUT_11586,76.4
OUT_11587,248.97
OUT_11588,2766.48
OUT_11589,250.83
OUT_11590,2742.49
OUT_11591,77.08
OUT_11592,75.62
OUT_11593,72.24
OUT_11594,74.64
OUT_11595,80.0
OUT_11596,75.01
OUT_11597,76.97
OUT_11598,261.33
OUT_11599,1052.61
OUT_11600,75.39
OUT_11601,2772.95
OUT_11602,78.97
OUT_11603,77.43
OUT_11604,71.63
OUT_11605,2764.45
OUT_11606,263.11
OUT_11607,262.03
OUT_11608,74.5
OUT_11609,75.54
OUT_11610,75.39
OUT_11611,1083.03
OUT_11612,80.5
OUT_11613,1039.63
OUT_11614,75.59
OUT_11615,258.65
OUT_11616,265.19
OUT_11617,254.96
OUT_11618,271.9
OUT_11619,2791.86
OUT_11620,74.99
OUT_11621,77.18
OUT_11622,1109.41
OUT_11623,76.57
OUT_11624,79.53
OUT_11625,79.15
OUT_11626,80.71
OUT_11627,74.56
OUT_11628,249.05
OUT_11629,77.05
OUT_11630,1070.12
OUT_11631,254.92
OUT_11632,254.72
OUT_11633,1082.65
OUT_11634,77.47
OUT_11635,75.27
OUT_11636,2729.46
OUT_11637,1093.79
OUT_11638,75.52
OUT_11639,77.36
OUT_11640,259.24
OUT_11641,77.14
OUT_11642,1107.39
OUT_11643,2713.98
OUT_11644,2719.17
OUT_11645,79.34
OUT_11646,1102.52
OUT_11647,76.18
OUT_11648,260.01
OUT_11649,80.16
OUT_11650,74.68
OUT_11651,74.52
OUT_11652,1054.92
OUT_11653,77.59
OUT_11654,75.94
OUT_11655,73.03
OUT_11656,73.36
OUT_11657,77.33
OUT_11658,80.91
OUT_11659,78.8
OUT_11660,76.89
OUT_11661,74.6
OUT_11662,1046.79
OUT_11663,74.91
OUT_11664,83.7
OUT_11665,2712.95
OUT_11666,1078.67
OUT_11667,261.49
OUT_11668,260.47
OUT_11669,76.99
OUT_11670,73.31
OUT_11671,76.39
OUT_11672,1151.36
OUT_11673,244.76
OUT_11674,1109.28
OUT_11675,78.71
OUT_11676,258.55
OUT_11677,75.78
OUT_11678,77.82
OUT_11679,76.72
OUT_11680,1095.76
OUT_11681,256.07
OUT_11682,76.2
OUT_11683,1061.3
OUT_11684,79.66
OUT_11685,77.92
OUT_11686,1062.47
OUT_11687,83.37
OUT_11688,1085.97
OUT_11689,250.64
OUT_11690,77.97
OUT_11691,74.61
OUT_11692,1062.24
OUT_11693,258.43
OUT_11694,77.52
OUT_11695,77.39
OUT_11696,1105.9
OUT_11697,2769.85
OUT_11698,72.57
OUT_11699,267.22
OUT_11700,77.9
OUT_11701,74.44
OUT_11702,258.36
OUT_11703,77.98
OUT_11704,1092.57
OUT_11705,74.22
OUT_11706,79.71
OUT_11707,248.28
OUT_11708,80.61
OUT_11709,77.26
OUT_11710,77.8
OUT_11711,253.22
OUT_11712,78.82
OUT_11713,258.92
OUT_11714,75.97
OUT_11715,270.21
OUT_11716,264.19
OUT_11717,1078.56
OUT_11718,249.21
OUT_11719,257.4
OUT_11720,2757.03
OUT_11721,256.21
OUT_11722,76.4
OUT_11723,74.08
OUT_11724,76.57
OUT_11725,79.19
OUT_11726,75.09
OUT_11727,259.27
OUT_11728,77.92
OUT_11729,79.15
OUT_11730,76.69
OUT_11731,80.03
OUT_11732,76.61
OUT_11733,1120.36
OUT_11734,79.23
OUT_11735,78.5
OUT_11736,78.52
OUT_11737,74.77
OUT_11738,74.9
OUT_11739,79.28
OUT_11740,80.63
OUT_11741,76.36
OUT_11742,255.83
OUT_11743,256.1
OUT_11744,72.18
OUT_11745,73.56
OUT_11746,1087.7
OUT_11747,246.76
OUT_11748,75.58
OUT_11749,251.92
OUT_11750,254.27
OUT_11751,73.69
OUT_11752,78.7
OUT_11753,261.51
OUT_11754,73.83
OUT_11755,1072.23
OUT_11756,77.81
OUT_11757,1103.57
OUT_11758,80.98
OUT_11759,75.94
OUT_11760,76.66
OUT_11761,259.07
OUT_11762,1070.01
OUT_11763,256.45
OUT_11764,258.88
OUT_11765,73.15
OUT_11766,73.59
OUT_11767,2749.39
OUT_11768,70.64
OUT_11769,1050.52
OUT_11770,2690.01
OUT_11771,255.64
OUT_11772,260.01
OUT_11773,77.52
OUT_11774,77.18
OUT_11775,253.12
OUT_11776,71.83
OUT_11777,76.74
OUT_11778,80.32
OUT_11779,77.0
OUT_11780,1098.32
OUT_11781,74.66
OUT_11782,75.64
OUT_11783,257.35
OUT_11784,256.27
OUT_11785,72.26
OUT_11786,76.98
OUT_11787,75.07
OUT_11788,2737.47
OUT_11789,1069.97
OUT_11790,244.55
OUT_11791,1072.87
OUT_11792,257.18
OUT_11793,74.16
OUT_11794,74.41
OUT_11795,73.1
OUT_11796,255.95
OUT_11797,1082.06
OUT_11798,257.39
OUT_11799,242.11
OUT_11800,265.0
OUT_11801,259.25
OUT_11802,70.98
OUT_11803,74.44
OUT_11804,2835.16
OUT_11805,75.07
OUT_11806,76.86
OUT_11807,266.65
OUT_11808,259.31
OUT_11809,85.1
OUT_11810,73.23
OUT_11811,74.7
OUT_11812,82.04
OUT_11813,267.13
OUT_11814,264.71
OUT_11815,80.65
OUT_11816,1060.64
OUT_11817,250.56
OUT_11818,73.17
OUT_11819,1052.42
OUT_11820,1100.12
OUT_11821,79.88
OUT_11822,76.61
OUT_11823,1058.35
OUT_11824,258.26
OUT_11825,272.31
OUT_11826,78.53
OUT_11827,79.01
OUT_11828,85.01
OUT_11829,72.92
OUT_11830,77.5
OUT_11831,75.09
OUT_11832,80.01
OUT_11833,259.33
OUT_11834,254.86
OUT_11835,72.88
OUT_11836,73.84
OUT_11837,253.03
OUT_11838,264.43
OUT_11839,79.81
OUT_11840,80.92
OUT_11841,74.43
OUT_11842,259.38
OUT_11843,2627.1
OUT_11844,75.34
OUT_11845,1120.0
OUT_11846,77.15
OUT_11847,248.77
OUT_11848,1133.2
OUT_11849,76.95
OUT_11850,74.05
OUT_11851,75.66
OUT_11852,1053.77
OUT_11853,2797.13
OUT_11854,75.02
OUT_11855,254.52
OUT_11856,251.47
OUT_11857,1105.22
OUT_11858,250.13
OUT_11859,1129.17
OUT_11860,67.74
OUT_11861,255.4
OUT_11862,251.28
OUT_11863,77.01
OUT_11864,73.05
OUT_11865,74.64
OUT_11866,259.69
OUT_11867,75.15
OUT_11868,1091.95
OUT_11869,73.83
OUT_11870,261.16
OUT_11871,78.15
OUT_11872,267.09
OUT_11873,77.43
OUT_11874,79.54
OUT_11875,247.72
OUT_11876,261.94
OUT_11878,73.8
OUT_11879,247.11
OUT_11880,78.75
OUT_11881,256.16
OUT_11882,274.06
OUT_11883,1056.0
OUT_11884,75.99
OUT_11885,256.94
OUT_11886,255.2
OUT_11887,76.31
OUT_11888,73.95
OUT_11889,258.6
OUT_11890,76.59
OUT_11891,84.4
OUT_11892,76.76
OUT_11893,77.76
OUT_11894,1108.94
OUT_11895,78.7
OUT_11896,74.7
OUT_11897,1064.24
OUT_11898,1053.49
OUT_11899,80.36
OUT_11900,1070.01
OUT_11901,79.69
OUT_11902,76.77
OUT_11903,78.48
OUT_11904,77.83
OUT_11905,76.18
OUT_11906,78.16
OUT_11907,75.31
OUT_11908,77.96
OUT_11909,1085.16
OUT_11910,257.82
OUT_11911,1090.74
OUT_11912,256.0
OUT_11913,77.11
OUT_11914,262.08
OUT_11915,78.01
OUT_11916,77.84
OUT_11917,72.54
OUT_11918,73.69
OUT_11919,78.28
OUT_11920,1123.48
OUT_11921,69.93
OUT_11922,1044.3
OUT_11923,78.6
OUT_11924,78.07
OUT_11925,77.16
OUT_11926,75.91
OUT_11927,77.06
OUT_11928,76.95
OUT_11929,1110.96
OUT_11930,75.57
OUT_11931,76.44
OUT_11932,76.95
OUT_11933,79.84
OUT_11934,257.23
OUT_11935,77.44
OUT_11936,75.0
OUT_11937,76.75
OUT_11938,78.9
OUT_11939,258.77
OUT_11940,260.17
OUT_11941,76.15
OUT_11942,265.66
OUT_11943,1096.0
OUT_11944,1035.08
OUT_11945,73.23
OUT_11946,76.44
OUT_11947,260.49
OUT_11948,73.73
OUT_11949,2835.31
OUT_11950,2799.8
OUT_11951,1062.67
OUT_11952,75.78
OUT_11953,77.21
OUT_11954,261.44
OUT_11955,77.79
OUT_11956,74.34
OUT_11957,74.28
OUT_11958,1083.54
OUT_11959,76.77
OUT_11960,1048.78
OUT_11961,1102.24
OUT_11962,259.77
OUT_11963,1105.89
OUT_11964,74.04
OUT_11965,247.35
OUT_11966,72.8
OUT_11967,80.0
OUT_11968,1047.82
OUT_11969,1073.03
OUT_11970,1081.16
OUT_11971,74.04
OUT_11972,260.85
OUT_11973,73.1
OUT_11974,80.58
OUT_11975,253.58
OUT_11976,1119.32
OUT_11977,76.8
OUT_11978,263.18
OUT_11979,77.62
OUT_11980,73.35
OUT_11981,2675.44
OUT_11982,77.96
OUT_11983,259.12
OUT_11984,74.59
OUT_11985,75.32
OUT_11986,250.83
OUT_11987,249.45
OUT_11988,246.59
OUT_11989,245.32
OUT_11990,72.23
OUT_11991,258.44
OUT_11992,268.38
OUT_11993,250.87
OUT_11994,76.91
OUT_11995,266.87
OUT_11996,261.09
OUT_11997,79.51
OUT_11998,249.91
OUT_11999,75.99
OUT_12000,261.41
OUT_12001,78.34
OUT_12002,259.75
OUT_12003,256.07
OUT_12004,2749.02
OUT_12005,78.01
OUT_12006,254.52
OUT_12007,262.58
OUT_12008,1119.02
OUT_12009,81.12
OUT_12010,79.54
OUT_12011,74.91
OUT_12012,1123.67
OUT_12013,250.56
OUT_12015,2755.89
OUT_12016,75.85
OUT_12017,76.23
OUT_12018,74.45
OUT_12019,73.76
OUT_12020,82.62
OUT_12021,259.61
OUT_12022,260.07
OUT_12023,72.75
OUT_12024,76.71
OUT_12025,76.91
OUT_12026,2691.54
OUT_12027,78.15
OUT_12028,268.15
OUT_12029,78.95
OUT_12030,1064.42
OUT_12031,70.27
OUT_12032,257.87
OUT_12033,250.2
OUT_12034,75.54
OUT_12035,256.51
OUT_12036,1072.21
OUT_12037,74.11
OUT_12038,81.34
OUT_12039,75.8
OUT_12040,75.1
OUT_12041,254.51
OUT_12042,240.27
OUT_12043,256.12
OUT_12044,74.71
OUT_12045,260.02
OUT_12046,77.27
OUT_12047,74.64
OUT_12048,77.64
OUT_12049,1026.55
OUT_12050,76.14
OUT_12051,74.06
OUT_12052,78.47
OUT_12053,77.98
OUT_12054,250.67
OUT_12055,1111.6
OUT_12056,77.16
OUT_12057,75.85
OUT_12058,1060.48
OUT_12059,81.65
OUT_12060,2761.95
OUT_12061,76.0
OUT_12062,261.1
OUT_12063,257.8
OUT_12064,252.57
OUT_12065,77.13
OUT_12066,75.65
OUT_12067,76.91
OUT_12068,74.89
OUT_12069,74.97
OUT_12070,261.23
OUT_12071,1099.92
OUT_12072,70.81
OUT_12073,74.03
OUT_12074,1122.9
OUT_12075,76.77
OUT_12076,82.31
OUT_12077,78.77
OUT_12078,74.4
OUT_12079,74.97
OUT_12080,73.72
OUT_12081,1099.5
OUT_12082,248.2
OUT_12083,1078.87
OUT_12084,264.16
OUT_12085,78.69
OUT_12086,76.33
OUT_12087,78.5
OUT_12088,79.29
OUT_12089,73.79
OUT_12090,256.35
OUT_12091,1092.35
OUT_12092,71.25
OUT_12093,74.32
OUT_12094,79.3
OUT_12095,238.52
OUT_12096,260.84
OUT_12097,74.66
OUT_12098,253.52
OUT_12099,74.49
OUT_12100,76.44
OUT_12101,77.46
OUT_12102,79.89
OUT_12103,79.08
OUT_12104,79.29
OUT_12105,76.92
OUT_12106,77.41
OUT_12107,75.76
OUT_12108,2762.93
OUT_12109,263.28
OUT_12110,258.44
OUT_12111,80.14
OUT_12112,73.29
OUT_12113,1080.73
OUT_12114,72.93
OUT_12115,1072.83
OUT_12116,259.31
OUT_12117,72.69
OUT_12118,253.85
OUT_12119,78.14
OUT_12120,252.19
OUT_12121,262.27
OUT_12122,76.62
OUT_12123,257.69
OUT_12124,260.12
OUT_12125,255.4
OUT_12126,79.91
OUT_12127,76.92
OUT_12128,257.2
OUT_12129,74.31
OUT_12130,73.43
OUT_12131,2629.68
OUT_12132,70.13
OUT_12133,79.2
OUT_12134,262.07
OUT_12135,82.12
OUT_12136,247.31
OUT_12137,267.42
OUT_12138,1098.8
OUT_12139,1115.58
OUT_12140,72.44
OUT_12141,2782.82
OUT_12142,2762.91
OUT_12143,72.89
OUT_12144,73.37
OUT_12145,1102.46
OUT_12146,75.65
OUT_12147,78.08
OUT_12148,1095.23
OUT_12149,80.82
OUT_12150,74.04
OUT_12151,73.75
OUT_12152,1113.3
OUT_12153,246.01
OUT_12154,251.61
OUT_12155,72.28
OUT_12156,74.74
OUT_12157,261.64
OUT_12158,77.14
OUT_12159,2665.63
OUT_12160,259.34
OUT_12161,72.48
OUT_12162,2713.89
OUT_12163,77.76
OUT_12164,76.62
OUT_12165,73.85
OUT_12166,76.8
OUT_12167,71.57
OUT_12168,74.84
OUT_12169,81.21
OUT_12170,265.86
OUT_12171,80.0
OUT_12172,255.59
OUT_12173,258.71
OUT_12174,256.77
OUT_12175,71.94
OUT_12176,258.91
OUT_12177,78.79
OUT_12178,77.31
OUT_12179,77.35
OUT_12180,73.59
OUT_12181,78.09
OUT_12182,250.04
OUT_12183,80.52
OUT_12184,257.43
OUT_12185,264.63
OUT_12186,74.52
OUT_12187,255.21
OUT_12188,76.92
OUT_12189,261.63
OUT_12190,75.53
OUT_12191,75.5
OUT_12192,79.28
OUT_12193,74.79
OUT_12194,258.35
OUT_12195,70.81
OUT_12196,74.62
OUT_12197,258.88
OUT_12198,251.52
OUT_12199,81.33
OUT_12200,1052.55
OUT_12201,74.7
OUT_12202,69.24
OUT_12203,1105.74
OUT_12204,76.1
OUT_12205,2830.58
OUT_12206,2707.28
OUT_12207,259.76
OUT_12208,253.18
OUT_12209,73.55
OUT_12210,76.32
OUT_12211,76.35
OUT_12212,75.61
OUT_12213,76.47
OUT_12214,250.0
OUT_12215,1054.87
OUT_12216,245.02
OUT_12217,76.53
OUT_12218,72.23
OUT_12219,76.8
OUT_12220,1116.62
OUT_12221,75.85
OUT_12222,74.64
OUT_12223,260.08
OUT_12224,1086.43
OUT_12225,73.03
OUT_12226,76.32
OUT_12227,73.53
OUT_12228,76.39
OUT_12229,75.73
OUT_12230,80.08
OUT_12231,69.71
OUT_12232,79.54
OUT_12233,73.79
OUT_12234,77.73
OUT_12235,243.54
OUT_12236,79.75
OUT_12237,1104.15
OUT_12238,74.02
OUT_12239,249.95
OUT_12240,75.4
OUT_12241,74.17
OUT_12242,1115.77
OUT_12243,78.72
OUT_12244,264.01
OUT_12245,77.77
OUT_12246,77.33
OUT_12247,74.59
OUT_12248,250.06
OUT_12249,2710.54
OUT_12250,1056.53
OUT_12251,73.01
OUT_12252,70.37
OUT_12253,256.48
OUT_12254,80.29
OUT_12255,1057.32
OUT_12256,1066.71
OUT_12257,74.1
OUT_12258,2728.3
OUT_12259,258.51
OUT_12260,74.73
OUT_12261,82.28
OUT_12262,257.99
OUT_12263,2692.82
OUT_12264,2774.95
OUT_12265,249.09
OUT_12266,75.77
OUT_12267,255.66
OUT_12268,2794.14
OUT_12269,76.47
OUT_12270,265.7
OUT_12271,74.96
OUT_12272,262.1
OUT_12273,263.19
OUT_12274,81.62
OUT_12275,264.58
OUT_12276,79.5
OUT_12277,2630.95
OUT_12278,76.5
OUT_12279,260.69
OUT_12280,261.91
OUT_12281,259.73
OUT_12282,258.71
OUT_12283,1122.08
OUT_12284,76.52
OUT_12285,258.09
OUT_12286,81.14
OUT_12287,78.49
OUT_12288,76.95
OUT_12289,78.53
OUT_12290,74.3
OUT_12291,1124.38
OUT_12292,262.37
OUT_12293,74.93
OUT_12294,257.85
OUT_12295,1065.73
OUT_12296,81.63
OUT_12297,256.12
OUT_12298,264.76
OUT_12299,81.08
OUT_12300,74.74
OUT_12301,1076.37
OUT_12302,73.7
OUT_12303,80.02
OUT_12304,77.0
OUT_12305,75.46
OUT_12306,2674.98
OUT_12307,78.43
OUT_12308,268.38
OUT_12309,77.71
OUT_12310,262.99
OUT_12311,259.88
OUT_12312,254.69
OUT_12313,76.59
OUT_12314,254.18
OUT_12315,78.56
OUT_12316,79.12
OUT_12317,76.01
OUT_12318,76.82
OUT_12319,73.44
OUT_12320,74.42
OUT_12321,75.86
OUT_12322,74.63
OUT_12323,76.42
OUT_12324,262.98
OUT_12325,253.43
OUT_12326,74.49
OUT_12327,1084.27
OUT_12328,263.94
OUT_12329,73.61
OUT_12330,78.83
OUT_12331,1098.11
OUT_12332,261.31
OUT_12333,264.6
OUT_12334,2787.17
OUT_12335,255.98
OUT_12336,75.97
OUT_12337,75.34
OUT_12338,256.29
OUT_12339,76.32
OUT_12340,252.45
OUT_12341,74.84
OUT_12342,71.73
OUT_12343,1071.77
OUT_12344,262.65
OUT_12345,2736.58
OUT_12346,1081.49
OUT_12347,256.58
OUT_12348,2741.89
OUT_12349,243.12
OUT_12350,80.83
OUT_12351,76.4
OUT_12352,76.3
OUT_12353,75.35
OUT_12354,80.7
OUT_12355,252.24
OUT_12356,72.77
OUT_12357,80.56
OUT_12358,83.32
OUT_12359,78.74
OUT_12360,1077.05
OUT_12361,76.09
OUT_12362,78.3
OUT_12363,77.95
OUT_12364,76.91
OUT_12365,74.95
OUT_12366,76.96
OUT_12367,256.72
OUT_12368,2716.21
OUT_12369,1074.76
OUT_12370,254.61
OUT_12371,1067.39
OUT_12372,2680.16
OUT_12373,257.55
OUT_12374,257.64
OUT_12375,252.83
OUT_12376,1090.27
OUT_12377,75.71
OUT_12378,249.04
OUT_12379,79.55
OUT_12380,75.61
OUT_12381,1058.81
OUT_12382,77.41
OUT_12383,76.84
OUT_12384,1099.6
OUT_12385,74.69
OUT_12386,75.72
OUT_12387,257.18
OUT_12388,1102.94
OUT_12389,255.64
OUT_12390,77.54
OUT_12391,254.65
OUT_12392,76.5
OUT_12393,251.56
OUT_12394,1066.37
OUT_12395,74.84
OUT_12396,1092.82
OUT_12397,77.88
OUT_12398,2743.57
OUT_12399,261.85
OUT_12400,2691.43
OUT_12401,1095.76
OUT_12402,251.09
OUT_12403,78.58
OUT_12404,74.44
OUT_12405,79.33
OUT_12406,257.19
OUT_12407,77.22
OUT_12408,70.01
OUT_12409,258.28
OUT_12410,252.95
OUT_12411,75.7
OUT_12412,259.37
OUT_12413,256.34
OUT_12414,1060.89
OUT_12415,260.33
OUT_12416,255.65
OUT_12417,1069.07
OUT_12418,251.52
OUT_12419,79.55
OUT_12420,249.5
OUT_12421,251.24
OUT_12422,76.28
OUT_12423,258.1
OUT_12424,1065.92
OUT_12425,2695.53
OUT_12426,79.29
OUT_12427,77.79
OUT_12428,70.31
OUT_12429,263.06
OUT_12430,252.54
OUT_12431,77.29
OUT_12432,75.37
OUT_12433,76.71
OUT_12434,258.92
OUT_12435,257.92
OUT_12436,1095.56
OUT_12437,76.72
OUT_12438,76.72
OUT_12439,77.59
OUT_12440,1075.84
OUT_12441,75.09
OUT_12442,255.98
OUT_12443,77.94
OUT_12444,1088.0
OUT_12445,2700.53
OUT_12446,262.3
OUT_12447,76.56
OUT_12448,263.69
OUT_12449,75.74
OUT_12450,246.4
OUT_12451,75.92
OUT_12452,71.88
OUT_12453,74.82
OUT_12454,76.45
OUT_12455,72.81
OUT_12456,1040.5
OUT_12457,77.15
OUT_12458,79.75
OUT_12459,249.34
OUT_12460,1074.26
OUT_12461,79.49
OUT_12462,76.15
OUT_12463,1108.42
OUT_12464,257.05
OUT_12465,75.63
OUT_12466,79.04
OUT_12467,74.17
OUT_12468,74.99
OUT_12469,1084.5
OUT_12470,252.16
OUT_12471,76.7
OUT_12472,81.69
OUT_12473,259.18
OUT_12474,76.58
OUT_12475,70.92
OUT_12476,252.77
OUT_12477,79.1
OUT_12478,76.49
OUT_12479,252.52
OUT_12480,1036.68
OUT_12481,77.47
OUT_12482,1126.37
OUT_12483,1063.81
OUT_12484,2772.39
OUT_12485,1083.91
OUT_12486,79.25
OUT_12487,75.76
OUT_12488,1101.32
OUT_12489,80.1
OUT_12490,82.09
OUT_12491,74.5
OUT_12492,2708.6
OUT_12493,78.23
OUT_12494,2734.75
OUT_12495,267.84
OUT_12496,260.25
OUT_12497,76.46
OUT_12498,252.92
OUT_12499,77.75
OUT_12500,75.0
OUT_12501,240.75
OUT_12502,1091.7
OUT_12503,251.08
OUT_12504,72.69
OUT_12505,80.34
OUT_12506,77.31
OUT_12507,1107.98
OUT_12508,253.91
OUT_12509,1106.07
OUT_12510,75.56
OUT_12511,78.73
OUT_12512,253.09
OUT_12513,256.81
OUT_12514,2775.07
OUT_12515,264.41
OUT_12516,74.83
OUT_12517,80.76
OUT_12518,1107.53
OUT_12519,75.8
OUT_12520,78.18
OUT_12521,77.03
OUT_12522,1079.96
OUT_12523,254.88
OUT_12524,74.58
OUT_12525,74.77
OUT_12526,72.03
OUT_12527,80.55
OUT_12528,74.51
OUT_12529,1101.32
OUT_12530,1095.13
OUT_12531,1104.9
OUT_12532,78.09
OUT_12533,77.07
OUT_12534,73.74
OUT_12535,74.52
OUT_12536,1131.42
OUT_12537,75.2
OUT_12538,256.59
OUT_12539,77.24
OUT_12540,79.59
OUT_12541,73.51
OUT_12542,259.37
OUT_12543,81.72
OUT_12544,262.16
OUT_12545,75.44
OUT_12546,70.09
OUT_12547,76.7
OUT_12548,78.94
OUT_12549,80.48
OUT_12550,76.58
OUT_12551,75.96
OUT_12552,1075.92
OUT_12553,261.95
OUT_12554,79.11
OUT_12555,72.33
OUT_12556,78.11
OUT_12557,76.73
OUT_12558,74.25
OUT_12559,75.26
OUT_12560,80.53
OUT_12561,2650.27
OUT_12562,1104.51
OUT_12563,1097.72
OUT_12564,261.39
OUT_12566,80.04
OUT_12567,76.67
OUT_12568,76.56
OUT_12569,1088.94
OUT_12570,257.92
OUT_12571,79.43
OUT_12572,1129.97
OUT_12573,77.44
OUT_12574,77.07
OUT_12575,248.04
OUT_12576,77.06
OUT_12577,78.5
OUT_12578,259.26
OUT_12579,266.36
OUT_12580,1082.06
OUT_12581,1075.34
OUT_12582,1096.54
OUT_12583,76.54
OUT_12584,79.61
OUT_12585,75.69
OUT_12586,75.59
OUT_12587,1060.79
OUT_12588,2700.3
OUT_12589,73.79
OUT_12590,80.77
OUT_12591,259.86
OUT_12592,2635.92
OUT_12593,258.7
OUT_12594,1133.78
OUT_12595,254.34
OUT_12596,1108.33
OUT_12597,77.89
OUT_12598,1117.62
OUT_12599,74.9
OUT_12600,260.74
OUT_12601,77.72
OUT_12602,74.77
OUT_12603,1057.88
OUT_12604,250.28
OUT_12605,251.93
OUT_12606,255.49
OUT_12607,259.18
OUT_12608,75.07
OUT_12609,76.94
OUT_12610,80.59
OUT_12611,257.35
OUT_12612,79.4
OUT_12613,75.44
OUT_12614,75.15
OUT_12615,257.98
OUT_12616,76.94
OUT_12617,72.86
OUT_12618,258.43
OUT_12619,81.31
OUT_12620,76.62
OUT_12621,1115.45
OUT_12622,79.11
OUT_12623,1088.63
OUT_12624,2675.9
OUT_12625,2756.24
OUT_12626,78.42
OUT_12627,74.39
OUT_12628,259.17
OUT_12629,1074.03
OUT_12630,264.57
OUT_12631,75.85
OUT_12632,1066.48
OUT_12633,73.03
OUT_12634,76.08
OUT_12635,255.66
OUT_12636,77.6
OUT_12637,77.93
OUT_12638,2683.16
OUT_12639,73.61
OUT_12640,76.08
OUT_12641,1069.88
OUT_12642,2691.68
OUT_12643,251.18
OUT_12644,257.84
OUT_12645,75.81
OUT_12646,77.97
OUT_12647,74.9
OUT_12648,76.47
OUT_12649,75.67
OUT_12650,74.99
OUT_12651,74.92
OUT_12652,250.95
OUT_12653,248.19
OUT_12654,1082.07
OUT_12655,80.71
OUT_12656,74.26
OUT_12657,80.18
OUT_12658,2725.03
OUT_12659,77.48
OUT_12660,253.82
OUT_12661,77.37
OUT_12662,74.26
OUT_12663,80.39
OUT_12664,241.85
OUT_12665,77.99
OUT_12666,1089.16
OUT_12667,74.22
OUT_12668,254.31
OUT_12669,79.38
OUT_12670,255.55
OUT_12671,77.49
OUT_12672,1098.31
OUT_12673,76.14
OUT_12674,77.03
OUT_12675,2783.42
OUT_12676,80.22
OUT_12677,258.21
OUT_12678,258.99
OUT_12679,77.61
OUT_12680,70.99
OUT_12681,71.46
OUT_12682,1086.98
OUT_12683,2744.43
OUT_12684,76.16
OUT_12685,71.92
OUT_12686,75.85
OUT_12687,75.26
OUT_12688,76.28
OUT_12689,258.93
OUT_12690,257.26
OUT_12691,2699.46
OUT_12692,249.56
OUT_12693,258.61
OUT_12694,78.42
OUT_12695,73.94
OUT_12696,77.34
OUT_12697,1092.34
OUT_12698,261.9
OUT_12699,75.18
OUT_12700,74.79
OUT_12701,74.85
OUT_12702,1075.03
OUT_12703,72.05
OUT_12704,1064.25
OUT_12705,1087.16
OUT_12706,265.43
OUT_12707,258.62
OUT_12708,74.06
OUT_12709,257.15
OUT_12710,74.42
OUT_12711,78.55
OUT_12712,257.81
OUT_12713,82.22
OUT_12714,249.67
OUT_12715,76.15
OUT_12716,255.77
OUT_12717,251.91
OUT_12718,79.56
OUT_12719,258.51
OUT_12720,73.81
OUT_12721,78.59
OUT_12722,256.42
OUT_12723,75.13
OUT_12724,73.19
OUT_12725,75.61
OUT_12726,73.29
OUT_12727,76.31
OUT_12728,2712.74
OUT_12729,257.67
OUT_12730,1102.12
OUT_12731,254.11
OUT_12732,79.1
OUT_12733,73.13
OUT_12734,1054.25
OUT_12735,256.18
OUT_12736,78.49
OUT_12737,74.57
OUT_12738,76.91
OUT_12739,77.46
OUT_12740,1132.58
OUT_12741,73.71
OUT_12742,2726.34
OUT_12743,254.57
OUT_12744,255.31
OUT_12745,1100.6
OUT_12746,77.95
OUT_12747,77.75
OUT_12748,77.23
OUT_12749,73.71
OUT_12750,256.75
OUT_12751,75.74
OUT_12752,74.68
OUT_12753,259.98
OUT_12754,1068.15
OUT_12755,256.32
OUT_12756,77.5
OUT_12757,75.3
OUT_12758,71.36
OUT_12759,79.13
OUT_12760,78.97
OUT_12761,71.68
OUT_12762,76.09
OUT_12763,258.52
OUT_12764,72.53
OUT_12765,76.03
OUT_12766,80.02
OUT_12767,77.32
OUT_12768,72.01
OUT_12769,1079.13
OUT_12770,78.69
OUT_12771,75.73
OUT_12772,73.96
OUT_12773,79.38
OUT_12774,78.95
OUT_12775,84.42
OUT_12776,79.26
OUT_12777,262.08
OUT_12778,78.03
OUT_12779,78.31
OUT_12780,76.69
OUT_12781,74.81
OUT_12782,252.31
OUT_12783,1069.92
OUT_12784,258.02
OUT_12785,248.97
OUT_12786,77.88
OUT_12787,81.65
OUT_12788,267.14
OUT_12789,262.31
OUT_12790,252.87
OUT_12791,76.92
OUT_12792,258.85
OUT_12793,258.28
OUT_12794,75.41
OUT_12795,75.82
OUT_12796,75.01
OUT_12797,77.13
OUT_12798,80.85
OUT_12799,75.59
OUT_12800,78.22
OUT_12801,252.36
OUT_12802,74.65
OUT_12803,75.17
OUT_12804,1107.08
OUT_12805,77.97
OUT_12806,253.75
OUT_12807,1086.95
OUT_12808,73.14
OUT_12809,260.81
OUT_12810,259.6
OUT_12811,252.09
OUT_12812,75.48
OUT_12813,256.29
OUT_12814,260.92
OUT_12815,1071.46
OUT_12816,260.01
OUT_12817,263.18
OUT_12818,81.7
OUT_12819,77.94
OUT_12820,1080.85
OUT_12821,255.19
OUT_12822,71.31
OUT_12823,71.61
OUT_12824,80.31
OUT_12825,74.61
OUT_12826,75.51
OUT_12827,76.07
OUT_12828,77.06
OUT_12829,78.98
OUT_12830,76.12
OUT_12831,76.05
OUT_12832,250.58
OUT_12833,246.04
OUT_12834,2819.93
OUT_12835,74.16
OUT_12836,254.37
OUT_12837,73.78
OUT_12838,77.22
OUT_12839,78.46
OUT_12840,74.4
OUT_12841,75.01
OUT_12842,1069.8
OUT_12843,258.12
OUT_12844,255.87
OUT_12845,267.23
OUT_12846,74.06
OUT_12847,75.46
OUT_12848,2725.36
OUT_12849,256.66
OUT_12850,76.4
OUT_12851,255.3
OUT_12852,76.97
OUT_12853,76.74
OUT_12854,79.01
OUT_12855,2736.97
OUT_12856,75.62
OUT_12857,1101.66
OUT_12858,79.38
OUT_12859,73.4
OUT_12860,78.19
OUT_12861,259.93
OUT_12862,252.75
OUT_12863,1080.55
OUT_12864,80.11
OUT_12865,2775.0
OUT_12866,75.08
OUT_12867,257.32
OUT_12868,74.01
OUT_12869,72.94
OUT_12870,78.66
OUT_12871,78.16
OUT_12872,78.65
OUT_12873,2637.73
OUT_12874,2844.96
OUT_12875,1096.47
OUT_12876,257.59
OUT_12877,77.28
OUT_12878,78.52
OUT_12879,264.03
OUT_12880,80.71
OUT_12881,264.65
OUT_12882,2740.9
OUT_12883,264.64
OUT_12884,72.88
OUT_12885,254.05
OUT_12886,251.65
OUT_12887,77.22
OUT_12888,76.49
OUT_12889,261.35
OUT_12890,2754.82
OUT_12891,243.64
OUT_12892,260.59
OUT_12893,74.18
OUT_12894,74.56
OUT_12895,79.93
OUT_12896,255.22
OUT_12897,72.89
OUT_12898,73.48
OUT_12899,75.05
OUT_12900,1137.09
OUT_12901,80.83
OUT_12902,76.07
OUT_12903,77.29
OUT_12904,258.62
OUT_12905,1084.76
OUT_12906,1095.76
OUT_12907,1071.97
OUT_12908,74.95
OUT_12909,251.4
OUT_12910,74.88
OUT_12911,1088.98
OUT_12912,74.97
OUT_12913,250.2
OUT_12914,77.31
OUT_12915,253.85
OUT_12916,72.97
OUT_12917,74.47
OUT_12918,256.76
OUT_12919,77.84
OUT_12920,75.98
OUT_12921,258.39
OUT_12922,76.17
OUT_12923,1071.95
OUT_12924,264.58
OUT_12925,257.25
OUT_12926,1116.2
OUT_12927,78.67
OUT_12928,77.19
OUT_12929,75.54
OUT_12930,258.25
OUT_12931,75.27
OUT_12932,2756.01
OUT_12933,256.03
OUT_12934,253.75
OUT_12935,1087.98
OUT_12936,79.61
OUT_12937,76.31
OUT_12938,78.53
OUT_12939,2736.5
OUT_12940,75.24
OUT_12941,1080.3
OUT_12942,268.92
OUT_12943,76.85
OUT_12944,256.42
OUT_12945,245.76
OUT_12946,263.27
OUT_12947,76.43
OUT_12948,74.57
OUT_12949,1037.37
OUT_12950,251.56
OUT_12951,263.08
OUT_12952,76.04
OUT_12953,1112.95
OUT_12954,74.92
OUT_12955,75.14
OUT_12956,72.42
OUT_12957,77.95
OUT_12958,261.8
OUT_12959,75.95
OUT_12960,222.0
OUT_12961,1086.2
OUT_12962,76.35
OUT_12963,267.55
OUT_12964,76.1
OUT_12965,1103.03
OUT_12966,77.22
OUT_12967,76.0
OUT_12968,73.04
OUT_12969,2818.43
OUT_12970,253.17
OUT_12971,1089.44
OUT_12972,260.15
OUT_12973,74.0
OUT_12974,2732.67
OUT_12975,73.69
OUT_12976,1082.72
OUT_12977,1109.62
OUT_12978,2688.07
OUT_12979,265.55
OUT_12980,76.28
OUT_12981,77.23
OUT_12982,253.22
OUT_12983,78.26
OUT_12984,74.6
OUT_12985,1088.14
OUT_12986,1043.86
OUT_12987,2764.71
OUT_12988,76.04
OUT_12989,75.77
OUT_12990,260.63
OUT_12991,1063.2
OUT_12992,256.97
OUT_12993,1092.2
OUT_12994,244.42
OUT_12995,69.72
OUT_12996,259.0
OUT_12997,265.09
OUT_12998,78.53
OUT_12999,71.29
OUT_13000,255.73
OUT_13001,73.36
OUT_13002,74.38
OUT_13003,70.99
OUT_13004,251.42
OUT_13005,74.4
OUT_13006,74.37
OUT_13007,74.05
OUT_13008,2619.16
OUT_13009,70.93
OUT_13010,1035.96
OUT_13011,73.12
OUT_13012,70.64
OUT_13013,73.76
OUT_13014,80.55
OUT_13015,247.78
OUT_13016,67.95
OUT_13017,1063.76
OUT_13018,251.07
OUT_13019,1046.07
OUT_13020,247.23
OUT_13021,71.99
OUT_13022,76.08
OUT_13023,2704.53
OUT_13024,72.78
OUT_13025,77.41
OUT_13026,1023.69
OUT_13027,237.23
OUT_13028,78.21
OUT_13029,251.36
OUT_13030,78.47
OUT_13031,71.11
OUT_13032,1072.52
OUT_13033,75.4
OUT_13034,73.04
OUT_13035,2656.77
OUT_13036,245.66
OUT_13037,76.72
OUT_13038,69.83
OUT_13039,248.62
OUT_13040,69.8
OUT_13041,72.79
OUT_13042,72.14
OUT_13043,71.65
OUT_13044,254.59
OUT_13045,74.76
OUT_13046,72.82
OUT_13047,74.2
OUT_13048,72.45
OUT_13049,75.87
OUT_13050,76.82
OUT_13051,73.23
OUT_13052,1064.58
OUT_13053,252.73
OUT_13054,73.78
OUT_13055,2559.95
OUT_13056,246.61
OUT_13057,1053.0
OUT_13058,73.73
OUT_13059,73.98
OUT_13060,72.73
OUT_13061,72.13
OUT_13062,73.21
OUT_13063,1014.05
OUT_13064,73.14
OUT_13065,73.8
OUT_13066,247.66
OUT_13067,75.81
OUT_13068,76.47
OUT_13069,73.37
OUT_13070,74.37
OUT_13071,68.97
OUT_13072,1069.77
OUT_13073,73.19
OUT_13074,73.31
OUT_13075,247.42
OUT_13076,256.06
OUT_13077,72.52
OUT_13078,75.48
OUT_13079,75.43
OUT_13080,75.37
OUT_13081,75.3
OUT_13082,72.05
OUT_13083,70.72
OUT_13084,69.68
OUT_13085,76.22
OUT_13086,74.4
OUT_13087,70.23
OUT_13088,1031.2
OUT_13089,75.04
OUT_13090,74.98
OUT_13091,256.12
OUT_13092,251.16
OUT_13093,248.82
OUT_13094,69.95
OUT_13095,251.98
OUT_13096,254.3
OUT_13097,1062.31
OUT_13098,76.7
OUT_13099,75.2
OUT_13100,74.64
OUT_13101,252.86
OUT_13102,73.85
OUT_13103,76.38
OUT_13104,247.33
OUT_13105,1040.14
OUT_13106,71.45
OUT_13107,77.39
OUT_13108,75.12
OUT_13109,241.4
OUT_13110,76.98
OUT_13111,250.39
OUT_13112,73.53
OUT_13113,2704.63
OUT_13114,69.02
OUT_13115,71.9
OUT_13116,253.8
OUT_13117,74.83
OUT_13118,2573.71
OUT_13119,250.28
OUT_13120,253.1
OUT_13121,71.61
OUT_13122,73.14
OUT_13123,73.4
OUT_13124,73.02
OUT_13125,245.59
OUT_13126,74.89
OUT_13127,74.05
OUT_13128,1042.62
OUT_13129,240.21
OUT_13130,241.96
OUT_13131,75.1
OUT_13132,78.71
OUT_13133,76.82
OUT_13134,71.21
OUT_13135,1057.33
OUT_13136,71.95
OUT_13137,74.28
OUT_13138,75.26
OUT_13139,72.77
OUT_13140,2629.75
OUT_13141,256.07
OUT_13142,76.59
OUT_13143,74.9
OUT_13144,1028.75
OUT_13145,69.05
OUT_13146,71.86
OUT_13147,72.14
OUT_13148,251.33
OUT_13149,1017.85
OUT_13150,243.89
OUT_13151,241.69
OUT_13152,250.1
OUT_13153,236.47
OUT_13154,72.9
OUT_13155,72.32
OUT_13156,72.98
OUT_13157,252.17
OUT_13158,1082.54
OUT_13159,73.98
OUT_13160,77.39
OUT_13161,71.69
OUT_13162,73.71
OUT_13163,73.47
OUT_13164,72.92
OUT_13165,248.68
OUT_13166,73.94
OUT_13167,251.11
OUT_13168,1058.69
OUT_13169,72.03
OUT_13170,235.47
OUT_13171,252.4
OUT_13172,232.17
OUT_13173,1044.21
OUT_13174,74.17
OUT_13175,72.65
OUT_13176,70.04
OUT_13177,249.56
OUT_13178,74.93
OUT_13179,74.25
OUT_13180,247.39
OUT_13181,72.26
OUT_13182,77.37
OUT_13183,73.02
OUT_13184,245.91
OUT_13185,253.02
OUT_13186,237.98
OUT_13187,68.17
OUT_13188,249.32
OUT_13189,245.36
OUT_13190,71.34
OUT_13191,75.22
OUT_13192,77.7
OUT_13193,74.33
OUT_13194,249.91
OUT_13195,74.95
OUT_13196,74.45
OUT_13197,72.7
OUT_13198,253.01
OUT_13199,71.82
OUT_13200,72.55
OUT_13201,244.73
OUT_13202,74.51
OUT_13203,245.06
OUT_13204,72.49
OUT_13205,70.95
OUT_13206,1051.19
OUT_13207,73.4
OUT_13208,72.13
OUT_13209,72.15
OUT_13210,239.64
OUT_13211,76.73
OUT_13212,77.5
OUT_13213,253.06
OUT_13214,69.06
OUT_13215,72.46
OUT_13216,74.68
OUT_13217,68.71
OUT_13218,74.6
OUT_13219,69.03
OUT_13220,1045.1
OUT_13221,68.19
OUT_13222,76.75
OUT_13223,253.1
OUT_13224,71.93
OUT_13225,72.51
OUT_13226,72.12
OUT_13227,241.56
OUT_13228,1072.3
OUT_13229,75.04
OUT_13230,2640.21
OUT_13231,1014.91
OUT_13232,2590.62
OUT_13233,75.9
OUT_13234,2683.6
OUT_13235,74.11
OUT_13236,76.22
OUT_13237,2719.24
OUT_13238,1062.93
OUT_13239,73.54
OUT_13240,2709.4
OUT_13241,251.46
OUT_13242,71.71
OUT_13243,246.88
OUT_13244,69.82
OUT_13245,74.75
OUT_13246,242.45
OUT_13247,71.22
OUT_13248,69.66
OUT_13249,76.57
OUT_13250,73.97
OUT_13251,69.29
OUT_13252,1099.97
OUT_13253,71.34
OUT_13254,2607.47
OUT_13255,75.79
OUT_13256,1057.04
OUT_13257,73.07
OUT_13258,255.42
OUT_13259,71.43
OUT_13260,72.99
OUT_13261,80.44
OUT_13262,77.92
OUT_13263,74.79
OUT_13264,246.98
OUT_13265,73.93
OUT_13266,2683.68
OUT_13267,70.75
OUT_13268,74.07
OUT_13269,1054.9
OUT_13270,1030.74
OUT_13271,1064.27
OUT_13272,1019.46
OUT_13273,73.45
OUT_13274,74.56
OUT_13275,72.05
OUT_13276,79.48
OUT_13277,248.26
OUT_13278,75.61
OUT_13279,248.04
OUT_13280,249.62
OUT_13281,1048.55
OUT_13282,73.69
OUT_13283,72.99
OUT_13284,1035.37
OUT_13285,1036.99
OUT_13286,246.22
OUT_13287,74.25
OUT_13288,1073.96
OUT_13289,1079.43
OUT_13290,73.2
OUT_13291,70.84
OUT_13292,247.87
OUT_13293,240.3
OUT_13294,238.82
OUT_13295,70.77
OUT_13296,2574.64
OUT_13297,248.69
OUT_13298,252.67
OUT_13299,75.08
OUT_13300,71.98
OUT_13301,75.43
OUT_13302,238.12
OUT_13303,248.16
OUT_13304,74.01
OUT_13305,73.82
OUT_13306,75.55
OUT_13307,70.6
OUT_13308,75.59
OUT_13309,244.3
OUT_13310,74.2
OUT_13311,247.04
OUT_13312,74.11
OUT_13313,75.67
OUT_13314,2616.63
OUT_13315,78.18
OUT_13316,68.51
OUT_13317,71.35
OUT_13318,1057.19
OUT_13319,1067.99
OUT_13320,1071.95
OUT_13321,73.46
OUT_13322,74.75
OUT_13323,73.16
OUT_13324,249.62
OUT_13325,71.94
OUT_13326,70.41
OUT_13328,73.49
OUT_13329,76.27
OUT_13330,70.95
OUT_13331,75.5
OUT_13332,74.24
OUT_13333,2600.31
OUT_13334,250.36
OUT_13335,2646.65
OUT_13336,73.3
OUT_13337,72.53
OUT_13338,1079.42
OUT_13339,1065.15
OUT_13340,75.64
OUT_13341,73.06
OUT_13342,78.91
OUT_13343,1055.29
OUT_13344,72.22
OUT_13345,75.36
OUT_13346,72.64
OUT_13347,2679.32
OUT_13348,70.52
OUT_13349,73.44
OUT_13350,1066.43
OUT_13351,245.26
OUT_13352,252.73
OUT_13353,238.36
OUT_13354,73.93
OUT_13355,250.91
OUT_13356,70.28
OUT_13357,71.17
OUT_13358,76.59
OUT_13359,74.17
OUT_13360,251.53
OUT_13361,68.01
OUT_13362,73.7
OUT_13363,77.43
OUT_13364,254.23
OUT_13365,72.25
OUT_13366,251.88
OUT_13367,70.0
OUT_13368,251.98
OUT_13369,247.28
OUT_13370,1076.92
OUT_13371,75.72
OUT_13372,74.82
OUT_13373,72.87
OUT_13374,73.18
OUT_13375,73.08
OUT_13376,254.63
OUT_13377,254.2
OUT_13378,73.29
OUT_13379,2616.94
OUT_13380,243.53
OUT_13381,74.43
OUT_13382,74.25
OUT_13383,76.25
OUT_13384,258.33
OUT_13385,254.64
OUT_13386,74.36
OUT_13387,247.26
OUT_13388,237.8
OUT_13389,245.47
OUT_13390,1067.89
OUT_13391,254.33
OUT_13392,1081.53
OUT_13393,74.26
OUT_13394,71.22
OUT_13395,1015.16
OUT_13396,75.89
OUT_13397,76.69
OUT_13398,75.63
OUT_13399,74.77
OUT_13400,68.31
OUT_13401,242.59
OUT_13402,256.46
OUT_13403,2675.4
OUT_13404,74.38
OUT_13405,251.85
OUT_13406,76.67
OUT_13407,70.97
OUT_13408,72.21
OUT_13409,243.74
OUT_13410,1041.31
OUT_13411,73.7
OUT_13412,2603.1
OUT_13413,251.0
OUT_13414,1052.18
OUT_13415,70.63
OUT_13416,248.15
OUT_13417,1091.7
OUT_13418,71.09
OUT_13419,71.33
OUT_13420,68.81
OUT_13421,72.48
OUT_13422,70.69
OUT_13423,74.89
OUT_13424,73.52
OUT_13425,73.4
OUT_13426,69.25
OUT_13427,75.85
OUT_13428,70.63
OUT_13429,71.55
OUT_13430,1031.24
OUT_13431,76.64
OUT_13432,73.9
OUT_13433,73.38
OUT_13434,74.33
OUT_13435,69.7
OUT_13436,74.25
OUT_13437,72.1
OUT_13438,73.84
OUT_13439,75.9
OUT_13440,1027.15
OUT_13441,76.31
OUT_13442,1060.41
OUT_13443,239.65
OUT_13444,77.87
OUT_13445,73.32
OUT_13446,1029.72
OUT_13447,251.41
OUT_13448,1082.35
OUT_13449,72.99
OUT_13450,245.2
OUT_13451,71.51
OUT_13452,70.95
OUT_13453,1024.23
OUT_13454,71.14
OUT_13455,253.89
OUT_13456,75.39
OUT_13457,242.61
OUT_13458,1050.44
OUT_13459,73.18
OUT_13460,77.62
OUT_13461,73.74
OUT_13462,250.88
OUT_13463,73.27
OUT_13464,243.59
OUT_13465,73.91
OUT_13466,73.17
OUT_13467,72.85
OUT_13468,1075.41
OUT_13469,1023.04
OUT_13470,243.16
OUT_13471,74.64
OUT_13472,248.19
OUT_13473,73.86
OUT_13474,75.81
OUT_13475,79.6
OUT_13476,251.11
OUT_13477,1049.79
OUT_13478,253.8
OUT_13479,78.29
OUT_13480,70.01
OUT_13481,2633.56
OUT_13482,246.52
OUT_13483,72.43
OUT_13484,251.53
OUT_13485,1015.52
OUT_13486,74.73
OUT_13487,68.09
OUT_13488,258.76
OUT_13489,248.8
OUT_13490,249.29
OUT_13491,73.22
OUT_13492,72.82
OUT_13493,72.53
OUT_13494,76.8
OUT_13495,69.68
OUT_13496,1069.9
OUT_13497,73.71
OUT_13498,230.74
OUT_13499,256.21
OUT_13500,245.39
OUT_13501,245.61
OUT_13502,75.11
OUT_13503,74.74
OUT_13504,1025.9
OUT_13505,1049.55
OUT_13506,1076.95
OUT_13507,237.32
OUT_13508,72.75
OUT_13509,250.01
OUT_13510,70.71
OUT_13511,76.19
OUT_13512,77.04
OUT_13513,75.16
OUT_13514,2632.15
OUT_13515,252.98
OUT_13516,1037.84
OUT_13517,248.55
OUT_13518,72.61
OUT_13519,67.94
OUT_13520,1066.19
OUT_13521,72.95
OUT_13522,1035.98
OUT_13523,73.84
OUT_13524,255.49
OUT_13525,74.54
OUT_13526,1047.92
OUT_13527,1032.03
OUT_13528,75.91
OUT_13529,73.2
OUT_13530,1031.59
OUT_13531,241.92
OUT_13532,71.83
OUT_13533,241.39
OUT_13534,2585.2
OUT_13535,74.23
OUT_13536,1035.14
OUT_13537,74.99
OUT_13538,69.9
OUT_13539,243.41
OUT_13540,2591.59
OUT_13541,75.2
OUT_13542,72.88
OUT_13543,240.63
OUT_13544,242.99
OUT_13545,256.16
OUT_13546,232.2
OUT_13547,243.07
OUT_13548,72.91
OUT_13549,248.15
OUT_13550,70.19
OUT_13551,243.2
OUT_13552,72.62
OUT_13553,72.42
OUT_13554,250.8
OUT_13555,74.84
OUT_13556,1042.95
OUT_13557,72.61
OUT_13558,75.64
OUT_13559,73.17
OUT_13560,2684.99
OUT_13561,78.02
OUT_13562,1057.16
OUT_13563,1042.9
OUT_13564,77.88
OUT_13565,71.2
OUT_13566,71.61
OUT_13568,249.67
OUT_13569,73.81
OUT_13570,73.17
OUT_13571,73.35
OUT_13572,77.63
OUT_13573,74.54
OUT_13574,1075.97
OUT_13575,1039.97
OUT_13576,70.52
OUT_13577,74.93
OUT_13578,76.07
OUT_13579,1030.1
OUT_13580,241.9
OUT_13581,71.77
OUT_13582,237.17
OUT_13583,70.55
OUT_13584,74.0
OUT_13585,78.0
OUT_13586,72.55
OUT_13587,74.91
OUT_13588,74.1
OUT_13589,76.65
OUT_13590,256.15
OUT_13591,74.97
OUT_13592,247.55
OUT_13593,72.02
OUT_13594,76.35
OUT_13595,1078.03
OUT_13596,1058.99
OUT_13597,71.59
OUT_13598,76.29
OUT_13599,2593.12
OUT_13600,72.41
OUT_13601,73.48
OUT_13602,247.86
OUT_13603,1054.77
OUT_13604,72.25
OUT_13605,250.55
OUT_13606,71.52
OUT_13607,246.22
OUT_13608,241.27
OUT_13609,79.4
OUT_13610,74.17
OUT_13611,1065.06
OUT_13612,76.47
OUT_13613,2631.54
OUT_13614,256.56
OUT_13615,67.99
OUT_13616,73.29
OUT_13617,244.37
OUT_13618,2584.79
OUT_13619,253.52
OUT_13620,1068.04
OUT_13621,70.53
OUT_13622,261.72
OUT_13623,247.04
OUT_13624,244.68
OUT_13625,246.54
OUT_13626,248.81
OUT_13627,258.46
OUT_13628,73.7
OUT_13629,74.98
OUT_13630,71.45
OUT_13631,245.98
OUT_13632,73.68
OUT_13633,251.84
OUT_13634,1042.55
OUT_13635,71.58
OUT_13636,72.85
OUT_13637,72.2
OUT_13638,250.42
OUT_13639,2669.94
OUT_13640,251.9
OUT_13641,247.75
OUT_13642,1044.09
OUT_13643,79.59
OUT_13644,1047.15
OUT_13645,1068.26
OUT_13646,72.09
OUT_13647,2608.25
OUT_13648,2624.62
OUT_13649,1042.25
OUT_13650,74.38
OUT_13651,259.38
OUT_13652,73.64
OUT_13653,73.09
OUT_13654,244.59
OUT_13655,76.23
OUT_13656,74.98
OUT_13657,249.16
OUT_13658,77.35
OUT_13659,73.52
OUT_13660,240.43
OUT_13661,69.49
OUT_13662,250.26
OUT_13663,248.81
OUT_13664,1015.82
OUT_13665,2682.28
OUT_13666,72.47
OUT_13667,74.14
OUT_13668,248.95
OUT_13669,73.21
OUT_13670,1041.33
OUT_13671,246.19
OUT_13672,246.98
OUT_13673,74.17
OUT_13674,71.91
OUT_13675,75.86
OUT_13676,74.49
OUT_13677,1039.05
OUT_13678,1025.23
OUT_13679,71.74
OUT_13680,74.08
OUT_13681,71.91
OUT_13682,72.32
OUT_13683,263.31
OUT_13684,240.79
OUT_13685,70.61
OUT_13686,74.23
OUT_13687,238.67
OUT_13688,70.59
OUT_13689,75.07
OUT_13690,71.45
OUT_13691,247.16
OUT_13692,79.32
OUT_13693,251.63
OUT_13694,2657.75
OUT_13695,74.19
OUT_13696,251.77
OUT_13697,251.82
OUT_13698,71.31
OUT_13699,246.46
OUT_13700,74.98
OUT_13701,71.73
OUT_13702,257.4
OUT_13703,72.89
OUT_13704,71.34
OUT_13705,75.41
OUT_13706,72.92
OUT_13707,73.15
OUT_13708,74.11
OUT_13709,74.78
OUT_13710,76.67
OUT_13711,72.97
OUT_13712,73.68
OUT_13713,73.24
OUT_13714,74.44
OUT_13715,1024.41
OUT_13716,1056.41
OUT_13717,244.77
OUT_13718,1090.49
OUT_13719,251.82
OUT_13720,72.01
OUT_13721,241.38
OUT_13722,240.81
OUT_13723,253.01
OUT_13724,76.5
OUT_13725,76.09
OUT_13726,241.91
OUT_13727,74.02
OUT_13728,72.67
OUT_13729,74.37
OUT_13730,79.03
OUT_13731,74.13
OUT_13732,245.31
OUT_13733,74.18
OUT_13734,1062.92
OUT_13735,70.24
OUT_13736,1057.92
OUT_13737,1031.65
OUT_13738,74.3
OUT_13739,69.72
OUT_13740,72.86
OUT_13741,77.0
OUT_13742,1068.12
OUT_13743,75.43
OUT_13744,75.79
OUT_13745,71.98
OUT_13746,74.06
OUT_13747,241.85
OUT_13748,72.0
OUT_13749,75.86
OUT_13750,249.31
OUT_13751,70.26
OUT_13752,251.06
OUT_13753,2622.78
OUT_13754,69.54
OUT_13755,241.85
OUT_13756,75.16
OUT_13757,1092.12
OUT_13758,1020.72
OUT_13759,75.16
OUT_13760,251.46
OUT_13761,1050.05
OUT_13762,1019.74
OUT_13763,1046.83
OUT_13764,70.92
OUT_13765,71.86
OUT_13766,72.94
OUT_13767,249.98
OUT_13768,245.65
OUT_13769,74.0
OUT_13770,74.17
OUT_13771,72.44
OUT_13772,73.01
OUT_13773,243.11
OUT_13774,75.64
OUT_13775,72.49
OUT_13776,252.51
OUT_13777,250.21
OUT_13778,72.95
OUT_13779,73.31
OUT_13780,1041.29
OUT_13781,70.55
OUT_13782,76.3
OUT_13783,73.51
OUT_13784,73.82
OUT_13785,71.12
OUT_13786,245.75
OUT_13787,72.73
OUT_13788,73.04
OUT_13789,235.1
OUT_13790,247.42
OUT_13791,1076.62
OUT_13792,71.49
OUT_13793,246.58
OUT_13794,73.72
OUT_13795,74.34
OUT_13796,244.89
OUT_13797,73.44
OUT_13798,77.34
OUT_13799,71.97
OUT_13800,1035.64
OUT_13801,2643.44
OUT_13802,1048.22
OUT_13803,78.81
OUT_13804,75.8
OUT_13805,80.2
OUT_13806,253.92
OUT_13807,249.84
OUT_13808,2630.41
OUT_13809,74.16
OUT_13810,73.3
OUT_13811,250.5
OUT_13812,1062.19
OUT_13813,2593.01
OUT_13814,74.11
OUT_13815,1055.76
OUT_13816,73.05
OUT_13817,248.44
OUT_13818,246.0
OUT_13819,244.52
OUT_13820,73.52
OUT_13821,1071.66
OUT_13822,71.74
OUT_13823,254.08
OUT_13824,76.14
OUT_13825,76.64
OUT_13826,243.23
OUT_13827,251.04
OUT_13828,2615.44
OUT_13829,252.01
OUT_13830,73.41
OUT_13831,252.73
OUT_13832,76.7
OUT_13833,255.0
OUT_13834,254.99
OUT_13835,232.09
OUT_13836,76.01
OUT_13837,74.32
OUT_13838,75.76
OUT_13839,253.45
OUT_13840,262.27
OUT_13841,70.02
OUT_13842,72.96
OUT_13843,249.79
OUT_13844,73.64
OUT_13845,74.22
OUT_13846,73.75
OUT_13847,250.18
OUT_13848,69.98
OUT_13849,71.79
OUT_13850,76.71
OUT_13851,1054.38
OUT_13852,69.47
OUT_13853,73.55
OUT_13854,72.92
OUT_13855,73.94
OUT_13856,75.34
OUT_13857,1047.54
OUT_13858,1001.34
OUT_13859,73.21
OUT_13860,71.26
OUT_13861,70.43
OUT_13862,72.17
OUT_13863,72.7
OUT_13864,75.45
OUT_13865,73.23
OUT_13866,75.05
OUT_13867,72.99
OUT_13868,72.48
OUT_13869,72.88
OUT_13870,72.66
OUT_13871,254.56
OUT_13872,75.18
OUT_13873,250.27
OUT_13874,78.13
OUT_13875,1040.33
OUT_13876,254.65
OUT_13877,1040.53
OUT_13878,241.78
OUT_13879,249.57
OUT_13880,2638.34
OUT_13881,246.12
OUT_13882,75.92
OUT_13883,2610.02
OUT_13884,1037.43
OUT_13885,72.41
OUT_13886,74.65
OUT_13887,74.3
OUT_13888,74.11
OUT_13889,73.72
OUT_13890,68.81
OUT_13891,245.51
OUT_13892,72.66
OUT_13893,75.3
OUT_13894,240.34
OUT_13895,75.18
OUT_13896,251.5
OUT_13897,248.22
OUT_13898,71.83
OUT_13899,78.11
OUT_13900,247.09
OUT_13901,73.1
OUT_13902,245.56
OUT_13903,73.81
OUT_13904,1040.27
OUT_13905,2631.38
OUT_13906,71.81
OUT_13907,250.74
OUT_13908,2706.15
OUT_13909,74.81
OUT_13910,73.25
OUT_13911,73.28
OUT_13912,1044.83
OUT_13913,242.17
OUT_13914,251.77
OUT_13915,245.47
OUT_13916,245.05
OUT_13917,238.37
OUT_13918,243.58
OUT_13919,251.04
OUT_13920,74.41
OUT_13921,2676.12
OUT_13922,73.45
OUT_13923,73.43
OUT_13924,249.29
OUT_13925,1071.22
OUT_13926,245.78
OUT_13927,77.42
OUT_13928,69.4
OUT_13929,71.2
OUT_13930,72.8
OUT_13931,252.89
OUT_13932,248.41
OUT_13933,251.49
OUT_13934,72.74
OUT_13935,241.99
OUT_13936,72.33
OUT_13937,1065.6
OUT_13938,253.02
OUT_13939,72.66
OUT_13940,250.87
OUT_13941,77.67
OUT_13942,75.43
OUT_13943,1064.13
OUT_13944,1036.3
OUT_13945,70.68
OUT_13946,257.54
OUT_13947,243.59
OUT_13948,75.05
OUT_13949,75.1
OUT_13950,1022.89
OUT_13951,242.43
OUT_13952,74.18
OUT_13953,236.94
OUT_13954,2616.94
OUT_13955,72.52
OUT_13956,1034.48
OUT_13957,73.59
OUT_13958,246.5
OUT_13959,245.86
OUT_13960,76.97
OUT_13961,240.87
OUT_13962,70.58
OUT_13963,1058.91
OUT_13964,71.96
OUT_13965,245.61
OUT_13966,73.18
OUT_13967,73.45
OUT_13968,74.92
OUT_13969,245.36
OUT_13970,1040.77
OUT_13971,78.01
OUT_13972,1096.35
OUT_13973,253.73
OUT_13974,78.52
OUT_13975,1067.88
OUT_13976,74.94
OUT_13977,1085.89
OUT_13978,74.42
OUT_13979,248.61
OUT_13980,251.22
OUT_13981,2646.83
OUT_13982,2583.32
OUT_13983,71.76
OUT_13984,74.33
OUT_13985,74.88
OUT_13986,2663.66
OUT_13987,72.82
OUT_13988,254.27
OUT_13989,77.3
OUT_13990,71.4
OUT_13991,248.74
OUT_13992,1058.7
OUT_13993,74.2
OUT_13994,248.6
OUT_13995,73.74
OUT_13996,2653.85
OUT_13997,71.53
OUT_13999,74.7
OUT_14000,74.77
OUT_14001,69.76
OUT_14002,75.35
OUT_14003,73.96
OUT_14004,74.87
OUT_14005,242.33
OUT_14006,72.03
OUT_14007,243.69
OUT_14008,249.31
OUT_14009,242.74
OUT_14010,74.91
OUT_14011,246.86
OUT_14012,70.64
OUT_14013,73.28
OUT_14014,1051.57
OUT_14015,1073.01
OUT_14016,75.13
OUT_14017,237.78
OUT_14018,72.95
OUT_14019,244.31
OUT_14020,72.55
OUT_14021,259.45
OUT_14022,73.78
OUT_14023,2584.27
OUT_14024,1002.42
OUT_14025,1017.06
OUT_14026,76.21
OUT_14027,73.54
OUT_14028,72.44
OUT_14029,1048.82
OUT_14030,1076.08
OUT_14031,241.64
OUT_14032,1060.17
OUT_14033,1062.53
OUT_14034,2529.52
OUT_14035,75.44
OUT_14036,1045.01
OUT_14037,1025.23
OUT_14038,73.47
OUT_14039,257.6
OUT_14040,243.83
OUT_14041,73.73
OUT_14042,73.0
OUT_14043,70.63
OUT_14044,71.46
OUT_14045,239.66
OUT_14046,73.87
OUT_14047,245.5
OUT_14048,70.6
OUT_14049,74.93
OUT_14050,2620.33
OUT_14051,250.39
OUT_14052,74.16
OUT_14053,73.02
OUT_14054,68.52
OUT_14055,74.07
OUT_14056,245.83
OUT_14057,1057.47
OUT_14058,247.74
OUT_14059,72.63
OUT_14060,253.54
OUT_14061,245.22
OUT_14062,1080.62
OUT_14063,2584.21
OUT_14064,75.71
OUT_14065,1058.66
OUT_14066,73.05
OUT_14067,72.33
OUT_14068,244.04
OUT_14069,75.06
OUT_14070,248.27
OUT_14071,74.43
OUT_14072,252.76
OUT_14073,71.62
OUT_14074,1028.17
OUT_14075,72.98
OUT_14076,1036.52
OUT_14077,73.18
OUT_14078,252.46
OUT_14079,69.81
OUT_14080,242.48
OUT_14081,68.91
OUT_14082,1062.11
OUT_14083,75.14
OUT_14084,75.29
OUT_14085,249.03
OUT_14086,1084.82
OUT_14087,72.22
OUT_14088,251.85
OUT_14089,1003.7
OUT_14090,979.81
OUT_14091,79.25
OUT_14092,68.16
OUT_14093,2637.22
OUT_14094,73.62
OUT_14095,255.58
OUT_14096,73.96
OUT_14097,76.89
OUT_14098,242.33
OUT_14099,249.54
OUT_14100,73.58
OUT_14101,73.85
OUT_14102,257.93
OUT_14103,68.15
OUT_14104,72.72
OUT_14105,70.02
OUT_14106,247.99
OUT_14107,74.72
OUT_14108,70.64
OUT_14109,1075.65
OUT_14110,253.03
OUT_14111,1033.9
OUT_14112,77.36
OUT_14113,71.66
OUT_14114,1063.48
OUT_14115,74.01
OUT_14116,72.23
OUT_14117,245.77
OUT_14118,2509.87
OUT_14119,247.84
OUT_14120,74.2
OUT_14121,73.55
OUT_14122,71.35
OUT_14123,73.32
OUT_14124,77.48
OUT_14125,71.48
OUT_14126,249.58
OUT_14127,1051.45
OUT_14128,70.03
OUT_14129,69.87
OUT_14130,73.7
OUT_14131,1070.09
OUT_14132,247.8
OUT_14133,1039.16
OUT_14134,73.42
OUT_14135,243.94
OUT_14136,75.01
OUT_14137,73.31
OUT_14138,72.69
OUT_14139,2583.32
OUT_14140,72.92
OUT_14141,71.74
OUT_14142,239.3
OUT_14143,73.48
OUT_14144,235.44
OUT_14145,250.75
OUT_14146,248.45
OUT_14147,244.97
OUT_14148,70.27
OUT_14149,71.19
OUT_14150,76.06
OUT_14151,73.62
OUT_14152,242.91
OUT_14153,67.27
OUT_14154,238.68
OUT_14155,75.61
OUT_14156,246.43
OUT_14157,74.89
OUT_14158,75.82
OUT_14159,253.71
OUT_14160,75.32
OUT_14161,76.02
OUT_14162,250.74
OUT_14163,72.0
OUT_14164,240.32
OUT_14165,247.84
OUT_14166,254.02
OUT_14167,72.86
OUT_14168,72.2
OUT_14169,250.19
OUT_14170,252.59
OUT_14171,74.51
OUT_14172,245.01
OUT_14173,239.79
OUT_14174,77.07
OUT_14175,1046.3
OUT_14176,73.35
OUT_14177,71.99
OUT_14178,76.69
OUT_14179,246.65
OUT_14180,71.71
OUT_14181,72.31
OUT_14182,258.0
OUT_14183,70.79
OUT_14184,75.0
OUT_14185,71.76
OUT_14186,1027.29
OUT_14187,73.29
OUT_14188,72.7
OUT_14189,243.08
OUT_14190,75.52
OUT_14191,1066.66
OUT_14192,1066.49
OUT_14193,72.67
OUT_14194,69.84
OUT_14195,994.02
OUT_14196,75.09
OUT_14197,1013.46
OUT_14198,74.28
OUT_14199,72.37
OUT_14200,2663.37
OUT_14201,73.74
OUT_14202,74.99
OUT_14203,245.86
OUT_14204,75.08
OUT_14205,72.92
OUT_14206,72.87
OUT_14207,235.46
OUT_14208,2671.21
OUT_14209,248.4
OUT_14210,255.46
OUT_14211,73.28
OUT_14212,242.21
OUT_14213,68.39
OUT_14214,75.58
OUT_14215,256.99
OUT_14216,71.76
OUT_14217,2547.52
OUT_14218,72.31
OUT_14219,72.4
OUT_14220,73.32
OUT_14221,252.8
OUT_14222,2651.29
OUT_14223,72.66
OUT_14224,71.97
OUT_14225,1006.39
OUT_14226,1062.17
OUT_14227,73.71
OUT_14228,249.5
OUT_14229,251.32
OUT_14230,72.72
OUT_14231,1053.72
OUT_14232,75.55
OUT_14233,248.62
OUT_14234,69.91
OUT_14235,69.74
OUT_14236,254.61
OUT_14237,245.06
OUT_14238,249.08
OUT_14239,72.94
OUT_14240,2629.72
OUT_14241,1088.68
OUT_14242,1028.72
OUT_14243,249.14
OUT_14244,74.23
OUT_14245,73.74
OUT_14246,72.87
OUT_14247,256.58
OUT_14248,256.02
OUT_14249,255.19
OUT_14250,70.48
OUT_14251,1053.64
OUT_14252,253.03
OUT_14253,244.32
OUT_14254,72.02
OUT_14255,74.19
OUT_14256,74.74
OUT_14257,248.67
OUT_14258,249.86
OUT_14259,70.64
OUT_14260,251.46
OUT_14261,71.64
OUT_14262,1088.6
OUT_14263,257.01
OUT_14264,73.6
OUT_14265,247.31
OUT_14266,253.72
OUT_14267,244.19
OUT_14268,240.45
OUT_14269,253.41
OUT_14270,74.22
OUT_14271,246.52
OUT_14272,247.34
OUT_14273,247.47
OUT_14274,2673.93
OUT_14275,245.91
OUT_14276,76.93
OUT_14277,252.3
OUT_14278,76.25
OUT_14279,74.93
OUT_14280,1028.67
OUT_14281,2588.35
OUT_14282,1054.62
OUT_14283,251.38
OUT_14284,74.27
OUT_14285,71.64
OUT_14286,73.03
OUT_14287,251.03
OUT_14288,68.29
OUT_14289,72.49
OUT_14290,249.96
OUT_14291,246.71
OUT_14292,1043.08
OUT_14293,72.68
OUT_14294,2590.09
OUT_14295,74.52
OUT_14296,71.37
OUT_14297,1026.79
OUT_14298,248.81
OUT_14299,238.22
OUT_14300,1065.28
OUT_14301,72.91
OUT_14302,71.52
OUT_14303,247.99
OUT_14304,75.47
OUT_14305,1043.73
OUT_14306,72.35
OUT_14307,75.83
OUT_14308,71.81
OUT_14309,70.6
OUT_14310,245.72
OUT_14311,72.52
OUT_14312,73.87
OUT_14313,70.83
OUT_14314,247.44
OUT_14315,75.78
OUT_14316,244.81
OUT_14317,68.19
OUT_14318,1056.13
OUT_14319,254.65
OUT_14320,71.99
OUT_14321,74.69
OUT_14322,252.53
OUT_14323,1073.19
OUT_14324,77.13
OUT_14325,69.7
OUT_14326,257.07
OUT_14327,74.42
OUT_14328,1016.84
OUT_14329,69.02
OUT_14330,73.45
OUT_14331,74.85
OUT_14332,248.25
OUT_14333,76.29
OUT_14334,1081.49
OUT_14335,76.16
OUT_14336,1063.75
OUT_14337,2630.21
OUT_14338,247.78
OUT_14339,73.18
OUT_14340,255.43
OUT_14341,244.18
OUT_14342,247.31
OUT_14343,250.43
OUT_14344,71.38
OUT_14345,72.24
OUT_14346,1073.87
OUT_14347,71.91
OUT_14348,72.45
OUT_14349,254.92
OUT_14350,1046.81
OUT_14351,1057.72
OUT_14352,1085.76
OUT_14353,75.52
OUT_14354,74.84
OUT_14355,1054.6
OUT_14356,254.58
OUT_14357,1043.94
OUT_14358,75.46
OUT_14359,1076.49
OUT_14360,72.79
OUT_14361,1067.64
OUT_14362,74.0
OUT_14363,244.89
OUT_14364,1063.52
OUT_14365,249.12
OUT_14366,70.83
OUT_14367,2684.89
OUT_14368,255.74
OUT_14369,68.51
OUT_14370,250.39
OUT_14371,72.31
OUT_14372,77.4
OUT_14373,1040.95
OUT_14374,1084.02
OUT_14375,257.11
OUT_14376,1073.9
OUT_14377,71.7
OUT_14378,73.22
OUT_14379,250.54
OUT_14380,254.96
OUT_14381,262.23
OUT_14382,73.7
OUT_14383,254.49
OUT_14384,1051.03
OUT_14385,72.3
OUT_14386,249.9
OUT_14387,75.76
OUT_14388,245.98
OUT_14389,238.85
OUT_14390,252.66
OUT_14391,1023.79
OUT_14392,76.46
OUT_14393,245.57
OUT_14394,74.49
OUT_14395,76.3
OUT_14396,248.09
OUT_14397,76.19
OUT_14398,249.46
OUT_14399,72.73
OUT_14400,75.37
OUT_14401,73.45
OUT_14402,71.91
OUT_14403,79.7
OUT_14404,72.71
OUT_14405,73.8
OUT_14406,71.84
OUT_14407,69.92
OUT_14408,243.84
OUT_14409,71.04
OUT_14410,79.54
OUT_14411,76.73
OUT_14412,74.28
OUT_14413,74.49
OUT_14414,251.0
OUT_14415,1030.68
OUT_14416,73.25
OUT_14417,75.81
OUT_14418,70.81
OUT_14419,75.82
OUT_14420,77.86
OUT_14421,75.18
OUT_14422,74.53
OUT_14423,1058.32
OUT_14424,250.86
OUT_14425,75.25
OUT_14426,79.07
OUT_14427,72.85
OUT_14428,73.77
OUT_14429,1068.46
OUT_14430,248.0
OUT_14431,71.59
OUT_14432,70.6
OUT_14433,1035.11
OUT_14434,72.46
OUT_14435,243.36
OUT_14436,2666.33
OUT_14437,73.45
OUT_14438,1069.06
OUT_14439,75.53
OUT_14440,244.62
OUT_14441,1031.85
OUT_14442,1048.15
OUT_14443,73.45
OUT_14444,252.11
OUT_14445,71.26
OUT_14446,76.73
OUT_14447,73.07
OUT_14448,72.28
OUT_14449,71.34
OUT_14450,1088.85
OUT_14451,253.11
OUT_14452,72.65
OUT_14453,2676.23
OUT_14454,243.61
OUT_14455,71.15
OUT_14456,71.44
OUT_14457,249.44
OUT_14458,253.66
OUT_14459,249.89
OUT_14460,72.66
OUT_14461,245.62
OUT_14463,248.24
OUT_14464,75.57
OUT_14465,75.82
OUT_14466,74.8
OUT_14467,1092.33
OUT_14468,2683.55
OUT_14469,248.05
OUT_14470,245.11
OUT_14471,254.34
OUT_14472,244.57
OUT_14473,71.4
OUT_14474,73.83
OUT_14475,70.07
OUT_14476,1023.21
OUT_14477,73.7
OUT_14478,72.24
OUT_14479,247.75
OUT_14480,71.68
OUT_14481,70.23
OUT_14482,1055.77
OUT_14483,242.83
OUT_14484,71.23
OUT_14485,1080.63
OUT_14486,78.43
OUT_14487,71.96
OUT_14488,248.95
OUT_14489,72.28
OUT_14490,246.86
OUT_14491,75.07
OUT_14492,74.3
OUT_14493,2590.39
OUT_14494,250.26
OUT_14495,249.91
OUT_14496,75.38
OUT_14497,75.83
OUT_14498,71.96
OUT_14499,72.57
OUT_14500,74.18
OUT_14501,73.55
OUT_14502,1044.17
OUT_14503,77.0
OUT_14504,72.21
OUT_14505,1063.08
OUT_14506,74.49
OUT_14507,71.52
OUT_14508,2719.24
OUT_14509,72.6
OUT_14510,251.27
OUT_14511,73.8
OUT_14512,73.78
OUT_14513,1055.0
OUT_14514,2674.51
OUT_14515,243.27
OUT_14516,248.99
OUT_14517,73.18
OUT_14518,243.46
OUT_14519,1024.35
OUT_14520,252.09
OUT_14521,251.2
OUT_14522,246.91
OUT_14523,77.1
OUT_14524,1037.4
OUT_14525,2608.64
OUT_14526,1066.1
OUT_14527,73.54
OUT_14528,70.16
OUT_14529,243.36
OUT_14530,247.25
OUT_14531,258.57
OUT_14532,69.4
OUT_14533,72.72
OUT_14534,70.5
OUT_14535,237.39
OUT_14536,1046.58
OUT_14537,243.56
OUT_14538,245.0
OUT_14539,72.3
OUT_14540,244.62
OUT_14541,78.23
OUT_14542,75.27
OUT_14543,72.19
OUT_14544,73.02
OUT_14545,75.45
OUT_14546,71.17
OUT_14547,2648.55
OUT_14548,74.72
OUT_14549,68.09
OUT_14550,75.16
OUT_14551,2715.7
OUT_14552,71.77
OUT_14553,1083.17
OUT_14554,71.01
OUT_14555,255.89
OUT_14556,1035.02
OUT_14557,240.35
OUT_14558,1044.72
OUT_14559,74.06
OUT_14560,72.95
OUT_14561,246.48
OUT_14562,74.23
OUT_14563,72.8
OUT_14564,240.8
OUT_14565,75.63
OUT_14566,1077.46
OUT_14567,75.27
OUT_14568,239.46
OUT_14569,72.41
OUT_14570,72.41
OUT_14571,255.98
OUT_14572,249.29
OUT_14573,244.68
OUT_14574,71.35
OUT_14575,73.88
OUT_14576,255.88
OUT_14577,1033.36
OUT_14578,75.46
OUT_14579,77.03
OUT_14580,73.49
OUT_14581,74.66
OUT_14582,71.25
OUT_14583,73.27
OUT_14584,1068.46
OUT_14585,71.74
OUT_14586,2617.47
OUT_14587,72.23
OUT_14588,1014.46
OUT_14589,261.83
OUT_14590,255.3
OUT_14591,70.05
OUT_14592,72.71
OUT_14593,75.49
OUT_14594,243.94
OUT_14595,75.98
OUT_14596,73.54
OUT_14597,73.88
OUT_14598,74.86
OUT_14599,74.81
OUT_14600,1045.1
OUT_14601,1037.1
OUT_14602,2588.86
OUT_14603,252.76
OUT_14604,73.41
OUT_14605,76.35
OUT_14606,251.89
OUT_14607,249.85
OUT_14608,1019.31
OUT_14609,70.47
OUT_14610,74.78
OUT_14611,247.99
OUT_14612,1080.78
OUT_14613,246.54
OUT_14614,256.58
OUT_14615,2689.07
OUT_14616,75.45
OUT_14617,68.17
OUT_14618,66.14
OUT_14619,1069.9
OUT_14620,73.19
OUT_14621,75.45
OUT_14622,244.9
OUT_14623,252.48
OUT_14624,74.26
OUT_14625,70.23
OUT_14626,245.54
OUT_14627,74.2
OUT_14628,255.3
OUT_14629,254.86
OUT_14630,2631.02
OUT_14631,1072.81
OUT_14632,72.52
OUT_14633,75.92
OUT_14634,74.23
OUT_14635,1017.37
OUT_14636,254.85
OUT_14637,70.7
OUT_14638,247.42
OUT_14639,254.35
OUT_14640,71.02
OUT_14641,242.69
OUT_14642,73.03
OUT_14643,72.4
OUT_14644,241.09
OUT_14645,1065.96
OUT_14646,74.3
OUT_14647,72.76
OUT_14648,72.83
OUT_14649,244.93
OUT_14650,76.02
OUT_14651,251.59
OUT_14652,72.15
OUT_14653,70.44
OUT_14654,70.54
OUT_14655,74.37
OUT_14656,76.14
OUT_14657,75.78
OUT_14658,70.38
OUT_14659,76.88
OUT_14660,73.04
OUT_14661,72.15
OUT_14662,1025.46
OUT_14663,2645.69
OUT_14664,1080.05
OUT_14665,69.64
OUT_14666,73.55
OUT_14667,74.58
OUT_14668,73.7
OUT_14669,71.96
OUT_14670,258.91
OUT_14671,2641.0
OUT_14672,1021.55
OUT_14673,250.76
OUT_14674,249.83
OUT_14675,71.99
OUT_14676,76.15
OUT_14677,74.98
OUT_14678,71.34
OUT_14679,249.15
OUT_14680,249.17
OUT_14681,1035.4
OUT_14682,74.55
OUT_14683,1056.54
OUT_14684,72.81
OUT_14685,242.7
OUT_14686,253.65
OUT_14687,250.07
OUT_14688,244.08
OUT_14689,75.21
OUT_14690,246.64
OUT_14691,74.01
OUT_14692,71.82
OUT_14693,245.96
OUT_14694,1054.65
OUT_14695,74.94
OUT_14696,74.94
OUT_14697,76.3
OUT_14698,1029.63
OUT_14699,1073.18
OUT_14700,72.99
OUT_14701,75.27
OUT_14702,71.55
OUT_14703,76.13
OUT_14704,72.72
OUT_14705,251.37
OUT_14706,72.67
OUT_14707,75.12
OUT_14708,1049.25
OUT_14709,1050.81
OUT_14710,247.73
OUT_14711,71.76
OUT_14712,1056.73
OUT_14713,78.14
OUT_14714,251.24
OUT_14715,73.91
OUT_14716,73.36
OUT_14717,73.76
OUT_14718,76.55
OUT_14719,250.06
OUT_14720,2640.26
OUT_14721,254.59
OUT_14722,245.43
OUT_14723,246.61
OUT_14724,246.02
OUT_14725,1087.65
OUT_14726,243.95
OUT_14727,75.07
OUT_14728,242.42
OUT_14729,70.96
OUT_14730,240.81
OUT_14731,72.62
OUT_14732,75.71
OUT_14733,74.26
OUT_14734,75.12
OUT_14735,252.02
OUT_14736,248.44
OUT_14737,73.65
OUT_14738,242.3
OUT_14739,245.69
OUT_14740,68.79
OUT_14741,1053.74
OUT_14742,69.84
OUT_14743,1015.09
OUT_14744,72.75
OUT_14746,76.47
OUT_14747,74.33
OUT_14748,78.54
OUT_14749,1084.91
OUT_14750,256.14
OUT_14751,261.11
OUT_14752,1020.48
OUT_14753,258.0
OUT_14754,1059.79
OUT_14755,246.49
OUT_14756,251.7
OUT_14757,1066.14
OUT_14758,247.92
OUT_14759,240.25
OUT_14760,1054.57
OUT_14761,72.73
OUT_14762,250.97
OUT_14763,72.58
OUT_14764,73.83
OUT_14765,245.97
OUT_14766,248.73
OUT_14767,1040.14
OUT_14768,241.58
OUT_14769,70.94
OUT_14770,254.19
OUT_14771,2676.12
OUT_14772,72.88
OUT_14773,1060.88
OUT_14774,1016.07
OUT_14775,71.76
OUT_14776,75.09
OUT_14777,246.55
OUT_14778,1028.02
OUT_14779,72.25
OUT_14780,75.04
OUT_14781,77.01
OUT_14782,1076.2
OUT_14783,254.22
OUT_14784,75.43
OUT_14785,71.27
OUT_14786,73.82
OUT_14787,1074.21
OUT_14788,77.35
OUT_14789,73.8
OUT_14790,75.73
OUT_14791,245.68
OUT_14792,71.96
OUT_14793,71.42
OUT_14794,73.44
OUT_14795,73.93
OUT_14796,73.94
OUT_14797,72.91
OUT_14798,250.23
OUT_14799,1037.75
OUT_14800,1043.34
OUT_14801,73.45
OUT_14802,256.38
OUT_14803,243.79
OUT_14804,76.05
OUT_14805,74.73
OUT_14806,76.11
OUT_14807,75.09
OUT_14808,74.91
OUT_14809,2675.94
OUT_14810,252.28
OUT_14811,251.12
OUT_14812,72.79
OUT_14813,74.86
OUT_14814,244.03
OUT_14815,75.72
OUT_14816,70.57
OUT_14817,72.67
OUT_14818,1057.56
OUT_14819,73.14
OUT_14820,1078.26
OUT_14821,73.21
OUT_14822,2649.39
OUT_14823,1065.92
OUT_14824,73.19
OUT_14825,240.12
OUT_14826,74.73
OUT_14827,74.26
OUT_14828,74.57
OUT_14829,73.01
OUT_14830,2565.12
OUT_14831,72.41
OUT_14832,74.77
OUT_14833,2686.8
OUT_14834,1066.7
OUT_14835,69.87
OUT_14836,243.42
OUT_14837,72.04
OUT_14838,72.12
OUT_14839,245.29
OUT_14840,71.78
OUT_14841,74.32
OUT_14842,251.05
OUT_14843,252.97
OUT_14844,72.82
OUT_14845,74.76
OUT_14846,1067.6
OUT_14847,247.31
OUT_14848,75.35
OUT_14849,71.69
OUT_14850,76.95
OUT_14851,73.04
OUT_14852,72.82
OUT_14853,249.27
OUT_14854,71.46
OUT_14855,73.92
OUT_14856,1072.78
OUT_14857,249.14
OUT_14858,250.38
OUT_14859,1048.0
OUT_14860,74.15
OUT_14861,73.73
OUT_14862,249.05
OUT_14863,243.24
OUT_14864,1039.27
OUT_14865,241.83
OUT_14866,78.76
OUT_14867,72.47
OUT_14868,1026.71
OUT_14869,1040.3
OUT_14870,249.98
OUT_14871,237.8
OUT_14872,2694.45
OUT_14873,71.67
OUT_14874,2593.75
OUT_14875,2598.8
OUT_14876,1074.02
OUT_14877,77.04
OUT_14878,242.75
OUT_14879,71.74
OUT_14880,76.85
OUT_14881,1023.8
OUT_14882,1038.02
OUT_14883,256.74
OUT_14884,1028.04
OUT_14885,1057.63
OUT_14886,72.54
OUT_14887,248.9
OUT_14888,74.39
OUT_14889,253.78
OUT_14890,69.81
OUT_14891,71.96
OUT_14892,78.66
OUT_14893,74.76
OUT_14894,246.72
OUT_14895,76.14
OUT_14896,73.57
OUT_14897,252.36
OUT_14898,73.24
OUT_14899,74.65
OUT_14900,72.23
OUT_14901,251.18
OUT_14902,247.27
OUT_14903,75.82
OUT_14904,252.64
OUT_14905,242.84
OUT_14906,75.59
OUT_14907,77.24
OUT_14908,245.89
OUT_14909,71.44
OUT_14910,71.19
OUT_14911,1038.68
OUT_14912,72.59
OUT_14913,246.36
OUT_14914,1069.47
OUT_14915,73.02
OUT_14916,245.89
OUT_14917,74.91
OUT_14918,73.62
OUT_14919,78.02
OUT_14920,69.16
OUT_14921,70.69
OUT_14922,2685.29
OUT_14923,250.45
OUT_14924,248.64
OUT_14925,253.15
OUT_14926,246.72
OUT_14927,250.72
OUT_14928,1059.47
OUT_14929,248.37
OUT_14930,1040.6
OUT_14931,70.25
OUT_14932,73.74
OUT_14933,73.93
OUT_14934,253.74
OUT_14935,254.58
OUT_14936,244.44
OUT_14937,1053.05
OUT_14938,252.79
OUT_14939,74.26
OUT_14940,1082.24
OUT_14941,1043.2
OUT_14942,74.71
OUT_14943,74.03
OUT_14944,71.61
OUT_14945,70.17
OUT_14946,1001.28
OUT_14947,1051.9
OUT_14948,75.92
OUT_14949,77.14
OUT_14950,76.22
OUT_14951,74.3
OUT_14952,72.49
OUT_14953,250.44
OUT_14954,248.71
OUT_14955,77.13
OUT_14956,246.14
OUT_14957,74.75
OUT_14958,1085.89
OUT_14959,2664.45
OUT_14960,255.49
OUT_14961,74.71
OUT_14962,236.0
OUT_14963,249.79
OUT_14964,70.14
OUT_14965,247.19
OUT_14966,74.04
OUT_14967,250.63
OUT_14968,242.67
OUT_14969,72.06
OUT_14970,76.56
OUT_14971,254.47
OUT_14972,245.05
OUT_14973,73.81
OUT_14974,1053.35
OUT_14975,70.49
OUT_14976,242.99
OUT_14977,234.09
OUT_14978,74.93
OUT_14979,76.58
OUT_14980,72.42
OUT_14981,1039.92
OUT_14982,238.16
OUT_14983,253.08
OUT_14984,71.3
OUT_14985,72.98
OUT_14986,1013.66
OUT_14987,256.96
OUT_14988,242.11
OUT_14989,248.8
OUT_14990,250.41
OUT_14991,1041.44
OUT_14992,1071.72
OUT_14993,1008.59
OUT_14994,1060.31
OUT_14995,77.34
OUT_14996,70.99
OUT_14997,69.44
OUT_14998,248.43
OUT_14999,74.15
OUT_15000,76.35
OUT_15001,235.66
OUT_15002,71.54
OUT_15003,73.3
OUT_15004,256.8
OUT_15005,2690.75
OUT_15006,242.41
OUT_15007,2669.99
OUT_15008,249.72
OUT_15009,69.33
OUT_15010,75.54
OUT_15011,73.54
OUT_15012,254.6
OUT_15013,244.96
OUT_15014,77.86
OUT_15015,73.19
OUT_15016,76.12
OUT_15017,73.84
OUT_15018,75.37
OUT_15019,251.71
OUT_15020,1030.84
OUT_15021,73.89
OUT_15022,247.79
OUT_15023,75.08
OUT_15024,240.73
OUT_15025,1059.99
OUT_15026,72.92
OUT_15027,243.59
OUT_15028,256.7
OUT_15029,70.05
OUT_15030,73.99
OUT_15031,74.25
OUT_15032,75.73
OUT_15033,248.32
OUT_15034,70.82
OUT_15035,242.73
OUT_15036,79.95
OUT_15037,76.75
OUT_15038,251.07
OUT_15039,255.32
OUT_15040,69.25
OUT_15041,1045.0
OUT_15042,1025.68
OUT_15043,236.72
OUT_15044,73.93
OUT_15045,74.0
OUT_15046,1078.27
OUT_15047,2711.61
OUT_15048,72.73
OUT_15049,1036.06
OUT_15050,73.7
OUT_15051,1025.35
OUT_15052,1074.75
OUT_15053,1026.86
OUT_15054,250.72
OUT_15055,2535.98
OUT_15056,78.2
OUT_15057,2545.6
OUT_15058,71.01
OUT_15059,73.2
OUT_15060,73.52
OUT_15061,1080.3
OUT_15062,247.62
OUT_15063,1076.48
OUT_15064,74.63
OUT_15065,1056.5
OUT_15066,73.65
OUT_15067,238.72
OUT_15068,74.55
OUT_15069,72.45
OUT_15070,254.59
OUT_15071,76.11
OUT_15072,252.96
OUT_15073,72.22
OUT_15074,77.33
OUT_15075,75.41
OUT_15076,1026.7
OUT_15077,74.7
OUT_15078,1059.01
OUT_15079,70.05
OUT_15080,74.04
OUT_15081,1095.95
OUT_15082,1063.77
OUT_15083,1040.31
OUT_15084,73.18
OUT_15085,245.03
OUT_15086,73.69
OUT_15087,74.76
OUT_15088,72.09
OUT_15089,2633.14
OUT_15090,73.48
OUT_15091,1051.26
OUT_15092,243.96
OUT_15093,1042.83
OUT_15094,75.76
OUT_15095,73.18
OUT_15096,248.01
OUT_15097,74.74
OUT_15098,1048.02
OUT_15099,76.26
OUT_15100,247.02
OUT_15101,246.81
OUT_15102,73.27
OUT_15103,1078.2
OUT_15104,247.35
OUT_15105,75.86
OUT_15106,73.76
OUT_15107,74.73
OUT_15108,1026.3
OUT_15109,73.98
OUT_15110,74.24
OUT_15111,251.94
OUT_15112,68.39
OUT_15113,75.37
OUT_15114,1077.75
OUT_15115,252.38
OUT_15116,244.07
OUT_15117,72.19
OUT_15118,74.92
OUT_15119,78.53
OUT_15120,77.62
OUT_15121,75.81
OUT_15122,1066.42
OUT_15123,71.99
OUT_15124,71.84
OUT_15125,1032.22
OUT_15126,75.62
OUT_15127,74.2
OUT_15128,70.13
OUT_15129,235.97
OUT_15130,76.6
OUT_15131,73.8
OUT_15132,1027.0
OUT_15133,74.31
OUT_15134,255.15
OUT_15135,1015.01
OUT_15136,75.46
OUT_15137,73.26
OUT_15138,71.69
OUT_15139,250.48
OUT_15140,75.14
OUT_15141,71.98
OUT_15142,74.54
OUT_15143,70.65
OUT_15144,74.87
OUT_15145,2564.75
OUT_15146,242.96
OUT_15147,1039.01
OUT_15148,245.48
OUT_15149,242.12
OUT_15150,74.99
OUT_15151,75.74
OUT_15152,75.75
OUT_15153,240.8
OUT_15154,1065.78
OUT_15155,252.58
OUT_15156,1061.26
OUT_15157,73.55
OUT_15158,1046.58
OUT_15159,1053.73
OUT_15160,2730.16
OUT_15161,246.77
OUT_15162,70.79
OUT_15163,1052.23
OUT_15164,73.11
OUT_15165,247.96
OUT_15166,242.92
OUT_15167,249.08
OUT_15168,1046.35
OUT_15169,77.88
OUT_15170,242.7
OUT_15171,73.77
OUT_15172,74.45
OUT_15173,250.35
OUT_15174,78.37
OUT_15175,75.78
OUT_15176,246.23
OUT_15177,253.53
OUT_15178,68.18
OUT_15179,2627.45
OUT_15180,73.74
OUT_15181,245.41
OUT_15182,71.98
OUT_15183,1063.59
OUT_15184,1068.55
OUT_15185,1045.26
OUT_15186,75.86
OUT_15187,253.54
OUT_15188,69.57
OUT_15189,240.86
OUT_15190,76.4
OUT_15191,74.98
OUT_15192,72.82
OUT_15193,248.8
OUT_15194,247.38
OUT_15195,73.84
OUT_15196,251.81
OUT_15197,68.76
OUT_15198,1052.3
OUT_15199,243.84
OUT_15200,244.81
OUT_15201,75.9
OUT_15202,1020.4
OUT_15203,244.15
OUT_15204,251.34
OUT_15205,74.23
OUT_15206,69.81
OUT_15207,71.21
OUT_15208,1055.55
OUT_15209,74.66
OUT_15210,71.42
OUT_15211,73.19
OUT_15212,1025.39
OUT_15213,72.79
OUT_15214,239.49
OUT_15215,256.64
OUT_15216,257.1
OUT_15217,69.84
OUT_15218,243.26
OUT_15219,249.24
OUT_15220,247.25
OUT_15221,74.37
OUT_15222,1060.44
OUT_15223,72.19
OUT_15224,247.37
OUT_15225,74.67
OUT_15226,78.0
OUT_15227,72.5
OUT_15228,1090.49
OUT_15229,68.33
OUT_15230,73.62
OUT_15231,258.09
OUT_15232,2595.11
OUT_15233,257.86
OUT_15234,75.78
OUT_15235,2593.01
OUT_15236,1007.3
OUT_15237,70.17
OUT_15239,72.8
OUT_15240,246.52
OUT_15241,70.86
OUT_15242,75.9
OUT_15243,252.08
OUT_15244,70.43
OUT_15245,73.31
OUT_15246,1066.85
OUT_15247,74.62
OUT_15248,74.3
OUT_15249,1031.49
OUT_15250,1058.17
OUT_15251,251.95
OUT_15252,2585.83
OUT_15253,254.56
OUT_15254,73.08
OUT_15255,1061.71
OUT_15256,1037.49
OUT_15257,73.24
OUT_15258,73.34
OUT_15259,1090.27
OUT_15260,1079.93
OUT_15261,73.65
OUT_15262,73.9
OUT_15263,245.56
OUT_15264,245.44
OUT_15265,72.26
OUT_15266,2669.15
OUT_15267,1020.95
OUT_15268,77.44
OUT_15269,77.39
OUT_15270,75.08
OUT_15271,72.96
OUT_15272,1056.95
OUT_15273,243.46
OUT_15274,242.15
OUT_15275,75.61
OUT_15276,72.87
OUT_15277,263.85
OUT_15278,73.22
OUT_15279,74.85
OUT_15280,247.56
OUT_15281,76.4
OUT_15282,255.81
OUT_15283,2673.21
OUT_15284,73.53
OUT_15285,2630.08
OUT_15286,71.49
OUT_15287,252.35
OUT_15288,75.18
OUT_15289,254.44
OUT_15290,244.44
OUT_15291,1003.32
OUT_15292,71.8
OUT_15293,77.55
OUT_15294,2654.23
OUT_15295,75.1
OUT_15296,71.67
OUT_15297,74.23
OUT_15298,250.87
OUT_15299,1072.97
OUT_15300,242.81
OUT_15301,242.08
OUT_15302,74.67
OUT_15303,249.06
OUT_15304,256.13
OUT_15305,73.49
OUT_15306,70.15
OUT_15307,72.23
OUT_15308,248.37
OUT_15309,75.85
OUT_15310,245.65
OUT_15311,240.38
OUT_15312,74.99
OUT_15313,255.94
OUT_15314,70.34
OUT_15315,2556.11
OUT_15316,1070.91
OUT_15317,1021.93
OUT_15318,248.61
OUT_15319,238.48
OUT_15320,243.23
OUT_15321,77.52
OUT_15322,1019.81
OUT_15323,251.67
OUT_15324,247.76
OUT_15325,72.49
OUT_15326,71.9
OUT_15327,1019.78
OUT_15328,75.4
OUT_15329,1033.84
OUT_15330,75.14
OUT_15331,250.38
OUT_15332,73.67
OUT_15333,1028.46
OUT_15334,246.29
OUT_15335,1054.82
OUT_15336,72.56
OUT_15337,1030.54
OUT_15338,74.71
OUT_15339,71.56
OUT_15340,1049.02
OUT_15341,253.42
OUT_15342,2669.41
OUT_15343,254.23
OUT_15344,1063.78
OUT_15345,75.08
OUT_15346,256.91
OUT_15347,73.54
OUT_15348,73.36
OUT_15349,252.95
OUT_15350,74.94
OUT_15351,243.26
OUT_15352,240.51
OUT_15353,2609.92
OUT_15354,72.77
OUT_15355,72.94
OUT_15356,2620.31
OUT_15357,73.7
OUT_15358,1061.45
OUT_15359,68.3
OUT_15360,72.92
OUT_15361,249.63
OUT_15362,253.13
OUT_15363,246.55
OUT_15364,243.85
OUT_15365,72.89
OUT_15366,70.97
OUT_15367,74.15
OUT_15368,75.37
OUT_15369,245.2
OUT_15370,245.5
OUT_15371,74.54
OUT_15372,2694.43
OUT_15373,244.33
OUT_15374,69.83
OUT_15375,254.67
OUT_15376,991.48
OUT_15377,256.06
OUT_15378,73.22
OUT_15379,252.37
OUT_15380,74.91
OUT_15381,248.52
OUT_15382,253.87
OUT_15383,73.91
OUT_15384,74.18
OUT_15385,71.4
OUT_15386,70.23
OUT_15387,252.17
OUT_15388,74.77
OUT_15389,70.55
OUT_15390,1040.47
OUT_15391,251.42
OUT_15392,250.75
OUT_15393,74.17
OUT_15394,72.08
OUT_15395,72.08
OUT_15396,75.05
OUT_15397,1045.19
OUT_15398,1042.28
OUT_15399,1056.44
OUT_15400,1082.84
OUT_15401,69.65
OUT_15402,236.6
OUT_15403,79.28
OUT_15404,77.11
OUT_15405,74.14
OUT_15406,76.46
OUT_15407,241.04
OUT_15408,73.38
OUT_15409,247.71
OUT_15410,252.63
OUT_15411,240.74
OUT_15412,1015.23
OUT_15413,73.4
OUT_15414,74.42
OUT_15415,2620.01
OUT_15416,245.89
OUT_15417,1054.36
OUT_15418,1086.88
OUT_15419,258.11
OUT_15420,247.96
OUT_15421,71.81
OUT_15422,74.92
OUT_15423,243.38
OUT_15424,1041.26
OUT_15425,253.69
OUT_15426,70.62
OUT_15427,75.46
OUT_15428,2608.17
OUT_15429,245.27
OUT_15430,73.03
OUT_15431,251.95
OUT_15432,71.55
OUT_15433,75.78
OUT_15434,74.94
OUT_15435,1044.99
OUT_15436,72.49
OUT_15437,254.39
OUT_15438,243.78
OUT_15439,252.88
OUT_15440,75.7
OUT_15441,73.28
OUT_15442,1067.17
OUT_15443,75.76
OUT_15444,254.76
OUT_15445,75.82
OUT_15446,245.22
OUT_15447,244.48
OUT_15448,75.4
OUT_15449,1059.66
OUT_15450,241.13
OUT_15451,1057.33
OUT_15452,241.21
OUT_15453,72.08
OUT_15454,249.03
OUT_15455,1032.73
OUT_15456,72.75
OUT_15457,74.44
OUT_15458,1059.25
OUT_15459,72.44
OUT_15460,251.59
OUT_15461,1030.69
OUT_15462,1053.1
OUT_15463,256.8
OUT_15464,236.7
OUT_15465,73.94
OUT_15466,1073.64
OUT_15467,244.1
OUT_15468,2664.43
OUT_15469,248.94
OUT_15470,1040.78
OUT_15471,76.36
OUT_15472,1072.28
OUT_15473,74.4
OUT_15474,253.6
OUT_15475,70.01
OUT_15476,74.05
OUT_15477,249.31
OUT_15478,75.97
OUT_15479,73.36
OUT_15480,1037.65
OUT_15481,1039.15
OUT_15482,74.37
OUT_15483,245.58
OUT_15484,253.42
OUT_15485,244.39
OUT_15486,73.99
OUT_15487,1051.98
OUT_15488,74.73
OUT_15489,1040.4
OUT_15490,69.91
OUT_15491,74.15
OUT_15492,71.02
OUT_15493,1024.59
OUT_15494,240.71
OUT_15495,71.6
OUT_15496,2565.64
OUT_15497,1055.8
OUT_15498,1043.64
OUT_15499,76.62
OUT_15500,76.3
OUT_15501,75.31
OUT_15502,1042.95
OUT_15503,73.89
OUT_15504,1056.2
OUT_15505,243.67
OUT_15506,1052.08
OUT_15507,246.29
OUT_15508,73.13
OUT_15509,1042.24
OUT_15510,73.9
OUT_15511,2688.97
OUT_15512,1061.53
OUT_15513,2595.11
OUT_15514,2653.55
OUT_15515,73.03
OUT_15516,257.37
OUT_15517,1047.65
OUT_15518,238.81
OUT_15519,249.56
OUT_15520,71.63
OUT_15521,1056.57
OUT_15522,1018.43
OUT_15523,248.56
OUT_15524,247.65
OUT_15525,72.28
OUT_15526,251.49
OUT_15527,256.03
OUT_15528,1039.82
OUT_15529,70.33
OUT_15530,69.17
OUT_15531,75.66
OUT_15532,1026.06
OUT_15533,71.23
OUT_15534,2671.54
OUT_15535,246.43
OUT_15536,75.75
OUT_15537,250.97
OUT_15538,1039.57
OUT_15539,76.2
OUT_15540,73.03
OUT_15541,72.92
OUT_15542,72.2
OUT_15543,1074.91
OUT_15544,74.64
OUT_15545,241.52
OUT_15546,75.21
OUT_15547,251.1
OUT_15548,1039.64
OUT_15549,251.76
OUT_15550,72.18
OUT_15551,251.38
OUT_15552,2612.31
OUT_15553,74.38
OUT_15554,75.44
OUT_15555,72.02
OUT_15556,71.92
OUT_15557,72.2
OUT_15558,71.99
OUT_15559,70.93
OUT_15560,252.12
OUT_15561,71.71
OUT_15562,2590.09
OUT_15563,72.7
OUT_15564,73.34
OUT_15565,1047.83
OUT_15566,72.53
OUT_15567,74.97
OUT_15568,72.72
OUT_15569,68.86
OUT_15570,68.61
OUT_15571,76.96
OUT_15572,72.8
OUT_15573,77.16
OUT_15574,249.9
OUT_15575,75.29
OUT_15576,73.21
OUT_15577,76.1
OUT_15578,1056.8
OUT_15579,252.43
OUT_15580,252.43
OUT_15581,260.28
OUT_15582,249.67
OUT_15583,2601.03
OUT_15584,1072.12
OUT_15585,72.77
OUT_15586,246.51
OUT_15587,252.13
OUT_15588,75.48
OUT_15589,69.56
OUT_15590,74.95
OUT_15591,74.71
OUT_15592,2606.43
OUT_15593,1043.13
OUT_15594,74.5
OUT_15595,249.95
OUT_15596,1091.0
OUT_15597,73.45
OUT_15598,2579.7
OUT_15599,74.29
OUT_15600,251.17
OUT_15601,1080.05
OUT_15602,76.54
OUT_15603,253.06
OUT_15604,253.14
OUT_15605,73.74
OUT_15606,243.93
OUT_15607,1089.77
OUT_15608,248.1
OUT_15609,234.49
OUT_15610,72.92
OUT_15611,77.62
OUT_15612,71.2
OUT_15613,2589.32
OUT_15614,71.62
OUT_15615,247.38
OUT_15616,74.86
OUT_15617,79.21
OUT_15618,69.39
OUT_15619,255.62
OUT_15620,71.77
OUT_15621,244.39
OUT_15622,70.75
OUT_15623,239.03
OUT_15624,1061.92
OUT_15625,248.34
OUT_15626,1049.17
OUT_15627,2646.3
OUT_15628,2608.28
OUT_15629,1039.05
OUT_15631,78.21
OUT_15632,75.59
OUT_15633,81.25
OUT_15634,246.45
OUT_15635,77.53
OUT_15636,72.62
OUT_15637,2591.76
OUT_15638,247.09
OUT_15639,73.01
OUT_15640,76.05
OUT_15641,76.15
OUT_15642,74.94
OUT_15643,77.53
OUT_15644,78.42
OUT_15645,72.03
OUT_15646,240.91
OUT_15647,74.62
OUT_15648,235.38
OUT_15649,247.94
OUT_15650,2622.48
OUT_15651,252.16
OUT_15652,70.41
OUT_15653,74.73
OUT_15654,74.19
OUT_15655,74.29
OUT_15656,73.22
OUT_15657,72.94
OUT_15658,71.6
OUT_15659,249.24
OUT_15660,71.0
OUT_15661,74.16
OUT_15662,246.71
OUT_15663,70.76
OUT_15664,1057.06
OUT_15665,2698.87
OUT_15666,247.51
OUT_15667,1068.92
OUT_15668,238.29
OUT_15669,1048.13
OUT_15670,245.11
OUT_15671,68.09
OUT_15672,250.84
OUT_15673,1058.75
OUT_15674,1058.29
OUT_15675,244.9
OUT_15676,73.7
OUT_15677,249.11
OUT_15678,254.08
OUT_15679,73.26
OUT_15680,1032.62
OUT_15681,71.96
OUT_15682,71.06
OUT_15683,68.2
OUT_15684,72.64
OUT_15685,250.24
OUT_15686,74.18
OUT_15687,74.17
OUT_15688,2704.34
OUT_15689,79.1
OUT_15690,251.8
OUT_15691,249.06
OUT_15692,70.21
OUT_15693,1057.18
OUT_15694,249.12
OUT_15695,72.83
OUT_15696,248.99
OUT_15697,2689.28
OUT_15698,74.66
OUT_15699,72.67
OUT_15700,250.34
OUT_15701,249.15
OUT_15702,1017.19
OUT_15703,74.22
OUT_15704,74.0
OUT_15705,79.17
OUT_15706,245.41
OUT_15707,1038.56
OUT_15708,1048.7
OUT_15709,75.9
OUT_15710,75.02
OUT_15711,75.1
OUT_15712,242.9
OUT_15713,75.87
OUT_15714,66.55
OUT_15715,71.0
OUT_15716,251.28
OUT_15717,2641.0
OUT_15718,72.52
OUT_15719,1037.17
OUT_15720,76.07
OUT_15721,72.04
OUT_15722,254.56
OUT_15723,70.05
OUT_15724,1043.85
OUT_15725,73.5
OUT_15726,76.11
OUT_15727,245.04
OUT_15728,2604.47
OUT_15729,1045.05
OUT_15730,246.4
OUT_15731,1027.2
OUT_15732,74.68
OUT_15733,1041.5
OUT_15734,70.87
OUT_15735,71.81
OUT_15736,256.65
OUT_15737,249.89
OUT_15738,253.01
OUT_15739,1093.78
OUT_15740,239.8
OUT_15741,74.2
OUT_15742,70.25
OUT_15743,71.12
OUT_15744,76.1
OUT_15745,1027.02
OUT_15746,1037.57
OUT_15747,76.25
OUT_15748,1034.48
OUT_15749,72.64
OUT_15750,1087.59
OUT_15751,1063.98
OUT_15752,71.82
OUT_15753,75.05
OUT_15754,249.89
OUT_15755,1065.1
OUT_15756,1049.68
OUT_15757,257.67
OUT_15758,249.78
OUT_15759,77.54
OUT_15760,246.98
OUT_15761,73.63
OUT_15762,254.71
OUT_15763,246.39
OUT_15764,248.91
OUT_15765,75.08
OUT_15766,73.76
OUT_15767,73.22
OUT_15768,73.46
OUT_15769,248.12
OUT_15770,73.45
OUT_15771,72.65
OUT_15772,251.24
OUT_15773,253.13
OUT_15774,253.73
OUT_15775,74.02
OUT_15776,73.95
OUT_15777,247.89
OUT_15778,250.63
OUT_15779,245.68
OUT_15780,1036.15
OUT_15781,245.67
OUT_15782,2660.57
OUT_15783,247.0
OUT_15784,70.79
OUT_15785,72.84
OUT_15786,74.9
OUT_15787,1056.25
OUT_15788,248.04
OUT_15789,70.04
OUT_15790,2574.84
OUT_15791,72.44
OUT_15792,241.13
OUT_15793,2615.13
OUT_15794,254.88
OUT_15795,251.12
OUT_15796,72.32
OUT_15797,1043.48
OUT_15798,257.81
OUT_15799,1010.52
OUT_15800,1094.96
OUT_15801,1076.54
OUT_15802,2726.41
OUT_15803,74.24
OUT_15804,76.32
OUT_15805,75.29
OUT_15806,72.05
OUT_15807,70.23
OUT_15808,251.3
OUT_15809,252.37
OUT_15810,70.76
OUT_15811,72.79
OUT_15812,248.85
OUT_15813,73.77
OUT_15814,1018.46
OUT_15815,75.85
OUT_15816,73.22
OUT_15817,71.71
OUT_15818,74.4
OUT_15819,74.59
OUT_15820,72.16
OUT_15821,72.4
OUT_15822,69.9
OUT_15823,74.3
OUT_15824,75.75
OUT_15825,1046.39
OUT_15826,254.46
OUT_15827,74.85
OUT_15828,1071.44
OUT_15829,251.76
OUT_15830,238.91
OUT_15831,71.79
OUT_15832,252.97
OUT_15833,73.53
OUT_15834,1061.31
OUT_15835,72.83
OUT_15836,73.51
OUT_15837,2640.62
OUT_15838,1070.12
OUT_15839,1084.68
OUT_15840,1070.9
OUT_15841,256.11
OUT_15842,72.92
OUT_15843,256.04
OUT_15844,73.29
OUT_15845,1033.1
OUT_15846,244.88
OUT_15847,2693.55
OUT_15848,1068.61
OUT_15849,1082.92
OUT_15850,72.21
OUT_15851,76.71
OUT_15852,1037.69
OUT_15853,2699.84
OUT_15854,244.79
OUT_15855,68.54
OUT_15856,72.85
OUT_15857,72.93
OUT_15858,73.05
OUT_15859,253.35
OUT_15860,73.9
OUT_15861,2711.93
OUT_15862,1029.03
OUT_15863,74.73
OUT_15864,75.71
OUT_15865,244.68
OUT_15866,248.04
OUT_15867,250.38
OUT_15868,71.03
OUT_15869,250.97
OUT_15870,70.16
OUT_15871,2628.99
OUT_15872,246.14
OUT_15873,77.89
OUT_15874,1070.89
OUT_15875,71.83
OUT_15876,74.76
OUT_15877,2694.35
OUT_15878,245.89
OUT_15879,71.25
OUT_15880,238.81
OUT_15881,70.09
OUT_15882,1029.91
OUT_15883,76.87
OUT_15884,72.49
OUT_15885,78.52
OUT_15886,1052.01
OUT_15887,73.12
OUT_15888,75.03
OUT_15889,73.91
OUT_15890,2642.84
OUT_15891,73.1
OUT_15892,71.42
OUT_15893,72.81
OUT_15894,73.75
OUT_15895,1046.42
OUT_15896,72.27
OUT_15897,74.54
OUT_15898,73.71
OUT_15899,1081.36
OUT_15900,247.69
OUT_15901,250.31
OUT_15902,75.22
OUT_15903,78.35
OUT_15904,73.25
OUT_15905,245.92
OUT_15906,2659.23
OUT_15907,75.33
OUT_15908,250.44
OUT_15909,235.39
OUT_15910,71.58
OUT_15911,260.76
OUT_15912,1033.14
OUT_15913,74.71
OUT_15914,72.63
OUT_15916,75.72
OUT_15917,75.77
OUT_15918,74.75
OUT_15919,1053.73
OUT_15920,249.75
OUT_15921,1075.48
OUT_15922,1038.62
OUT_15923,75.35
OUT_15924,245.41
OUT_15925,71.52
OUT_15926,1103.55
OUT_15927,72.08
OUT_15928,77.56
OUT_15929,250.13
OUT_15930,1075.43
OUT_15931,1027.22
OUT_15932,72.09
OUT_15933,72.19
OUT_15934,1057.3
OUT_15935,239.79
OUT_15936,72.08
OUT_15937,71.39
OUT_15938,70.2
OUT_15939,70.07
OUT_15940,72.76
OUT_15941,74.76
OUT_15942,1074.82
OUT_15943,71.91
OUT_15944,72.82
OUT_15945,249.62
OUT_15946,78.26
OUT_15947,74.57
OUT_15948,78.3
OUT_15949,72.35
OUT_15950,74.28
OUT_15951,2612.92
OUT_15952,1074.13
OUT_15953,252.7
OUT_15954,239.89
OUT_15955,1075.26
OUT_15956,73.04
OUT_15957,72.29
OUT_15958,1012.61
OUT_15959,253.46
OUT_15960,71.75
OUT_15961,237.99
OUT_15962,246.46
OUT_15963,73.67
OUT_15964,70.86
OUT_15965,71.96
OUT_15966,251.74
OUT_15967,77.37
OUT_15968,1064.78
OUT_15969,76.53
OUT_15970,72.47
OUT_15971,2717.04
OUT_15972,247.14
OUT_15973,252.09
OUT_15974,253.43
OUT_15975,252.05
OUT_15976,72.79
OUT_15977,74.31
OUT_15978,246.09
OUT_15979,1044.17
OUT_15980,69.72
OUT_15981,68.82
OUT_15982,74.09
OUT_15983,72.68
OUT_15984,74.47
OUT_15985,1042.8
OUT_15986,251.75
OUT_15987,71.33
OUT_15988,73.06
OUT_15989,1059.92
OUT_15990,237.85
OUT_15991,73.54
OUT_15992,77.14
OUT_15993,254.77
OUT_15994,244.6
OUT_15995,75.43
OUT_15996,1016.75
OUT_15997,73.46
OUT_15998,239.27
OUT_15999,69.66
OUT_16000,1044.46
OUT_16001,242.78
OUT_16002,76.96
OUT_16003,258.38
OUT_16004,1060.31
OUT_16005,72.07
OUT_16006,257.04
OUT_16007,72.09
OUT_16008,249.79
OUT_16009,69.56
OUT_16010,72.08
OUT_16011,75.5
OUT_16012,70.99
OUT_16013,74.39
OUT_16014,72.35
OUT_16015,76.98
OUT_16016,1054.7
OUT_16017,73.26
OUT_16018,74.94
OUT_16019,250.49
OUT_16020,246.34
OUT_16021,73.37
OUT_16022,73.04
OUT_16023,251.05
OUT_16024,73.17
OUT_16025,252.63
OUT_16026,247.75
OUT_16027,73.89
OUT_16028,74.9
OUT_16029,249.52
OUT_16030,76.89
OUT_16031,258.51
OUT_16032,73.21
OUT_16033,78.49
OUT_16034,1073.74
OUT_16035,256.19
OUT_16036,246.42
OUT_16037,73.17
OUT_16038,73.33
OUT_16039,71.59
OUT_16040,74.05
OUT_16041,2597.4
OUT_16042,253.4
OUT_16043,1055.89
OUT_16044,71.14
OUT_16045,251.61
OUT_16046,246.49
OUT_16047,73.26
OUT_16048,252.5
OUT_16049,1026.55
OUT_16050,75.16
OUT_16051,73.48
OUT_16052,76.44
OUT_16053,73.37
OUT_16054,246.06
OUT_16055,1044.54
OUT_16056,72.06
OUT_16057,69.95
OUT_16058,251.05
OUT_16059,74.28
OUT_16060,75.32
OUT_16061,73.17
OUT_16062,248.94
OUT_16063,243.17
OUT_16064,1067.52
OUT_16065,72.4
OUT_16066,75.02
OUT_16067,72.94
OUT_16068,70.71
OUT_16069,244.52
OUT_16070,72.17
OUT_16071,2635.35
OUT_16072,74.68
OUT_16073,75.82
OUT_16074,72.99
OUT_16075,2694.38
OUT_16076,71.43
OUT_16077,249.93
OUT_16078,251.4
OUT_16079,250.94
OUT_16080,71.95
OUT_16081,73.97
OUT_16082,253.79
OUT_16083,1058.91
OUT_16084,244.73
OUT_16085,2615.77
OUT_16086,1097.95
OUT_16087,247.37
OUT_16088,1067.33
OUT_16089,77.63
OUT_16090,71.33
OUT_16091,71.84
OUT_16092,69.27
OUT_16093,242.96
OUT_16094,2641.31
OUT_16095,79.31
OUT_16096,72.74
OUT_16097,1082.02
OUT_16098,71.01
OUT_16099,251.22
OUT_16100,71.95
OUT_16101,73.3
OUT_16102,256.06
OUT_16103,243.63
OUT_16104,240.27
OUT_16105,250.53
OUT_16106,245.97
OUT_16107,248.41
OUT_16108,2527.53
OUT_16109,71.3
OUT_16110,75.9
OUT_16111,73.94
OUT_16112,260.21
OUT_16113,1037.69
OUT_16114,1050.08
OUT_16115,72.78
OUT_16116,1029.54
OUT_16117,74.68
OUT_16118,75.25
OUT_16119,75.9
OUT_16120,69.5
OUT_16121,72.42
OUT_16122,75.66
OUT_16123,1049.47
OUT_16124,245.57
OUT_16125,76.14
OUT_16126,258.56
OUT_16127,71.39
OUT_16128,253.79
OUT_16129,75.15
OUT_16130,251.11
OUT_16131,71.9
OUT_16132,71.79
OUT_16133,73.96
OUT_16134,70.58
OUT_16135,999.63
OUT_16136,1068.79
OUT_16137,75.43
OUT_16138,72.03
OUT_16139,76.92
OUT_16140,263.16
OUT_16141,71.02
OUT_16142,1035.13
OUT_16143,1077.85
OUT_16144,1012.62
OUT_16145,74.18
OUT_16146,1051.98
OUT_16147,249.8
OUT_16148,70.73
OUT_16149,72.61
OUT_16150,1063.23
OUT_16151,69.87
OUT_16152,74.83
OUT_16153,1065.88
OUT_16154,248.1
OUT_16155,74.13
OUT_16156,244.32
OUT_16157,75.44
OUT_16158,253.71
OUT_16159,73.05
OUT_16160,71.0
OUT_16161,254.53
OUT_16162,250.66
OUT_16163,75.24
OUT_16164,992.94
OUT_16165,76.78
OUT_16166,72.89
OUT_16167,71.27
OUT_16168,73.51
OUT_16169,2690.79
OUT_16170,1051.47
OUT_16171,241.9
OUT_16172,991.87
OUT_16173,255.6
OUT_16174,71.97
OUT_16175,73.4
OUT_16176,1053.72
OUT_16177,255.7
OUT_16178,74.29
OUT_16179,253.21
OUT_16180,2596.35
OUT_16181,251.32
OUT_16182,70.72
OUT_16183,2688.79
OUT_16184,1069.87
OUT_16185,1061.39
OUT_16186,71.87
OUT_16187,75.74
OUT_16188,75.24
OUT_16189,256.11
OUT_16190,1062.06
OUT_16191,72.0
OUT_16193,258.54
OUT_16194,1071.78
OUT_16195,2619.91
OUT_16196,249.89
OUT_16197,71.52
OUT_16198,70.83
OUT_16199,2533.57
OUT_16200,77.87
OUT_16201,1063.98
OUT_16202,72.31
OUT_16203,72.11
OUT_16204,249.21
OUT_16205,71.29
OUT_16206,75.55
OUT_16207,239.99
OUT_16208,74.78
OUT_16209,1045.72
OUT_16210,70.76
OUT_16211,73.32
OUT_16212,71.92
OUT_16213,75.9
OUT_16214,77.23
OUT_16215,1044.48
OUT_16216,1013.54
OUT_16217,242.95
OUT_16218,71.65
OUT_16219,1051.51
OUT_16220,68.42
OUT_16221,70.58
OUT_16222,75.4
OUT_16223,2598.96
OUT_16224,79.9
OUT_16225,252.09
OUT_16226,73.07
OUT_16227,75.7
OUT_16228,2589.82
OUT_16229,2654.22
OUT_16230,242.38
OUT_16231,74.91
OUT_16232,73.98
OUT_16233,73.3
OUT_16234,247.43
OUT_16235,241.21
OUT_16236,71.49
OUT_16237,250.44
OUT_16238,2714.14
OUT_16239,75.17
OUT_16240,246.92
OUT_16241,75.95
OUT_16242,250.67
OUT_16243,1017.37
OUT_16244,1026.95
OUT_16245,1059.67
OUT_16246,70.12
OUT_16247,71.67
OUT_16248,245.61
OUT_16249,70.1
OUT_16250,76.32
OUT_16251,71.7
OUT_16252,1049.87
OUT_16253,74.99
OUT_16254,1058.15
OUT_16255,1046.71
OUT_16256,249.07
OUT_16257,77.15
OUT_16258,1032.86
OUT_16259,72.53
OUT_16260,74.62
OUT_16261,253.46
OUT_16262,72.42
OUT_16263,78.19
OUT_16264,70.97
OUT_16265,72.93
OUT_16266,73.44
OUT_16267,72.58
OUT_16268,71.77
OUT_16269,252.8
OUT_16270,73.33
OUT_16271,1039.86
OUT_16272,250.92
OUT_16273,1067.63
OUT_16274,70.94
OUT_16275,1101.92
OUT_16276,74.18
OUT_16277,75.38
OUT_16278,248.93
OUT_16279,249.77
OUT_16280,74.68
OUT_16281,74.7
OUT_16282,69.95
OUT_16283,246.01
OUT_16284,1025.96
OUT_16285,73.24
OUT_16286,73.03
OUT_16287,247.25
OUT_16288,253.2
OUT_16289,76.55
OUT_16290,71.83
OUT_16291,72.55
OUT_16292,253.53
OUT_16293,251.67
OUT_16294,72.11
OUT_16295,72.3
OUT_16296,250.63
OUT_16297,249.92
OUT_16298,76.27
OUT_16299,253.58
OUT_16300,1089.61
OUT_16301,73.91
OUT_16302,1051.69
OUT_16303,2590.94
OUT_16304,2654.52
OUT_16305,72.81
OUT_16306,75.41
OUT_16307,74.99
OUT_16308,70.89
OUT_16309,246.15
OUT_16310,240.22
OUT_16311,1034.69
OUT_16312,74.79
OUT_16313,72.47
OUT_16314,2588.33
OUT_16315,1050.15
OUT_16316,68.61
OUT_16317,1055.24
OUT_16318,1036.43
OUT_16319,69.83
OUT_16320,73.2
OUT_16321,246.87
OUT_16322,1070.18
OUT_16323,242.71
OUT_16324,76.13
OUT_16325,68.18
OUT_16326,1053.7
OUT_16327,236.28
OUT_16328,1089.04
OUT_16329,2622.83
OUT_16330,1037.09
OUT_16331,2627.96
OUT_16332,73.27
OUT_16333,73.59
OUT_16334,1039.18
OUT_16335,244.54
OUT_16336,2568.85
OUT_16337,70.99
OUT_16338,68.06
OUT_16339,74.17
OUT_16340,70.04
OUT_16341,250.55
OUT_16342,74.54
OUT_16343,1060.37
OUT_16344,74.27
OUT_16345,74.38
OUT_16346,70.41
OUT_16347,69.03
OUT_16348,249.64
OUT_16349,1030.85
OUT_16350,70.51
OUT_16351,1056.57
OUT_16352,71.91
OUT_16353,74.57
OUT_16354,76.2
OUT_16355,73.49
OUT_16356,75.66
OUT_16357,70.65
OUT_16358,71.38
OUT_16359,253.75
OUT_16361,77.05
OUT_16362,1045.28
OUT_16363,76.8
OUT_16364,1065.65
OUT_16365,71.83
OUT_16366,76.46
OUT_16367,250.78
OUT_16368,72.52
OUT_16369,70.43
OUT_16370,247.91
OUT_16371,71.95
OUT_16372,73.92
OUT_16373,72.76
OUT_16374,73.72
OUT_16375,251.09
OUT_16376,74.6
OUT_16377,73.9
OUT_16378,74.78
OUT_16379,76.7
OUT_16380,74.2
OUT_16381,72.66
OUT_16382,1085.48
OUT_16383,1052.57
OUT_16384,235.3
OUT_16385,77.17
OUT_16386,71.01
OUT_16387,254.14
OUT_16388,2620.09
OUT_16389,1048.79
OUT_16390,251.74
OUT_16391,72.6
OUT_16392,75.19
OUT_16393,73.84
OUT_16394,1016.48
OUT_16395,71.33
OUT_16396,75.38
OUT_16397,1069.99
OUT_16398,253.71
OUT_16399,74.57
OUT_16400,72.13
OUT_16401,74.69
OUT_16402,247.77
OUT_16403,1081.43
OUT_16404,244.59
OUT_16405,69.98
OUT_16406,73.13
OUT_16407,251.1
OUT_16408,74.26
OUT_16409,248.38
OUT_16410,74.59
OUT_16411,244.16
OUT_16412,71.26
OUT_16413,1044.81
OUT_16414,1075.61
OUT_16415,76.62
OUT_16416,77.64
OUT_16417,1061.71
OUT_16418,74.1
OUT_16419,244.44
OUT_16420,74.66
OUT_16421,243.5
OUT_16422,76.24
OUT_16423,255.25
OUT_16424,1030.84
OUT_16425,245.93
OUT_16426,1040.02
OUT_16427,73.34
OUT_16428,74.9
OUT_16429,248.13
OUT_16430,74.3
OUT_16431,73.96
OUT_16432,77.72
OUT_16433,242.85
OUT_16434,74.56
OUT_16435,1046.26
OUT_16436,241.3
OUT_16437,2593.62
OUT_16438,75.49
OUT_16439,256.13
OUT_16440,75.19
OUT_16441,2599.76
OUT_16442,70.68
OUT_16443,75.46
OUT_16444,251.92
OUT_16445,78.86
OUT_16446,68.86
OUT_16447,73.47
OUT_16448,248.67
OUT_16449,246.66
OUT_16450,70.49
OUT_16451,1054.69
OUT_16452,241.25
OUT_16453,73.32
OUT_16454,253.99
OUT_16455,244.27
OUT_16456,74.32
OUT_16457,251.14
OUT_16458,74.77
OUT_16459,1051.03
OUT_16460,2616.34
OUT_16461,243.21
OUT_16462,73.21
OUT_16463,252.46
OUT_16464,76.24
OUT_16465,244.44
OUT_16466,78.13
OUT_16467,1060.37
OUT_16468,242.2
OUT_16469,74.39
OUT_16470,1057.72
OUT_16471,73.51
OUT_16472,71.91
OUT_16473,74.47
OUT_16474,72.57
OUT_16475,71.6
OUT_16476,77.92
OUT_16477,253.06
OUT_16478,248.91
OUT_16479,254.05
OUT_16480,240.82
OUT_16481,74.58
OUT_16482,75.78
OUT_16483,253.8
OUT_16484,248.79
OUT_16485,72.02
OUT_16486,74.48
OUT_16487,247.24
OUT_16488,2693.35
OUT_16489,246.77
OUT_16490,75.69
OUT_16491,70.52
OUT_16492,2587.9
OUT_16493,70.79
OUT_16494,247.8
OUT_16495,74.5
OUT_16496,245.81
OUT_16497,1016.69
OUT_16498,74.19
OUT_16499,253.87
OUT_16500,75.01
OUT_16501,247.98
OUT_16502,1063.48
OUT_16503,74.73
OUT_16504,75.47
OUT_16505,74.77
OUT_16506,73.68
OUT_16507,73.6
OUT_16508,72.88
OUT_16509,75.02
OUT_16510,75.2
OUT_16511,1051.11
OUT_16512,70.06
OUT_16513,245.23
OUT_16514,246.27
OUT_16515,252.93
OUT_16516,249.14
OUT_16517,248.82
OUT_16518,73.08
OUT_16519,75.79
OUT_16520,2598.22
OUT_16521,247.09
OUT_16522,72.63
OUT_16523,75.44
OUT_16524,252.48
OUT_16525,238.28
OUT_16526,72.61
OUT_16527,73.8
OUT_16528,77.35
OUT_16529,251.68
OUT_16530,1023.75
OUT_16531,1038.6
OUT_16532,72.03
OUT_16533,238.76
OUT_16534,70.95
OUT_16535,72.28
OUT_16536,1054.19
OUT_16537,245.84
OUT_16538,2622.78
OUT_16539,250.46
OUT_16540,1027.51
OUT_16541,72.51
OUT_16542,246.09
OUT_16543,247.2
OUT_16544,256.86
OUT_16545,72.78
OUT_16546,73.74
OUT_16547,74.35
OUT_16548,2668.92
OUT_16549,74.76
OUT_16550,73.58
OUT_16551,241.87
OUT_16552,73.82
OUT_16553,246.58
OUT_16554,69.18
OUT_16555,72.65
OUT_16556,73.0
OUT_16557,71.74
OUT_16558,252.89
OUT_16559,246.71
OUT_16560,74.31
OUT_16561,75.64
OUT_16562,76.38
OUT_16563,72.33
OUT_16564,71.76
OUT_16565,73.32
OUT_16566,74.76
OUT_16567,75.57
OUT_16568,71.1
OUT_16569,242.83
OUT_16570,2704.48
OUT_16571,73.04
OUT_16572,74.91
OUT_16573,2707.72
OUT_16574,72.29
OUT_16575,73.18
OUT_16576,1036.99
OUT_16577,71.74
OUT_16578,242.91
OUT_16579,245.9
OUT_16580,73.22
OUT_16581,71.24
OUT_16582,71.29
OUT_16583,1025.1
OUT_16584,73.05
OUT_16585,73.3
OUT_16586,1033.64
OUT_16587,75.79
OUT_16588,242.53
OUT_16589,69.28
OUT_16590,1030.89
OUT_16591,73.65
OUT_16592,249.78
OUT_16593,1069.9
OUT_16594,73.75
OUT_16595,72.39
OUT_16596,2679.14
OUT_16597,2590.09
OUT_16598,1064.13
OUT_16599,71.11
OUT_16600,70.15
OUT_16601,245.64
OUT_16602,1024.64
OUT_16603,76.42
OUT_16604,76.62
OUT_16605,2663.66
OUT_16606,73.51
OUT_16607,249.87
OUT_16608,74.15
OUT_16609,245.27
OUT_16610,76.25
OUT_16611,76.68
OUT_16612,248.49
OUT_16613,73.08
OUT_16614,76.28
OUT_16615,76.45
OUT_16616,253.38
OUT_16617,249.98
OUT_16618,71.06
OUT_16619,244.74
OUT_16620,250.29
OUT_16621,68.17
OUT_16622,234.47
OUT_16623,1054.16
OUT_16624,77.67
OUT_16625,71.75
OUT_16626,71.8
OUT_16627,70.05
OUT_16628,72.01
OUT_16629,74.2
OUT_16630,75.0
OUT_16631,253.92
OUT_16632,252.98
OUT_16633,1041.46
OUT_16634,69.96
OUT_16635,78.12
OUT_16636,79.84
OUT_16637,76.81
OUT_16638,73.26
OUT_16639,2614.85
OUT_16640,250.79
OUT_16641,1069.0
OUT_16642,242.74
OUT_16643,255.64
OUT_16644,248.51
OUT_16645,255.56
OUT_16646,250.45
OUT_16647,252.39
OUT_16648,72.96
OUT_16649,1049.19
OUT_16650,75.69
OUT_16651,72.95
OUT_16652,253.23
OUT_16653,75.7
OUT_16654,1046.86
OUT_16655,71.49
OUT_16656,1050.69
OUT_16657,1005.37
OUT_16658,72.6
OUT_16659,1052.78
OUT_16660,72.74
OUT_16661,73.16
OUT_16662,258.12
OUT_16663,74.53
OUT_16664,71.27
OUT_16665,249.85
OUT_16666,73.69
OUT_16667,73.15
OUT_16668,74.42
OUT_16669,71.31
OUT_16670,1009.21
OUT_16671,73.83
OUT_16672,74.44
OUT_16673,250.48
OUT_16674,76.36
OUT_16675,1017.43
OUT_16676,1056.27
OUT_16677,71.97
OUT_16678,75.94
OUT_16679,77.79
OUT_16680,254.08
OUT_16681,74.85
OUT_16682,73.99
OUT_16683,69.69
OUT_16684,73.01
OUT_16685,242.78
OUT_16686,72.01
OUT_16687,1054.23
OUT_16688,2636.5
OUT_16689,74.35
OUT_16690,1045.37
OUT_16691,71.7
OUT_16692,251.81
OUT_16693,74.01
OUT_16694,245.46
OUT_16695,74.73
OUT_16696,76.97
OUT_16697,73.31
OUT_16698,246.15
OUT_16699,74.29
OUT_16700,66.48
OUT_16701,71.64
OUT_16702,252.91
OUT_16703,1029.98
OUT_16704,70.09
OUT_16705,253.34
OUT_16706,80.13
OUT_16707,1072.49
OUT_16708,74.42
OUT_16709,72.95
OUT_16710,76.08
OUT_16711,1066.17
OUT_16712,1052.39
OUT_16713,77.08
OUT_16714,73.8
OUT_16715,75.29
OUT_16716,249.1
OUT_16717,247.03
OUT_16718,70.4
OUT_16719,255.34
OUT_16720,72.42
OUT_16721,252.75
OUT_16722,77.46
OUT_16723,76.3
OUT_16724,1025.93
OUT_16725,246.0
OUT_16726,256.47
OUT_16727,70.92
OUT_16728,1082.97
OUT_16729,70.32
OUT_16730,73.87
OUT_16731,250.2
OUT_16732,243.99
OUT_16733,72.9
OUT_16734,73.44
OUT_16735,76.64
OUT_16736,79.6
OUT_16737,253.28
OUT_16738,1070.53
OUT_16739,248.32
OUT_16740,248.96
OUT_16741,1008.38
OUT_16742,1058.85
OUT_16743,78.35
OUT_16744,73.03
OUT_16745,242.68
OUT_16746,255.62
OUT_16747,239.63
OUT_16748,74.03
OUT_16749,1038.97
OUT_16750,71.98
OUT_16751,74.33
OUT_16752,76.45
OUT_16753,1047.86
OUT_16754,71.75
OUT_16755,69.73
OUT_16756,73.61
OUT_16757,252.06
OUT_16758,74.62
OUT_16759,69.78
OUT_16760,250.78
OUT_16761,70.17
OUT_16762,245.16
OUT_16763,72.9
OUT_16764,72.53
OUT_16765,72.53
OUT_16766,243.81
OUT_16767,74.94
OUT_16768,248.55
OUT_16769,1050.45
OUT_16770,241.31
OUT_16771,75.05
OUT_16772,74.99
OUT_16773,79.65
OUT_16774,77.94
OUT_16775,1046.76
OUT_16776,244.06
OUT_16777,244.09
OUT_16778,242.33
OUT_16779,73.62
OUT_16780,75.05
OUT_16781,70.5
OUT_16782,77.81
OUT_16783,251.66
OUT_16784,243.83
OUT_16785,1052.81
OUT_16786,1068.31
OUT_16787,1019.7
OUT_16788,75.42
OUT_16789,73.71
OUT_16790,256.63
OUT_16791,1058.11
OUT_16792,71.29
OUT_16793,241.22
OUT_16794,252.52
OUT_16795,76.26
OUT_16796,241.46
OUT_16797,75.59
OUT_16798,74.23
OUT_16799,73.54
OUT_16800,76.06
OUT_16801,70.51
OUT_16802,71.83
OUT_16803,71.53
OUT_16804,1081.61
OUT_16805,72.36
OUT_16806,1083.51
OUT_16807,259.17
OUT_16808,1037.02
OUT_16809,2625.86
OUT_16810,245.21
OUT_16811,70.32
OUT_16812,1064.37
OUT_16813,1037.98
OUT_16814,73.61
OUT_16815,1063.86
OUT_16816,71.93
OUT_16817,245.6
OUT_16818,248.98
OUT_16819,74.79
OUT_16820,1037.99
OUT_16821,252.23
OUT_16822,74.32
OUT_16823,73.15
OUT_16824,253.2
OUT_16825,75.37
OUT_16826,73.06
OUT_16827,2634.86
OUT_16828,237.34
OUT_16829,72.98
OUT_16830,1093.66
OUT_16831,73.37
OUT_16832,988.77
OUT_16833,243.82
OUT_16834,255.13
OUT_16835,78.84
OUT_16836,73.45
OUT_16837,69.06
OUT_16838,1026.33
OUT_16839,237.52
OUT_16840,1052.26
OUT_16841,1039.91
OUT_16842,73.07
OUT_16843,73.98
OUT_16844,246.84
OUT_16845,73.73
OUT_16846,72.17
OUT_16847,71.14
OUT_16848,2590.09
OUT_16849,71.93
OUT_16850,72.89
OUT_16851,1040.78
OUT_16852,252.98
OUT_16853,71.06
OUT_16854,71.02
OUT_16855,250.89
OUT_16856,253.6
OUT_16857,255.47
OUT_16858,1042.69
OUT_16859,73.29
OUT_16860,239.75
OUT_16861,242.46
OUT_16862,75.04
OUT_16863,1082.72
OUT_16864,2619.16
OUT_16865,72.8
OUT_16866,254.16
OUT_16867,74.16
OUT_16868,1082.53
OUT_16869,71.04
OUT_16870,253.78
OUT_16871,73.55
OUT_16872,1065.77
OUT_16873,250.93
OUT_16874,250.89
OUT_16875,237.2
OUT_16876,1015.97
OUT_16877,71.15
OUT_16878,71.84
OUT_16879,73.67
OUT_16880,1042.37
OUT_16881,71.52
OUT_16882,240.93
OUT_16883,74.03
OUT_16884,1060.52
OUT_16885,70.98
OUT_16886,72.92
OUT_16887,74.11
OUT_16888,249.74
OUT_16889,253.07
OUT_16890,73.61
OUT_16891,1047.4
OUT_16892,72.11
OUT_16893,237.96
OUT_16894,242.88
OUT_16895,71.35
OUT_16896,70.69
OUT_16897,73.09
OUT_16898,74.58
OUT_16899,1079.44
OUT_16900,1028.52
OUT_16901,71.03
OUT_16902,244.28
OUT_16903,78.17
OUT_16904,75.45
OUT_16905,250.27
OUT_16906,70.58
OUT_16907,70.52
OUT_16908,1091.79
OUT_16909,1062.83
OUT_16910,75.62
OUT_16911,72.11
OUT_16912,70.78
OUT_16913,248.33
OUT_16914,73.99
OUT_16915,71.79
OUT_16916,70.97
OUT_16917,74.87
OUT_16918,71.96
OUT_16919,72.57
OUT_16920,253.71
OUT_16921,231.76
OUT_16922,73.48
OUT_16923,249.67
OUT_16924,1052.06
OUT_16925,1090.43
OUT_16926,68.17
OUT_16927,248.79
OUT_16928,243.38
OUT_16929,74.99
OUT_16930,248.97
OUT_16931,68.12
OUT_16932,251.68
OUT_16933,74.59
OUT_16934,240.16
OUT_16935,2624.3
OUT_16936,255.87
OUT_16937,1025.98
OUT_16938,73.31
OUT_16939,74.95
OUT_16940,72.24
OUT_16941,73.21
OUT_16942,247.21
OUT_16943,75.82
OUT_16944,254.41
OUT_16945,73.41
OUT_16946,2602.26
OUT_16947,73.96
OUT_16948,73.75
OUT_16949,75.27
OUT_16950,73.74
OUT_16951,75.48
OUT_16952,72.28
OUT_16953,68.57
OUT_16954,73.11
OUT_16955,73.25
OUT_16956,75.79
OUT_16957,72.95
OUT_16958,1037.67
OUT_16959,2651.43
OUT_16960,71.5
OUT_16961,255.79
OUT_16962,75.18
OUT_16963,71.11
OUT_16964,74.79
OUT_16965,240.11
OUT_16966,77.67
OUT_16967,244.52
OUT_16968,245.04
OUT_16969,246.4
OUT_16970,257.03
OUT_16971,1043.77
OUT_16972,74.24
OUT_16973,74.22
OUT_16974,250.48
OUT_16975,243.99
OUT_16976,71.77
OUT_16977,1071.28
OUT_16978,73.93
OUT_16979,73.95
OUT_16980,71.55
OUT_16981,70.3
OUT_16982,74.42
OUT_16983,252.22
OUT_16984,72.97
OUT_16985,259.84
OUT_16986,2612.0
OUT_16987,253.18
OUT_16988,248.31
OUT_16989,253.53
OUT_16990,2675.25
OUT_16991,256.48
OUT_16992,71.9
OUT_16993,73.83
OUT_16994,243.41
OUT_16995,77.41
OUT_16996,252.89
OUT_16997,243.47
OUT_16998,72.94
OUT_16999,252.32
OUT_17000,71.72
OUT_17001,73.77
OUT_17002,240.9
OUT_17003,67.87
OUT_17004,242.59
OUT_17005,246.11
OUT_17006,245.91
OUT_17007,243.58
OUT_17008,1132.07
OUT_17009,2687.65
OUT_17010,2735.72
OUT_17011,80.44
OUT_17012,75.07
OUT_17013,80.45
OUT_17014,2641.29
OUT_17015,236.57
OUT_17016,80.19
OUT_17017,73.49
OUT_17018,72.79
OUT_17019,252.1
OUT_17020,68.54
OUT_17021,1082.76
OUT_17022,76.67
OUT_17023,75.64
OUT_17024,74.57
OUT_17025,1075.11
OUT_17026,72.96
OUT_17027,74.32
OUT_17028,1079.6
OUT_17029,76.91
OUT_17030,74.47
OUT_17031,68.06
OUT_17032,78.45
OUT_17033,77.34
OUT_17034,245.08
OUT_17035,72.38
OUT_17036,72.67
OUT_17037,254.34
OUT_17038,76.72
OUT_17039,258.14
OUT_17040,66.6
OUT_17041,232.5
OUT_17042,64.85
OUT_17043,66.63
OUT_17044,1064.62
OUT_17045,71.36
OUT_17046,75.14
OUT_17047,1060.89
OUT_17048,77.43
OUT_17049,2649.41
OUT_17050,246.47
OUT_17051,77.81
OUT_17052,75.57
OUT_17053,258.95
OUT_17054,262.6
OUT_17055,70.88
OUT_17056,265.01
OUT_17057,265.87
OUT_17058,1087.13
OUT_17059,241.47
OUT_17060,65.27
OUT_17061,256.44
OUT_17062,77.6
OUT_17063,75.94
OUT_17064,254.66
OUT_17065,79.55
OUT_17066,1057.66
OUT_17067,2733.19
OUT_17068,251.24
OUT_17069,234.36
OUT_17070,241.41
OUT_17071,2673.22
OUT_17072,76.9
OUT_17073,247.52
OUT_17074,246.55
OUT_17075,82.01
OUT_17076,73.49
OUT_17077,72.2
OUT_17078,1036.56
OUT_17079,82.03
OUT_17080,256.39
OUT_17081,75.44
OUT_17082,2630.39
OUT_17083,75.55
OUT_17084,68.3
OUT_17085,1067.64
OUT_17086,76.42
OUT_17087,1065.38
OUT_17088,1042.67
OUT_17089,73.26
OUT_17090,75.2
OUT_17091,74.33
OUT_17092,1053.09
OUT_17093,75.85
OUT_17094,74.24
OUT_17095,256.09
OUT_17096,74.65
OUT_17097,73.72
OUT_17098,257.78
OUT_17099,262.54
OUT_17100,260.13
OUT_17101,1051.21
OUT_17102,249.69
OUT_17103,78.87
OUT_17104,261.74
OUT_17105,78.64
OUT_17106,69.96
OUT_17107,251.62
OUT_17108,77.64
OUT_17109,73.72
OUT_17110,1051.18
OUT_17111,268.76
OUT_17112,77.47
OUT_17113,71.7
OUT_17114,68.99
OUT_17115,75.18
OUT_17116,75.06
OUT_17117,76.37
OUT_17118,71.03
OUT_17119,278.04
OUT_17120,81.83
OUT_17121,1121.35
OUT_17122,255.85
OUT_17123,1122.3
OUT_17124,1014.13
OUT_17125,241.84
OUT_17126,71.71
OUT_17127,74.78
OUT_17128,77.46
OUT_17129,1059.17
OUT_17130,74.41
OUT_17131,2582.64
OUT_17132,81.55
OUT_17133,73.94
OUT_17134,79.53
OUT_17135,246.5
OUT_17136,236.99
OUT_17137,257.29
OUT_17138,82.56
OUT_17139,72.49
OUT_17140,240.73
OUT_17141,230.95
OUT_17142,235.8
OUT_17143,241.53
OUT_17144,254.05
OUT_17145,73.16
OUT_17146,70.85
OUT_17147,75.18
OUT_17148,249.5
OUT_17149,240.29
OUT_17150,74.58
OUT_17151,73.38
OUT_17152,250.57
OUT_17153,2540.94
OUT_17154,74.18
OUT_17155,74.23
OUT_17156,72.51
OUT_17157,254.61
OUT_17158,245.0
OUT_17159,230.45
OUT_17160,1028.72
OUT_17161,260.27
OUT_17162,1097.75
OUT_17163,74.47
OUT_17164,75.71
OUT_17165,73.15
OUT_17166,73.0
OUT_17167,1043.97
OUT_17168,80.43
OUT_17169,71.19
OUT_17170,71.7
OUT_17171,75.97
OUT_17172,1035.39
OUT_17173,257.0
OUT_17175,2519.99
OUT_17176,76.84
OUT_17177,244.22
OUT_17178,1068.56
OUT_17179,249.83
OUT_17180,76.4
OUT_17181,71.99
OUT_17182,69.25
OUT_17183,1116.06
OUT_17184,81.22
OUT_17185,72.74
OUT_17186,247.79
OUT_17187,2751.76
OUT_17188,78.2
OUT_17189,261.05
OUT_17190,72.92
OUT_17191,78.14
OUT_17192,1062.73
OUT_17193,248.64
OUT_17194,249.59
OUT_17195,76.87
OUT_17196,74.43
OUT_17197,76.69
OUT_17198,259.33
OUT_17199,75.57
OUT_17200,252.38
OUT_17201,247.57
OUT_17202,244.85
OUT_17203,76.89
OUT_17204,249.72
OUT_17205,78.02
OUT_17206,251.65
OUT_17207,1075.63
OUT_17208,1068.24
OUT_17209,75.91
OUT_17210,71.31
OUT_17211,76.06
OUT_17212,75.35
OUT_17213,78.19
OUT_17214,246.43
OUT_17215,252.31
OUT_17216,2571.8
OUT_17217,74.27
OUT_17218,76.31
OUT_17219,77.66
OUT_17220,77.36
OUT_17221,68.22
OUT_17222,257.07
OUT_17223,80.05
OUT_17224,255.79
OUT_17225,250.3
OUT_17226,73.73
OUT_17227,69.51
OUT_17228,79.65
OUT_17229,75.96
OUT_17230,75.68
OUT_17231,1094.77
OUT_17232,1054.4
OUT_17233,248.92
OUT_17234,267.41
OUT_17235,74.4
OUT_17236,77.65
OUT_17237,72.03
OUT_17238,70.41
OUT_17239,253.8
OUT_17240,257.34
OUT_17241,240.76
OUT_17242,258.68
OUT_17243,68.02
OUT_17244,70.6
OUT_17245,241.11
OUT_17246,254.42
OUT_17247,235.59
OUT_17248,265.32
OUT_17249,70.92
OUT_17250,239.86
OUT_17251,75.77
OUT_17252,76.95
OUT_17253,248.34
OUT_17254,73.84
OUT_17255,76.26
OUT_17256,76.23
OUT_17257,249.59
OUT_17258,92.15
OUT_17259,253.75
OUT_17260,263.36
OUT_17261,75.18
OUT_17262,75.3
OUT_17263,1039.57
OUT_17264,72.22
OUT_17265,77.85
OUT_17266,73.03
OUT_17267,81.8
OUT_17268,79.8
OUT_17269,251.23
OUT_17270,1032.45
OUT_17271,77.28
OUT_17272,257.4
OUT_17273,258.98
OUT_17274,85.68
OUT_17275,252.59
OUT_17276,245.11
OUT_17277,252.17
OUT_17278,70.65
OUT_17279,72.05
OUT_17280,2656.89
OUT_17281,79.63
OUT_17282,258.49
OUT_17283,79.58
OUT_17284,71.18
OUT_17285,250.34
OUT_17286,73.92
OUT_17287,74.31
OUT_17288,73.91
OUT_17289,229.6
OUT_17290,75.92
OUT_17291,71.42
OUT_17292,76.9
OUT_17293,258.2
OUT_17294,72.23
OUT_17295,69.35
OUT_17296,78.49
OUT_17297,77.52
OUT_17298,72.82
OUT_17299,75.96
OUT_17300,79.41
OUT_17301,1101.17
OUT_17302,240.98
OUT_17303,249.45
OUT_17304,1050.15
OUT_17305,266.41
OUT_17306,71.35
OUT_17307,249.59
OUT_17308,260.62
OUT_17309,77.44
OUT_17310,78.9
OUT_17311,74.9
OUT_17312,1110.41
OUT_17313,72.22
OUT_17314,1053.04
OUT_17315,1077.13
OUT_17316,74.65
OUT_17317,259.97
OUT_17318,1054.8
OUT_17319,68.26
OUT_17320,248.21
OUT_17321,1108.3
OUT_17322,258.41
OUT_17323,251.22
OUT_17324,1048.78
OUT_17325,267.24
OUT_17326,2717.29
OUT_17327,73.52
OUT_17328,247.45
OUT_17329,1079.92
OUT_17330,82.15
OUT_17331,66.3
OUT_17332,72.9
OUT_17333,77.62
OUT_17334,1063.53
OUT_17335,68.54
OUT_17336,75.72
OUT_17337,77.0
OUT_17338,241.96
OUT_17339,250.08
OUT_17340,70.66
OUT_17341,68.79
OUT_17342,257.96
OUT_17343,245.35
OUT_17344,74.66
OUT_17345,1075.99
OUT_17346,78.45
OUT_17347,77.57
OUT_17348,1080.02
OUT_17349,75.83
OUT_17350,1069.08
OUT_17351,75.77
OUT_17352,75.68
OUT_17353,74.7
OUT_17354,1057.47
OUT_17355,76.88
OUT_17356,76.18
OUT_17357,79.07
OUT_17358,74.48
OUT_17359,74.59
OUT_17360,76.28
OUT_17361,74.49
OUT_17362,245.1
OUT_17363,73.26
OUT_17364,246.38
OUT_17365,75.39
OUT_17366,1080.51
OUT_17367,75.61
OUT_17368,76.24
OUT_17369,71.86
OUT_17370,74.74
OUT_17371,2731.08
OUT_17372,1084.07
OUT_17373,241.0
OUT_17374,1099.44
OUT_17375,72.66
OUT_17376,77.79
OUT_17377,71.28
OUT_17378,1033.95
OUT_17379,76.74
OUT_17380,78.41
OUT_17381,71.9
OUT_17382,71.13
OUT_17383,74.48
OUT_17384,75.26
OUT_17385,256.58
OUT_17386,260.75
OUT_17387,72.01
OUT_17388,71.58
OUT_17389,2713.92
OUT_17390,69.77
OUT_17391,70.37
OUT_17392,1050.59
OUT_17393,74.73
OUT_17394,251.93
OUT_17395,71.22
OUT_17396,245.34
OUT_17397,251.26
OUT_17398,67.47
OUT_17399,71.52
OUT_17400,273.49
OUT_17401,70.89
OUT_17402,251.71
OUT_17403,246.07
OUT_17404,252.97
OUT_17405,1082.93
OUT_17406,73.03
OUT_17407,74.47
OUT_17408,1023.8
OUT_17409,76.84
OUT_17410,73.75
OUT_17411,76.19
OUT_17412,73.77
OUT_17413,259.72
OUT_17414,249.28
OUT_17415,261.59
OUT_17416,1013.36
OUT_17417,78.33
OUT_17418,249.8
OUT_17419,249.18
OUT_17420,239.82
OUT_17421,76.12
OUT_17422,1041.23
OUT_17423,1095.96
OUT_17424,2629.84
OUT_17425,2690.91
OUT_17426,76.51
OUT_17427,81.32
OUT_17428,66.67
OUT_17429,75.63
OUT_17430,1036.43
OUT_17431,74.91
OUT_17432,260.19
OUT_17433,1075.95
OUT_17434,77.22
OUT_17435,1078.97
OUT_17436,1114.36
OUT_17437,2670.65
OUT_17438,74.39
OUT_17439,79.22
OUT_17440,1025.88
OUT_17441,79.48
OUT_17442,81.93
OUT_17443,262.74
OUT_17444,72.66
OUT_17445,77.88
OUT_17446,244.77
OUT_17447,1039.89
OUT_17448,78.31
OUT_17449,69.12
OUT_17450,238.87
OUT_17451,250.97
OUT_17452,75.31
OUT_17453,252.7
OUT_17454,79.85
OUT_17455,70.37
OUT_17456,76.33
OUT_17457,1003.93
OUT_17458,77.32
OUT_17459,1114.91
OUT_17460,246.41
OUT_17461,75.18
OUT_17462,73.57
OUT_17463,246.8
OUT_17464,245.13
OUT_17465,76.88
OUT_17466,70.49
OUT_17467,74.01
OUT_17468,254.89
OUT_17469,65.03
OUT_17470,74.54
OUT_17471,248.17
OUT_17472,76.92
OUT_17473,244.45
OUT_17474,1078.76
OUT_17475,74.35
OUT_17476,262.94
OUT_17477,1092.39
OUT_17478,1055.73
OUT_17479,77.93
OUT_17480,75.81
OUT_17481,76.73
OUT_17482,74.92
OUT_17483,244.58
OUT_17484,236.39
OUT_17485,74.15
OUT_17486,70.36
OUT_17487,71.47
OUT_17488,81.99
OUT_17489,75.21
OUT_17490,77.67
OUT_17491,242.07
OUT_17492,1003.5
OUT_17493,71.66
OUT_17494,1041.25
OUT_17495,1089.66
OUT_17496,78.43
OUT_17497,73.56
OUT_17498,76.03
OUT_17500,252.45
OUT_17501,252.96
OUT_17502,264.07
OUT_17503,71.42
OUT_17504,77.93
OUT_17505,78.3
OUT_17506,1061.39
OUT_17507,80.96
OUT_17508,1069.24
OUT_17509,70.09
OUT_17510,76.18
OUT_17511,75.61
OUT_17512,76.84
OUT_17513,78.28
OUT_17514,74.9
OUT_17515,72.06
OUT_17516,239.65
OUT_17517,74.97
OUT_17518,76.14
OUT_17519,250.72
OUT_17520,243.09
OUT_17521,259.45
OUT_17522,1085.34
OUT_17523,76.15
OUT_17524,1087.02
OUT_17525,74.43
OUT_17526,253.56
OUT_17527,248.86
OUT_17528,248.87
OUT_17529,72.54
OUT_17530,1033.25
OUT_17531,73.97
OUT_17532,1075.57
OUT_17533,76.34
OUT_17534,80.59
OUT_17535,259.26
OUT_17536,81.39
OUT_17537,77.58
OUT_17538,246.65
OUT_17539,77.92
OUT_17540,1078.84
OUT_17541,62.76
OUT_17542,248.7
OUT_17543,74.03
OUT_17544,80.71
OUT_17545,71.58
OUT_17546,79.52
OUT_17547,70.17
OUT_17548,73.01
OUT_17549,2712.69
OUT_17550,254.24
OUT_17551,73.48
OUT_17552,76.03
OUT_17553,75.4
OUT_17554,266.16
OUT_17555,75.8
OUT_17556,254.26
OUT_17557,70.05
OUT_17558,76.96
OUT_17559,236.46
OUT_17560,70.32
OUT_17561,78.03
OUT_17562,70.15
OUT_17563,76.62
OUT_17564,72.05
OUT_17565,76.65
OUT_17566,246.77
OUT_17567,264.22
OUT_17568,248.27
OUT_17569,67.39
OUT_17570,77.06
OUT_17571,71.0
OUT_17572,252.13
OUT_17573,74.39
OUT_17574,1012.61
OUT_17575,78.35
OUT_17576,72.41
OUT_17577,250.78
OUT_17578,71.77
OUT_17579,249.09
OUT_17580,72.2
OUT_17581,1038.0
OUT_17582,79.83
OUT_17583,239.95
OUT_17584,1075.14
OUT_17585,1110.36
OUT_17586,71.69
OUT_17587,257.23
OUT_17588,80.75
OUT_17589,245.17
OUT_17590,78.25
OUT_17591,74.11
OUT_17592,73.32
OUT_17593,80.03
OUT_17594,77.25
OUT_17595,78.37
OUT_17596,1043.05
OUT_17597,77.51
OUT_17598,2681.64
OUT_17599,72.5
OUT_17600,79.9
OUT_17601,1065.33
OUT_17602,1060.16
OUT_17603,255.6
OUT_17604,1104.81
OUT_17605,248.45
OUT_17606,2623.04
OUT_17607,1037.64
OUT_17608,77.86
OUT_17609,73.71
OUT_17610,248.87
OUT_17611,77.62
OUT_17612,72.64
OUT_17613,262.5
OUT_17614,252.08
OUT_17615,254.69
OUT_17616,72.5
OUT_17617,75.3
OUT_17618,2721.24
OUT_17619,245.14
OUT_17620,78.34
OUT_17621,1075.25
OUT_17622,1078.5
OUT_17623,69.18
OUT_17624,266.96
OUT_17625,253.3
OUT_17626,81.38
OUT_17627,78.27
OUT_17628,80.14
OUT_17629,1074.59
OUT_17630,243.88
OUT_17631,78.78
OUT_17632,246.41
OUT_17633,77.46
OUT_17634,76.15
OUT_17635,76.54
OUT_17636,1012.27
OUT_17637,69.41
OUT_17638,73.61
OUT_17639,76.88
OUT_17640,249.59
OUT_17641,74.55
OUT_17642,74.33
OUT_17643,77.43
OUT_17644,79.01
OUT_17645,238.13
OUT_17646,1083.62
OUT_17647,78.22
OUT_17648,67.57
OUT_17649,75.0
OUT_17650,74.37
OUT_17651,1082.81
OUT_17652,2610.67
OUT_17653,253.0
OUT_17654,255.73
OUT_17655,72.36
OUT_17656,1091.43
OUT_17657,79.87
OUT_17658,77.6
OUT_17659,251.32
OUT_17660,1081.02
OUT_17662,1062.47
OUT_17663,73.66
OUT_17664,1064.83
OUT_17665,77.4
OUT_17666,79.49
OUT_17667,1047.39
OUT_17668,1071.69
OUT_17669,75.92
OUT_17670,81.78
OUT_17671,243.76
OUT_17672,69.43
OUT_17673,1054.77
OUT_17674,74.75
OUT_17675,249.27
OUT_17676,271.65
OUT_17677,1087.99
OUT_17678,77.81
OUT_17679,247.83
OUT_17680,78.82
OUT_17681,77.91
OUT_17682,74.82
OUT_17683,247.03
OUT_17684,76.0
OUT_17685,248.16
OUT_17686,73.2
OUT_17687,2656.56
OUT_17688,256.54
OUT_17689,74.27
OUT_17690,74.48
OUT_17691,79.17
OUT_17692,69.78
OUT_17693,72.01
OUT_17694,1067.43
OUT_17695,72.38
OUT_17696,247.85
OUT_17697,241.17
OUT_17698,2664.6
OUT_17699,246.89
OUT_17700,72.26
OUT_17701,76.16
OUT_17702,77.02
OUT_17703,250.66
OUT_17704,74.4
OUT_17705,74.91
OUT_17706,76.32
OUT_17707,1094.66
OUT_17708,79.09
OUT_17709,258.07
OUT_17710,76.69
OUT_17711,73.0
OUT_17712,74.9
OUT_17713,74.09
OUT_17714,78.69
OUT_17715,70.98
OUT_17716,75.6
OUT_17717,1045.55
OUT_17718,1079.42
OUT_17719,79.03
OUT_17720,253.27
OUT_17721,256.65
OUT_17722,77.33
OUT_17723,72.48
OUT_17724,77.93
OUT_17725,78.46
OUT_17726,2691.83
OUT_17727,247.41
OUT_17728,75.87
OUT_17729,238.64
OUT_17730,74.57
OUT_17731,73.76
OUT_17732,236.12
OUT_17733,69.75
OUT_17734,79.82
OUT_17735,240.39
OUT_17736,1063.42
OUT_17737,1045.16
OUT_17738,1058.22
OUT_17739,1078.54
OUT_17740,250.74
OUT_17741,238.66
OUT_17742,253.17
OUT_17743,82.12
OUT_17744,257.38
OUT_17745,79.41
OUT_17746,73.89
OUT_17747,69.56
OUT_17748,72.58
OUT_17749,72.32
OUT_17750,76.68
OUT_17751,65.3
OUT_17752,1037.32
OUT_17753,257.65
OUT_17754,2643.34
OUT_17755,255.77
OUT_17756,249.21
OUT_17757,81.06
OUT_17758,70.65
OUT_17759,75.34
OUT_17760,76.97
OUT_17761,1088.36
OUT_17762,243.55
OUT_17763,257.08
OUT_17764,233.15
OUT_17765,74.72
OUT_17766,76.53
OUT_17767,75.11
OUT_17768,76.72
OUT_17769,2731.77
OUT_17770,1057.97
OUT_17771,243.14
OUT_17772,77.08
OUT_17773,78.41
OUT_17774,78.25
OUT_17775,268.15
OUT_17776,1082.81
OUT_17777,252.56
OUT_17778,1032.18
OUT_17779,82.08
OUT_17780,257.83
OUT_17781,73.96
OUT_17782,246.87
OUT_17783,1102.01
OUT_17784,74.05
OUT_17785,73.57
OUT_17786,241.25
OUT_17787,78.68
OUT_17788,78.12
OUT_17789,75.33
OUT_17790,76.65
OUT_17791,1056.07
OUT_17792,247.17
OUT_17793,76.68
OUT_17794,75.81
OUT_17795,78.53
OUT_17796,78.3
OUT_17797,73.35
OUT_17798,74.78
OUT_17799,73.2
OUT_17800,1053.48
OUT_17801,249.98
OUT_17802,256.41
OUT_17803,70.87
OUT_17804,70.78
OUT_17805,2592.63
OUT_17806,77.03
OUT_17807,69.82
OUT_17808,262.81
OUT_17809,255.1
OUT_17810,71.44
OUT_17811,260.07
OUT_17813,74.02
OUT_17814,74.37
OUT_17815,1123.56
OUT_17816,75.51
OUT_17817,75.73
OUT_17818,1061.13
OUT_17819,76.6
OUT_17820,1065.98
OUT_17821,70.81
OUT_17822,72.5
OUT_17823,78.65
OUT_17824,254.23
OUT_17825,76.63
OUT_17826,249.47
OUT_17827,1059.65
OUT_17828,73.61
OUT_17829,71.46
OUT_17830,1073.86
OUT_17831,1139.22
OUT_17832,73.43
OUT_17833,88.35
OUT_17834,258.78
OUT_17835,271.78
OUT_17836,2749.79
OUT_17837,74.18
OUT_17838,1088.43
OUT_17839,1126.6
OUT_17840,73.79
OUT_17841,82.44
OUT_17842,73.94
OUT_17843,2683.24
OUT_17844,246.83
OUT_17845,1103.79
OUT_17846,253.8
OUT_17847,257.75
OUT_17848,79.14
OUT_17849,249.26
OUT_17850,79.48
OUT_17851,259.96
OUT_17852,248.8
OUT_17853,249.43
OUT_17854,2664.69
OUT_17855,1058.24
OUT_17856,1065.47
OUT_17857,77.03
OUT_17858,269.43
OUT_17859,252.06
OUT_17860,70.32
OUT_17861,73.86
OUT_17862,75.67
OUT_17863,76.07
OUT_17864,68.24
OUT_17865,78.97
OUT_17866,70.39
OUT_17867,232.74
OUT_17868,75.79
OUT_17869,252.76
OUT_17870,75.16
OUT_17871,244.41
OUT_17872,79.61
OUT_17873,78.0
OUT_17874,73.17
OUT_17875,255.89
OUT_17876,249.76
OUT_17877,74.66
OUT_17878,259.43
OUT_17879,76.73
OUT_17880,2671.73
OUT_17881,77.44
OUT_17882,256.25
OUT_17883,253.55
OUT_17884,1082.9
OUT_17885,75.1
OUT_17886,239.12
OUT_17887,72.76
OUT_17888,74.69
OUT_17889,256.01
OUT_17890,75.97
OUT_17891,1089.34
OUT_17892,73.34
OUT_17893,77.51
OUT_17894,63.61
OUT_17895,78.57
OUT_17896,67.07
OUT_17897,73.35
OUT_17898,76.51
OUT_17899,255.44
OUT_17900,72.1
OUT_17901,72.13
OUT_17902,1029.75
OUT_17903,77.41
OUT_17904,73.75
OUT_17905,73.52
OUT_17906,1107.63
OUT_17907,261.7
OUT_17908,71.85
OUT_17909,74.75
OUT_17910,2594.58
OUT_17911,74.22
OUT_17912,255.4
OUT_17913,78.08
OUT_17914,71.96
OUT_17915,79.98
OUT_17916,68.66
OUT_17917,73.34
OUT_17918,1078.75
OUT_17919,70.83
OUT_17920,70.87
OUT_17921,70.59
OUT_17922,75.87
OUT_17923,2690.95
OUT_17924,75.38
OUT_17925,70.67
OUT_17926,256.45
OUT_17927,237.79
OUT_17928,71.61
OUT_17929,77.32
OUT_17930,74.59
OUT_17931,73.57
OUT_17932,75.55
OUT_17933,1067.77
OUT_17934,243.16
OUT_17935,242.68
OUT_17936,1057.44
OUT_17937,257.93
OUT_17938,74.09
OUT_17939,76.5
OUT_17940,77.55
OUT_17941,70.76
OUT_17942,76.52
OUT_17943,76.01
OUT_17944,1053.8
OUT_17945,72.32
OUT_17946,72.74
OUT_17947,1078.16
OUT_17948,74.62
OUT_17949,74.66
OUT_17950,71.24
OUT_17951,75.33
OUT_17952,69.41
OUT_17953,70.94
OUT_17954,79.22
OUT_17955,1058.64
OUT_17956,258.0
OUT_17957,243.03
OUT_17958,76.52
OUT_17959,72.13
OUT_17960,78.82
OUT_17961,63.73
OUT_17962,79.36
OUT_17963,255.01
OUT_17964,247.4
OUT_17965,74.46
OUT_17966,68.48
OUT_17967,1062.72
OUT_17968,74.76
OUT_17969,79.91
OUT_17970,66.35
OUT_17971,72.39
OUT_17972,247.73
OUT_17973,1024.22
OUT_17974,72.64
OUT_17975,1057.53
OUT_17976,79.25
OUT_17977,69.91
OUT_17978,70.28
OUT_17979,1061.6
OUT_17980,75.2
OUT_17981,74.75
OUT_17982,76.06
OUT_17983,2703.14
OUT_17984,73.19
OUT_17985,80.39
OUT_17986,1054.92
OUT_17987,1059.45
OUT_17988,1039.13
OUT_17989,2693.2
OUT_17990,75.99
OUT_17991,245.99
OUT_17992,77.07
OUT_17993,77.39
OUT_17994,258.14
OUT_17995,1090.6
OUT_17996,74.22
OUT_17997,80.73
OUT_17998,77.89
OUT_17999,71.29
OUT_18000,73.49
OUT_18001,71.41
OUT_18002,77.56
OUT_18003,72.09
OUT_18004,251.69
OUT_18005,72.95
OUT_18006,1061.66
OUT_18007,79.24
OUT_18008,77.33
OUT_18009,78.31
OUT_18010,76.0
OUT_18011,1061.22
OUT_18012,1051.38
OUT_18013,77.35
OUT_18014,75.78
OUT_18015,237.56
OUT_18016,77.72
OUT_18017,1076.99
OUT_18018,1034.09
OUT_18019,77.59
OUT_18020,253.08
OUT_18021,78.83
OUT_18022,2730.88
OUT_18023,2691.8
OUT_18024,69.87
OUT_18025,259.01
OUT_18026,246.78
OUT_18027,260.83
OUT_18028,256.15
OUT_18029,2662.16
OUT_18030,70.13
OUT_18031,249.63
OUT_18032,83.61
OUT_18033,260.53
OUT_18034,267.01
OUT_18035,1067.57
OUT_18036,1073.17
OUT_18037,72.77
OUT_18038,76.07
OUT_18039,77.22
OUT_18040,249.84
OUT_18041,77.48
OUT_18042,72.61
OUT_18043,73.56
OUT_18044,256.6
OUT_18045,256.43
OUT_18046,246.56
OUT_18047,78.91
OUT_18048,77.41
OUT_18049,72.72
OUT_18050,1076.43
OUT_18051,237.16
OUT_18052,72.7
OUT_18053,258.17
OUT_18054,71.37
OUT_18055,2676.06
OUT_18056,78.74
OUT_18057,76.49
OUT_18058,250.62
OUT_18059,77.1
OUT_18060,1050.87
OUT_18061,234.56
OUT_18062,238.15
OUT_18063,74.79
OUT_18064,74.33
OUT_18065,73.87
OUT_18066,76.86
OUT_18067,255.39
OUT_18068,253.65
OUT_18069,78.01
OUT_18070,71.13
OUT_18071,2629.47
OUT_18072,1062.13
OUT_18073,252.9
OUT_18074,78.79
OUT_18075,249.98
OUT_18076,84.37
OUT_18077,76.6
OUT_18078,251.23
OUT_18079,76.83
OUT_18080,79.79
OUT_18081,73.68
OUT_18082,80.68
OUT_18083,75.3
OUT_18084,73.73
OUT_18085,254.39
OUT_18086,1053.59
OUT_18087,262.08
OUT_18088,78.02
OUT_18089,69.62
OUT_18090,262.64
OUT_18091,242.2
OUT_18092,248.25
OUT_18093,254.97
OUT_18094,253.96
OUT_18095,254.08
OUT_18096,77.48
OUT_18097,76.99
OUT_18098,77.36
OUT_18099,1072.73
OUT_18100,241.57
OUT_18101,77.48
OUT_18102,256.75
OUT_18103,74.67
OUT_18104,266.24
OUT_18105,74.14
OUT_18106,252.74
OUT_18107,72.87
OUT_18108,248.95
OUT_18109,74.87
OUT_18110,1061.85
OUT_18111,72.66
OUT_18112,74.18
OUT_18113,71.4
OUT_18114,71.51
OUT_18115,71.26
OUT_18116,75.04
OUT_18117,253.23
OUT_18118,72.43
OUT_18119,75.72
OUT_18120,74.06
OUT_18121,79.41
OUT_18122,72.78
OUT_18123,251.99
OUT_18124,80.91
OUT_18125,2692.84
OUT_18126,74.31
OUT_18127,82.29
OUT_18128,2697.45
OUT_18129,82.59
OUT_18130,1066.82
OUT_18131,255.24
OUT_18132,69.09
OUT_18133,74.17
OUT_18134,79.75
OUT_18135,78.42
OUT_18136,257.97
OUT_18137,77.35
OUT_18138,83.73
OUT_18139,74.04
OUT_18140,78.28
OUT_18141,1069.91
OUT_18142,78.29
OUT_18143,72.57
OUT_18144,259.14
OUT_18145,243.18
OUT_18146,256.57
OUT_18147,76.68
OUT_18148,70.32
OUT_18149,1090.6
OUT_18150,1091.46
OUT_18151,77.49
OUT_18152,244.09
OUT_18153,241.4
OUT_18154,257.18
OUT_18155,246.52
OUT_18156,241.97
OUT_18157,1081.72
OUT_18158,1019.84
OUT_18159,70.91
OUT_18160,1024.54
OUT_18161,81.45
OUT_18162,75.6
OUT_18163,1063.93
OUT_18164,73.56
OUT_18165,67.72
OUT_18166,2737.59
OUT_18167,1061.62
OUT_18168,81.58
OUT_18169,77.81
OUT_18170,1079.14
OUT_18171,70.78
OUT_18172,1099.26
OUT_18173,255.65
OUT_18174,244.93
OUT_18175,250.19
OUT_18176,77.96
OUT_18177,73.81
OUT_18178,75.85
OUT_18179,248.46
OUT_18180,81.12
OUT_18181,77.78
OUT_18182,76.54
OUT_18183,269.37
OUT_18184,75.08
OUT_18185,260.55
OUT_18186,263.13
OUT_18187,1014.98
OUT_18188,79.62
OUT_18189,259.77
OUT_18190,74.23
OUT_18191,1087.91
OUT_18192,255.92
OUT_18193,77.35
OUT_18194,264.86
OUT_18195,261.18
OUT_18196,71.31
OUT_18197,77.55
OUT_18198,65.28
OUT_18199,77.69
OUT_18200,257.35
OUT_18201,77.2
OUT_18202,238.1
OUT_18203,1081.29
OUT_18204,252.39
OUT_18205,72.27
OUT_18206,65.08
OUT_18207,1078.32
OUT_18208,253.97
OUT_18209,2665.11
OUT_18210,1076.1
OUT_18211,249.56
OUT_18212,68.21
OUT_18213,88.6
OUT_18214,79.25
OUT_18215,259.35
OUT_18216,248.86
OUT_18217,245.99
OUT_18218,1089.68
OUT_18219,73.5
OUT_18220,1026.74
OUT_18221,246.19
OUT_18222,246.33
OUT_18223,1079.41
OUT_18224,247.01
OUT_18225,77.87
OUT_18226,1039.41
OUT_18227,252.95
OUT_18228,78.17
OUT_18229,73.07
OUT_18230,70.92
OUT_18231,75.11
OUT_18232,70.85
OUT_18233,71.52
OUT_18234,1068.3
OUT_18235,76.91
OUT_18236,70.81
OUT_18237,79.34
OUT_18238,74.98
OUT_18239,68.36
OUT_18240,1043.41
OUT_18241,2652.82
OUT_18242,1029.97
OUT_18243,73.01
OUT_18244,77.0
OUT_18245,241.97
OUT_18246,255.47
OUT_18247,81.85
OUT_18248,245.59
OUT_18249,254.73
OUT_18250,73.87
OUT_18251,69.99
OUT_18252,76.75
OUT_18253,73.18
OUT_18254,1034.48
OUT_18255,75.83
OUT_18256,71.56
OUT_18257,1049.88
OUT_18258,74.11
OUT_18259,77.35
OUT_18260,69.31
OUT_18261,73.45
OUT_18262,73.76
OUT_18263,1071.74
OUT_18264,1090.61
OUT_18265,248.4
OUT_18266,75.73
OUT_18267,1064.91
OUT_18268,74.63
OUT_18269,67.03
OUT_18270,72.0
OUT_18271,70.63
OUT_18272,76.23
OUT_18273,75.19
OUT_18274,265.39
OUT_18275,1108.7
OUT_18276,72.94
OUT_18277,72.6
OUT_18278,79.34
OUT_18279,2604.92
OUT_18280,71.61
OUT_18281,250.98
OUT_18282,74.6
OUT_18283,79.49
OUT_18284,76.15
OUT_18285,254.15
OUT_18286,1055.82
OUT_18287,247.78
OUT_18288,72.16
OUT_18289,259.52
OUT_18290,1083.87
OUT_18291,1040.23
OUT_18292,75.29
OUT_18293,1056.49
OUT_18294,76.12
OUT_18295,75.26
OUT_18296,1080.23
OUT_18297,256.5
OUT_18298,71.72
OUT_18299,249.46
OUT_18300,249.01
OUT_18301,78.68
OUT_18302,71.22
OUT_18303,74.86
OUT_18304,75.37
OUT_18305,1115.12
OUT_18306,241.54
OUT_18307,73.29
OUT_18308,265.47
OUT_18309,263.68
OUT_18310,248.83
OUT_18311,70.67
OUT_18312,74.7
OUT_18313,252.74
OUT_18314,1077.36
OUT_18315,80.37
OUT_18316,78.0
OUT_18317,248.99
OUT_18318,72.03
OUT_18319,265.68
OUT_18320,75.29
OUT_18321,1116.93
OUT_18322,256.21
OUT_18323,250.85
OUT_18324,248.29
OUT_18325,76.64
OUT_18326,76.08
OUT_18327,79.08
OUT_18328,71.93
OUT_18329,73.16
OUT_18330,1054.05
OUT_18331,1051.95
OUT_18332,77.57
OUT_18333,66.67
OUT_18334,1037.77
OUT_18335,241.57
OUT_18336,74.91
OUT_18337,1058.54
OUT_18338,2594.58
OUT_18339,264.55
OUT_18340,75.8
OUT_18341,251.45
OUT_18342,240.65
OUT_18343,265.31
OUT_18344,72.21
OUT_18345,75.12
OUT_18346,255.79
OUT_18347,73.0
OUT_18348,72.02
OUT_18349,82.23
OUT_18350,78.65
OUT_18351,80.03
OUT_18352,2626.25
OUT_18353,78.61
OUT_18354,265.32
OUT_18355,64.34
OUT_18357,68.41
OUT_18358,1058.6
OUT_18359,73.73
OUT_18360,77.4
OUT_18361,236.06
OUT_18362,242.89
OUT_18363,263.67
OUT_18364,68.51
OUT_18365,262.88
OUT_18366,257.25
OUT_18367,72.92
OUT_18368,1067.54
OUT_18369,233.45
OUT_18370,79.74
OUT_18371,73.64
OUT_18372,73.77
OUT_18373,72.23
OUT_18374,74.26
OUT_18375,79.87
OUT_18376,78.27
OUT_18377,2558.87
OUT_18378,245.86
OUT_18379,77.91
OUT_18380,250.64
OUT_18381,75.97
OUT_18382,1054.28
OUT_18383,1038.32
OUT_18384,70.14
OUT_18385,78.55
OUT_18386,72.01
OUT_18387,1068.86
OUT_18388,73.68
OUT_18389,71.96
OUT_18390,78.72
OUT_18391,255.52
OUT_18392,1093.95
OUT_18393,80.09
OUT_18394,245.59
OUT_18395,83.05
OUT_18396,80.38
OUT_18397,76.88
OUT_18398,1079.96
OUT_18399,244.01
OUT_18400,69.67
OUT_18401,79.95
OUT_18402,73.76
OUT_18403,258.53
OUT_18404,74.57
OUT_18405,247.02
OUT_18406,74.34
OUT_18407,1091.48
OUT_18408,2610.74
OUT_18409,258.89
OUT_18410,251.6
OUT_18411,242.43
OUT_18412,74.82
OUT_18413,1106.85
OUT_18414,250.4
OUT_18415,78.64
OUT_18416,248.69
OUT_18417,74.7
OUT_18418,75.54
OUT_18419,70.23
OUT_18420,255.58
OUT_18421,249.14
OUT_18422,253.52
OUT_18423,80.33
OUT_18424,76.66
OUT_18425,239.66
OUT_18426,74.52
OUT_18427,250.45
OUT_18428,74.73
OUT_18429,251.68
OUT_18430,75.25
OUT_18431,248.32
OUT_18432,77.19
OUT_18433,74.13
OUT_18434,78.12
OUT_18435,73.98
OUT_18436,69.13
OUT_18437,74.32
OUT_18438,73.31
OUT_18439,237.76
OUT_18440,1084.37
OUT_18441,76.9
OUT_18442,79.18
OUT_18443,74.79
OUT_18444,255.32
OUT_18445,76.23
OUT_18446,260.86
OUT_18447,1080.28
OUT_18448,68.63
OUT_18449,251.23
OUT_18450,77.43
OUT_18451,73.21
OUT_18452,2700.82
OUT_18453,74.31
OUT_18454,1064.32
OUT_18455,76.03
OUT_18456,73.84
OUT_18457,78.78
OUT_18458,76.17
OUT_18459,241.96
OUT_18460,77.09
OUT_18461,268.11
OUT_18462,78.61
OUT_18463,76.11
OUT_18464,75.05
OUT_18465,70.75
OUT_18466,73.68
OUT_18467,75.42
OUT_18468,2725.6
OUT_18469,267.98
OUT_18470,69.41
OUT_18471,67.5
OUT_18472,77.32
OUT_18473,1089.28
OUT_18474,70.51
OUT_18475,72.52
OUT_18476,240.34
OUT_18477,2601.32
OUT_18478,72.02
OUT_18479,2769.54
OUT_18480,74.06
OUT_18481,1092.85
OUT_18482,249.01
OUT_18483,85.89
OUT_18484,68.7
OUT_18485,247.1
OUT_18486,1056.27
OUT_18487,71.02
OUT_18488,71.04
OUT_18489,73.52
OUT_18490,69.6
OUT_18491,1069.94
OUT_18492,75.27
OUT_18493,72.79
OUT_18494,77.65
OUT_18495,78.13
OUT_18496,76.23
OUT_18497,257.33
OUT_18498,72.23
OUT_18499,68.5
OUT_18500,79.33
OUT_18501,2675.27
OUT_18502,1089.51
OUT_18503,77.45
OUT_18504,1078.94
OUT_18505,252.61
OUT_18506,264.38
OUT_18507,1028.06
OUT_18508,245.68
OUT_18509,71.08
OUT_18510,69.97
OUT_18511,2618.3
OUT_18512,81.81
OUT_18513,78.21
OUT_18514,72.13
OUT_18515,74.91
OUT_18516,79.34
OUT_18517,74.48
OUT_18518,254.84
OUT_18519,73.35
OUT_18520,73.5
OUT_18521,257.35
OUT_18522,1092.83
OUT_18523,1031.04
OUT_18524,265.43
OUT_18525,68.22
OUT_18526,76.73
OUT_18527,263.95
OUT_18528,81.86
OUT_18529,75.08
OUT_18530,69.46
OUT_18531,256.95
OUT_18532,1051.41
OUT_18533,69.83
OUT_18534,76.25
OUT_18535,75.99
OUT_18536,72.16
OUT_18537,1050.7
OUT_18538,258.93
OUT_18539,254.13
OUT_18540,74.19
OUT_18541,256.03
OUT_18542,1096.94
OUT_18543,74.65
OUT_18544,71.4
OUT_18545,1080.88
OUT_18546,247.87
OUT_18547,244.99
OUT_18548,256.35
OUT_18549,250.51
OUT_18550,75.31
OUT_18551,75.09
OUT_18552,74.75
OUT_18553,74.74
OUT_18554,250.96
OUT_18555,250.59
OUT_18556,1014.07
OUT_18557,76.7
OUT_18558,64.68
OUT_18559,247.9
OUT_18560,76.72
OUT_18561,69.95
OUT_18562,252.89
OUT_18563,70.58
OUT_18564,73.85
OUT_18565,70.19
OUT_18566,73.76
OUT_18567,247.26
OUT_18568,81.11
OUT_18569,238.66
OUT_18570,74.24
OUT_18571,71.94
OUT_18572,1057.75
OUT_18573,250.3
OUT_18574,77.81
OUT_18575,260.81
OUT_18576,248.99
OUT_18577,265.21
OUT_18578,257.21
OUT_18579,259.85
OUT_18580,71.96
OUT_18581,250.73
OUT_18582,258.15
OUT_18583,73.15
OUT_18584,237.46
OUT_18585,75.41
OUT_18586,77.02
OUT_18587,250.68
OUT_18588,76.6
OUT_18589,1076.18
OUT_18590,69.25
OUT_18591,76.55
OUT_18592,73.82
OUT_18593,254.11
OUT_18594,70.44
OUT_18595,84.45
OUT_18596,78.0
OUT_18597,246.03
OUT_18598,81.57
OUT_18599,66.35
OUT_18600,75.88
OUT_18601,78.16
OUT_18602,255.04
OUT_18603,78.3
OUT_18604,1052.71
OUT_18605,74.41
OUT_18606,75.34
OUT_18607,1092.61
OUT_18608,244.57
OUT_18609,66.05
OUT_18610,70.66
OUT_18611,262.75
OUT_18612,75.65
OUT_18613,80.17
OUT_18614,984.23
OUT_18615,81.24
OUT_18616,76.72
OUT_18617,233.56
OUT_18618,76.51
OUT_18619,249.06
OUT_18620,82.84
OUT_18621,74.69
OUT_18622,252.53
OUT_18623,1077.72
OUT_18624,74.32
OUT_18625,72.57
OUT_18626,273.17
OUT_18627,249.68
OUT_18628,251.59
OUT_18629,74.76
OUT_18630,1087.09
OUT_18631,1056.89
OUT_18632,255.79
OUT_18633,72.71
OUT_18634,72.65
OUT_18635,261.69
OUT_18636,255.63
OUT_18637,1028.41
OUT_18638,73.8
OUT_18639,75.58
OUT_18640,73.37
OUT_18641,246.46
OUT_18642,72.9
OUT_18643,76.01
OUT_18644,78.34
OUT_18645,78.79
OUT_18646,259.44
OUT_18647,241.99
OUT_18648,1063.7
OUT_18649,251.71
OUT_18650,78.19
OUT_18651,75.09
OUT_18652,258.29
OUT_18653,75.41
OUT_18654,76.1
OUT_18655,73.0
OUT_18656,76.05
OUT_18657,76.66
OUT_18658,242.02
OUT_18659,1086.96
OUT_18660,1072.69
OUT_18661,71.92
OUT_18662,242.2
OUT_18663,249.26
OUT_18664,67.25
OUT_18665,78.2
OUT_18666,72.21
OUT_18667,1052.7
OUT_18668,233.51
OUT_18669,240.79
OUT_18670,244.77
OUT_18671,2640.0
OUT_18672,70.15
OUT_18673,70.86
OUT_18674,1082.07
OUT_18675,1042.56
OUT_18676,250.87
OUT_18677,75.06
OUT_18678,252.05
OUT_18679,263.11
OUT_18680,256.19
OUT_18681,73.98
OUT_18682,2677.26
OUT_18683,68.96
OUT_18684,1016.41
OUT_18685,78.33
OUT_18686,73.85
OUT_18687,73.58
OUT_18688,251.58
OUT_18689,1095.27
OUT_18690,76.69
OUT_18691,73.98
OUT_18692,67.76
OUT_18693,258.69
OUT_18694,73.0
OUT_18695,63.35
OUT_18696,253.75
OUT_18697,75.96
OUT_18698,76.49
OUT_18699,73.84
OUT_18700,248.86
OUT_18701,1031.58
OUT_18702,245.94
OUT_18703,241.45
OUT_18704,77.27
OUT_18705,72.69
OUT_18706,73.72
OUT_18707,1079.42
OUT_18708,72.81
OUT_18709,71.74
OUT_18710,72.96
OUT_18711,76.42
OUT_18712,245.63
OUT_18713,77.49
OUT_18714,1079.31
OUT_18715,1070.43
OUT_18716,77.04
OUT_18717,71.2
OUT_18718,72.01
OUT_18719,260.17
OUT_18720,83.4
OUT_18721,74.32
OUT_18722,72.66
OUT_18723,77.06
OUT_18724,77.7
OUT_18725,72.87
OUT_18726,78.33
OUT_18727,253.36
OUT_18728,261.78
OUT_18729,252.27
OUT_18730,76.23
OUT_18731,71.71
OUT_18732,1095.42
OUT_18733,74.0
OUT_18734,72.52
OUT_18735,252.5
OUT_18736,263.12
OUT_18737,2654.41
OUT_18738,2635.49
OUT_18739,234.3
OUT_18740,1091.95
OUT_18741,237.63
OUT_18742,70.79
OUT_18743,79.45
OUT_18744,75.1
OUT_18745,1043.47
OUT_18746,72.09
OUT_18747,77.84
OUT_18748,247.46
OUT_18749,78.54
OUT_18750,79.32
OUT_18751,1058.77
OUT_18752,73.5
OUT_18753,77.17
OUT_18754,1050.12
OUT_18755,260.81
OUT_18756,81.93
OUT_18757,64.6
OUT_18758,73.43
OUT_18759,69.71
OUT_18760,75.7
OUT_18761,1047.74
OUT_18762,253.59
OUT_18763,66.68
OUT_18764,81.67
OUT_18765,78.64
OUT_18766,242.11
OUT_18767,1089.63
OUT_18768,1078.46
OUT_18769,72.95
OUT_18770,75.6
OUT_18771,74.21
OUT_18772,1088.51
OUT_18773,78.03
OUT_18774,249.06
OUT_18775,251.64
OUT_18776,76.95
OUT_18777,251.54
OUT_18778,78.46
OUT_18779,249.61
OUT_18780,83.51
OUT_18781,251.96
OUT_18782,250.43
OUT_18783,71.34
OUT_18784,69.89
OUT_18785,80.87
OUT_18786,73.92
OUT_18787,75.46
OUT_18788,2671.47
OUT_18789,253.68
OUT_18790,264.3
OUT_18791,1073.19
OUT_18792,72.09
OUT_18793,2783.83
OUT_18794,75.8
OUT_18795,242.67
OUT_18796,2707.21
OUT_18797,76.05
OUT_18798,72.22
OUT_18799,243.38
OUT_18800,240.16
OUT_18801,249.59
OUT_18802,2636.89
OUT_18803,75.61
OUT_18804,82.9
OUT_18805,2706.69
OUT_18806,79.82
OUT_18807,77.17
OUT_18808,75.07
OUT_18809,76.16
OUT_18810,73.41
OUT_18811,72.73
OUT_18812,78.83
OUT_18813,73.98
OUT_18814,238.28
OUT_18815,1061.62
OUT_18816,73.25
OUT_18817,79.25
OUT_18818,75.17
OUT_18819,1041.56
OUT_18820,73.84
OUT_18821,243.51
OUT_18822,78.82
OUT_18823,254.74
OUT_18824,73.8
OUT_18825,1037.98
OUT_18826,240.64
OUT_18827,2675.27
OUT_18828,73.64
OUT_18829,269.48
OUT_18830,74.97
OUT_18831,77.79
OUT_18832,244.68
OUT_18833,258.77
OUT_18834,74.5
OUT_18835,1099.0
OUT_18836,72.12
OUT_18837,75.89
OUT_18838,1035.45
OUT_18839,74.69
OUT_18840,265.92
OUT_18841,73.21
OUT_18842,70.6
OUT_18843,264.35
OUT_18844,2711.83
OUT_18845,72.33
OUT_18846,76.0
OUT_18847,65.56
OUT_18848,261.48
OUT_18849,74.82
OUT_18850,2659.54
OUT_18851,80.42
OUT_18852,1098.13
OUT_18853,242.92
OUT_18854,72.49
OUT_18855,1035.12
OUT_18856,74.82
OUT_18857,69.19
OUT_18858,1066.06
OUT_18859,80.27
OUT_18860,254.92
OUT_18861,79.94
OUT_18862,270.83
OUT_18863,1076.09
OUT_18864,246.25
OUT_18865,78.12
OUT_18866,1003.69
OUT_18867,250.8
OUT_18868,75.69
OUT_18869,70.71
OUT_18870,260.31
OUT_18871,74.87
OUT_18872,235.88
OUT_18873,242.62
OUT_18874,1127.07
OUT_18875,76.43
OUT_18876,252.79
OUT_18877,2651.78
OUT_18878,76.79
OUT_18879,70.61
OUT_18880,69.67
OUT_18881,73.19
OUT_18882,246.71
OUT_18883,255.63
OUT_18884,244.71
OUT_18885,1097.57
OUT_18886,72.26
OUT_18887,77.13
OUT_18888,254.8
OUT_18889,77.16
OUT_18890,257.82
OUT_18891,72.72
OUT_18892,242.61
OUT_18893,77.65
OUT_18894,259.11
OUT_18895,79.82
OUT_18896,1071.62
OUT_18897,249.83
OUT_18898,75.67
OUT_18899,68.26
OUT_18900,256.23
OUT_18901,70.09
OUT_18902,262.43
OUT_18903,1054.12
OUT_18904,259.98
OUT_18905,257.86
OUT_18906,76.32
OUT_18907,70.14
OUT_18908,72.19
OUT_18909,1040.03
OUT_18910,231.33
OUT_18911,1076.09
OUT_18912,1024.64
OUT_18913,1090.0
OUT_18914,259.09
OUT_18915,252.88
OUT_18916,75.61
OUT_18917,76.07
OUT_18918,80.31
OUT_18919,1033.29
OUT_18920,72.34
OUT_18921,254.39
OUT_18922,268.33
OUT_18923,74.12
OUT_18924,257.71
OUT_18925,261.01
OUT_18926,73.73
OUT_18927,76.77
OUT_18928,74.29
OUT_18929,249.81
OUT_18930,1065.4
OUT_18931,66.38
OUT_18932,78.23
OUT_18933,256.67
OUT_18934,2669.12
OUT_18935,71.84
OUT_18936,70.75
OUT_18937,73.18
OUT_18938,250.28
OUT_18939,1071.23
OUT_18940,75.87
OUT_18941,1058.13
OUT_18942,269.63
OUT_18943,71.86
OUT_18944,229.61
OUT_18945,245.37
OUT_18946,72.4
OUT_18947,75.14
OUT_18948,263.11
OUT_18949,77.28
OUT_18950,1081.12
OUT_18951,251.43
OUT_18952,253.61
OUT_18953,73.74
OUT_18954,76.17
OUT_18955,72.44
OUT_18956,1035.62
OUT_18957,75.63
OUT_18958,1056.49
OUT_18959,76.56
OUT_18960,79.24
OUT_18961,75.58
OUT_18962,249.73
OUT_18963,75.18
OUT_18964,77.17
OUT_18965,258.85
OUT_18966,255.94
OUT_18967,73.43
OUT_18968,261.64
OUT_18969,81.5
OUT_18970,254.3
OUT_18971,76.88
OUT_18972,245.94
OUT_18973,250.34
OUT_18974,75.14
OUT_18976,69.83
OUT_18977,84.57
OUT_18978,68.01
OUT_18979,250.0
OUT_18980,80.55
OUT_18981,70.69
OUT_18982,1048.92
OUT_18983,1052.34
OUT_18984,71.29
OUT_18985,2651.88
OUT_18986,1056.83
OUT_18987,79.55
OUT_18988,237.41
OUT_18989,72.23
OUT_18990,67.1
OUT_18991,76.58
OUT_18992,1099.69
OUT_18993,74.81
OUT_18994,261.61
OUT_18995,2706.64
OUT_18996,243.18
OUT_18997,79.51
OUT_18998,1039.61
OUT_18999,77.82
OUT_19000,77.65
OUT_19001,70.81
OUT_19002,257.07
OUT_19003,70.43
OUT_19004,1103.98
OUT_19005,74.13
OUT_19006,248.11
OUT_19007,75.13
OUT_19008,72.38
OUT_19009,72.71
OUT_19010,72.8
OUT_19011,72.01
OUT_19012,2668.62
OUT_19013,262.72
OUT_19014,75.39
OUT_19015,75.01
OUT_19016,74.74
OUT_19017,76.55
OUT_19018,1092.26
OUT_19019,70.41
OUT_19020,75.05
OUT_19021,78.19
OUT_19022,75.42
OUT_19023,254.63
OUT_19024,2673.01
OUT_19025,1072.18
OUT_19026,252.3
OUT_19027,257.43
OUT_19028,1035.62
OUT_19029,276.66
OUT_19030,2601.96
OUT_19031,74.69
OUT_19032,73.66
OUT_19033,254.9
OUT_19034,250.94
OUT_19035,74.9
OUT_19036,75.08
OUT_19037,74.58
OUT_19038,1108.06
OUT_19039,2691.83
OUT_19040,2625.52
OUT_19041,243.26
OUT_19042,243.23
OUT_19043,1026.38
OUT_19044,258.73
OUT_19045,1065.64
OUT_19046,240.12
OUT_19047,68.36
OUT_19048,67.07
OUT_19049,1071.05
OUT_19050,260.34
OUT_19051,1039.93
OUT_19052,245.06
OUT_19053,75.26
OUT_19054,262.51
OUT_19055,73.23
OUT_19056,77.91
OUT_19057,74.32
OUT_19058,259.33
OUT_19059,73.19
OUT_19060,245.6
OUT_19061,239.07
OUT_19062,257.41
OUT_19063,257.22
OUT_19064,251.13
OUT_19065,70.92
OUT_19066,69.15
OUT_19067,74.91
OUT_19068,2650.96
OUT_19069,243.3
OUT_19070,72.24
OUT_19071,73.88
OUT_19072,255.99
OUT_19073,239.48
OUT_19074,77.58
OUT_19075,1060.11
OUT_19076,246.26
OUT_19077,78.19
OUT_19078,79.3
OUT_19079,70.2
OUT_19080,68.74
OUT_19081,77.72
OUT_19082,67.56
OUT_19083,76.14
OUT_19084,67.92
OUT_19085,247.46
OUT_19086,65.86
OUT_19087,75.71
OUT_19088,74.82
OUT_19089,270.35
OUT_19090,247.57
OUT_19091,2552.74
OUT_19092,1056.3
OUT_19093,77.97
OUT_19094,1030.04
OUT_19095,79.34
OUT_19096,78.4
OUT_19097,72.49
OUT_19098,70.52
OUT_19099,76.1
OUT_19100,241.91
OUT_19101,75.46
OUT_19102,64.99
OUT_19103,257.35
OUT_19104,269.41
OUT_19105,252.58
OUT_19106,70.37
OUT_19107,73.4
OUT_19108,76.85
OUT_19109,77.75
OUT_19110,261.32
OUT_19111,74.4
OUT_19112,73.73
OUT_19113,71.83
OUT_19114,247.12
OUT_19115,1078.6
OUT_19116,255.08
OUT_19117,74.85
OUT_19118,67.95
OUT_19119,273.71
OUT_19120,245.16
OUT_19121,2685.51
OUT_19122,238.09
OUT_19123,71.1
OUT_19124,67.49
OUT_19125,1030.21
OUT_19126,2598.06
OUT_19127,75.88
OUT_19128,72.83
OUT_19129,257.38
OUT_19130,240.93
OUT_19131,251.56
OUT_19132,248.07
OUT_19133,1063.99
OUT_19134,247.09
OUT_19135,246.87
OUT_19136,76.97
OUT_19137,261.08
OUT_19138,69.46
OUT_19139,231.46
OUT_19140,74.26
OUT_19141,71.24
OUT_19142,1101.41
OUT_19143,75.86
OUT_19144,75.04
OUT_19146,245.58
OUT_19147,77.18
OUT_19148,74.28
OUT_19149,70.78
OUT_19150,77.12
OUT_19151,2675.27
OUT_19152,265.53
OUT_19153,243.32
OUT_19154,1049.99
OUT_19155,74.75
OUT_19156,70.77
OUT_19157,79.91
OUT_19158,74.29
OUT_19159,1014.01
OUT_19160,262.96
OUT_19161,242.49
OUT_19162,74.54
OUT_19163,275.35
OUT_19164,257.31
OUT_19165,78.76
OUT_19166,75.91
OUT_19167,246.31
OUT_19168,67.37
OUT_19169,257.94
OUT_19171,74.2
OUT_19172,75.37
OUT_19173,71.29
OUT_19174,79.41
OUT_19175,80.25
OUT_19176,257.12
OUT_19177,1050.96
OUT_19178,75.77
OUT_19179,76.19
OUT_19180,75.83
OUT_19181,69.98
OUT_19182,256.93
OUT_19183,71.43
OUT_19184,76.63
OUT_19185,246.54
OUT_19186,1060.6
OUT_19187,2655.71
OUT_19188,72.35
OUT_19189,80.55
OUT_19190,246.36
OUT_19191,74.19
OUT_19192,74.85
OUT_19193,82.22
OUT_19194,263.32
OUT_19195,236.8
OUT_19196,247.58
OUT_19197,70.24
OUT_19198,81.09
OUT_19199,76.2
OUT_19200,72.16
OUT_19201,2649.64
OUT_19202,75.66
OUT_19203,72.03
OUT_19204,1083.91
OUT_19205,75.65
OUT_19206,261.71
OUT_19207,240.96
OUT_19208,256.39
OUT_19209,244.25
OUT_19210,249.47
OUT_19211,1067.93
OUT_19212,77.41
OUT_19213,72.48
OUT_19214,1075.77
OUT_19215,75.31
OUT_19216,253.0
OUT_19217,261.33
OUT_19218,68.73
OUT_19219,71.02
OUT_19220,78.76
OUT_19221,78.04
OUT_19222,72.92
OUT_19223,69.59
OUT_19224,77.48
OUT_19225,258.33
OUT_19226,78.01
OUT_19227,243.99
OUT_19228,72.07
OUT_19229,256.49
OUT_19230,1040.38
OUT_19231,73.64
OUT_19232,248.0
OUT_19233,250.25
OUT_19234,78.49
OUT_19235,1080.63
OUT_19236,233.85
OUT_19237,73.52
OUT_19238,71.86
OUT_19239,76.02
OUT_19240,263.77
OUT_19241,72.97
OUT_19242,71.65
OUT_19243,256.64
OUT_19244,246.52
OUT_19245,74.38
OUT_19246,241.27
OUT_19247,76.19
OUT_19248,243.97
OUT_19249,266.76
OUT_19250,79.75
OUT_19251,75.25
OUT_19252,1119.05
OUT_19253,245.95
OUT_19254,80.71
OUT_19255,243.86
OUT_19256,77.59
OUT_19257,264.48
OUT_19258,2650.28
OUT_19259,72.18
OUT_19260,75.41
OUT_19261,255.84
OUT_19262,78.99
OUT_19263,248.76
OUT_19264,71.96
OUT_19265,243.47
OUT_19266,263.6
OUT_19267,73.34
OUT_19268,248.81
OUT_19269,77.45
OUT_19270,80.11
OUT_19271,252.92
OUT_19272,75.07
OUT_19273,1062.69
OUT_19274,71.43
OUT_19275,2693.95
OUT_19276,78.34
OUT_19277,75.85
OUT_19278,1092.11
OUT_19279,72.14
OUT_19280,75.84
OUT_19281,74.2
OUT_19282,1071.94
OUT_19283,252.53
OUT_19284,1030.2
OUT_19285,242.16
OUT_19286,77.35
OUT_19287,76.22
OUT_19288,76.88
OUT_19289,268.58
OUT_19290,75.76
OUT_19291,1087.64
OUT_19292,78.34
OUT_19293,70.05
OUT_19294,268.26
OUT_19295,258.26
OUT_19296,257.37
OUT_19297,67.92
OUT_19298,1065.4
OUT_19299,70.85
OUT_19300,1075.78
OUT_19301,73.85
OUT_19302,83.86
OUT_19303,2651.12
OUT_19304,71.52
OUT_19305,75.04
OUT_19306,78.11
OUT_19307,2669.7
OUT_19308,1070.12
OUT_19309,67.58
OUT_19310,2693.91
OUT_19311,2611.66
OUT_19312,2658.6
OUT_19313,79.46
OUT_19314,74.35
OUT_19315,74.26
OUT_19316,268.24
OUT_19317,74.87
OUT_19318,1050.93
OUT_19320,1071.99
OUT_19321,73.39
OUT_19322,71.08
OUT_19323,1087.94
OUT_19324,249.75
OUT_19325,1063.72
OUT_19326,80.96
OUT_19327,69.51
OUT_19328,72.7
OUT_19329,69.31
OUT_19331,237.87
OUT_19332,1108.35
OUT_19333,1053.82
OUT_19334,80.77
OUT_19335,74.93
OUT_19336,76.99
OUT_19337,81.83
OUT_19338,66.97
OUT_19339,996.75
OUT_19340,76.42
OUT_19341,993.35
OUT_19342,1080.58
OUT_19343,73.3
OUT_19344,1025.27
OUT_19345,253.56
OUT_19346,69.77
OUT_19347,75.62
OUT_19348,2698.28
OUT_19349,252.8
OUT_19350,1045.82
OUT_19351,75.62
OUT_19352,83.11
OUT_19353,253.7
OUT_19354,70.16
OUT_19355,1051.41
OUT_19356,1058.26
OUT_19357,1034.1
OUT_19358,250.19
OUT_19359,68.79
OUT_19360,1083.61
OUT_19361,78.15
OUT_19362,250.05
OUT_19363,263.73
OUT_19364,71.58
OUT_19365,2764.95
OUT_19366,2673.94
OUT_19367,242.65
OUT_19368,1028.59
OUT_19369,75.2
OUT_19370,69.83
OUT_19371,72.36
OUT_19372,248.46
OUT_19373,73.13
OUT_19374,77.44
OUT_19375,68.01
OUT_19376,74.24
OUT_19377,75.57
OUT_19378,74.95
OUT_19379,68.34
OUT_19380,76.82
OUT_19381,265.68
OUT_19382,1056.45
OUT_19383,240.39
OUT_19384,76.49
OUT_19385,69.65
OUT_19386,73.44
OUT_19387,72.65
OUT_19388,273.94
OUT_19389,78.1
OUT_19390,70.63
OUT_19391,74.52
OUT_19392,76.4
OUT_19393,255.06
OUT_19394,254.8
OUT_19395,76.66
OUT_19396,74.11
OUT_19397,1070.54
OUT_19398,73.02
OUT_19399,74.46
OUT_19400,76.51
OUT_19401,1057.2
OUT_19402,77.35
OUT_19403,242.51
OUT_19404,78.89
OUT_19405,1069.69
OUT_19406,77.02
OUT_19407,1026.53
OUT_19408,70.15
OUT_19409,252.4
OUT_19410,76.88
OUT_19411,76.6
OUT_19412,75.87
OUT_19413,73.28
OUT_19414,68.08
OUT_19415,247.98
OUT_19416,1031.66
OUT_19417,1049.98
OUT_19418,251.96
OUT_19419,79.67
OUT_19420,250.83
OUT_19421,74.71
OUT_19422,76.84
OUT_19423,251.63
OUT_19424,76.1
OUT_19425,251.4
OUT_19426,77.67
OUT_19427,77.38
OUT_19428,83.41
OUT_19429,74.05
OUT_19430,78.6
OUT_19431,252.62
OUT_19432,79.69
OUT_19433,68.02
OUT_19434,2650.75
OUT_19435,74.94
OUT_19436,245.31
OUT_19437,265.59
OUT_19438,73.49
OUT_19439,74.84
OUT_19440,243.98
OUT_19441,71.47
OUT_19442,65.32
OUT_19443,255.97
OUT_19444,75.33
OUT_19445,260.24
OUT_19446,71.81
OUT_19447,72.59
OUT_19448,71.68
OUT_19449,1054.64
OUT_19450,71.23
OUT_19451,259.01
OUT_19452,254.86
OUT_19453,71.96
OUT_19454,76.04
OUT_19455,80.31
OUT_19456,76.83
OUT_19457,74.85
OUT_19458,259.63
OUT_19459,259.38
OUT_19460,251.94
OUT_19461,70.26
OUT_19462,1053.12
OUT_19463,1097.41
OUT_19464,76.06
OUT_19465,74.95
OUT_19466,74.1
OUT_19467,250.59
OUT_19468,73.41
OUT_19469,83.65
OUT_19470,83.69
OUT_19471,258.76
OUT_19472,246.8
OUT_19473,1060.14
OUT_19474,76.91
OUT_19475,70.88
OUT_19476,252.79
OUT_19477,74.72
OUT_19478,261.36
OUT_19479,76.07
OUT_19480,75.53
OUT_19481,255.09
OUT_19482,261.27
OUT_19483,77.5
OUT_19484,73.43
OUT_19485,76.34
OUT_19486,63.74
OUT_19487,244.38
OUT_19488,75.64
OUT_19489,83.6
OUT_19490,70.76
OUT_19491,74.04
OUT_19492,249.88
OUT_19493,1094.77
OUT_19494,71.82
OUT_19495,1058.77
OUT_19496,77.63
OUT_19497,73.71
OUT_19498,80.7
OUT_19499,74.89
OUT_19500,77.71
OUT_19501,72.94
OUT_19502,1077.12
OUT_19503,72.34
OUT_19504,80.6
OUT_19505,72.87
OUT_19506,240.51
OUT_19507,76.25
OUT_19508,71.45
OUT_19509,244.93
OUT_19510,76.3
OUT_19511,251.14
OUT_19512,258.98
OUT_19513,248.19
OUT_19514,1043.77
OUT_19515,72.23
OUT_19516,75.79
OUT_19517,74.64
OUT_19518,74.87
OUT_19519,1064.39
OUT_19520,74.71
OUT_19521,1082.16
OUT_19522,70.07
OUT_19523,79.16
OUT_19524,73.94
OUT_19525,74.36
OUT_19526,72.61
OUT_19527,72.49
OUT_19528,73.32
OUT_19529,73.66
OUT_19530,75.3
OUT_19531,248.25
OUT_19532,74.26
OUT_19533,71.47
OUT_19534,77.51
OUT_19535,1084.7
OUT_19536,78.59
OUT_19537,1043.4
OUT_19538,245.12
OUT_19539,245.92
OUT_19540,244.84
OUT_19541,243.08
OUT_19542,76.25
OUT_19543,75.2
OUT_19544,1062.99
OUT_19545,76.19
OUT_19546,259.2
OUT_19547,237.12
OUT_19548,2643.81
OUT_19549,251.78
OUT_19550,258.23
OUT_19551,260.93
OUT_19552,1057.57
OUT_19553,82.85
OUT_19554,1061.77
OUT_19555,75.3
OUT_19556,1067.52
OUT_19557,75.94
OUT_19558,76.68
OUT_19559,68.89
OUT_19560,1069.17
OUT_19561,247.75
OUT_19562,247.03
OUT_19563,81.18
OUT_19564,76.35
OUT_19565,246.8
OUT_19566,75.71
OUT_19567,77.68
OUT_19568,261.46
OUT_19569,74.83
OUT_19570,1090.2
OUT_19571,267.1
OUT_19572,245.8
OUT_19573,69.64
OUT_19574,2742.15
OUT_19575,76.48
OUT_19576,243.82
OUT_19577,256.35
OUT_19578,81.47
OUT_19579,74.71
OUT_19580,71.67
OUT_19581,74.51
OUT_19582,77.8
OUT_19583,231.88
OUT_19584,254.88
OUT_19585,258.54
OUT_19586,74.09
OUT_19587,1043.61
OUT_19588,2707.11
OUT_19589,248.73
OUT_19590,253.63
OUT_19591,75.28
OUT_19592,247.52
OUT_19593,254.86
OUT_19594,246.43
OUT_19595,2743.13
OUT_19596,73.88
OUT_19597,262.74
OUT_19598,76.7
OUT_19599,1073.05
OUT_19600,244.68
OUT_19601,73.98
OUT_19602,1095.32
OUT_19603,74.18
OUT_19604,72.67
OUT_19605,997.12
OUT_19606,76.44
OUT_19607,71.16
OUT_19608,74.68
OUT_19609,76.7
OUT_19610,72.42
OUT_19611,251.76
OUT_19612,74.01
OUT_19613,1064.12
OUT_19614,1090.68
OUT_19615,1051.2
OUT_19616,69.6
OUT_19617,278.34
OUT_19618,71.56
OUT_19619,72.35
OUT_19620,78.08
OUT_19621,85.19
OUT_19622,76.59
OUT_19623,256.55
OUT_19624,68.44
OUT_19625,1073.4
OUT_19626,77.44
OUT_19627,269.76
OUT_19628,1078.78
OUT_19629,249.6
OUT_19630,78.19
OUT_19631,77.77
OUT_19632,248.75
OUT_19633,261.56
OUT_19634,2736.2
OUT_19635,77.45
OUT_19636,1041.17
OUT_19637,2737.08
OUT_19638,72.22
OUT_19639,73.23
OUT_19640,69.78
OUT_19641,1087.0
OUT_19642,252.84
OUT_19643,248.34
OUT_19644,1122.19
OUT_19645,71.18
OUT_19646,2602.76
OUT_19647,74.19
OUT_19648,2696.06
OUT_19649,70.39
OUT_19650,69.2
OUT_19651,72.78
OUT_19652,1058.55
OUT_19653,264.54
OUT_19654,256.23
OUT_19655,81.09
OUT_19656,244.91
OUT_19657,252.25
OUT_19658,74.26
OUT_19659,78.45
OUT_19660,1071.25
OUT_19661,1078.26
OUT_19662,79.43
OUT_19663,74.79
OUT_19664,69.61
OUT_19665,265.97
OUT_19666,1046.77
OUT_19667,80.4
OUT_19668,248.72
OUT_19669,254.46
OUT_19670,235.5
OUT_19671,246.42
OUT_19672,1073.11
OUT_19673,78.34
OUT_19674,264.18
OUT_19675,256.43
OUT_19676,265.5
OUT_19677,241.99
OUT_19678,241.77
OUT_19679,79.28
OUT_19680,252.27
OUT_19681,249.68
OUT_19682,83.93
OUT_19683,66.97
OUT_19684,253.0
OUT_19685,72.34
OUT_19686,78.35
OUT_19687,254.76
OUT_19688,72.62
OUT_19689,76.15
OUT_19690,74.02
OUT_19691,1097.4
OUT_19692,78.67
OUT_19693,75.24
OUT_19694,70.25
OUT_19695,262.48
OUT_19696,1039.75
OUT_19697,257.13
OUT_19698,70.42
OUT_19699,68.76
OUT_19700,70.52
OUT_19701,77.9
OUT_19702,75.46
OUT_19703,1056.47
OUT_19704,261.84
OUT_19705,78.06
OUT_19706,76.16
OUT_19707,74.79
OUT_19708,238.55
OUT_19709,1078.48
OUT_19710,72.47
OUT_19711,76.91
OUT_19712,73.15
OUT_19713,73.37
OUT_19714,75.14
OUT_19715,253.82
OUT_19716,258.01
OUT_19717,70.83
OUT_19718,80.03
OUT_19719,70.93
OUT_19720,76.92
OUT_19721,71.59
OUT_19722,79.25
OUT_19723,74.19
OUT_19724,75.77
OUT_19725,255.11
OUT_19726,74.36
OUT_19727,78.1
OUT_19728,1078.09
OUT_19729,1052.25
OUT_19730,1053.93
OUT_19731,71.08
OUT_19732,71.14
OUT_19733,73.52
OUT_19734,261.8
OUT_19735,75.09
OUT_19736,73.91
OUT_19737,71.38
OUT_19738,245.6
OUT_19739,72.54
OUT_19740,74.15
OUT_19741,68.76
OUT_19742,253.08
OUT_19743,1058.29
OUT_19744,1081.5
OUT_19745,251.54
OUT_19746,75.6
OUT_19747,77.42
OUT_19748,78.08
OUT_19749,67.51
OUT_19750,259.84
OUT_19751,78.29
OUT_19752,77.74
OUT_19753,253.59
OUT_19754,75.96
OUT_19755,1096.58
OUT_19756,257.51
OUT_19757,1041.04
OUT_19758,263.09
OUT_19759,76.01
OUT_19760,74.84
OUT_19761,257.76
OUT_19762,78.06
OUT_19763,75.67
OUT_19764,65.01
OUT_19765,70.93
OUT_19766,73.16
OUT_19767,78.06
OUT_19768,73.99
OUT_19769,2677.37
OUT_19770,75.75
OUT_19771,78.8
OUT_19772,1041.46
OUT_19773,80.09
OUT_19774,1054.13
OUT_19775,73.18
OUT_19776,233.71
OUT_19777,246.02
OUT_19778,71.86
OUT_19779,72.63
OUT_19780,257.1
OUT_19781,76.88
OUT_19782,64.93
OUT_19783,77.08
OUT_19784,79.47
OUT_19785,238.6
OUT_19786,250.52
OUT_19787,241.31
OUT_19788,1055.21
OUT_19789,73.72
OUT_19790,75.67
OUT_19791,74.89
OUT_19792,73.19
OUT_19793,70.24
OUT_19794,245.13
OUT_19795,77.41
OUT_19796,71.93
OUT_19797,75.85
OUT_19798,74.57
OUT_19799,77.1
OUT_19800,259.2
OUT_19801,258.13
OUT_19802,2733.78
OUT_19803,1056.98
OUT_19804,241.42
OUT_19805,1053.61
OUT_19806,1022.8
OUT_19807,80.22
OUT_19808,1018.41
OUT_19809,248.07
OUT_19810,267.88
OUT_19811,75.29
OUT_19812,71.78
OUT_19813,74.46
OUT_19814,73.91
OUT_19815,89.94
OUT_19816,70.52
OUT_19817,1082.33
OUT_19818,71.23
OUT_19819,74.8
OUT_19820,71.08
OUT_19821,255.77
OUT_19822,73.73
OUT_19823,248.55
OUT_19824,75.25
OUT_19825,76.18
OUT_19826,250.32
OUT_19827,2697.35
OUT_19828,1059.6
OUT_19829,75.58
OUT_19830,257.05
OUT_19831,256.27
OUT_19832,77.41
OUT_19833,225.96
OUT_19834,264.31
OUT_19835,72.2
OUT_19836,82.91
OUT_19837,1060.67
OUT_19838,74.42
OUT_19839,73.26
OUT_19840,69.71
OUT_19841,69.16
OUT_19842,254.17
OUT_19843,255.66
OUT_19844,75.71
OUT_19845,74.75
OUT_19846,71.28
OUT_19847,68.51
OUT_19848,73.24
OUT_19849,76.24
OUT_19850,2741.51
OUT_19851,71.1
OUT_19852,2698.22
OUT_19853,249.72
OUT_19854,70.76
OUT_19855,74.52
OUT_19856,1071.43
OUT_19857,73.1
OUT_19858,80.27
OUT_19859,1051.65
OUT_19860,84.37
OUT_19861,77.24
OUT_19862,81.89
OUT_19863,243.14
OUT_19864,72.03
OUT_19865,2617.69
OUT_19866,73.01
OUT_19867,261.17
OUT_19868,70.59
OUT_19869,70.03
OUT_19870,76.66
OUT_19871,248.12
OUT_19872,69.81
OUT_19873,71.83
OUT_19874,257.67
OUT_19875,228.48
OUT_19876,263.15
OUT_19877,242.4
OUT_19878,254.89
OUT_19879,72.03
OUT_19880,73.76
OUT_19881,71.78
OUT_19882,72.96
OUT_19883,72.94
OUT_19884,77.03
OUT_19885,254.16
OUT_19886,71.78
OUT_19887,263.34
OUT_19888,71.53
OUT_19889,72.35
OUT_19890,71.98
OUT_19891,71.02
OUT_19892,252.59
OUT_19893,246.02
OUT_19894,1063.2
OUT_19895,73.24
OUT_19896,1051.15
OUT_19897,80.0
OUT_19898,1078.05
OUT_19899,253.98
OUT_19900,77.92
OUT_19901,70.45
OUT_19902,76.69
OUT_19903,73.57
OUT_19904,79.55
OUT_19905,81.43
OUT_19906,78.58
OUT_19907,235.59
OUT_19908,73.44
OUT_19909,75.02
OUT_19910,78.57
OUT_19911,76.49
OUT_19912,1064.71
OUT_19913,72.75
OUT_19914,79.33
OUT_19915,72.26
OUT_19916,75.86
OUT_19917,73.43
OUT_19918,65.68
OUT_19919,76.13
OUT_19920,70.85
OUT_19921,248.76
OUT_19922,77.99
OUT_19923,258.68
OUT_19924,71.51
OUT_19925,253.11
OUT_19926,71.69
OUT_19927,73.62
OUT_19928,251.32
OUT_19929,252.11
OUT_19930,72.39
OUT_19931,270.96
OUT_19932,74.74
OUT_19933,77.8
OUT_19934,1093.27
OUT_19935,1045.55
OUT_19936,67.7
OUT_19937,250.62
OUT_19938,79.37
OUT_19939,75.14
OUT_19940,1080.72
OUT_19941,1077.75
OUT_19942,70.1
OUT_19943,1076.51
OUT_19944,76.73
OUT_19945,76.35
OUT_19946,77.9
OUT_19947,1027.86
OUT_19948,83.48
OUT_19949,73.76
OUT_19950,77.49
OUT_19951,1048.28
OUT_19952,73.73
OUT_19953,250.52
OUT_19954,1060.78
OUT_19955,77.53
OUT_19956,78.7
OUT_19957,1067.08
OUT_19958,71.81
OUT_19959,1086.36
OUT_19960,1059.97
OUT_19961,84.88
OUT_19962,249.65
OUT_19963,74.45
OUT_19964,261.54
OUT_19965,247.8
OUT_19966,77.62
OUT_19967,71.88
OUT_19968,68.31
OUT_19969,74.15
OUT_19970,257.67
OUT_19971,255.05
OUT_19972,77.47
OUT_19973,77.89
OUT_19974,78.96
OUT_19975,261.48
OUT_19976,76.31
OUT_19977,2724.45
OUT_19978,1085.13
OUT_19979,256.94
OUT_19980,67.93
OUT_19981,75.53
OUT_19982,78.91
OUT_19983,77.45
OUT_19984,254.14
OUT_19985,1084.89
OUT_19986,254.0
OUT_19987,73.04
OUT_19988,76.1
OUT_19989,73.63
OUT_19990,75.91
OUT_19991,1097.65
OUT_19992,262.85
OUT_19993,243.38
OUT_19994,264.98
OUT_19995,233.22
OUT_19996,246.02
OUT_19997,73.32
OUT_19998,238.24
OUT_19999,78.9
OUT_20000,70.55
