Outlet_ID,Maximum_Monthly_Liters
OUT_00001,3946.3
OUT_00002,3391.29
OUT_00003,3640.14
OUT_00004,3419.07
OUT_00005,3690.69
OUT_00006,3169.29
OUT_00007,4268.95
OUT_00008,7917.79
OUT_00009,3693.41
OUT_00010,3834.57
OUT_00011,3616.14
OUT_00012,2708.86
OUT_00013,1180.58
OUT_00014,1325.19
OUT_00015,2169.54
OUT_00016,3135.65
OUT_00017,2679.29
OUT_00018,1296.76
OUT_00019,7627.52
OUT_00020,3967.41
OUT_00021,3076.15
OUT_00022,3096.42
OUT_00023,3208.84
OUT_00024,3775.67
OUT_00025,3210.8
OUT_00026,3453.17
OUT_00027,2676.77
OUT_00028,4243.67
OUT_00029,1081.8
OUT_00030,8396.99
OUT_00031,2698.26
OUT_00032,7052.55
OUT_00033,3190.58
OUT_00034,3036.48
OUT_00035,3672.03
OUT_00036,2965.66
OUT_00037,4496.07
OUT_00038,3875.51
OUT_00039,3606.87
OUT_00040,3750.22
OUT_00041,3560.45
OUT_00042,3324.24
OUT_00043,1034.55
OUT_00044,3104.54
OUT_00045,3665.07
OUT_00046,1194.33
OUT_00047,3597.35
OUT_00048,1110.46
OUT_00049,3546.75
OUT_00050,5991.08
OUT_00051,3947.35
OUT_00052,3490.91
OUT_00053,3631.62
OUT_00054,3707.99
OUT_00055,3851.85
OUT_00056,3402.81
OUT_00057,3878.33
OUT_00058,3833.77
OUT_00059,1356.1
OUT_00060,2368.76
OUT_00061,1302.77
OUT_00062,7003.91
OUT_00063,1203.84
OUT_00064,1288.34
OUT_00065,1204.89
OUT_00066,1278.51
OUT_00067,1239.38
OUT_00068,1127.34
OUT_00069,1203.31
OUT_00070,1316.46
OUT_00071,1373.8
OUT_00072,2925.42
OUT_00073,1222.32
OUT_00074,2660.68
OUT_00075,1414.94
OUT_00076,2865.72
OUT_00077,1160.87
OUT_00078,7058.38
OUT_00079,6885.48
OUT_00080,2444.21
OUT_00081,1905.18
OUT_00082,1151.38
OUT_00083,1241.94
OUT_00084,1330.59
OUT_00085,580.67
OUT_00086,1349.73
OUT_00087,5956.31
OUT_00088,1176.18
OUT_00089,1156.11
OUT_00091,1246.55
OUT_00092,2768.58
OUT_00093,1293.34
OUT_00094,1227.95
OUT_00095,1287.13
OUT_00096,2341.77
OUT_00097,1244.8
OUT_00098,1206.87
OUT_00099,1118.13
OUT_00100,1155.21
OUT_00101,8769.7
OUT_00102,1374.73
OUT_00103,2762.08
OUT_00104,2828.97
OUT_00105,1293.42
OUT_00106,3415.68
OUT_00107,1331.1
OUT_00108,7901.16
OUT_00109,1287.51
OUT_00110,1355.03
OUT_00111,1309.14
OUT_00112,5429.39
OUT_00113,1357.87
OUT_00114,1408.99
OUT_00115,1097.34
OUT_00116,1232.46
OUT_00117,1891.56
OUT_00118,1302.65
OUT_00119,1037.71
OUT_00120,2837.39
OUT_00121,1347.13
OUT_00122,1191.47
OUT_00123,1215.9
OUT_00124,1411.61
OUT_00125,1101.33
OUT_00126,674.8
OUT_00127,1303.57
OUT_00128,3350.08
OUT_00129,1276.67
OUT_00130,1358.44
OUT_00131,1262.33
OUT_00132,1274.33
OUT_00133,1385.69
OUT_00134,7276.12
OUT_00135,1363.1
OUT_00136,1398.79
OUT_00137,3465.35
OUT_00138,1106.01
OUT_00139,1176.4
OUT_00140,1295.52
OUT_00141,1125.26
OUT_00142,1323.45
OUT_00143,1233.69
OUT_00144,1219.81
OUT_00145,1247.05
OUT_00146,1419.32
OUT_00147,1285.54
OUT_00148,1213.73
OUT_00149,1181.92
OUT_00150,1260.32
OUT_00151,1260.2
OUT_00152,1318.43
OUT_00153,1143.1
OUT_00154,1298.98
OUT_00155,1930.53
OUT_00156,1344.59
OUT_00157,1245.15
OUT_00158,1093.36
OUT_00159,1577.87
OUT_00160,1266.13
OUT_00161,1117.72
OUT_00162,1298.6
OUT_00163,3180.25
OUT_00164,1303.54
OUT_00165,1180.26
OUT_00166,1161.27
OUT_00167,1381.15
OUT_00168,1248.9
OUT_00169,1267.0
OUT_00170,1286.43
OUT_00171,1291.06
OUT_00172,6077.13
OUT_00173,8350.85
OUT_00174,1427.72
OUT_00175,1157.58
OUT_00176,1051.14
OUT_00177,1262.1
OUT_00178,1212.86
OUT_00179,3281.28
OUT_00180,1226.13
OUT_00181,1363.14
OUT_00182,1313.78
OUT_00183,1010.54
OUT_00184,1036.74
OUT_00185,1299.78
OUT_00186,1174.68
OUT_00187,1023.24
OUT_00188,1305.52
OUT_00189,1234.62
OUT_00190,1337.3
OUT_00191,2654.73
OUT_00192,1228.92
OUT_00193,1280.91
OUT_00194,1079.77
OUT_00195,1122.19
OUT_00196,1324.56
OUT_00197,1227.73
OUT_00198,1331.34
OUT_00199,3447.92
OUT_00200,1326.65
OUT_00201,1054.04
OUT_00202,1408.82
OUT_00203,1213.62
OUT_00204,1253.86
OUT_00205,2954.9
OUT_00206,3634.07
OUT_00207,1318.28
OUT_00208,2239.83
OUT_00209,1347.05
OUT_00210,1128.2
OUT_00211,1357.0
OUT_00212,683.51
OUT_00213,3428.5
OUT_00214,7545.55
OUT_00215,1290.32
OUT_00216,1146.8
OUT_00217,1269.77
OUT_00218,1379.72
OUT_00219,2471.07
OUT_00220,2159.96
OUT_00221,2611.06
OUT_00222,1237.45
OUT_00223,1373.19
OUT_00224,2885.19
OUT_00225,1359.19
OUT_00226,1252.51
OUT_00227,1104.45
OUT_00228,1323.29
OUT_00229,1201.01
OUT_00230,1298.74
OUT_00231,2707.13
OUT_00232,1335.29
OUT_00233,2670.54
OUT_00234,1350.35
OUT_00235,1338.31
OUT_00236,1160.2
OUT_00237,2420.8
OUT_00238,1230.76
OUT_00239,1230.76
OUT_00240,1386.38
OUT_00241,1144.02
OUT_00242,803.42
OUT_00243,1326.11
OUT_00244,1172.11
OUT_00245,1358.86
OUT_00246,6766.95
OUT_00247,3299.15
OUT_00248,1292.37
OUT_00249,3501.19
OUT_00250,4924.23
OUT_00251,1426.91
OUT_00252,6433.51
OUT_00253,1210.57
OUT_00254,2403.88
OUT_00255,1376.77
OUT_00256,1161.44
OUT_00257,7795.58
OUT_00258,7274.42
OUT_00259,2593.83
OUT_00260,1253.58
OUT_00261,1208.87
OUT_00262,1282.44
OUT_00263,767.91
OUT_00264,909.74
OUT_00265,2855.12
OUT_00266,1271.03
OUT_00267,3294.57
OUT_00268,1108.12
OUT_00269,1249.67
OUT_00270,1316.34
OUT_00271,1392.35
OUT_00272,1182.3
OUT_00273,3198.23
OUT_00274,1317.45
OUT_00275,1368.48
OUT_00276,1290.68
OUT_00277,3102.19
OUT_00278,1259.87
OUT_00279,6678.5
OUT_00280,1366.22
OUT_00281,1174.24
OUT_00282,1333.22
OUT_00283,1203.87
OUT_00284,1212.61
OUT_00285,1317.6
OUT_00286,1231.62
OUT_00287,1293.74
OUT_00288,1305.13
OUT_00289,1329.1
OUT_00290,522.39
OUT_00291,6599.96
OUT_00292,1084.81
OUT_00293,1111.32
OUT_00294,1199.05
OUT_00295,2552.34
OUT_00296,1128.99
OUT_00297,1457.41
OUT_00298,1344.15
OUT_00299,2172.99
OUT_00300,1393.7
OUT_00301,1224.36
OUT_00302,1262.84
OUT_00303,1242.97
OUT_00304,1360.49
OUT_00305,1348.74
OUT_00306,1250.25
OUT_00307,1327.95
OUT_00308,1358.68
OUT_00309,1246.8
OUT_00310,1204.57
OUT_00311,1314.99
OUT_00312,1274.19
OUT_00313,1234.77
OUT_00314,1206.05
OUT_00315,1265.08
OUT_00316,1283.56
OUT_00317,906.56
OUT_00318,468.29
OUT_00319,1495.52
OUT_00320,1106.51
OUT_00321,984.97
OUT_00322,1166.4
OUT_00323,1265.42
OUT_00324,1266.15
OUT_00325,1113.16
OUT_00326,1326.46
OUT_00327,1153.24
OUT_00328,1514.02
OUT_00329,1336.35
OUT_00330,1358.49
OUT_00331,1181.03
OUT_00332,1298.46
OUT_00333,2786.33
OUT_00334,1304.58
OUT_00335,1237.21
OUT_00336,1100.51
OUT_00337,1288.61
OUT_00338,2308.97
OUT_00339,7578.56
OUT_00340,1446.71
OUT_00341,3184.35
OUT_00342,1195.12
OUT_00343,1370.77
OUT_00344,1221.78
OUT_00345,2780.32
OUT_00346,1101.74
OUT_00347,2692.39
OUT_00348,1281.49
OUT_00349,1203.7
OUT_00350,7135.15
OUT_00351,1321.9
OUT_00352,1418.75
OUT_00353,1207.38
OUT_00354,1405.66
OUT_00355,905.32
OUT_00356,1057.48
OUT_00357,690.33
OUT_00358,1130.33
OUT_00359,1131.28
OUT_00360,1226.57
OUT_00361,7818.95
OUT_00362,1192.02
OUT_00363,1244.91
OUT_00364,1215.8
OUT_00365,1375.73
OUT_00366,1233.96
OUT_00367,6017.21
OUT_00368,617.8
OUT_00369,1326.98
OUT_00370,1350.86
OUT_00371,1346.04
OUT_00372,1239.11
OUT_00373,1240.7
OUT_00374,1264.4
OUT_00375,1118.0
OUT_00376,3159.23
OUT_00377,756.49
OUT_00378,1187.3
OUT_00379,2854.46
OUT_00380,1259.18
OUT_00381,1369.5
OUT_00382,1157.91
OUT_00383,1414.15
OUT_00384,1417.83
OUT_00385,1337.43
OUT_00386,2568.9
OUT_00387,9373.96
OUT_00388,1227.61
OUT_00389,2762.07
OUT_00390,1273.35
OUT_00391,1160.64
OUT_00392,1279.88
OUT_00393,1355.39
OUT_00394,1207.88
OUT_00395,1134.41
OUT_00396,1145.91
OUT_00397,1399.14
OUT_00398,1174.67
OUT_00399,1312.87
OUT_00400,1453.35
OUT_00401,156.54
OUT_00402,3136.2
OUT_00403,665.64
OUT_00404,178.21
OUT_00405,792.24
OUT_00406,132.29
OUT_00407,169.78
OUT_00408,211.13
OUT_00409,627.43
OUT_00410,602.61
OUT_00411,130.18
OUT_00412,200.63
OUT_00413,3147.93
OUT_00414,204.78
OUT_00415,230.47
OUT_00416,599.02
OUT_00417,2535.3
OUT_00418,700.46
OUT_00419,187.1
OUT_00420,178.65
OUT_00421,623.72
OUT_00422,633.48
OUT_00423,2386.16
OUT_00424,3558.43
OUT_00425,163.36
OUT_00426,518.41
OUT_00427,653.1
OUT_00428,5842.13
OUT_00429,677.73
OUT_00430,191.83
OUT_00431,177.51
OUT_00432,6584.44
OUT_00433,727.07
OUT_00434,6852.42
OUT_00435,619.46
OUT_00436,188.81
OUT_00437,152.82
OUT_00438,656.55
OUT_00439,593.14
OUT_00440,177.08
OUT_00441,337.15
OUT_00442,277.48
OUT_00443,580.42
OUT_00444,535.47
OUT_00445,3118.48
OUT_00446,199.44
OUT_00447,188.22
OUT_00448,167.03
OUT_00449,6797.79
OUT_00450,3040.5
OUT_00451,176.61
OUT_00452,188.06
OUT_00453,602.62
OUT_00454,532.82
OUT_00455,8734.4
OUT_00456,618.72
OUT_00457,2720.01
OUT_00458,206.54
OUT_00459,646.22
OUT_00460,655.43
OUT_00461,254.19
OUT_00462,169.4
OUT_00463,2658.44
OUT_00464,169.5
OUT_00465,607.73
OUT_00466,2498.51
OUT_00467,231.56
OUT_00468,3329.79
OUT_00469,204.03
OUT_00470,205.52
OUT_00471,927.08
OUT_00472,549.53
OUT_00473,154.56
OUT_00474,185.26
OUT_00475,152.11
OUT_00476,594.75
OUT_00477,148.71
OUT_00478,668.03
OUT_00479,183.04
OUT_00480,142.07
OUT_00481,168.44
OUT_00482,655.37
OUT_00483,177.63
OUT_00484,142.51
OUT_00485,831.33
OUT_00486,701.88
OUT_00487,207.82
OUT_00488,194.46
OUT_00489,616.85
OUT_00490,226.67
OUT_00491,171.54
OUT_00492,3398.09
OUT_00493,737.4
OUT_00494,240.55
OUT_00495,207.69
OUT_00496,310.77
OUT_00497,506.2
OUT_00498,518.7
OUT_00499,583.86
OUT_00500,142.28
OUT_00501,533.83
OUT_00502,550.62
OUT_00503,2922.05
OUT_00504,747.48
OUT_00505,175.1
OUT_00506,6932.25
OUT_00507,6175.19
OUT_00508,673.26
OUT_00509,856.15
OUT_00510,607.51
OUT_00511,517.59
OUT_00512,156.29
OUT_00513,159.46
OUT_00514,178.58
OUT_00515,2493.11
OUT_00516,197.89
OUT_00517,621.03
OUT_00518,635.74
OUT_00519,266.23
OUT_00520,194.19
OUT_00521,233.2
OUT_00522,186.1
OUT_00523,189.63
OUT_00524,196.39
OUT_00525,2366.54
OUT_00526,494.69
OUT_00527,731.68
OUT_00528,539.8
OUT_00529,622.88
OUT_00530,2177.24
OUT_00531,241.19
OUT_00532,207.27
OUT_00533,167.49
OUT_00534,2803.24
OUT_00535,162.71
OUT_00536,147.04
OUT_00537,201.41
OUT_00538,156.49
OUT_00539,2656.87
OUT_00540,113.99
OUT_00541,546.92
OUT_00542,168.88
OUT_00543,195.01
OUT_00544,178.49
OUT_00545,547.87
OUT_00546,662.72
OUT_00547,157.6
OUT_00548,203.03
OUT_00549,163.2
OUT_00550,555.01
OUT_00551,3210.98
OUT_00552,181.01
OUT_00553,713.56
OUT_00554,167.57
OUT_00555,259.99
OUT_00556,649.75
OUT_00557,192.63
OUT_00558,197.74
OUT_00559,169.99
OUT_00560,735.95
OUT_00561,160.78
OUT_00562,294.62
OUT_00563,159.81
OUT_00564,172.82
OUT_00565,615.41
OUT_00566,183.21
OUT_00567,3271.36
OUT_00568,7201.03
OUT_00569,191.09
OUT_00570,3199.84
OUT_00571,161.94
OUT_00572,172.26
OUT_00573,2401.25
OUT_00574,618.09
OUT_00575,163.43
OUT_00576,596.01
OUT_00577,3553.39
OUT_00578,210.26
OUT_00579,5103.53
OUT_00580,2670.45
OUT_00581,2783.25
OUT_00582,718.58
OUT_00583,166.05
OUT_00584,170.1
OUT_00585,508.49
OUT_00586,842.26
OUT_00587,780.05
OUT_00588,198.26
OUT_00589,2959.95
OUT_00590,530.81
OUT_00591,2060.77
OUT_00592,183.37
OUT_00593,161.08
OUT_00594,554.18
OUT_00595,626.96
OUT_00596,133.75
OUT_00597,190.44
OUT_00598,160.08
OUT_00599,174.61
OUT_00600,2407.12
OUT_00601,620.01
OUT_00602,164.72
OUT_00603,2869.25
OUT_00604,629.48
OUT_00605,155.6
OUT_00606,2070.76
OUT_00607,2862.11
OUT_00608,696.12
OUT_00609,619.67
OUT_00610,2872.11
OUT_00611,144.66
OUT_00612,177.52
OUT_00613,155.95
OUT_00614,2097.32
OUT_00615,174.39
OUT_00616,562.54
OUT_00617,512.72
OUT_00618,641.69
OUT_00619,6915.19
OUT_00620,708.9
OUT_00621,521.39
OUT_00622,178.4
OUT_00623,202.57
OUT_00624,870.09
OUT_00625,779.61
OUT_00626,3548.78
OUT_00627,718.41
OUT_00628,199.72
OUT_00629,514.55
OUT_00630,187.66
OUT_00631,195.29
OUT_00632,233.91
OUT_00633,3406.78
OUT_00634,664.67
OUT_00635,775.99
OUT_00636,568.68
OUT_00637,674.81
OUT_00638,678.79
OUT_00639,3070.59
OUT_00640,561.94
OUT_00641,220.57
OUT_00642,688.9
OUT_00643,459.65
OUT_00644,539.99
OUT_00645,584.86
OUT_00646,193.42
OUT_00647,153.71
OUT_00648,564.06
OUT_00649,2249.7
OUT_00650,551.95
OUT_00651,141.21
OUT_00652,623.88
OUT_00653,200.96
OUT_00654,176.69
OUT_00655,195.24
OUT_00656,636.94
OUT_00657,216.42
OUT_00658,626.12
OUT_00659,173.4
OUT_00660,2651.12
OUT_00661,619.63
OUT_00662,765.31
OUT_00663,489.09
OUT_00664,178.99
OUT_00665,190.52
OUT_00666,2620.5
OUT_00667,812.95
OUT_00668,130.1
OUT_00669,158.46
OUT_00670,709.4
OUT_00671,536.5
OUT_00672,159.53
OUT_00673,613.64
OUT_00674,2707.85
OUT_00675,148.5
OUT_00676,342.34
OUT_00677,646.15
OUT_00678,144.75
OUT_00679,180.31
OUT_00680,644.55
OUT_00681,162.21
OUT_00682,195.98
OUT_00683,611.06
OUT_00684,6626.55
OUT_00685,140.45
OUT_00686,2397.63
OUT_00687,2656.74
OUT_00688,211.8
OUT_00689,5915.61
OUT_00690,179.42
OUT_00691,5267.79
OUT_00692,159.2
OUT_00693,569.5
OUT_00694,2374.18
OUT_00695,194.16
OUT_00696,218.62
OUT_00697,648.63
OUT_00698,3603.19
OUT_00699,2939.07
OUT_00700,179.24
OUT_00701,240.31
OUT_00702,240.93
OUT_00703,568.08
OUT_00704,710.21
OUT_00705,227.74
OUT_00706,782.18
OUT_00707,153.68
OUT_00708,138.79
OUT_00709,142.38
OUT_00710,657.63
OUT_00711,232.54
OUT_00712,3545.43
OUT_00713,219.07
OUT_00714,198.54
OUT_00715,580.49
OUT_00716,165.08
OUT_00717,2604.41
OUT_00718,174.33
OUT_00719,149.13
OUT_00720,3160.23
OUT_00721,186.87
OUT_00722,585.34
OUT_00723,216.54
OUT_00724,151.67
OUT_00725,152.57
OUT_00726,2363.24
OUT_00727,554.34
OUT_00728,2781.53
OUT_00729,172.72
OUT_00730,631.48
OUT_00731,3418.53
OUT_00732,563.18
OUT_00733,517.45
OUT_00734,2318.5
OUT_00735,239.25
OUT_00736,2608.93
OUT_00737,2172.43
OUT_00738,211.18
OUT_00739,178.2
OUT_00740,515.24
OUT_00741,159.2
OUT_00742,7541.94
OUT_00743,273.56
OUT_00744,610.32
OUT_00745,534.27
OUT_00746,3007.64
OUT_00747,640.7
OUT_00748,319.14
OUT_00749,769.7
OUT_00750,779.21
OUT_00751,324.67
OUT_00752,224.93
OUT_00753,4269.93
OUT_00754,223.16
OUT_00755,2703.56
OUT_00756,724.95
OUT_00757,602.73
OUT_00758,168.41
OUT_00759,156.64
OUT_00760,193.37
OUT_00761,778.15
OUT_00762,216.77
OUT_00763,188.58
OUT_00764,571.22
OUT_00765,202.73
OUT_00766,185.64
OUT_00767,667.56
OUT_00768,178.97
OUT_00769,565.82
OUT_00770,181.86
OUT_00771,541.63
OUT_00772,566.88
OUT_00773,3240.92
OUT_00774,176.21
OUT_00775,728.43
OUT_00776,173.92
OUT_00777,162.12
OUT_00778,8350.57
OUT_00779,746.33
OUT_00780,211.19
OUT_00781,157.34
OUT_00782,219.58
OUT_00783,149.61
OUT_00784,159.51
OUT_00785,699.33
OUT_00786,164.39
OUT_00787,518.53
OUT_00788,522.94
OUT_00789,2873.53
OUT_00790,220.55
OUT_00791,7829.16
OUT_00792,2510.41
OUT_00793,554.5
OUT_00794,175.66
OUT_00795,2652.55
OUT_00796,156.55
OUT_00797,665.09
OUT_00798,778.14
OUT_00799,1985.56
OUT_00800,3451.82
OUT_00801,183.58
OUT_00802,225.05
OUT_00803,551.06
OUT_00804,172.85
OUT_00805,170.12
OUT_00806,184.31
OUT_00807,318.02
OUT_00808,610.74
OUT_00809,628.49
OUT_00810,161.37
OUT_00811,158.41
OUT_00812,216.7
OUT_00813,191.72
OUT_00814,209.37
OUT_00815,6602.34
OUT_00816,154.35
OUT_00817,204.5
OUT_00818,155.94
OUT_00819,187.47
OUT_00820,196.92
OUT_00821,210.07
OUT_00822,667.59
OUT_00823,2662.09
OUT_00824,147.05
OUT_00825,537.18
OUT_00826,652.37
OUT_00827,162.24
OUT_00828,605.42
OUT_00829,221.73
OUT_00830,158.03
OUT_00831,137.43
OUT_00832,181.94
OUT_00833,551.37
OUT_00834,673.56
OUT_00835,588.8
OUT_00836,935.52
OUT_00837,3712.41
OUT_00838,519.8
OUT_00839,169.87
OUT_00840,8485.93
OUT_00841,168.59
OUT_00842,211.64
OUT_00843,772.32
OUT_00844,161.37
OUT_00845,546.16
OUT_00846,173.19
OUT_00847,670.81
OUT_00848,624.86
OUT_00849,578.21
OUT_00850,240.72
OUT_00851,172.45
OUT_00852,508.39
OUT_00853,6801.81
OUT_00854,661.36
OUT_00855,233.04
OUT_00856,6326.74
OUT_00857,2873.54
OUT_00858,200.75
OUT_00859,179.63
OUT_00860,192.51
OUT_00861,161.84
OUT_00862,172.07
OUT_00863,179.55
OUT_00864,244.73
OUT_00865,644.51
OUT_00866,587.59
OUT_00867,585.62
OUT_00868,182.35
OUT_00869,176.49
OUT_00870,657.06
OUT_00871,2659.5
OUT_00872,148.45
OUT_00873,2708.1
OUT_00874,596.31
OUT_00875,165.24
OUT_00876,156.94
OUT_00877,2649.71
OUT_00878,630.48
OUT_00879,704.0
OUT_00880,184.91
OUT_00881,2812.49
OUT_00882,152.51
OUT_00883,268.9
OUT_00884,587.25
OUT_00885,614.04
OUT_00886,7274.35
OUT_00887,180.82
OUT_00888,151.97
OUT_00889,609.84
OUT_00890,714.88
OUT_00891,494.79
OUT_00892,203.81
OUT_00893,195.78
OUT_00894,219.73
OUT_00895,664.52
OUT_00896,170.52
OUT_00897,713.96
OUT_00898,189.21
OUT_00899,298.96
OUT_00900,182.89
OUT_00901,245.84
OUT_00902,163.97
OUT_00903,2911.03
OUT_00904,232.94
OUT_00905,210.5
OUT_00906,3032.49
OUT_00907,189.81
OUT_00908,237.19
OUT_00909,214.4
OUT_00910,186.69
OUT_00911,286.54
OUT_00912,3281.45
OUT_00913,559.75
OUT_00914,670.08
OUT_00915,171.9
OUT_00916,690.48
OUT_00917,670.18
OUT_00918,2668.15
OUT_00919,154.68
OUT_00920,503.92
OUT_00921,483.48
OUT_00922,165.0
OUT_00923,2753.5
OUT_00924,644.23
OUT_00925,156.27
OUT_00926,187.12
OUT_00927,224.49
OUT_00928,127.09
OUT_00929,588.92
OUT_00930,582.49
OUT_00931,165.45
OUT_00932,192.14
OUT_00933,2399.54
OUT_00934,3272.74
OUT_00935,653.81
OUT_00936,219.54
OUT_00937,2840.05
OUT_00938,711.15
OUT_00939,222.77
OUT_00940,193.97
OUT_00941,661.2
OUT_00942,537.67
OUT_00943,3340.16
OUT_00944,173.11
OUT_00945,603.62
OUT_00946,158.28
OUT_00947,164.9
OUT_00948,185.79
OUT_00949,191.48
OUT_00950,144.79
OUT_00951,716.12
OUT_00952,3093.76
OUT_00953,167.35
OUT_00954,2805.57
OUT_00955,669.32
OUT_00956,566.04
OUT_00957,177.14
OUT_00958,217.51
OUT_00959,193.2
OUT_00960,3422.66
OUT_00961,202.05
OUT_00962,650.36
OUT_00963,509.85
OUT_00964,154.33
OUT_00965,6441.22
OUT_00966,183.57
OUT_00967,200.15
OUT_00968,236.95
OUT_00969,604.04
OUT_00970,166.91
OUT_00971,196.48
OUT_00972,632.92
OUT_00973,2813.62
OUT_00974,167.77
OUT_00975,161.88
OUT_00976,674.23
OUT_00977,154.94
OUT_00978,186.22
OUT_00979,224.9
OUT_00980,222.06
OUT_00981,681.05
OUT_00982,250.69
OUT_00983,195.33
OUT_00984,176.42
OUT_00985,556.83
OUT_00986,2727.7
OUT_00987,255.21
OUT_00988,773.52
OUT_00989,230.48
OUT_00990,2251.33
OUT_00991,169.75
OUT_00992,548.27
OUT_00993,181.22
OUT_00994,1995.87
OUT_00995,2831.08
OUT_00996,7252.36
OUT_00997,570.12
OUT_00998,812.39
OUT_00999,515.16
OUT_01000,169.91
OUT_01001,232.41
OUT_01002,212.41
OUT_01003,210.79
OUT_01004,208.98
OUT_01005,809.03
OUT_01006,6498.8
OUT_01007,159.98
OUT_01008,858.73
OUT_01009,172.3
OUT_01010,606.34
OUT_01011,631.76
OUT_01012,570.07
OUT_01013,223.33
OUT_01014,674.6
OUT_01015,714.22
OUT_01016,681.45
OUT_01017,207.66
OUT_01018,2843.52
OUT_01019,220.87
OUT_01020,215.01
OUT_01021,201.11
OUT_01022,219.34
OUT_01023,2229.88
OUT_01024,157.46
OUT_01025,567.36
OUT_01026,617.28
OUT_01027,173.0
OUT_01028,175.69
OUT_01029,185.22
OUT_01030,201.31
OUT_01031,128.58
OUT_01032,6173.92
OUT_01033,193.03
OUT_01034,149.92
OUT_01035,607.95
OUT_01036,3158.79
OUT_01037,512.8
OUT_01038,619.8
OUT_01039,597.8
OUT_01040,552.97
OUT_01041,735.49
OUT_01042,193.87
OUT_01043,216.37
OUT_01044,8468.11
OUT_01045,147.88
OUT_01046,203.95
OUT_01047,193.84
OUT_01048,142.37
OUT_01049,526.73
OUT_01050,265.19
OUT_01051,629.81
OUT_01052,190.89
OUT_01053,215.19
OUT_01054,527.7
OUT_01055,194.25
OUT_01056,641.19
OUT_01057,174.95
OUT_01058,668.06
OUT_01059,597.18
OUT_01060,609.18
OUT_01061,6844.17
OUT_01062,164.6
OUT_01063,179.77
OUT_01064,180.38
OUT_01065,182.6
OUT_01066,230.72
OUT_01067,129.09
OUT_01068,183.83
OUT_01069,804.5
OUT_01070,154.84
OUT_01071,149.08
OUT_01072,617.35
OUT_01073,2489.06
OUT_01074,539.72
OUT_01075,698.79
OUT_01076,605.59
OUT_01077,166.71
OUT_01078,212.62
OUT_01079,4125.08
OUT_01080,659.73
OUT_01081,175.42
OUT_01082,193.66
OUT_01083,159.23
OUT_01084,154.85
OUT_01085,3188.87
OUT_01086,462.67
OUT_01087,190.77
OUT_01088,164.29
OUT_01089,183.28
OUT_01090,3267.26
OUT_01091,172.08
OUT_01092,170.74
OUT_01093,457.93
OUT_01094,208.47
OUT_01095,170.41
OUT_01096,171.7
OUT_01097,722.85
OUT_01098,161.01
OUT_01099,2474.04
OUT_01100,7634.56
OUT_01101,222.96
OUT_01102,544.66
OUT_01103,174.16
OUT_01104,139.72
OUT_01105,3245.12
OUT_01106,213.65
OUT_01107,2001.71
OUT_01108,7275.94
OUT_01109,548.02
OUT_01110,668.6
OUT_01111,472.71
OUT_01112,194.26
OUT_01113,177.16
OUT_01114,235.49
OUT_01115,592.85
OUT_01116,701.78
OUT_01117,159.29
OUT_01118,191.27
OUT_01119,130.5
OUT_01120,197.54
OUT_01121,605.5
OUT_01122,200.61
OUT_01123,572.17
OUT_01124,10179.36
OUT_01125,187.54
OUT_01126,193.88
OUT_01127,229.03
OUT_01128,194.17
OUT_01129,208.1
OUT_01130,2810.68
OUT_01131,181.78
OUT_01132,169.56
OUT_01133,2774.18
OUT_01134,2648.86
OUT_01135,3092.96
OUT_01136,218.32
OUT_01137,594.95
OUT_01138,596.66
OUT_01139,164.28
OUT_01140,149.34
OUT_01141,185.09
OUT_01142,1053.04
OUT_01143,194.59
OUT_01144,242.43
OUT_01145,603.38
OUT_01146,6394.69
OUT_01147,165.07
OUT_01148,618.51
OUT_01149,618.77
OUT_01150,167.53
OUT_01151,178.39
OUT_01152,6114.74
OUT_01153,3109.77
OUT_01154,183.53
OUT_01155,245.27
OUT_01156,596.24
OUT_01157,679.84
OUT_01158,193.6
OUT_01159,185.46
OUT_01160,156.98
OUT_01161,212.44
OUT_01162,206.91
OUT_01163,186.19
OUT_01164,2320.14
OUT_01165,205.92
OUT_01166,600.58
OUT_01167,178.1
OUT_01168,172.01
OUT_01169,159.81
OUT_01170,209.1
OUT_01171,206.11
OUT_01172,178.68
OUT_01173,611.08
OUT_01174,185.54
OUT_01175,2903.85
OUT_01176,587.76
OUT_01177,212.7
OUT_01178,2695.66
OUT_01179,525.99
OUT_01180,520.52
OUT_01181,183.69
OUT_01182,582.03
OUT_01183,246.96
OUT_01184,170.82
OUT_01185,198.92
OUT_01186,193.85
OUT_01187,150.36
OUT_01188,162.86
OUT_01189,146.29
OUT_01190,225.96
OUT_01191,547.72
OUT_01192,172.42
OUT_01193,139.75
OUT_01194,197.44
OUT_01195,572.63
OUT_01196,166.62
OUT_01197,2506.6
OUT_01198,502.51
OUT_01199,223.25
OUT_01200,146.44
OUT_01201,193.85
OUT_01202,167.76
OUT_01203,2578.01
OUT_01204,653.85
OUT_01205,203.31
OUT_01206,166.27
OUT_01207,7893.15
OUT_01208,235.16
OUT_01209,215.1
OUT_01210,498.03
OUT_01211,442.05
OUT_01212,9400.07
OUT_01213,219.23
OUT_01214,2765.46
OUT_01215,3346.64
OUT_01216,141.95
OUT_01217,3431.21
OUT_01218,584.43
OUT_01219,170.77
OUT_01220,531.89
OUT_01221,6826.91
OUT_01222,153.17
OUT_01223,756.43
OUT_01224,945.18
OUT_01225,591.3
OUT_01226,159.74
OUT_01227,209.63
OUT_01228,214.19
OUT_01229,183.37
OUT_01230,577.67
OUT_01231,154.05
OUT_01232,161.54
OUT_01233,662.69
OUT_01234,211.38
OUT_01235,547.77
OUT_01236,2974.73
OUT_01237,124.14
OUT_01238,671.34
OUT_01239,4696.77
OUT_01240,166.96
OUT_01241,7005.13
OUT_01242,190.4
OUT_01243,234.38
OUT_01244,177.93
OUT_01245,186.18
OUT_01246,2495.47
OUT_01247,198.11
OUT_01248,297.18
OUT_01249,243.59
OUT_01250,787.38
OUT_01251,167.41
OUT_01252,205.52
OUT_01253,3066.78
OUT_01254,209.27
OUT_01255,251.24
OUT_01256,177.9
OUT_01257,185.96
OUT_01258,594.73
OUT_01259,175.73
OUT_01260,138.24
OUT_01261,209.6
OUT_01262,2547.07
OUT_01263,4005.6
OUT_01264,172.04
OUT_01265,666.89
OUT_01266,638.42
OUT_01267,3142.16
OUT_01268,657.01
OUT_01269,201.54
OUT_01270,3306.88
OUT_01271,178.81
OUT_01272,631.55
OUT_01273,2898.9
OUT_01274,165.81
OUT_01275,245.79
OUT_01276,193.34
OUT_01277,139.73
OUT_01278,153.1
OUT_01279,475.15
OUT_01280,159.24
OUT_01281,729.2
OUT_01282,191.09
OUT_01283,189.08
OUT_01284,640.76
OUT_01285,214.91
OUT_01286,253.13
OUT_01287,2829.11
OUT_01288,2175.57
OUT_01289,183.49
OUT_01290,588.89
OUT_01291,2660.02
OUT_01292,2886.29
OUT_01293,583.43
OUT_01294,140.92
OUT_01295,885.12
OUT_01296,185.74
OUT_01297,258.82
OUT_01298,600.27
OUT_01299,8182.67
OUT_01300,647.57
OUT_01301,207.0
OUT_01302,201.5
OUT_01303,195.84
OUT_01304,3073.26
OUT_01305,186.53
OUT_01306,681.54
OUT_01307,482.28
OUT_01308,241.67
OUT_01309,194.04
OUT_01310,177.85
OUT_01311,172.73
OUT_01312,226.9
OUT_01313,124.91
OUT_01314,686.15
OUT_01315,129.02
OUT_01316,6857.2
OUT_01317,161.04
OUT_01318,187.15
OUT_01319,190.2
OUT_01320,156.85
OUT_01321,151.45
OUT_01322,179.71
OUT_01323,603.18
OUT_01324,199.97
OUT_01325,635.3
OUT_01326,238.23
OUT_01327,182.05
OUT_01328,184.07
OUT_01329,243.28
OUT_01330,189.64
OUT_01331,2674.87
OUT_01332,661.31
OUT_01333,231.36
OUT_01334,607.24
OUT_01335,159.21
OUT_01336,212.18
OUT_01337,162.41
OUT_01338,2711.88
OUT_01339,220.39
OUT_01340,203.72
OUT_01341,169.16
OUT_01342,725.15
OUT_01343,210.5
OUT_01344,161.46
OUT_01345,192.69
OUT_01346,596.85
OUT_01347,579.86
OUT_01348,554.01
OUT_01349,169.77
OUT_01350,611.86
OUT_01351,145.08
OUT_01352,2519.82
OUT_01353,177.43
OUT_01354,148.15
OUT_01355,3377.94
OUT_01356,579.76
OUT_01357,187.19
OUT_01358,557.33
OUT_01359,150.96
OUT_01360,635.37
OUT_01361,300.27
OUT_01362,5818.58
OUT_01363,207.45
OUT_01364,633.18
OUT_01365,184.52
OUT_01366,587.67
OUT_01367,652.97
OUT_01368,231.01
OUT_01369,3120.13
OUT_01370,165.96
OUT_01371,169.31
OUT_01372,953.17
OUT_01373,742.73
OUT_01374,679.85
OUT_01375,2497.43
OUT_01376,6640.45
OUT_01377,661.66
OUT_01378,146.06
OUT_01379,163.3
OUT_01380,646.54
OUT_01381,230.75
OUT_01382,2876.53
OUT_01383,685.8
OUT_01384,144.4
OUT_01385,740.6
OUT_01386,579.17
OUT_01387,197.76
OUT_01388,205.14
OUT_01389,2817.4
OUT_01390,196.51
OUT_01391,1871.54
OUT_01392,152.81
OUT_01393,165.01
OUT_01394,196.31
OUT_01395,676.84
OUT_01396,2507.69
OUT_01397,151.61
OUT_01398,170.78
OUT_01399,174.42
OUT_01400,3854.24
OUT_01401,735.88
OUT_01402,156.7
OUT_01403,642.4
OUT_01404,213.44
OUT_01405,138.58
OUT_01406,169.35
OUT_01407,189.67
OUT_01408,540.17
OUT_01409,2141.64
OUT_01410,3198.19
OUT_01411,2773.08
OUT_01412,605.76
OUT_01413,560.98
OUT_01414,229.02
OUT_01415,204.67
OUT_01416,294.9
OUT_01417,678.52
OUT_01418,604.76
OUT_01419,665.67
OUT_01420,2225.72
OUT_01421,171.57
OUT_01422,193.47
OUT_01423,171.5
OUT_01424,207.72
OUT_01425,603.29
OUT_01426,157.61
OUT_01427,191.63
OUT_01428,541.34
OUT_01429,185.21
OUT_01430,179.37
OUT_01431,192.49
OUT_01432,173.37
OUT_01433,188.91
OUT_01434,203.38
OUT_01435,177.46
OUT_01436,581.07
OUT_01437,2942.74
OUT_01438,152.92
OUT_01439,559.52
OUT_01440,6262.27
OUT_01441,595.46
OUT_01442,625.44
OUT_01443,133.54
OUT_01444,834.29
OUT_01445,827.27
OUT_01446,158.26
OUT_01447,2975.52
OUT_01448,734.52
OUT_01449,710.99
OUT_01450,207.12
OUT_01451,601.93
OUT_01452,210.34
OUT_01453,2814.96
OUT_01454,196.86
OUT_01455,196.4
OUT_01456,243.02
OUT_01457,175.67
OUT_01458,544.72
OUT_01459,168.26
OUT_01460,671.41
OUT_01461,2984.02
OUT_01462,166.5
OUT_01463,209.69
OUT_01464,159.73
OUT_01465,273.64
OUT_01466,172.15
OUT_01467,189.54
OUT_01468,182.65
OUT_01469,162.62
OUT_01470,725.08
OUT_01471,9633.27
OUT_01472,6388.78
OUT_01473,2749.01
OUT_01474,185.97
OUT_01475,195.49
OUT_01476,641.21
OUT_01477,282.95
OUT_01478,185.81
OUT_01479,269.89
OUT_01480,173.55
OUT_01481,3306.23
OUT_01482,172.78
OUT_01483,649.44
OUT_01484,189.31
OUT_01485,2852.04
OUT_01486,148.94
OUT_01487,212.18
OUT_01488,145.38
OUT_01489,167.16
OUT_01490,707.79
OUT_01491,166.24
OUT_01492,153.21
OUT_01493,166.09
OUT_01494,200.57
OUT_01495,705.65
OUT_01496,247.32
OUT_01497,569.71
OUT_01498,896.92
OUT_01499,614.85
OUT_01500,2491.58
OUT_01501,184.64
OUT_01502,625.75
OUT_01503,2174.69
OUT_01504,516.18
OUT_01505,7725.28
OUT_01506,2789.28
OUT_01507,2423.19
OUT_01508,199.22
OUT_01509,148.7
OUT_01510,583.38
OUT_01511,195.57
OUT_01512,190.67
OUT_01513,237.83
OUT_01514,7326.94
OUT_01515,190.42
OUT_01516,152.32
OUT_01517,191.89
OUT_01518,596.53
OUT_01519,184.53
OUT_01520,2892.59
OUT_01521,733.69
OUT_01522,157.69
OUT_01523,733.68
OUT_01524,629.54
OUT_01525,140.85
OUT_01526,725.99
OUT_01527,3151.48
OUT_01528,6924.73
OUT_01529,145.8
OUT_01530,257.26
OUT_01531,172.85
OUT_01532,1995.61
OUT_01533,224.43
OUT_01534,157.79
OUT_01535,143.95
OUT_01536,192.81
OUT_01537,179.2
OUT_01538,189.43
OUT_01539,219.7
OUT_01540,3146.88
OUT_01541,332.72
OUT_01542,143.92
OUT_01543,184.55
OUT_01544,297.04
OUT_01545,781.51
OUT_01546,595.15
OUT_01547,704.89
OUT_01548,152.59
OUT_01549,614.86
OUT_01550,498.09
OUT_01551,150.96
OUT_01552,781.76
OUT_01553,507.51
OUT_01554,6699.51
OUT_01555,179.66
OUT_01556,179.51
OUT_01557,6718.41
OUT_01558,157.36
OUT_01559,2574.54
OUT_01560,3497.88
OUT_01561,159.46
OUT_01562,165.9
OUT_01563,785.68
OUT_01564,154.78
OUT_01565,651.64
OUT_01566,175.67
OUT_01567,9693.2
OUT_01568,159.2
OUT_01569,168.6
OUT_01570,2675.95
OUT_01571,197.03
OUT_01572,604.89
OUT_01573,151.31
OUT_01574,161.8
OUT_01575,232.78
OUT_01576,169.88
OUT_01577,608.95
OUT_01578,600.05
OUT_01579,176.76
OUT_01580,167.07
OUT_01581,547.99
OUT_01582,3231.75
OUT_01583,613.76
OUT_01584,182.13
OUT_01585,150.97
OUT_01586,187.85
OUT_01587,182.74
OUT_01588,653.32
OUT_01589,691.79
OUT_01590,212.39
OUT_01591,169.92
OUT_01592,222.23
OUT_01593,3103.79
OUT_01594,540.02
OUT_01595,7158.97
OUT_01596,586.92
OUT_01597,150.78
OUT_01598,645.26
OUT_01599,156.39
OUT_01600,160.2
OUT_01601,170.53
OUT_01602,581.53
OUT_01603,158.04
OUT_01604,177.08
OUT_01605,2225.71
OUT_01606,170.89
OUT_01607,198.06
OUT_01608,210.96
OUT_01609,525.57
OUT_01610,710.73
OUT_01611,154.93
OUT_01612,186.55
OUT_01613,203.88
OUT_01614,227.51
OUT_01615,181.11
OUT_01616,167.87
OUT_01617,192.9
OUT_01618,201.79
OUT_01619,620.96
OUT_01620,638.76
OUT_01621,2821.75
OUT_01622,201.92
OUT_01623,156.38
OUT_01624,6411.45
OUT_01625,239.82
OUT_01626,175.33
OUT_01627,161.91
OUT_01628,185.41
OUT_01629,2343.55
OUT_01630,185.29
OUT_01631,165.56
OUT_01632,215.96
OUT_01633,207.72
OUT_01634,2669.8
OUT_01635,540.45
OUT_01636,528.88
OUT_01637,168.08
OUT_01638,565.66
OUT_01639,2509.56
OUT_01640,9412.25
OUT_01641,8005.25
OUT_01642,219.31
OUT_01643,201.28
OUT_01644,211.83
OUT_01645,186.46
OUT_01646,188.37
OUT_01647,176.03
OUT_01648,172.2
OUT_01649,157.25
OUT_01650,7610.57
OUT_01651,138.8
OUT_01652,158.64
OUT_01653,689.2
OUT_01654,2400.4
OUT_01655,217.1
OUT_01656,4230.01
OUT_01657,249.33
OUT_01658,284.24
OUT_01659,192.78
OUT_01660,697.76
OUT_01661,532.66
OUT_01662,695.11
OUT_01663,211.59
OUT_01664,165.01
OUT_01665,6231.48
OUT_01666,2663.5
OUT_01667,1046.11
OUT_01668,206.11
OUT_01669,181.11
OUT_01670,147.13
OUT_01671,179.54
OUT_01672,859.38
OUT_01673,182.44
OUT_01674,172.8
OUT_01675,723.28
OUT_01676,565.56
OUT_01677,154.75
OUT_01678,162.71
OUT_01679,2467.32
OUT_01680,199.29
OUT_01681,202.84
OUT_01682,170.28
OUT_01683,174.83
OUT_01684,162.85
OUT_01685,207.68
OUT_01686,582.82
OUT_01687,134.73
OUT_01688,589.69
OUT_01689,293.17
OUT_01690,204.86
OUT_01691,8892.14
OUT_01692,621.13
OUT_01693,147.73
OUT_01694,3560.13
OUT_01695,606.49
OUT_01696,198.9
OUT_01697,216.82
OUT_01698,165.61
OUT_01699,170.62
OUT_01700,175.37
OUT_01701,763.39
OUT_01702,154.82
OUT_01703,186.79
OUT_01704,684.0
OUT_01705,2507.33
OUT_01706,159.83
OUT_01707,159.47
OUT_01708,624.32
OUT_01709,265.84
OUT_01710,750.17
OUT_01711,164.16
OUT_01712,7160.35
OUT_01713,162.52
OUT_01714,169.32
OUT_01715,484.99
OUT_01716,6889.05
OUT_01717,302.79
OUT_01718,646.5
OUT_01719,171.32
OUT_01720,209.16
OUT_01721,165.71
OUT_01722,209.16
OUT_01723,584.88
OUT_01724,198.8
OUT_01725,6268.65
OUT_01726,151.96
OUT_01727,202.0
OUT_01728,187.97
OUT_01729,174.47
OUT_01730,589.89
OUT_01731,610.64
OUT_01732,586.58
OUT_01733,231.63
OUT_01734,709.72
OUT_01735,2894.72
OUT_01736,7420.16
OUT_01737,3303.5
OUT_01738,459.77
OUT_01739,645.96
OUT_01740,3007.52
OUT_01741,630.21
OUT_01742,573.25
OUT_01743,217.6
OUT_01744,163.77
OUT_01745,172.72
OUT_01746,623.63
OUT_01747,167.83
OUT_01748,198.96
OUT_01749,2821.16
OUT_01750,164.11
OUT_01751,198.2
OUT_01752,186.38
OUT_01753,208.25
OUT_01754,566.82
OUT_01755,563.72
OUT_01756,638.93
OUT_01757,2610.43
OUT_01758,3635.16
OUT_01759,180.92
OUT_01760,7858.7
OUT_01761,225.67
OUT_01762,182.54
OUT_01763,707.04
OUT_01764,199.42
OUT_01765,141.92
OUT_01766,2497.43
OUT_01767,2923.18
OUT_01768,589.54
OUT_01769,233.4
OUT_01770,596.79
OUT_01771,228.65
OUT_01772,650.36
OUT_01773,214.12
OUT_01774,621.09
OUT_01775,2983.77
OUT_01776,188.39
OUT_01777,172.31
OUT_01778,805.02
OUT_01779,220.81
OUT_01780,622.93
OUT_01781,197.53
OUT_01782,7277.67
OUT_01783,136.35
OUT_01784,196.78
OUT_01785,2533.29
OUT_01786,187.44
OUT_01787,173.76
OUT_01788,578.52
OUT_01789,138.82
OUT_01790,203.15
OUT_01791,191.87
OUT_01792,230.64
OUT_01793,179.68
OUT_01794,656.59
OUT_01795,735.16
OUT_01796,167.74
OUT_01797,201.54
OUT_01798,1000.62
OUT_01799,293.48
OUT_01800,684.15
OUT_01801,2412.52
OUT_01802,2962.24
OUT_01803,2608.64
OUT_01804,600.98
OUT_01805,496.45
OUT_01806,2542.81
OUT_01807,151.29
OUT_01808,521.22
OUT_01809,636.13
OUT_01810,183.44
OUT_01811,196.43
OUT_01812,211.34
OUT_01813,611.89
OUT_01814,687.15
OUT_01815,201.51
OUT_01816,306.02
OUT_01817,202.86
OUT_01818,273.66
OUT_01819,202.51
OUT_01820,574.17
OUT_01821,7897.01
OUT_01822,180.97
OUT_01823,168.07
OUT_01824,131.69
OUT_01825,3002.2
OUT_01826,3256.42
OUT_01827,3146.26
OUT_01828,719.05
OUT_01829,157.19
OUT_01830,201.5
OUT_01831,168.5
OUT_01832,161.0
OUT_01833,214.29
OUT_01834,2880.3
OUT_01835,3478.0
OUT_01836,176.22
OUT_01837,194.08
OUT_01838,562.66
OUT_01839,504.11
OUT_01840,187.87
OUT_01841,5982.63
OUT_01842,685.08
OUT_01843,219.85
OUT_01844,2639.37
OUT_01845,181.2
OUT_01846,173.97
OUT_01847,3379.74
OUT_01848,756.97
OUT_01849,194.74
OUT_01850,531.79
OUT_01851,2576.46
OUT_01852,2393.86
OUT_01853,618.5
OUT_01854,3102.77
OUT_01855,233.6
OUT_01856,591.16
OUT_01857,155.27
OUT_01858,156.07
OUT_01859,185.22
OUT_01860,595.74
OUT_01861,610.71
OUT_01862,146.46
OUT_01863,489.11
OUT_01865,246.08
OUT_01866,185.3
OUT_01867,195.46
OUT_01868,561.53
OUT_01869,6974.43
OUT_01870,156.14
OUT_01871,246.03
OUT_01872,568.6
OUT_01873,617.41
OUT_01874,239.21
OUT_01875,559.83
OUT_01876,695.25
OUT_01877,2238.07
OUT_01878,3088.7
OUT_01879,6706.67
OUT_01880,579.71
OUT_01881,197.33
OUT_01882,169.36
OUT_01883,192.82
OUT_01884,182.17
OUT_01885,522.61
OUT_01886,187.42
OUT_01887,2316.22
OUT_01888,176.82
OUT_01889,769.54
OUT_01890,198.31
OUT_01891,2681.99
OUT_01892,680.65
OUT_01893,154.82
OUT_01894,623.43
OUT_01895,154.44
OUT_01896,178.15
OUT_01897,2764.33
OUT_01898,614.69
OUT_01899,2424.4
OUT_01900,183.52
OUT_01901,6752.71
OUT_01902,193.36
OUT_01903,6786.78
OUT_01904,239.47
OUT_01905,187.0
OUT_01906,7269.76
OUT_01907,2968.4
OUT_01908,2843.88
OUT_01909,281.07
OUT_01910,169.29
OUT_01911,553.34
OUT_01912,228.68
OUT_01913,688.51
OUT_01914,197.74
OUT_01915,197.38
OUT_01916,171.26
OUT_01917,675.17
OUT_01918,169.93
OUT_01919,200.15
OUT_01920,202.42
OUT_01921,158.37
OUT_01922,179.14
OUT_01923,170.72
OUT_01924,258.61
OUT_01925,2887.05
OUT_01926,3321.4
OUT_01927,606.5
OUT_01928,3302.53
OUT_01929,575.3
OUT_01930,157.9
OUT_01931,188.13
OUT_01932,598.39
OUT_01933,246.18
OUT_01934,290.75
OUT_01935,177.7
OUT_01936,190.48
OUT_01937,6501.6
OUT_01938,707.11
OUT_01939,632.34
OUT_01940,177.45
OUT_01941,650.09
OUT_01942,200.43
OUT_01943,174.88
OUT_01944,6634.86
OUT_01945,197.24
OUT_01946,684.87
OUT_01947,227.24
OUT_01948,648.79
OUT_01949,173.46
OUT_01950,192.24
OUT_01951,4037.91
OUT_01952,212.71
OUT_01953,3063.83
OUT_01954,654.35
OUT_01955,3339.42
OUT_01956,203.82
OUT_01957,221.21
OUT_01958,635.82
OUT_01959,192.26
OUT_01960,218.76
OUT_01961,3620.26
OUT_01962,198.85
OUT_01963,3429.69
OUT_01964,157.1
OUT_01965,618.69
OUT_01966,176.5
OUT_01967,2199.47
OUT_01968,596.67
OUT_01969,166.87
OUT_01970,7203.25
OUT_01971,538.92
OUT_01972,189.52
OUT_01973,160.97
OUT_01974,197.32
OUT_01975,620.47
OUT_01976,554.85
OUT_01977,148.56
OUT_01978,173.05
OUT_01979,574.79
OUT_01980,607.14
OUT_01981,935.64
OUT_01982,2788.57
OUT_01983,695.38
OUT_01984,2988.84
OUT_01985,2252.94
OUT_01986,223.99
OUT_01987,177.51
OUT_01988,499.12
OUT_01989,466.76
OUT_01990,185.92
OUT_01991,2583.56
OUT_01992,752.64
OUT_01993,165.81
OUT_01994,664.22
OUT_01995,216.11
OUT_01996,2819.1
OUT_01997,2385.52
OUT_01998,176.56
OUT_01999,3061.53
OUT_02000,629.14
OUT_02001,233.85
OUT_02002,183.65
OUT_02003,212.57
OUT_02004,184.24
OUT_02005,620.8
OUT_02006,568.21
OUT_02007,518.55
OUT_02008,611.07
OUT_02009,534.5
OUT_02010,189.38
OUT_02011,197.51
OUT_02012,678.26
OUT_02013,170.22
OUT_02014,3665.1
OUT_02015,194.76
OUT_02016,2588.57
OUT_02017,3848.44
OUT_02018,482.86
OUT_02019,186.36
OUT_02020,172.79
OUT_02021,178.26
OUT_02022,7482.07
OUT_02023,230.86
OUT_02024,703.46
OUT_02025,7201.43
OUT_02026,657.74
OUT_02027,806.69
OUT_02028,686.83
OUT_02029,644.99
OUT_02030,752.45
OUT_02031,214.38
OUT_02032,669.02
OUT_02033,300.3
OUT_02034,7145.65
OUT_02035,173.71
OUT_02036,161.46
OUT_02037,182.61
OUT_02038,163.07
OUT_02039,168.25
OUT_02040,585.1
OUT_02041,191.19
OUT_02042,177.78
OUT_02043,702.9
OUT_02044,2756.55
OUT_02045,614.66
OUT_02046,201.26
OUT_02047,2890.09
OUT_02048,170.74
OUT_02049,215.99
OUT_02050,185.98
OUT_02051,557.81
OUT_02052,184.92
OUT_02053,165.35
OUT_02054,2731.54
OUT_02055,630.57
OUT_02056,7747.51
OUT_02057,921.88
OUT_02058,3460.87
OUT_02059,733.6
OUT_02060,178.8
OUT_02061,130.11
OUT_02062,195.12
OUT_02063,156.72
OUT_02064,189.67
OUT_02065,136.97
OUT_02066,2976.03
OUT_02067,157.44
OUT_02068,3290.56
OUT_02069,143.41
OUT_02070,230.78
OUT_02071,204.61
OUT_02072,2168.54
OUT_02073,8747.82
OUT_02074,180.03
OUT_02075,157.52
OUT_02076,177.11
OUT_02077,160.24
OUT_02078,7986.79
OUT_02079,593.62
OUT_02080,188.84
OUT_02081,193.49
OUT_02082,157.17
OUT_02083,7291.03
OUT_02084,696.91
OUT_02085,2533.22
OUT_02086,679.94
OUT_02087,620.88
OUT_02088,3618.55
OUT_02089,264.94
OUT_02090,181.58
OUT_02091,257.44
OUT_02092,706.6
OUT_02093,232.32
OUT_02094,2791.66
OUT_02095,543.16
OUT_02096,6933.95
OUT_02097,2919.62
OUT_02098,669.2
OUT_02099,554.27
OUT_02100,210.84
OUT_02101,371.39
OUT_02102,283.86
OUT_02103,753.25
OUT_02104,659.41
OUT_02105,175.5
OUT_02106,199.44
OUT_02107,176.13
OUT_02108,188.3
OUT_02109,163.29
OUT_02110,211.48
OUT_02111,332.63
OUT_02112,163.36
OUT_02113,636.68
OUT_02114,537.04
OUT_02115,207.83
OUT_02116,181.73
OUT_02117,166.45
OUT_02118,670.97
OUT_02119,656.13
OUT_02120,215.1
OUT_02121,2425.92
OUT_02122,164.98
OUT_02123,669.52
OUT_02124,745.61
OUT_02125,137.62
OUT_02126,198.91
OUT_02127,183.02
OUT_02128,2248.72
OUT_02129,284.88
OUT_02130,196.23
OUT_02131,3522.93
OUT_02132,699.43
OUT_02133,2501.97
OUT_02134,770.43
OUT_02135,581.27
OUT_02136,2828.44
OUT_02137,605.73
OUT_02138,2587.15
OUT_02139,2784.67
OUT_02140,221.02
OUT_02141,566.26
OUT_02142,214.47
OUT_02143,691.86
OUT_02144,145.7
OUT_02145,187.94
OUT_02146,2681.23
OUT_02147,648.43
OUT_02148,533.17
OUT_02149,174.7
OUT_02150,139.27
OUT_02151,523.44
OUT_02152,8214.25
OUT_02153,221.73
OUT_02154,209.96
OUT_02155,603.79
OUT_02156,181.73
OUT_02157,633.18
OUT_02158,204.27
OUT_02159,174.43
OUT_02160,180.94
OUT_02161,203.46
OUT_02162,652.61
OUT_02163,188.98
OUT_02164,699.39
OUT_02165,166.55
OUT_02166,229.04
OUT_02167,160.39
OUT_02168,173.91
OUT_02169,166.29
OUT_02170,187.21
OUT_02171,154.88
OUT_02172,686.08
OUT_02173,166.5
OUT_02174,228.53
OUT_02175,192.84
OUT_02176,6709.44
OUT_02177,717.82
OUT_02178,237.68
OUT_02179,761.15
OUT_02180,9008.02
OUT_02181,3248.05
OUT_02182,154.74
OUT_02183,685.75
OUT_02184,641.22
OUT_02185,756.71
OUT_02186,268.03
OUT_02187,513.51
OUT_02188,182.07
OUT_02189,228.66
OUT_02190,7847.58
OUT_02191,732.93
OUT_02192,716.59
OUT_02193,682.6
OUT_02194,169.3
OUT_02195,223.6
OUT_02196,525.41
OUT_02197,164.13
OUT_02198,173.91
OUT_02199,231.43
OUT_02200,530.79
OUT_02201,2430.21
OUT_02202,194.59
OUT_02203,2789.5
OUT_02204,628.21
OUT_02205,3006.05
OUT_02206,212.27
OUT_02207,3090.89
OUT_02208,191.0
OUT_02209,261.19
OUT_02210,259.5
OUT_02211,226.7
OUT_02212,621.1
OUT_02213,176.35
OUT_02214,522.41
OUT_02215,601.02
OUT_02216,636.68
OUT_02217,2679.33
OUT_02218,701.11
OUT_02219,723.95
OUT_02220,223.86
OUT_02221,207.32
OUT_02222,279.41
OUT_02223,691.42
OUT_02224,495.12
OUT_02225,210.67
OUT_02226,571.32
OUT_02227,156.09
OUT_02228,567.97
OUT_02229,651.42
OUT_02230,677.51
OUT_02231,203.34
OUT_02232,181.47
OUT_02233,270.49
OUT_02234,698.6
OUT_02235,168.73
OUT_02236,6821.86
OUT_02237,149.46
OUT_02238,3835.65
OUT_02239,206.28
OUT_02240,170.09
OUT_02241,187.28
OUT_02242,2372.15
OUT_02243,3130.64
OUT_02244,683.73
OUT_02245,174.43
OUT_02246,3086.74
OUT_02247,221.19
OUT_02248,539.34
OUT_02249,775.01
OUT_02250,174.76
OUT_02251,161.11
OUT_02252,178.68
OUT_02253,781.7
OUT_02254,553.24
OUT_02255,513.51
OUT_02256,151.55
OUT_02257,470.24
OUT_02258,162.55
OUT_02259,186.07
OUT_02260,185.12
OUT_02261,180.46
OUT_02262,159.92
OUT_02263,621.85
OUT_02264,178.51
OUT_02265,191.72
OUT_02266,196.61
OUT_02267,3183.88
OUT_02268,196.69
OUT_02269,582.0
OUT_02270,251.86
OUT_02271,220.6
OUT_02272,527.53
OUT_02273,819.39
OUT_02274,201.6
OUT_02275,514.57
OUT_02276,180.72
OUT_02277,870.63
OUT_02278,183.17
OUT_02279,2681.56
OUT_02280,568.09
OUT_02281,153.12
OUT_02282,173.09
OUT_02283,239.82
OUT_02284,593.46
OUT_02285,169.09
OUT_02286,2816.46
OUT_02287,521.5
OUT_02288,633.53
OUT_02289,165.67
OUT_02290,212.33
OUT_02291,173.95
OUT_02292,160.3
OUT_02293,143.48
OUT_02294,301.11
OUT_02295,575.87
OUT_02296,594.87
OUT_02297,163.37
OUT_02298,2395.04
OUT_02299,186.66
OUT_02300,174.78
OUT_02301,3199.86
OUT_02302,158.86
OUT_02303,2655.59
OUT_02304,671.28
OUT_02305,515.47
OUT_02306,213.86
OUT_02307,142.9
OUT_02308,3244.9
OUT_02309,159.9
OUT_02310,2354.73
OUT_02311,616.47
OUT_02312,600.17
OUT_02313,601.97
OUT_02314,553.96
OUT_02315,234.53
OUT_02316,162.52
OUT_02317,154.07
OUT_02318,644.43
OUT_02319,178.62
OUT_02320,729.1
OUT_02321,140.12
OUT_02322,7168.85
OUT_02323,181.35
OUT_02324,600.32
OUT_02325,191.75
OUT_02326,190.89
OUT_02327,142.04
OUT_02328,190.48
OUT_02329,190.59
OUT_02330,328.38
OUT_02331,176.03
OUT_02332,738.72
OUT_02333,175.06
OUT_02334,2695.05
OUT_02335,247.94
OUT_02336,248.36
OUT_02337,211.89
OUT_02338,145.25
OUT_02339,195.98
OUT_02340,194.7
OUT_02341,670.1
OUT_02342,183.21
OUT_02343,534.88
OUT_02344,2696.06
OUT_02345,251.47
OUT_02346,3348.81
OUT_02347,623.83
OUT_02348,159.52
OUT_02349,515.88
OUT_02350,909.21
OUT_02351,7877.44
OUT_02352,646.25
OUT_02353,747.67
OUT_02354,569.53
OUT_02355,686.9
OUT_02356,193.37
OUT_02357,153.92
OUT_02358,2326.73
OUT_02359,146.51
OUT_02360,211.24
OUT_02361,721.74
OUT_02362,178.33
OUT_02363,164.99
OUT_02364,610.78
OUT_02365,532.58
OUT_02366,267.23
OUT_02367,184.54
OUT_02368,199.82
OUT_02369,2701.28
OUT_02370,190.53
OUT_02371,7819.06
OUT_02372,267.86
OUT_02373,8190.1
OUT_02374,601.82
OUT_02375,585.86
OUT_02376,206.45
OUT_02377,175.87
OUT_02378,193.71
OUT_02379,653.71
OUT_02380,190.02
OUT_02381,161.2
OUT_02382,145.29
OUT_02383,6078.23
OUT_02384,1147.78
OUT_02385,2808.15
OUT_02386,3282.76
OUT_02387,2651.49
OUT_02388,207.09
OUT_02390,645.14
OUT_02391,659.37
OUT_02392,167.02
OUT_02393,198.59
OUT_02394,865.47
OUT_02395,186.3
OUT_02396,622.56
OUT_02397,147.62
OUT_02398,169.1
OUT_02399,2987.73
OUT_02400,142.14
OUT_02401,6818.31
OUT_02402,238.18
OUT_02403,165.7
OUT_02404,2882.14
OUT_02405,2796.85
OUT_02406,178.91
OUT_02407,535.67
OUT_02408,860.51
OUT_02409,606.48
OUT_02410,180.97
OUT_02411,189.65
OUT_02412,173.29
OUT_02413,193.28
OUT_02414,212.64
OUT_02415,3535.33
OUT_02416,3345.97
OUT_02417,194.31
OUT_02418,3189.76
OUT_02419,689.04
OUT_02420,185.04
OUT_02421,167.9
OUT_02422,6870.09
OUT_02423,584.13
OUT_02424,169.64
OUT_02425,559.66
OUT_02427,666.57
OUT_02428,499.69
OUT_02429,185.57
OUT_02430,617.27
OUT_02431,5312.02
OUT_02432,156.47
OUT_02433,159.06
OUT_02434,269.96
OUT_02435,173.1
OUT_02436,4728.24
OUT_02437,6295.4
OUT_02438,234.97
OUT_02439,653.32
OUT_02440,164.91
OUT_02441,150.76
OUT_02442,570.07
OUT_02443,201.41
OUT_02444,2165.51
OUT_02445,555.94
OUT_02446,702.66
OUT_02447,182.48
OUT_02448,218.76
OUT_02449,181.31
OUT_02450,181.04
OUT_02451,743.96
OUT_02452,2759.12
OUT_02453,139.89
OUT_02454,616.57
OUT_02455,138.07
OUT_02456,195.12
OUT_02457,703.41
OUT_02458,2687.26
OUT_02459,5553.87
OUT_02460,790.42
OUT_02461,176.12
OUT_02462,187.55
OUT_02463,180.06
OUT_02464,181.76
OUT_02465,202.5
OUT_02466,167.05
OUT_02467,146.26
OUT_02468,176.24
OUT_02469,587.77
OUT_02470,891.87
OUT_02471,7072.82
OUT_02472,501.01
OUT_02473,149.41
OUT_02474,283.66
OUT_02475,7586.81
OUT_02476,197.34
OUT_02477,156.48
OUT_02478,223.43
OUT_02479,2750.64
OUT_02480,192.5
OUT_02481,189.79
OUT_02482,2658.9
OUT_02483,153.86
OUT_02484,669.02
OUT_02485,221.29
OUT_02486,516.92
OUT_02487,182.45
OUT_02488,166.15
OUT_02489,191.04
OUT_02490,728.04
OUT_02491,229.63
OUT_02492,702.5
OUT_02493,185.73
OUT_02494,687.51
OUT_02495,171.87
OUT_02496,630.97
OUT_02497,177.88
OUT_02498,3716.3
OUT_02499,166.57
OUT_02500,526.59
OUT_02501,2436.44
OUT_02502,575.21
OUT_02503,158.73
OUT_02504,143.56
OUT_02505,156.72
OUT_02506,182.65
OUT_02507,150.52
OUT_02508,189.22
OUT_02509,720.33
OUT_02510,555.26
OUT_02511,789.71
OUT_02512,573.81
OUT_02513,138.58
OUT_02514,4185.15
OUT_02515,2388.59
OUT_02516,3148.66
OUT_02517,720.39
OUT_02518,190.37
OUT_02519,205.3
OUT_02520,587.34
OUT_02521,205.86
OUT_02522,523.14
OUT_02523,503.01
OUT_02524,2685.0
OUT_02525,3083.81
OUT_02526,161.53
OUT_02527,635.76
OUT_02528,757.35
OUT_02529,199.38
OUT_02530,610.24
OUT_02531,482.5
OUT_02532,181.82
OUT_02533,141.55
OUT_02534,647.42
OUT_02535,256.18
OUT_02536,142.47
OUT_02537,178.07
OUT_02538,2555.46
OUT_02539,166.61
OUT_02540,193.66
OUT_02541,3425.21
OUT_02542,194.66
OUT_02543,527.57
OUT_02544,592.14
OUT_02545,608.59
OUT_02546,150.23
OUT_02547,249.66
OUT_02548,626.87
OUT_02549,547.68
OUT_02550,195.05
OUT_02551,208.12
OUT_02552,2743.32
OUT_02553,159.0
OUT_02554,165.11
OUT_02555,511.22
OUT_02556,179.14
OUT_02557,154.65
OUT_02558,194.01
OUT_02559,246.97
OUT_02560,159.76
OUT_02561,192.99
OUT_02562,214.47
OUT_02563,684.54
OUT_02564,193.49
OUT_02565,586.95
OUT_02566,606.2
OUT_02567,180.45
OUT_02568,610.71
OUT_02569,139.85
OUT_02570,569.13
OUT_02571,546.86
OUT_02572,157.23
OUT_02573,156.62
OUT_02574,579.62
OUT_02575,265.47
OUT_02576,6954.8
OUT_02577,219.89
OUT_02578,2790.86
OUT_02579,538.16
OUT_02580,176.91
OUT_02581,520.0
OUT_02582,7471.71
OUT_02583,211.26
OUT_02584,177.05
OUT_02585,304.09
OUT_02586,7273.92
OUT_02587,174.58
OUT_02588,210.85
OUT_02589,182.83
OUT_02590,625.51
OUT_02591,2946.18
OUT_02592,575.04
OUT_02593,3765.93
OUT_02594,166.83
OUT_02595,159.68
OUT_02596,3274.35
OUT_02597,2858.54
OUT_02598,2703.16
OUT_02599,6589.07
OUT_02600,590.99
OUT_02601,547.68
OUT_02602,154.74
OUT_02603,3259.66
OUT_02604,246.58
OUT_02605,668.1
OUT_02606,3240.3
OUT_02607,210.24
OUT_02608,675.03
OUT_02609,212.32
OUT_02610,872.22
OUT_02611,651.11
OUT_02612,794.27
OUT_02613,724.78
OUT_02614,183.4
OUT_02615,2875.45
OUT_02616,2346.62
OUT_02617,8151.23
OUT_02618,216.23
OUT_02619,572.45
OUT_02620,137.55
OUT_02621,689.1
OUT_02622,212.13
OUT_02623,197.51
OUT_02624,191.58
OUT_02625,714.27
OUT_02626,2767.83
OUT_02627,252.88
OUT_02628,572.4
OUT_02629,173.18
OUT_02630,171.57
OUT_02631,164.38
OUT_02632,630.67
OUT_02633,189.58
OUT_02634,153.41
OUT_02635,155.68
OUT_02636,6889.44
OUT_02637,191.62
OUT_02638,671.5
OUT_02639,156.69
OUT_02640,523.51
OUT_02641,3194.91
OUT_02642,142.46
OUT_02643,3315.32
OUT_02644,700.72
OUT_02645,174.52
OUT_02646,193.6
OUT_02647,2568.08
OUT_02648,195.42
OUT_02649,188.67
OUT_02650,706.74
OUT_02651,588.21
OUT_02652,156.88
OUT_02653,198.64
OUT_02654,2908.29
OUT_02655,168.36
OUT_02656,185.31
OUT_02657,166.63
OUT_02658,229.19
OUT_02659,184.78
OUT_02660,152.77
OUT_02661,624.51
OUT_02662,173.25
OUT_02663,641.44
OUT_02664,2515.17
OUT_02665,3136.79
OUT_02666,678.39
OUT_02667,144.35
OUT_02668,3276.03
OUT_02669,164.07
OUT_02670,149.17
OUT_02671,168.49
OUT_02672,213.47
OUT_02673,147.31
OUT_02674,199.48
OUT_02675,158.58
OUT_02676,607.59
OUT_02677,162.35
OUT_02678,182.88
OUT_02679,159.9
OUT_02680,160.6
OUT_02681,199.08
OUT_02682,194.55
OUT_02683,158.83
OUT_02684,2486.38
OUT_02685,150.69
OUT_02686,745.85
OUT_02687,186.69
OUT_02688,466.93
OUT_02689,172.99
OUT_02690,650.62
OUT_02691,3069.72
OUT_02692,740.26
OUT_02693,174.17
OUT_02694,168.26
OUT_02695,163.25
OUT_02696,528.11
OUT_02697,748.12
OUT_02698,688.74
OUT_02699,505.58
OUT_02700,199.85
OUT_02701,2906.81
OUT_02702,195.64
OUT_02703,645.36
OUT_02704,214.07
OUT_02705,168.69
OUT_02706,200.69
OUT_02707,160.22
OUT_02708,168.69
OUT_02709,201.63
OUT_02710,715.9
OUT_02711,207.18
OUT_02712,219.51
OUT_02713,216.84
OUT_02714,533.2
OUT_02715,198.71
OUT_02716,178.17
OUT_02717,2701.6
OUT_02718,170.03
OUT_02719,201.15
OUT_02720,181.86
OUT_02721,6900.71
OUT_02722,639.88
OUT_02723,216.33
OUT_02724,189.77
OUT_02725,194.42
OUT_02726,168.49
OUT_02727,165.41
OUT_02728,3609.72
OUT_02729,193.68
OUT_02730,208.5
OUT_02731,558.33
OUT_02732,229.26
OUT_02733,187.74
OUT_02734,3589.0
OUT_02735,190.3
OUT_02736,731.1
OUT_02737,496.76
OUT_02738,166.43
OUT_02739,885.5
OUT_02740,500.46
OUT_02741,169.12
OUT_02742,144.02
OUT_02743,178.51
OUT_02744,618.63
OUT_02745,202.72
OUT_02746,714.83
OUT_02747,161.37
OUT_02748,181.78
OUT_02749,191.2
OUT_02750,168.63
OUT_02751,2677.71
OUT_02752,200.79
OUT_02753,610.6
OUT_02754,180.3
OUT_02755,7202.28
OUT_02756,195.11
OUT_02757,174.47
OUT_02758,6737.49
OUT_02759,228.87
OUT_02760,2292.9
OUT_02761,195.04
OUT_02762,170.18
OUT_02763,170.39
OUT_02764,201.11
OUT_02765,2431.25
OUT_02766,750.74
OUT_02767,788.15
OUT_02768,173.05
OUT_02769,170.69
OUT_02770,620.77
OUT_02771,204.26
OUT_02772,193.34
OUT_02773,618.26
OUT_02774,487.54
OUT_02775,669.36
OUT_02776,2863.03
OUT_02777,190.41
OUT_02778,168.13
OUT_02779,163.34
OUT_02780,582.94
OUT_02781,674.9
OUT_02782,2374.99
OUT_02783,8269.36
OUT_02784,701.24
OUT_02785,146.28
OUT_02786,169.17
OUT_02787,203.91
OUT_02788,719.27
OUT_02789,167.11
OUT_02790,156.27
OUT_02791,792.96
OUT_02792,2754.74
OUT_02793,558.89
OUT_02794,185.31
OUT_02796,190.4
OUT_02797,574.38
OUT_02798,691.53
OUT_02799,150.79
OUT_02800,669.26
OUT_02801,190.69
OUT_02802,248.88
OUT_02803,165.0
OUT_02804,268.02
OUT_02805,237.24
OUT_02806,782.75
OUT_02807,623.22
OUT_02808,539.73
OUT_02809,176.5
OUT_02810,560.96
OUT_02811,207.91
OUT_02812,150.91
OUT_02813,155.4
OUT_02814,203.85
OUT_02815,223.54
OUT_02816,165.29
OUT_02817,704.67
OUT_02818,783.44
OUT_02819,984.53
OUT_02820,3580.19
OUT_02821,595.21
OUT_02822,154.33
OUT_02823,195.04
OUT_02824,649.65
OUT_02825,258.01
OUT_02826,190.61
OUT_02827,550.03
OUT_02828,159.71
OUT_02829,2398.76
OUT_02830,581.53
OUT_02831,156.39
OUT_02832,2992.85
OUT_02833,892.61
OUT_02834,613.07
OUT_02835,184.9
OUT_02836,7266.12
OUT_02837,201.26
OUT_02838,628.91
OUT_02839,170.64
OUT_02840,3648.2
OUT_02841,7337.68
OUT_02842,662.85
OUT_02843,185.92
OUT_02844,147.66
OUT_02845,162.24
OUT_02846,612.8
OUT_02847,217.74
OUT_02848,163.77
OUT_02849,638.22
OUT_02850,161.1
OUT_02851,166.5
OUT_02852,513.27
OUT_02853,646.23
OUT_02854,6312.66
OUT_02855,181.42
OUT_02856,203.18
OUT_02857,687.75
OUT_02858,2629.61
OUT_02859,228.62
OUT_02860,5783.69
OUT_02861,171.55
OUT_02863,615.33
OUT_02864,655.06
OUT_02865,6388.14
OUT_02866,162.92
OUT_02867,169.17
OUT_02868,169.68
OUT_02869,222.61
OUT_02870,160.5
OUT_02871,216.96
OUT_02872,206.68
OUT_02873,549.76
OUT_02874,657.46
OUT_02875,594.31
OUT_02876,647.89
OUT_02877,167.5
OUT_02878,532.63
OUT_02879,191.55
OUT_02880,160.53
OUT_02881,191.45
OUT_02882,190.06
OUT_02883,5909.92
OUT_02884,183.89
OUT_02885,184.27
OUT_02886,272.17
OUT_02887,502.74
OUT_02888,144.73
OUT_02889,175.23
OUT_02890,2514.65
OUT_02891,222.69
OUT_02892,7172.25
OUT_02893,260.05
OUT_02894,186.33
OUT_02895,2123.71
OUT_02896,2538.58
OUT_02897,558.21
OUT_02898,218.95
OUT_02899,186.25
OUT_02900,500.43
OUT_02901,657.84
OUT_02902,523.04
OUT_02903,166.67
OUT_02904,201.62
OUT_02905,196.87
OUT_02906,2832.3
OUT_02907,171.44
OUT_02908,199.74
OUT_02909,672.38
OUT_02910,551.58
OUT_02911,5496.06
OUT_02912,172.66
OUT_02913,600.14
OUT_02914,186.5
OUT_02915,182.72
OUT_02916,205.37
OUT_02917,149.62
OUT_02918,224.14
OUT_02919,2474.94
OUT_02920,511.57
OUT_02921,212.64
OUT_02922,2816.69
OUT_02923,632.53
OUT_02924,533.28
OUT_02925,535.95
OUT_02926,153.73
OUT_02927,178.07
OUT_02928,159.43
OUT_02929,234.32
OUT_02930,2482.78
OUT_02931,193.12
OUT_02932,605.4
OUT_02933,171.47
OUT_02934,150.44
OUT_02935,187.67
OUT_02936,6317.48
OUT_02937,185.71
OUT_02938,226.33
OUT_02939,456.61
OUT_02940,185.19
OUT_02941,7023.56
OUT_02942,206.43
OUT_02943,204.5
OUT_02944,192.7
OUT_02945,177.79
OUT_02946,164.46
OUT_02947,187.72
OUT_02948,166.62
OUT_02949,758.18
OUT_02950,6560.19
OUT_02951,186.59
OUT_02952,666.06
OUT_02953,736.82
OUT_02954,669.9
OUT_02955,219.28
OUT_02956,2936.9
OUT_02957,269.16
OUT_02958,758.33
OUT_02959,754.77
OUT_02960,547.17
OUT_02961,224.81
OUT_02962,5935.9
OUT_02963,672.42
OUT_02964,7241.19
OUT_02965,210.66
OUT_02966,2439.08
OUT_02967,201.25
OUT_02968,202.8
OUT_02969,3414.5
OUT_02970,3339.51
OUT_02971,728.77
OUT_02972,641.82
OUT_02973,650.73
OUT_02974,3512.75
OUT_02975,203.93
OUT_02976,214.39
OUT_02977,806.13
OUT_02978,849.15
OUT_02979,165.72
OUT_02980,222.92
OUT_02981,175.41
OUT_02982,182.94
OUT_02983,603.19
OUT_02984,153.39
OUT_02985,658.94
OUT_02986,542.59
OUT_02987,153.12
OUT_02988,143.69
OUT_02989,612.56
OUT_02990,707.41
OUT_02991,160.66
OUT_02992,176.69
OUT_02993,705.94
OUT_02994,2554.22
OUT_02995,137.08
OUT_02996,2372.47
OUT_02997,2856.02
OUT_02998,191.87
OUT_02999,167.88
OUT_03000,590.66
OUT_03001,747.62
OUT_03002,551.9
OUT_03003,176.92
OUT_03004,2797.21
OUT_03005,170.4
OUT_03006,637.69
OUT_03007,175.03
OUT_03008,180.28
OUT_03009,518.63
OUT_03010,209.93
OUT_03011,148.66
OUT_03012,139.21
OUT_03013,625.95
OUT_03014,646.29
OUT_03015,583.45
OUT_03016,217.47
OUT_03017,582.01
OUT_03018,2400.69
OUT_03019,740.16
OUT_03020,8740.61
OUT_03021,2128.52
OUT_03022,277.54
OUT_03023,171.55
OUT_03024,661.74
OUT_03025,167.86
OUT_03026,169.74
OUT_03027,181.37
OUT_03028,608.46
OUT_03029,208.15
OUT_03030,199.25
OUT_03031,541.68
OUT_03032,164.7
OUT_03033,200.42
OUT_03034,152.52
OUT_03035,169.04
OUT_03036,3571.71
OUT_03037,6587.3
OUT_03038,2569.87
OUT_03039,674.5
OUT_03040,2882.22
OUT_03041,531.5
OUT_03042,239.74
OUT_03043,737.35
OUT_03044,170.04
OUT_03045,178.34
OUT_03046,237.83
OUT_03047,194.93
OUT_03048,533.46
OUT_03049,175.83
OUT_03050,217.93
OUT_03051,161.2
OUT_03052,3160.1
OUT_03053,693.92
OUT_03054,175.46
OUT_03055,715.35
OUT_03056,3019.23
OUT_03057,145.82
OUT_03058,161.19
OUT_03059,592.49
OUT_03060,195.28
OUT_03061,3232.63
OUT_03062,183.44
OUT_03063,142.79
OUT_03064,7725.95
OUT_03065,8284.65
OUT_03066,164.22
OUT_03067,205.92
OUT_03068,183.1
OUT_03069,538.1
OUT_03070,2832.55
OUT_03071,201.92
OUT_03072,573.88
OUT_03073,200.43
OUT_03074,527.3
OUT_03075,7739.05
OUT_03076,651.0
OUT_03077,7742.47
OUT_03078,6909.69
OUT_03079,184.22
OUT_03080,203.07
OUT_03081,599.17
OUT_03082,158.35
OUT_03083,198.02
OUT_03084,3340.49
OUT_03085,504.72
OUT_03086,136.43
OUT_03087,174.92
OUT_03088,2622.96
OUT_03089,593.59
OUT_03090,683.0
OUT_03091,149.44
OUT_03092,271.19
OUT_03093,3089.41
OUT_03094,173.27
OUT_03095,138.31
OUT_03096,219.84
OUT_03097,2127.42
OUT_03098,158.44
OUT_03099,2521.46
OUT_03100,185.85
OUT_03101,180.26
OUT_03102,670.54
OUT_03103,610.78
OUT_03104,180.45
OUT_03105,261.37
OUT_03106,183.0
OUT_03107,187.97
OUT_03108,152.47
OUT_03109,223.93
OUT_03110,148.4
OUT_03111,220.15
OUT_03112,732.72
OUT_03113,536.29
OUT_03114,171.83
OUT_03115,185.1
OUT_03116,556.01
OUT_03117,175.3
OUT_03118,159.46
OUT_03119,187.51
OUT_03120,150.98
OUT_03121,195.38
OUT_03122,126.9
OUT_03123,227.34
OUT_03124,168.68
OUT_03125,590.48
OUT_03126,208.76
OUT_03127,189.57
OUT_03128,185.23
OUT_03129,3174.06
OUT_03130,178.94
OUT_03131,8995.54
OUT_03132,181.7
OUT_03133,155.84
OUT_03134,2914.43
OUT_03135,217.43
OUT_03136,581.22
OUT_03137,197.74
OUT_03138,191.29
OUT_03139,502.72
OUT_03140,168.04
OUT_03141,189.97
OUT_03142,622.3
OUT_03143,196.93
OUT_03144,205.53
OUT_03145,189.76
OUT_03146,746.41
OUT_03147,682.84
OUT_03148,7028.59
OUT_03149,239.62
OUT_03150,758.84
OUT_03151,187.88
OUT_03152,176.93
OUT_03153,899.06
OUT_03154,3021.34
OUT_03155,622.42
OUT_03156,626.92
OUT_03157,3361.86
OUT_03158,151.81
OUT_03159,172.85
OUT_03160,633.42
OUT_03161,464.82
OUT_03162,197.67
OUT_03163,208.27
OUT_03164,2393.97
OUT_03165,558.67
OUT_03166,174.59
OUT_03167,7103.0
OUT_03168,184.99
OUT_03169,186.6
OUT_03170,949.86
OUT_03171,646.21
OUT_03172,193.88
OUT_03173,204.54
OUT_03174,162.69
OUT_03175,604.78
OUT_03176,147.62
OUT_03177,166.69
OUT_03178,224.13
OUT_03179,688.56
OUT_03180,204.25
OUT_03181,163.96
OUT_03182,207.4
OUT_03183,2482.64
OUT_03184,464.85
OUT_03185,212.61
OUT_03186,669.41
OUT_03187,165.85
OUT_03188,170.22
OUT_03189,691.02
OUT_03190,214.56
OUT_03191,2516.84
OUT_03192,141.49
OUT_03193,163.84
OUT_03194,583.45
OUT_03195,183.65
OUT_03196,748.44
OUT_03197,175.6
OUT_03198,154.57
OUT_03199,555.06
OUT_03200,539.88
OUT_03201,550.39
OUT_03202,178.8
OUT_03203,189.55
OUT_03204,614.15
OUT_03205,175.83
OUT_03206,526.8
OUT_03207,176.49
OUT_03208,5791.19
OUT_03209,197.56
OUT_03210,164.09
OUT_03211,599.52
OUT_03212,172.54
OUT_03213,756.16
OUT_03214,627.91
OUT_03215,503.43
OUT_03216,228.97
OUT_03217,491.94
OUT_03218,676.84
OUT_03219,209.28
OUT_03220,823.0
OUT_03221,560.54
OUT_03222,586.67
OUT_03223,263.05
OUT_03224,664.18
OUT_03225,189.69
OUT_03226,185.5
OUT_03227,533.24
OUT_03228,5580.46
OUT_03229,6292.77
OUT_03230,207.65
OUT_03231,528.58
OUT_03232,197.57
OUT_03233,2202.11
OUT_03234,591.18
OUT_03235,180.02
OUT_03236,173.58
OUT_03237,163.72
OUT_03238,226.61
OUT_03239,156.23
OUT_03240,612.62
OUT_03241,154.98
OUT_03242,2786.29
OUT_03243,173.46
OUT_03244,142.5
OUT_03245,633.1
OUT_03246,191.88
OUT_03247,158.61
OUT_03248,533.2
OUT_03249,222.38
OUT_03250,161.4
OUT_03251,2289.15
OUT_03252,3139.36
OUT_03253,138.3
OUT_03254,162.46
OUT_03255,692.72
OUT_03256,502.95
OUT_03257,196.06
OUT_03258,670.53
OUT_03259,670.29
OUT_03260,2484.92
OUT_03261,222.13
OUT_03262,588.94
OUT_03263,190.53
OUT_03264,8798.81
OUT_03265,625.54
OUT_03266,191.61
OUT_03267,209.25
OUT_03268,685.22
OUT_03269,850.64
OUT_03270,179.28
OUT_03271,3542.35
OUT_03272,577.99
OUT_03273,2543.16
OUT_03274,6580.91
OUT_03275,196.81
OUT_03276,198.65
OUT_03277,190.46
OUT_03278,179.4
OUT_03279,199.44
OUT_03280,188.88
OUT_03281,7196.22
OUT_03282,622.24
OUT_03283,2478.05
OUT_03284,182.69
OUT_03285,198.59
OUT_03286,307.04
OUT_03287,7080.2
OUT_03288,658.15
OUT_03289,158.7
OUT_03290,196.51
OUT_03291,193.76
OUT_03292,162.94
OUT_03293,599.99
OUT_03294,185.59
OUT_03295,354.34
OUT_03296,7336.48
OUT_03297,2701.29
OUT_03298,177.74
OUT_03299,716.75
OUT_03300,545.69
OUT_03301,635.9
OUT_03302,2400.5
OUT_03303,174.16
OUT_03304,174.19
OUT_03305,147.36
OUT_03306,179.01
OUT_03307,150.32
OUT_03308,698.12
OUT_03309,156.06
OUT_03310,176.4
OUT_03311,153.91
OUT_03312,3055.49
OUT_03313,144.27
OUT_03314,151.21
OUT_03315,6643.68
OUT_03316,2703.6
OUT_03317,159.79
OUT_03318,176.63
OUT_03319,621.86
OUT_03320,178.76
OUT_03321,756.49
OUT_03322,732.02
OUT_03323,897.16
OUT_03324,2538.0
OUT_03325,6503.58
OUT_03326,186.3
OUT_03327,2825.41
OUT_03328,2153.16
OUT_03329,626.97
OUT_03330,7846.44
OUT_03331,208.07
OUT_03332,156.28
OUT_03333,2902.52
OUT_03334,3180.94
OUT_03335,647.86
OUT_03336,758.52
OUT_03337,562.95
OUT_03338,171.38
OUT_03339,240.95
OUT_03340,594.08
OUT_03341,2631.05
OUT_03342,191.19
OUT_03343,250.41
OUT_03344,2690.57
OUT_03345,2386.45
OUT_03346,11299.96
OUT_03347,230.29
OUT_03348,213.18
OUT_03349,536.8
OUT_03350,502.75
OUT_03351,204.09
OUT_03352,529.29
OUT_03353,7110.5
OUT_03354,169.36
OUT_03355,268.48
OUT_03356,201.08
OUT_03357,662.77
OUT_03358,7207.89
OUT_03359,2498.7
OUT_03360,187.51
OUT_03361,567.53
OUT_03362,175.5
OUT_03363,164.75
OUT_03364,180.32
OUT_03365,143.99
OUT_03366,521.03
OUT_03367,633.32
OUT_03368,3157.16
OUT_03369,229.28
OUT_03370,534.95
OUT_03371,496.88
OUT_03372,184.66
OUT_03373,592.53
OUT_03374,172.3
OUT_03375,184.08
OUT_03376,186.21
OUT_03377,573.86
OUT_03378,163.87
OUT_03379,686.1
OUT_03380,191.33
OUT_03381,6788.87
OUT_03382,136.11
OUT_03383,2299.33
OUT_03384,145.07
OUT_03385,164.9
OUT_03386,150.78
OUT_03387,2587.63
OUT_03388,2566.61
OUT_03389,193.9
OUT_03390,169.64
OUT_03391,3270.64
OUT_03392,162.77
OUT_03393,592.36
OUT_03394,154.49
OUT_03395,3787.36
OUT_03396,663.81
OUT_03397,140.97
OUT_03398,209.26
OUT_03399,148.73
OUT_03400,485.62
OUT_03401,623.2
OUT_03402,8790.68
OUT_03403,135.88
OUT_03404,167.25
OUT_03405,139.96
OUT_03406,2803.62
OUT_03407,813.51
OUT_03408,188.7
OUT_03409,526.45
OUT_03410,192.98
OUT_03411,7875.34
OUT_03412,215.06
OUT_03413,3347.28
OUT_03414,2770.63
OUT_03415,6793.64
OUT_03416,180.12
OUT_03417,161.9
OUT_03418,2117.64
OUT_03419,171.02
OUT_03420,198.87
OUT_03421,188.35
OUT_03422,202.68
OUT_03423,3023.28
OUT_03424,3512.18
OUT_03425,794.48
OUT_03426,210.34
OUT_03427,831.52
OUT_03428,158.22
OUT_03429,230.91
OUT_03430,767.83
OUT_03431,141.49
OUT_03432,158.45
OUT_03433,164.87
OUT_03434,607.3
OUT_03435,328.95
OUT_03436,2820.01
OUT_03437,171.61
OUT_03438,711.45
OUT_03439,523.07
OUT_03440,240.92
OUT_03441,158.38
OUT_03442,616.07
OUT_03443,2309.14
OUT_03444,3233.67
OUT_03445,599.4
OUT_03446,3127.08
OUT_03447,152.83
OUT_03448,585.37
OUT_03449,183.49
OUT_03450,656.09
OUT_03451,2925.64
OUT_03452,186.59
OUT_03453,843.44
OUT_03454,187.1
OUT_03455,185.86
OUT_03456,199.1
OUT_03457,528.02
OUT_03458,7194.89
OUT_03459,193.5
OUT_03460,200.9
OUT_03461,185.09
OUT_03462,197.63
OUT_03463,168.33
OUT_03464,184.85
OUT_03465,665.51
OUT_03466,611.16
OUT_03467,2441.98
OUT_03468,505.63
OUT_03469,150.1
OUT_03470,212.98
OUT_03471,136.92
OUT_03472,202.49
OUT_03473,149.02
OUT_03474,166.67
OUT_03475,193.71
OUT_03476,548.92
OUT_03477,771.32
OUT_03478,172.3
OUT_03479,182.18
OUT_03480,641.68
OUT_03481,183.25
OUT_03482,2219.94
OUT_03483,183.32
OUT_03484,6448.56
OUT_03485,162.04
OUT_03486,162.16
OUT_03487,208.02
OUT_03488,149.93
OUT_03489,702.25
OUT_03490,127.8
OUT_03491,599.41
OUT_03492,4544.28
OUT_03493,6959.99
OUT_03494,671.19
OUT_03495,152.32
OUT_03496,188.81
OUT_03497,665.23
OUT_03498,515.22
OUT_03499,630.0
OUT_03500,168.97
OUT_03501,569.12
OUT_03502,219.13
OUT_03503,547.36
OUT_03504,173.49
OUT_03505,639.74
OUT_03506,501.87
OUT_03507,152.4
OUT_03508,3099.79
OUT_03509,127.21
OUT_03510,163.16
OUT_03511,180.25
OUT_03512,175.4
OUT_03513,2779.6
OUT_03514,161.69
OUT_03515,157.82
OUT_03516,170.31
OUT_03517,164.13
OUT_03518,481.84
OUT_03519,2829.09
OUT_03520,183.14
OUT_03521,664.65
OUT_03522,213.11
OUT_03523,247.03
OUT_03524,757.26
OUT_03525,144.01
OUT_03526,175.86
OUT_03527,160.86
OUT_03528,187.23
OUT_03529,476.14
OUT_03530,205.0
OUT_03531,661.97
OUT_03532,203.56
OUT_03533,2477.79
OUT_03534,603.32
OUT_03535,166.08
OUT_03536,178.58
OUT_03537,626.11
OUT_03538,169.54
OUT_03539,186.62
OUT_03540,153.17
OUT_03541,741.05
OUT_03542,711.43
OUT_03543,202.56
OUT_03544,168.8
OUT_03545,667.8
OUT_03546,170.48
OUT_03547,719.25
OUT_03548,206.7
OUT_03549,7932.15
OUT_03550,716.43
OUT_03551,2347.39
OUT_03552,539.83
OUT_03553,167.27
OUT_03554,727.27
OUT_03555,3487.88
OUT_03556,6227.87
OUT_03557,213.28
OUT_03558,696.43
OUT_03559,7975.74
OUT_03560,655.42
OUT_03561,624.73
OUT_03562,175.62
OUT_03563,614.66
OUT_03564,630.19
OUT_03565,800.4
OUT_03566,200.02
OUT_03567,530.96
OUT_03568,162.76
OUT_03569,2300.37
OUT_03570,5991.78
OUT_03571,2803.27
OUT_03572,2691.48
OUT_03573,161.59
OUT_03574,623.86
OUT_03575,3752.66
OUT_03576,147.05
OUT_03577,6774.08
OUT_03578,577.71
OUT_03579,3010.99
OUT_03580,167.56
OUT_03581,173.87
OUT_03582,588.03
OUT_03583,153.64
OUT_03584,134.56
OUT_03585,176.21
OUT_03586,162.43
OUT_03587,414.99
OUT_03588,291.42
OUT_03589,176.28
OUT_03590,210.5
OUT_03591,6192.41
OUT_03592,158.23
OUT_03593,207.48
OUT_03594,747.23
OUT_03595,681.0
OUT_03596,547.35
OUT_03597,3078.11
OUT_03598,2776.3
OUT_03599,199.95
OUT_03600,203.4
OUT_03601,586.52
OUT_03602,419.07
OUT_03603,202.05
OUT_03604,627.17
OUT_03605,152.68
OUT_03606,3542.13
OUT_03607,675.88
OUT_03608,194.26
OUT_03609,129.0
OUT_03610,150.8
OUT_03611,185.7
OUT_03612,243.06
OUT_03613,146.28
OUT_03614,170.61
OUT_03615,2848.54
OUT_03616,2448.23
OUT_03617,160.99
OUT_03618,196.15
OUT_03619,691.71
OUT_03620,752.53
OUT_03621,203.44
OUT_03622,2326.02
OUT_03623,528.48
OUT_03624,203.67
OUT_03625,216.71
OUT_03626,196.7
OUT_03627,236.53
OUT_03628,186.93
OUT_03629,2413.37
OUT_03630,737.16
OUT_03631,3158.96
OUT_03632,200.05
OUT_03633,184.77
OUT_03634,2239.4
OUT_03635,6038.99
OUT_03636,159.8
OUT_03637,582.81
OUT_03638,219.55
OUT_03639,191.32
OUT_03640,150.77
OUT_03641,791.25
OUT_03642,197.56
OUT_03643,530.83
OUT_03644,3311.76
OUT_03645,701.35
OUT_03646,178.74
OUT_03647,219.27
OUT_03648,660.83
OUT_03649,727.48
OUT_03650,289.3
OUT_03651,2670.65
OUT_03652,199.7
OUT_03653,7327.4
OUT_03654,127.38
OUT_03655,528.64
OUT_03656,196.99
OUT_03657,196.71
OUT_03658,188.16
OUT_03659,186.41
OUT_03660,166.23
OUT_03661,219.56
OUT_03662,180.9
OUT_03663,671.41
OUT_03664,687.79
OUT_03665,3507.75
OUT_03666,163.21
OUT_03667,2840.26
OUT_03668,668.62
OUT_03669,2351.41
OUT_03670,163.59
OUT_03671,633.32
OUT_03672,172.37
OUT_03673,215.25
OUT_03674,679.48
OUT_03675,241.14
OUT_03676,6849.88
OUT_03677,143.0
OUT_03678,572.69
OUT_03679,206.33
OUT_03680,7583.02
OUT_03681,156.35
OUT_03682,175.62
OUT_03683,153.85
OUT_03684,267.75
OUT_03685,219.82
OUT_03686,6974.04
OUT_03687,156.14
OUT_03688,180.24
OUT_03689,142.65
OUT_03690,205.82
OUT_03692,209.38
OUT_03693,159.92
OUT_03694,149.23
OUT_03695,552.62
OUT_03696,153.71
OUT_03697,635.44
OUT_03698,771.7
OUT_03699,3227.97
OUT_03700,671.8
OUT_03701,3062.72
OUT_03702,224.3
OUT_03703,647.58
OUT_03704,584.81
OUT_03705,264.47
OUT_03706,240.72
OUT_03707,197.24
OUT_03708,268.36
OUT_03709,2869.76
OUT_03710,612.78
OUT_03711,178.96
OUT_03712,163.8
OUT_03713,184.85
OUT_03714,619.87
OUT_03715,621.86
OUT_03716,154.13
OUT_03717,153.89
OUT_03718,640.41
OUT_03719,7253.6
OUT_03720,167.5
OUT_03721,621.61
OUT_03722,199.47
OUT_03723,2283.83
OUT_03724,6291.47
OUT_03725,182.21
OUT_03726,686.12
OUT_03727,179.88
OUT_03728,145.5
OUT_03729,747.64
OUT_03730,580.17
OUT_03731,619.64
OUT_03732,210.39
OUT_03733,179.07
OUT_03734,920.58
OUT_03735,546.28
OUT_03736,584.56
OUT_03737,174.12
OUT_03738,556.53
OUT_03739,2982.13
OUT_03740,187.14
OUT_03741,7710.35
OUT_03742,149.19
OUT_03743,721.46
OUT_03744,221.28
OUT_03745,143.84
OUT_03746,618.16
OUT_03747,195.4
OUT_03748,489.75
OUT_03749,179.46
OUT_03750,177.52
OUT_03751,195.9
OUT_03752,173.52
OUT_03753,192.19
OUT_03754,2337.62
OUT_03755,194.22
OUT_03756,683.74
OUT_03757,6006.3
OUT_03758,210.84
OUT_03759,144.77
OUT_03760,662.13
OUT_03761,166.02
OUT_03762,600.96
OUT_03763,180.15
OUT_03764,2426.65
OUT_03765,319.94
OUT_03766,6708.23
OUT_03767,705.87
OUT_03768,172.41
OUT_03769,620.65
OUT_03770,717.72
OUT_03771,535.44
OUT_03772,2991.3
OUT_03773,3148.83
OUT_03774,170.53
OUT_03775,173.71
OUT_03776,174.5
OUT_03777,174.98
OUT_03778,223.03
OUT_03779,170.11
OUT_03780,183.96
OUT_03781,557.13
OUT_03782,681.04
OUT_03783,168.7
OUT_03784,185.45
OUT_03785,178.33
OUT_03786,7721.43
OUT_03787,597.64
OUT_03788,201.7
OUT_03789,583.49
OUT_03790,236.43
OUT_03791,2811.56
OUT_03792,538.06
OUT_03793,210.89
OUT_03794,183.96
OUT_03795,636.94
OUT_03796,2918.35
OUT_03797,219.28
OUT_03798,668.81
OUT_03799,570.32
OUT_03800,3586.16
OUT_03801,581.44
OUT_03802,430.57
OUT_03803,2640.61
OUT_03804,469.86
OUT_03805,187.91
OUT_03806,193.29
OUT_03807,232.6
OUT_03808,187.52
OUT_03809,208.11
OUT_03810,176.74
OUT_03811,181.5
OUT_03812,148.57
OUT_03813,174.17
OUT_03814,6411.69
OUT_03815,2949.71
OUT_03816,151.7
OUT_03817,151.43
OUT_03818,251.04
OUT_03819,611.74
OUT_03820,205.21
OUT_03821,166.23
OUT_03822,178.24
OUT_03823,626.76
OUT_03824,3567.23
OUT_03825,723.81
OUT_03826,147.48
OUT_03827,191.72
OUT_03828,3076.32
OUT_03829,7096.6
OUT_03830,172.56
OUT_03831,695.75
OUT_03832,504.75
OUT_03833,3106.18
OUT_03834,171.96
OUT_03835,197.14
OUT_03836,194.9
OUT_03837,164.07
OUT_03838,207.88
OUT_03839,213.37
OUT_03840,2876.89
OUT_03841,3034.59
OUT_03842,559.55
OUT_03843,579.04
OUT_03844,2569.71
OUT_03845,156.41
OUT_03846,630.84
OUT_03847,2763.14
OUT_03848,650.7
OUT_03849,2733.42
OUT_03850,2869.35
OUT_03851,209.96
OUT_03852,171.84
OUT_03853,686.11
OUT_03854,183.14
OUT_03855,220.36
OUT_03856,775.76
OUT_03857,186.61
OUT_03858,183.53
OUT_03859,196.04
OUT_03860,528.64
OUT_03861,2272.5
OUT_03862,192.23
OUT_03863,3563.55
OUT_03864,3352.53
OUT_03865,196.44
OUT_03866,6709.25
OUT_03867,143.41
OUT_03868,143.99
OUT_03869,653.98
OUT_03870,125.8
OUT_03871,172.89
OUT_03872,181.03
OUT_03873,792.4
OUT_03874,143.36
OUT_03875,664.48
OUT_03876,2007.43
OUT_03877,847.19
OUT_03878,2527.75
OUT_03879,157.83
OUT_03880,249.69
OUT_03881,164.83
OUT_03882,169.89
OUT_03883,231.47
OUT_03884,223.96
OUT_03885,6700.07
OUT_03886,709.08
OUT_03887,158.75
OUT_03888,170.79
OUT_03889,696.72
OUT_03890,2978.38
OUT_03891,555.51
OUT_03892,206.82
OUT_03893,2669.19
OUT_03894,181.97
OUT_03895,3014.71
OUT_03896,234.51
OUT_03897,633.29
OUT_03898,601.3
OUT_03899,532.63
OUT_03900,3387.47
OUT_03901,165.47
OUT_03902,2763.4
OUT_03903,181.23
OUT_03904,248.47
OUT_03905,493.6
OUT_03906,2861.2
OUT_03907,494.11
OUT_03908,218.5
OUT_03909,549.88
OUT_03910,2736.62
OUT_03911,5768.71
OUT_03912,233.11
OUT_03913,289.12
OUT_03914,226.88
OUT_03915,185.79
OUT_03916,3023.18
OUT_03917,202.94
OUT_03918,3638.76
OUT_03919,195.58
OUT_03920,2602.41
OUT_03921,218.89
OUT_03922,830.0
OUT_03923,8260.2
OUT_03924,176.55
OUT_03925,177.59
OUT_03926,2594.84
OUT_03927,3165.24
OUT_03928,6210.66
OUT_03929,161.42
OUT_03930,740.59
OUT_03931,560.17
OUT_03932,566.71
OUT_03933,190.32
OUT_03934,643.2
OUT_03935,596.16
OUT_03936,222.13
OUT_03937,650.64
OUT_03938,196.95
OUT_03939,2952.53
OUT_03940,530.41
OUT_03941,274.8
OUT_03942,671.55
OUT_03943,186.49
OUT_03944,8573.75
OUT_03945,144.31
OUT_03946,157.72
OUT_03947,617.93
OUT_03948,174.11
OUT_03949,162.05
OUT_03950,150.79
OUT_03951,200.07
OUT_03952,158.43
OUT_03953,583.89
OUT_03954,7097.27
OUT_03955,626.17
OUT_03956,168.47
OUT_03957,6980.25
OUT_03958,670.45
OUT_03959,7752.69
OUT_03960,2949.2
OUT_03961,168.62
OUT_03962,180.98
OUT_03963,700.14
OUT_03964,522.71
OUT_03965,3304.88
OUT_03966,167.65
OUT_03967,7365.33
OUT_03968,189.61
OUT_03969,398.61
OUT_03970,246.36
OUT_03971,162.84
OUT_03972,2771.6
OUT_03973,146.91
OUT_03974,562.78
OUT_03975,736.17
OUT_03976,168.12
OUT_03977,165.14
OUT_03978,192.11
OUT_03979,527.79
OUT_03980,3135.66
OUT_03981,632.64
OUT_03982,2588.44
OUT_03983,6610.1
OUT_03984,156.61
OUT_03985,618.62
OUT_03986,2430.2
OUT_03987,206.33
OUT_03988,2466.98
OUT_03989,171.69
OUT_03990,211.3
OUT_03991,2825.8
OUT_03992,703.01
OUT_03993,583.7
OUT_03994,2161.09
OUT_03995,141.18
OUT_03996,198.07
OUT_03997,566.19
OUT_03998,129.47
OUT_03999,7206.06
OUT_04000,175.35
OUT_04001,204.06
OUT_04002,131.52
OUT_04003,202.63
OUT_04004,140.02
OUT_04005,2771.63
OUT_04006,553.1
OUT_04007,503.89
OUT_04008,204.74
OUT_04009,2759.06
OUT_04010,199.32
OUT_04011,608.29
OUT_04012,182.59
OUT_04013,2883.03
OUT_04014,205.5
OUT_04015,207.31
OUT_04016,172.74
OUT_04017,539.54
OUT_04018,591.32
OUT_04019,160.25
OUT_04020,167.68
OUT_04021,2437.45
OUT_04022,164.65
OUT_04023,593.91
OUT_04024,206.1
OUT_04025,645.67
OUT_04026,3143.29
OUT_04027,6614.48
OUT_04028,169.03
OUT_04029,176.54
OUT_04030,182.03
OUT_04031,516.98
OUT_04032,591.97
OUT_04033,558.88
OUT_04034,573.46
OUT_04035,178.38
OUT_04036,163.38
OUT_04037,570.72
OUT_04038,214.6
OUT_04039,581.14
OUT_04040,188.32
OUT_04041,196.05
OUT_04042,171.34
OUT_04043,148.71
OUT_04044,2811.79
OUT_04045,600.08
OUT_04046,567.69
OUT_04047,158.22
OUT_04048,2530.17
OUT_04049,292.18
OUT_04050,3491.44
OUT_04051,228.34
OUT_04052,2380.08
OUT_04053,199.79
OUT_04054,206.67
OUT_04055,169.19
OUT_04056,7598.64
OUT_04057,720.41
OUT_04058,172.84
OUT_04059,2785.78
OUT_04060,577.94
OUT_04061,3141.77
OUT_04062,2630.67
OUT_04063,3022.29
OUT_04064,2890.48
OUT_04065,301.97
OUT_04066,147.26
OUT_04067,487.88
OUT_04068,2407.59
OUT_04069,682.05
OUT_04070,599.66
OUT_04071,2764.03
OUT_04072,188.08
OUT_04073,229.0
OUT_04074,199.1
OUT_04075,609.72
OUT_04076,688.64
OUT_04077,226.15
OUT_04078,217.08
OUT_04079,181.29
OUT_04080,536.31
OUT_04081,184.14
OUT_04082,136.68
OUT_04083,694.0
OUT_04084,210.24
OUT_04085,149.15
OUT_04086,155.45
OUT_04087,557.91
OUT_04088,582.38
OUT_04089,228.47
OUT_04090,919.07
OUT_04091,184.01
OUT_04092,733.69
OUT_04093,170.75
OUT_04094,654.0
OUT_04095,133.39
OUT_04096,162.84
OUT_04097,2884.05
OUT_04098,612.93
OUT_04099,571.65
OUT_04100,186.7
OUT_04101,171.75
OUT_04102,3113.56
OUT_04103,208.26
OUT_04104,205.74
OUT_04105,591.29
OUT_04106,804.91
OUT_04107,589.0
OUT_04108,2421.99
OUT_04109,193.17
OUT_04110,759.79
OUT_04111,2712.6
OUT_04112,188.26
OUT_04113,193.44
OUT_04114,740.54
OUT_04115,653.13
OUT_04116,199.82
OUT_04117,161.46
OUT_04118,143.81
OUT_04119,2159.01
OUT_04120,7008.88
OUT_04121,750.86
OUT_04122,661.74
OUT_04123,559.95
OUT_04124,212.98
OUT_04125,181.5
OUT_04126,639.99
OUT_04127,168.49
OUT_04128,9477.92
OUT_04129,149.98
OUT_04130,183.1
OUT_04131,2514.19
OUT_04132,191.34
OUT_04133,590.18
OUT_04134,189.41
OUT_04135,713.0
OUT_04136,7544.49
OUT_04137,663.86
OUT_04138,163.87
OUT_04139,2885.32
OUT_04140,161.24
OUT_04141,218.02
OUT_04142,3113.55
OUT_04143,2811.35
OUT_04144,194.2
OUT_04145,185.48
OUT_04146,181.99
OUT_04147,187.99
OUT_04148,176.59
OUT_04149,171.31
OUT_04150,566.52
OUT_04151,612.43
OUT_04152,204.26
OUT_04153,162.66
OUT_04154,3081.58
OUT_04155,3111.58
OUT_04156,193.67
OUT_04157,173.35
OUT_04158,301.87
OUT_04159,161.31
OUT_04160,213.45
OUT_04161,7435.96
OUT_04162,196.94
OUT_04163,165.86
OUT_04164,149.98
OUT_04165,2195.71
OUT_04166,182.94
OUT_04167,147.68
OUT_04168,178.31
OUT_04169,153.47
OUT_04170,635.77
OUT_04171,6338.48
OUT_04172,212.97
OUT_04173,535.66
OUT_04174,2492.95
OUT_04175,209.5
OUT_04176,577.68
OUT_04177,188.8
OUT_04178,179.21
OUT_04179,213.08
OUT_04180,651.21
OUT_04181,564.05
OUT_04182,206.49
OUT_04183,189.05
OUT_04184,186.49
OUT_04185,707.74
OUT_04186,205.72
OUT_04187,622.8
OUT_04188,202.31
OUT_04189,677.21
OUT_04190,2463.07
OUT_04191,178.68
OUT_04192,168.97
OUT_04193,2734.46
OUT_04194,3279.15
OUT_04195,202.97
OUT_04196,2477.36
OUT_04197,213.29
OUT_04198,600.42
OUT_04199,7248.71
OUT_04200,588.83
OUT_04201,177.67
OUT_04202,306.3
OUT_04203,723.94
OUT_04204,157.52
OUT_04205,552.55
OUT_04206,7332.3
OUT_04207,784.88
OUT_04208,153.87
OUT_04209,180.05
OUT_04210,692.21
OUT_04211,158.07
OUT_04212,837.55
OUT_04213,202.16
OUT_04214,787.33
OUT_04215,611.6
OUT_04216,579.89
OUT_04217,3480.82
OUT_04218,295.65
OUT_04219,312.37
OUT_04220,201.95
OUT_04221,2581.35
OUT_04222,160.34
OUT_04223,207.19
OUT_04224,527.64
OUT_04225,207.74
OUT_04226,2049.92
OUT_04227,591.63
OUT_04228,175.56
OUT_04229,519.89
OUT_04230,172.01
OUT_04231,667.9
OUT_04232,2030.23
OUT_04233,1995.31
OUT_04234,193.43
OUT_04235,195.57
OUT_04236,563.95
OUT_04237,5681.16
OUT_04238,665.61
OUT_04239,8054.46
OUT_04240,198.44
OUT_04241,522.59
OUT_04242,208.98
OUT_04243,168.23
OUT_04244,188.4
OUT_04245,592.56
OUT_04246,158.49
OUT_04247,155.68
OUT_04248,165.62
OUT_04249,626.16
OUT_04250,2571.72
OUT_04251,7891.82
OUT_04252,249.06
OUT_04253,183.26
OUT_04254,2413.98
OUT_04255,211.3
OUT_04256,602.4
OUT_04257,206.88
OUT_04258,664.52
OUT_04259,3091.79
OUT_04260,6879.41
OUT_04261,2111.04
OUT_04262,172.34
OUT_04263,707.4
OUT_04264,193.11
OUT_04265,221.81
OUT_04266,212.05
OUT_04267,179.53
OUT_04268,193.41
OUT_04269,2926.9
OUT_04270,578.18
OUT_04271,734.89
OUT_04272,539.19
OUT_04273,189.45
OUT_04274,792.43
OUT_04275,168.38
OUT_04276,643.11
OUT_04277,190.69
OUT_04278,149.36
OUT_04279,200.36
OUT_04280,607.3
OUT_04281,617.36
OUT_04282,2219.15
OUT_04283,623.66
OUT_04284,175.42
OUT_04285,160.91
OUT_04286,694.92
OUT_04287,537.31
OUT_04288,169.96
OUT_04289,153.06
OUT_04290,151.52
OUT_04291,636.65
OUT_04292,267.73
OUT_04293,2742.95
OUT_04294,813.3
OUT_04295,9308.6
OUT_04296,169.22
OUT_04297,185.06
OUT_04298,639.44
OUT_04299,670.32
OUT_04300,184.39
OUT_04301,203.09
OUT_04302,160.69
OUT_04303,183.77
OUT_04304,2903.14
OUT_04305,756.46
OUT_04306,185.62
OUT_04307,232.66
OUT_04308,122.92
OUT_04309,2524.19
OUT_04310,314.86
OUT_04311,179.99
OUT_04312,2957.22
OUT_04313,162.4
OUT_04314,181.3
OUT_04315,158.62
OUT_04316,219.48
OUT_04317,628.74
OUT_04318,619.88
OUT_04319,172.57
OUT_04320,3078.73
OUT_04321,176.26
OUT_04322,3276.21
OUT_04323,221.5
OUT_04324,650.32
OUT_04325,190.91
OUT_04326,578.61
OUT_04327,203.32
OUT_04328,2686.72
OUT_04329,194.92
OUT_04330,548.55
OUT_04331,555.76
OUT_04332,163.3
OUT_04333,671.01
OUT_04334,546.54
OUT_04335,2414.91
OUT_04336,189.67
OUT_04337,175.6
OUT_04338,175.86
OUT_04339,203.71
OUT_04340,202.9
OUT_04341,187.66
OUT_04342,2698.24
OUT_04343,171.67
OUT_04344,154.99
OUT_04345,208.09
OUT_04346,143.9
OUT_04347,3067.65
OUT_04348,208.9
OUT_04349,2512.43
OUT_04350,637.75
OUT_04351,2622.18
OUT_04352,678.5
OUT_04353,732.86
OUT_04354,161.99
OUT_04355,178.84
OUT_04356,2747.32
OUT_04357,2621.05
OUT_04358,715.55
OUT_04359,7926.37
OUT_04360,646.86
OUT_04361,536.73
OUT_04362,234.56
OUT_04363,174.61
OUT_04364,156.43
OUT_04365,165.37
OUT_04366,246.5
OUT_04367,158.03
OUT_04368,6571.33
OUT_04369,512.85
OUT_04370,634.99
OUT_04371,143.51
OUT_04372,194.32
OUT_04373,575.47
OUT_04374,201.93
OUT_04375,215.15
OUT_04376,181.27
OUT_04377,163.78
OUT_04378,138.31
OUT_04379,153.78
OUT_04380,180.13
OUT_04381,262.41
OUT_04382,2817.38
OUT_04383,159.57
OUT_04384,274.17
OUT_04385,3840.63
OUT_04386,144.95
OUT_04387,756.37
OUT_04388,540.71
OUT_04389,160.99
OUT_04390,723.4
OUT_04391,808.25
OUT_04392,550.91
OUT_04393,7016.48
OUT_04394,196.06
OUT_04395,146.99
OUT_04396,154.97
OUT_04397,140.81
OUT_04398,153.79
OUT_04399,2446.84
OUT_04400,3217.12
OUT_04401,184.84
OUT_04402,2929.24
OUT_04403,173.44
OUT_04404,3433.25
OUT_04405,3588.66
OUT_04406,193.71
OUT_04407,646.9
OUT_04408,156.37
OUT_04409,8909.41
OUT_04410,182.76
OUT_04411,177.2
OUT_04412,172.23
OUT_04413,2706.5
OUT_04414,2580.6
OUT_04415,2492.06
OUT_04416,174.09
OUT_04417,654.27
OUT_04418,591.43
OUT_04419,165.77
OUT_04420,190.52
OUT_04421,232.55
OUT_04422,2523.49
OUT_04423,437.78
OUT_04424,813.04
OUT_04425,167.6
OUT_04426,197.39
OUT_04427,182.42
OUT_04428,172.82
OUT_04429,656.27
OUT_04430,817.4
OUT_04431,174.46
OUT_04432,551.79
OUT_04433,2923.01
OUT_04434,599.91
OUT_04435,2600.88
OUT_04436,3330.4
OUT_04437,2845.09
OUT_04438,3049.77
OUT_04439,3630.4
OUT_04440,799.75
OUT_04441,190.84
OUT_04442,2674.86
OUT_04443,170.26
OUT_04444,577.56
OUT_04445,190.27
OUT_04446,586.13
OUT_04447,165.66
OUT_04448,533.37
OUT_04449,2591.1
OUT_04450,630.25
OUT_04451,741.18
OUT_04452,185.33
OUT_04453,542.8
OUT_04454,648.86
OUT_04455,156.33
OUT_04456,172.63
OUT_04457,649.67
OUT_04458,684.18
OUT_04459,246.04
OUT_04460,522.45
OUT_04461,202.48
OUT_04462,200.0
OUT_04463,142.49
OUT_04464,160.34
OUT_04465,504.0
OUT_04466,629.39
OUT_04467,738.68
OUT_04468,178.85
OUT_04469,141.88
OUT_04470,167.72
OUT_04471,2482.36
OUT_04472,525.27
OUT_04473,174.77
OUT_04474,571.43
OUT_04475,172.87
OUT_04476,625.89
OUT_04477,160.4
OUT_04478,2617.56
OUT_04479,585.3
OUT_04480,3568.77
OUT_04481,176.28
OUT_04482,611.13
OUT_04483,190.27
OUT_04484,600.65
OUT_04485,204.68
OUT_04486,180.86
OUT_04487,3297.76
OUT_04488,179.73
OUT_04489,2295.73
OUT_04490,214.73
OUT_04491,198.35
OUT_04492,2839.72
OUT_04493,151.68
OUT_04494,125.86
OUT_04495,166.15
OUT_04496,182.54
OUT_04497,729.05
OUT_04498,640.01
OUT_04499,176.47
OUT_04500,6973.57
OUT_04501,157.01
OUT_04502,813.08
OUT_04503,189.21
OUT_04504,189.47
OUT_04505,138.17
OUT_04506,785.99
OUT_04507,2514.28
OUT_04508,163.07
OUT_04509,3059.32
OUT_04510,700.42
OUT_04511,157.24
OUT_04512,153.66
OUT_04513,138.73
OUT_04514,2888.66
OUT_04515,482.88
OUT_04516,731.14
OUT_04517,558.83
OUT_04518,673.3
OUT_04519,216.11
OUT_04520,2928.6
OUT_04521,157.3
OUT_04522,148.07
OUT_04523,2456.36
OUT_04524,207.47
OUT_04525,686.0
OUT_04526,2817.66
OUT_04527,169.26
OUT_04528,2944.82
OUT_04529,172.1
OUT_04530,245.6
OUT_04531,187.43
OUT_04532,182.72
OUT_04533,2318.57
OUT_04534,193.79
OUT_04535,657.17
OUT_04536,666.91
OUT_04537,195.91
OUT_04538,241.36
OUT_04539,176.25
OUT_04540,452.05
OUT_04541,734.54
OUT_04542,174.34
OUT_04543,202.13
OUT_04544,533.2
OUT_04545,158.54
OUT_04546,154.26
OUT_04547,581.5
OUT_04548,171.0
OUT_04549,148.45
OUT_04550,161.51
OUT_04551,540.77
OUT_04552,763.22
OUT_04553,535.16
OUT_04554,168.69
OUT_04555,208.43
OUT_04556,3614.13
OUT_04557,157.81
OUT_04558,589.7
OUT_04559,196.71
OUT_04560,2815.45
OUT_04561,599.69
OUT_04562,265.56
OUT_04563,189.15
OUT_04564,172.06
OUT_04565,782.48
OUT_04566,581.5
OUT_04567,185.38
OUT_04568,2726.93
OUT_04569,7396.97
OUT_04570,166.4
OUT_04571,512.15
OUT_04572,150.86
OUT_04573,875.36
OUT_04574,153.32
OUT_04575,646.26
OUT_04576,2807.56
OUT_04577,173.62
OUT_04578,200.57
OUT_04579,142.99
OUT_04580,565.62
OUT_04581,644.47
OUT_04582,239.32
OUT_04583,603.84
OUT_04584,176.57
OUT_04585,166.33
OUT_04586,556.05
OUT_04587,165.02
OUT_04588,149.59
OUT_04589,370.5
OUT_04590,632.03
OUT_04591,187.79
OUT_04592,748.57
OUT_04593,8035.7
OUT_04594,2381.53
OUT_04595,592.71
OUT_04596,205.5
OUT_04597,188.66
OUT_04598,2687.83
OUT_04599,583.55
OUT_04600,188.41
OUT_04601,168.41
OUT_04602,189.44
OUT_04603,844.58
OUT_04604,173.75
OUT_04605,296.04
OUT_04606,3145.06
OUT_04607,587.25
OUT_04608,228.29
OUT_04609,7513.49
OUT_04610,2697.65
OUT_04611,2932.38
OUT_04612,2706.43
OUT_04613,2987.09
OUT_04614,184.28
OUT_04615,2541.95
OUT_04616,200.21
OUT_04617,552.28
OUT_04618,789.31
OUT_04619,675.92
OUT_04620,2624.84
OUT_04621,739.42
OUT_04622,172.24
OUT_04623,215.26
OUT_04624,173.21
OUT_04625,153.82
OUT_04626,2272.66
OUT_04627,624.89
OUT_04628,473.95
OUT_04629,614.76
OUT_04630,686.72
OUT_04631,176.75
OUT_04632,188.79
OUT_04633,1003.56
OUT_04634,587.91
OUT_04635,171.48
OUT_04636,173.88
OUT_04637,132.5
OUT_04638,173.88
OUT_04639,219.75
OUT_04640,6737.39
OUT_04641,573.8
OUT_04642,234.49
OUT_04643,162.73
OUT_04644,2223.55
OUT_04645,218.58
OUT_04646,207.46
OUT_04647,178.42
OUT_04648,579.71
OUT_04649,188.55
OUT_04650,159.29
OUT_04651,2912.56
OUT_04652,144.32
OUT_04653,200.15
OUT_04654,165.23
OUT_04655,175.11
OUT_04656,199.99
OUT_04657,196.49
OUT_04658,221.35
OUT_04659,213.64
OUT_04660,187.74
OUT_04661,939.69
OUT_04662,220.11
OUT_04663,210.61
OUT_04664,2504.14
OUT_04665,175.57
OUT_04666,177.31
OUT_04667,1983.61
OUT_04668,194.18
OUT_04669,634.81
OUT_04670,211.81
OUT_04671,603.18
OUT_04672,602.17
OUT_04673,151.29
OUT_04674,184.56
OUT_04675,635.28
OUT_04676,2600.69
OUT_04677,172.78
OUT_04678,6741.43
OUT_04679,2684.32
OUT_04680,203.81
OUT_04681,607.38
OUT_04682,135.94
OUT_04683,673.95
OUT_04684,225.25
OUT_04685,498.45
OUT_04686,495.6
OUT_04687,174.1
OUT_04688,189.5
OUT_04689,174.61
OUT_04690,210.92
OUT_04691,152.3
OUT_04692,302.5
OUT_04693,166.08
OUT_04694,2583.71
OUT_04695,716.71
OUT_04696,214.18
OUT_04697,537.74
OUT_04698,267.56
OUT_04699,638.15
OUT_04700,580.29
OUT_04701,2657.98
OUT_04702,571.43
OUT_04703,2714.35
OUT_04704,3273.3
OUT_04705,165.96
OUT_04706,2536.29
OUT_04707,625.73
OUT_04708,258.39
OUT_04709,150.11
OUT_04710,756.57
OUT_04711,214.28
OUT_04712,224.35
OUT_04713,2592.99
OUT_04714,3916.73
OUT_04715,151.28
OUT_04716,731.47
OUT_04717,210.39
OUT_04718,2716.27
OUT_04719,221.53
OUT_04720,164.51
OUT_04721,785.27
OUT_04722,184.96
OUT_04723,711.59
OUT_04724,3886.34
OUT_04725,200.27
OUT_04726,746.89
OUT_04727,247.4
OUT_04728,642.55
OUT_04729,576.2
OUT_04730,207.89
OUT_04731,600.64
OUT_04732,168.52
OUT_04733,3416.19
OUT_04734,2683.17
OUT_04735,114.25
OUT_04736,826.02
OUT_04737,2329.39
OUT_04738,190.66
OUT_04739,209.2
OUT_04740,192.68
OUT_04741,175.99
OUT_04742,3076.11
OUT_04743,864.55
OUT_04744,589.75
OUT_04745,245.35
OUT_04746,2113.19
OUT_04747,664.06
OUT_04748,188.66
OUT_04749,212.6
OUT_04750,192.97
OUT_04751,3353.01
OUT_04752,6513.0
OUT_04753,630.92
OUT_04754,568.3
OUT_04755,515.8
OUT_04756,558.34
OUT_04757,258.97
OUT_04758,2521.77
OUT_04759,226.22
OUT_04760,162.18
OUT_04761,748.3
OUT_04762,207.38
OUT_04763,140.84
OUT_04764,209.69
OUT_04765,1010.85
OUT_04766,2719.54
OUT_04767,191.29
OUT_04768,2814.78
OUT_04769,162.78
OUT_04770,224.47
OUT_04771,237.3
OUT_04772,3041.6
OUT_04773,203.74
OUT_04774,580.55
OUT_04775,177.86
OUT_04776,583.69
OUT_04777,208.8
OUT_04778,128.27
OUT_04779,599.2
OUT_04780,160.78
OUT_04781,663.14
OUT_04782,593.96
OUT_04783,612.3
OUT_04784,781.66
OUT_04785,475.41
OUT_04786,572.08
OUT_04787,250.14
OUT_04788,694.92
OUT_04789,193.55
OUT_04790,8531.56
OUT_04791,2409.52
OUT_04792,172.45
OUT_04793,233.74
OUT_04794,224.91
OUT_04795,2843.05
OUT_04796,568.25
OUT_04797,159.11
OUT_04798,2895.04
OUT_04799,166.56
OUT_04800,169.52
OUT_04801,161.43
OUT_04802,158.5
OUT_04803,303.14
OUT_04804,3145.8
OUT_04805,224.61
OUT_04806,170.4
OUT_04807,596.87
OUT_04808,2825.34
OUT_04809,165.06
OUT_04810,702.72
OUT_04811,3535.9
OUT_04812,6683.97
OUT_04813,166.31
OUT_04814,3257.24
OUT_04815,180.67
OUT_04816,168.77
OUT_04817,168.72
OUT_04818,479.76
OUT_04819,6739.76
OUT_04820,171.28
OUT_04821,183.79
OUT_04822,150.46
OUT_04823,578.74
OUT_04824,178.89
OUT_04825,148.05
OUT_04826,159.81
OUT_04827,153.45
OUT_04828,205.71
OUT_04829,241.6
OUT_04830,2629.71
OUT_04831,232.29
OUT_04832,656.87
OUT_04833,655.07
OUT_04834,229.92
OUT_04835,6106.7
OUT_04836,688.2
OUT_04837,190.19
OUT_04838,230.77
OUT_04839,170.68
OUT_04840,204.39
OUT_04841,179.28
OUT_04842,214.23
OUT_04843,174.23
OUT_04844,3554.8
OUT_04845,217.55
OUT_04846,185.37
OUT_04847,190.47
OUT_04848,643.82
OUT_04849,673.88
OUT_04850,201.74
OUT_04851,617.19
OUT_04852,542.54
OUT_04853,9439.86
OUT_04854,2927.74
OUT_04855,218.98
OUT_04856,557.36
OUT_04857,2464.31
OUT_04858,146.3
OUT_04859,801.62
OUT_04860,1027.98
OUT_04861,477.88
OUT_04862,657.7
OUT_04863,144.9
OUT_04864,685.19
OUT_04865,573.71
OUT_04866,502.42
OUT_04867,180.83
OUT_04868,793.46
OUT_04869,4110.56
OUT_04870,169.53
OUT_04871,139.76
OUT_04872,523.0
OUT_04873,2859.93
OUT_04874,202.49
OUT_04875,185.99
OUT_04876,592.14
OUT_04877,182.49
OUT_04878,162.69
OUT_04879,6261.62
OUT_04880,168.87
OUT_04881,175.32
OUT_04882,610.41
OUT_04883,219.55
OUT_04884,274.13
OUT_04885,3024.82
OUT_04886,566.99
OUT_04887,2564.49
OUT_04888,189.17
OUT_04889,155.59
OUT_04890,174.04
OUT_04891,613.98
OUT_04892,2446.5
OUT_04893,754.44
OUT_04894,175.22
OUT_04895,161.37
OUT_04896,211.39
OUT_04897,143.81
OUT_04898,3068.81
OUT_04899,484.05
OUT_04900,157.28
OUT_04901,598.61
OUT_04902,198.13
OUT_04903,582.75
OUT_04904,591.16
OUT_04905,191.11
OUT_04906,154.54
OUT_04907,158.27
OUT_04908,203.96
OUT_04909,192.93
OUT_04910,587.55
OUT_04911,138.61
OUT_04912,512.97
OUT_04913,2933.09
OUT_04914,554.8
OUT_04915,150.2
OUT_04916,210.57
OUT_04917,571.58
OUT_04918,157.79
OUT_04919,7254.2
OUT_04920,615.75
OUT_04921,206.18
OUT_04922,560.1
OUT_04923,155.14
OUT_04924,3341.51
OUT_04925,3390.94
OUT_04926,188.46
OUT_04927,580.92
OUT_04928,496.41
OUT_04929,556.81
OUT_04930,181.47
OUT_04931,183.13
OUT_04932,696.08
OUT_04933,213.71
OUT_04934,165.19
OUT_04935,194.27
OUT_04936,706.42
OUT_04937,484.21
OUT_04938,164.3
OUT_04939,179.75
OUT_04940,199.86
OUT_04941,2340.59
OUT_04942,2362.92
OUT_04943,157.94
OUT_04944,2836.48
OUT_04945,697.92
OUT_04946,171.99
OUT_04947,3030.06
OUT_04948,190.04
OUT_04949,664.93
OUT_04950,616.86
OUT_04951,166.7
OUT_04952,528.54
OUT_04953,3434.08
OUT_04954,612.56
OUT_04955,160.36
OUT_04956,193.09
OUT_04957,177.81
OUT_04958,149.29
OUT_04959,584.68
OUT_04960,183.26
OUT_04961,152.27
OUT_04962,7051.82
OUT_04963,782.2
OUT_04964,174.11
OUT_04965,220.68
OUT_04966,156.76
OUT_04967,190.36
OUT_04968,598.13
OUT_04969,650.11
OUT_04970,155.21
OUT_04971,2366.36
OUT_04972,506.96
OUT_04973,2395.16
OUT_04974,735.98
OUT_04975,191.54
OUT_04976,190.48
OUT_04977,160.35
OUT_04978,629.84
OUT_04979,6443.72
OUT_04980,542.15
OUT_04981,171.59
OUT_04982,1015.6
OUT_04983,3288.12
OUT_04984,211.3
OUT_04985,2593.68
OUT_04986,569.68
OUT_04987,164.95
OUT_04988,185.67
OUT_04989,196.5
OUT_04990,535.16
OUT_04991,171.38
OUT_04992,1963.65
OUT_04993,197.39
OUT_04994,897.7
OUT_04995,170.02
OUT_04996,677.48
OUT_04997,187.5
OUT_04998,184.08
OUT_04999,612.15
OUT_05000,191.21
OUT_05001,155.62
OUT_05002,167.7
OUT_05003,188.84
OUT_05004,152.09
OUT_05005,658.31
OUT_05006,225.13
OUT_05007,6659.55
OUT_05008,202.64
OUT_05009,151.2
OUT_05010,259.99
OUT_05011,582.97
OUT_05012,195.21
OUT_05013,295.54
OUT_05014,749.63
OUT_05015,578.5
OUT_05016,527.79
OUT_05017,211.79
OUT_05018,770.12
OUT_05019,256.4
OUT_05020,199.53
OUT_05021,637.02
OUT_05022,162.86
OUT_05023,192.24
OUT_05024,596.79
OUT_05025,196.8
OUT_05026,643.06
OUT_05027,181.31
OUT_05028,214.26
OUT_05029,602.89
OUT_05030,137.96
OUT_05031,208.89
OUT_05032,164.47
OUT_05033,184.2
OUT_05034,539.44
OUT_05035,153.29
OUT_05036,198.3
OUT_05037,146.93
OUT_05038,195.19
OUT_05039,159.59
OUT_05040,197.88
OUT_05041,186.9
OUT_05042,168.98
OUT_05043,190.12
OUT_05044,637.8
OUT_05045,2393.05
OUT_05046,2611.89
OUT_05047,180.3
OUT_05048,204.85
OUT_05049,177.05
OUT_05050,7069.27
OUT_05051,146.09
OUT_05052,3240.67
OUT_05053,187.98
OUT_05054,285.4
OUT_05055,224.81
OUT_05056,736.78
OUT_05057,451.99
OUT_05058,187.39
OUT_05059,651.38
OUT_05060,171.95
OUT_05061,185.3
OUT_05062,160.76
OUT_05063,145.56
OUT_05064,787.99
OUT_05065,695.47
OUT_05066,672.63
OUT_05067,177.03
OUT_05068,170.01
OUT_05069,167.64
OUT_05070,610.56
OUT_05071,6266.9
OUT_05072,216.87
OUT_05073,624.11
OUT_05074,183.97
OUT_05075,151.22
OUT_05076,182.36
OUT_05077,194.65
OUT_05078,626.26
OUT_05079,2958.17
OUT_05080,646.34
OUT_05081,196.94
OUT_05082,622.68
OUT_05083,736.01
OUT_05084,617.85
OUT_05085,779.51
OUT_05086,240.04
OUT_05087,663.15
OUT_05088,168.66
OUT_05089,557.18
OUT_05090,494.14
OUT_05091,2478.53
OUT_05092,6164.9
OUT_05093,626.38
OUT_05094,514.63
OUT_05095,6677.55
OUT_05096,182.07
OUT_05097,3681.06
OUT_05098,165.69
OUT_05099,232.28
OUT_05100,145.82
OUT_05101,2992.51
OUT_05102,874.35
OUT_05103,218.46
OUT_05104,2842.65
OUT_05105,163.17
OUT_05106,178.69
OUT_05107,620.97
OUT_05108,156.73
OUT_05109,184.17
OUT_05110,173.42
OUT_05111,161.9
OUT_05112,548.32
OUT_05113,172.97
OUT_05114,179.3
OUT_05115,2573.48
OUT_05116,656.22
OUT_05117,135.91
OUT_05118,849.4
OUT_05119,154.29
OUT_05120,6271.09
OUT_05121,193.82
OUT_05122,2184.79
OUT_05123,661.76
OUT_05124,681.16
OUT_05125,234.19
OUT_05126,212.15
OUT_05127,171.09
OUT_05128,429.32
OUT_05129,590.68
OUT_05130,2473.05
OUT_05131,517.1
OUT_05132,240.71
OUT_05133,7072.42
OUT_05134,592.49
OUT_05135,197.35
OUT_05136,775.78
OUT_05137,181.21
OUT_05138,184.0
OUT_05139,164.73
OUT_05140,157.64
OUT_05141,558.35
OUT_05142,2950.51
OUT_05143,643.29
OUT_05144,219.29
OUT_05145,294.19
OUT_05146,153.49
OUT_05147,547.03
OUT_05148,163.07
OUT_05149,665.37
OUT_05150,733.42
OUT_05151,170.3
OUT_05152,217.77
OUT_05153,179.8
OUT_05154,167.81
OUT_05155,675.58
OUT_05156,7023.53
OUT_05157,7553.92
OUT_05158,220.75
OUT_05159,621.9
OUT_05160,189.95
OUT_05161,3024.21
OUT_05162,3592.4
OUT_05163,604.85
OUT_05164,181.7
OUT_05165,148.78
OUT_05166,2534.69
OUT_05167,854.51
OUT_05168,2405.95
OUT_05169,228.88
OUT_05170,2569.62
OUT_05171,151.45
OUT_05172,155.22
OUT_05173,160.87
OUT_05174,703.26
OUT_05175,2787.44
OUT_05176,3010.61
OUT_05177,153.88
OUT_05178,2903.11
OUT_05179,214.19
OUT_05180,176.28
OUT_05181,7226.79
OUT_05182,182.95
OUT_05183,712.47
OUT_05184,173.39
OUT_05185,2577.95
OUT_05186,3524.78
OUT_05187,698.81
OUT_05188,2753.11
OUT_05189,269.16
OUT_05190,200.43
OUT_05191,151.35
OUT_05192,759.16
OUT_05193,187.56
OUT_05194,795.93
OUT_05195,782.16
OUT_05196,171.76
OUT_05197,2880.09
OUT_05198,6005.04
OUT_05199,589.86
OUT_05200,181.81
OUT_05201,2573.78
OUT_05202,118.73
OUT_05203,609.33
OUT_05204,9433.23
OUT_05205,6398.21
OUT_05206,132.78
OUT_05207,695.35
OUT_05208,259.71
OUT_05209,146.65
OUT_05210,183.99
OUT_05211,678.27
OUT_05212,193.99
OUT_05213,207.31
OUT_05214,242.21
OUT_05215,212.98
OUT_05216,2753.94
OUT_05217,197.64
OUT_05218,687.81
OUT_05219,175.93
OUT_05220,710.54
OUT_05221,169.56
OUT_05222,2592.93
OUT_05223,130.52
OUT_05224,118.93
OUT_05225,656.67
OUT_05226,213.34
OUT_05227,234.19
OUT_05228,134.44
OUT_05229,141.27
OUT_05230,6868.53
OUT_05231,1830.91
OUT_05232,630.02
OUT_05233,2348.92
OUT_05234,600.56
OUT_05235,169.92
OUT_05236,180.08
OUT_05237,773.88
OUT_05238,214.83
OUT_05239,638.61
OUT_05240,610.85
OUT_05241,195.17
OUT_05242,179.05
OUT_05243,583.4
OUT_05244,745.0
OUT_05245,189.63
OUT_05246,175.15
OUT_05247,186.58
OUT_05248,612.13
OUT_05249,593.55
OUT_05250,5731.75
OUT_05251,180.09
OUT_05252,166.47
OUT_05253,589.09
OUT_05254,194.94
OUT_05255,2654.91
OUT_05256,2647.87
OUT_05257,2385.53
OUT_05258,137.08
OUT_05259,2604.56
OUT_05260,591.69
OUT_05261,213.24
OUT_05262,224.11
OUT_05263,200.52
OUT_05264,3677.44
OUT_05265,666.37
OUT_05266,255.09
OUT_05267,602.22
OUT_05268,205.75
OUT_05269,7334.1
OUT_05270,654.05
OUT_05271,2549.15
OUT_05272,3420.3
OUT_05273,282.01
OUT_05274,615.77
OUT_05275,243.43
OUT_05276,198.96
OUT_05277,186.25
OUT_05278,180.76
OUT_05279,132.33
OUT_05280,9076.39
OUT_05281,563.76
OUT_05282,644.83
OUT_05283,510.05
OUT_05284,152.93
OUT_05285,198.99
OUT_05286,2699.28
OUT_05287,2389.19
OUT_05288,264.9
OUT_05289,783.19
OUT_05290,579.14
OUT_05291,266.05
OUT_05292,2727.18
OUT_05293,153.51
OUT_05294,193.86
OUT_05295,594.82
OUT_05296,201.42
OUT_05297,6962.15
OUT_05298,163.5
OUT_05299,2971.62
OUT_05300,665.86
OUT_05301,713.47
OUT_05302,2266.46
OUT_05303,188.45
OUT_05304,123.53
OUT_05305,687.77
OUT_05306,173.54
OUT_05307,210.61
OUT_05308,162.35
OUT_05309,188.39
OUT_05310,158.31
OUT_05311,514.55
OUT_05312,178.57
OUT_05313,166.0
OUT_05314,639.83
OUT_05315,198.85
OUT_05316,834.56
OUT_05317,226.11
OUT_05318,3435.7
OUT_05319,641.97
OUT_05320,570.68
OUT_05321,529.86
OUT_05322,150.62
OUT_05323,197.28
OUT_05324,566.22
OUT_05325,3196.55
OUT_05326,222.68
OUT_05327,186.53
OUT_05328,666.17
OUT_05329,2796.93
OUT_05330,223.07
OUT_05331,181.71
OUT_05332,2607.0
OUT_05333,3078.91
OUT_05334,304.42
OUT_05335,472.99
OUT_05336,647.8
OUT_05337,532.21
OUT_05338,172.34
OUT_05339,174.98
OUT_05340,3591.77
OUT_05341,230.73
OUT_05342,555.24
OUT_05343,631.6
OUT_05344,545.88
OUT_05345,183.71
OUT_05346,190.65
OUT_05347,173.09
OUT_05348,226.75
OUT_05349,3209.25
OUT_05350,525.5
OUT_05351,2723.82
OUT_05352,566.36
OUT_05353,208.18
OUT_05354,683.13
OUT_05355,6916.28
OUT_05356,229.02
OUT_05357,2508.16
OUT_05358,2718.69
OUT_05359,202.11
OUT_05360,621.71
OUT_05361,150.08
OUT_05362,579.0
OUT_05363,139.1
OUT_05364,183.06
OUT_05365,182.63
OUT_05366,7374.85
OUT_05367,686.49
OUT_05368,161.87
OUT_05369,617.97
OUT_05370,183.42
OUT_05371,192.07
OUT_05372,583.3
OUT_05373,596.3
OUT_05374,196.21
OUT_05375,2977.43
OUT_05376,171.7
OUT_05377,2221.76
OUT_05378,208.59
OUT_05379,613.01
OUT_05380,156.46
OUT_05381,218.59
OUT_05382,197.08
OUT_05383,201.55
OUT_05384,2495.1
OUT_05385,676.42
OUT_05386,189.59
OUT_05387,6693.34
OUT_05388,197.69
OUT_05389,180.16
OUT_05390,169.8
OUT_05391,142.24
OUT_05392,700.71
OUT_05393,696.52
OUT_05394,188.39
OUT_05395,159.34
OUT_05396,742.16
OUT_05397,168.46
OUT_05398,199.63
OUT_05399,225.33
OUT_05400,145.04
OUT_05401,542.0
OUT_05402,565.7
OUT_05403,2796.33
OUT_05404,669.6
OUT_05405,636.03
OUT_05406,454.52
OUT_05407,3073.54
OUT_05408,164.49
OUT_05409,541.42
OUT_05410,2935.35
OUT_05411,216.52
OUT_05412,2592.19
OUT_05413,163.46
OUT_05414,150.27
OUT_05415,693.4
OUT_05416,675.34
OUT_05417,173.47
OUT_05418,3033.75
OUT_05419,572.73
OUT_05420,192.16
OUT_05421,201.78
OUT_05422,180.66
OUT_05423,205.08
OUT_05424,567.22
OUT_05425,208.41
OUT_05426,4927.72
OUT_05427,2631.55
OUT_05428,2712.49
OUT_05429,189.86
OUT_05430,7162.65
OUT_05431,845.41
OUT_05432,181.86
OUT_05433,153.36
OUT_05434,161.21
OUT_05435,636.96
OUT_05436,181.42
OUT_05437,238.14
OUT_05438,169.68
OUT_05439,653.02
OUT_05440,166.69
OUT_05441,195.01
OUT_05442,2377.56
OUT_05443,808.16
OUT_05444,196.31
OUT_05445,633.56
OUT_05446,184.9
OUT_05447,644.69
OUT_05448,2315.73
OUT_05449,210.83
OUT_05450,644.96
OUT_05451,642.66
OUT_05452,3196.42
OUT_05453,6008.34
OUT_05454,813.14
OUT_05455,191.44
OUT_05456,821.72
OUT_05457,139.56
OUT_05458,582.74
OUT_05459,3046.71
OUT_05460,275.23
OUT_05461,734.03
OUT_05462,583.57
OUT_05463,195.36
OUT_05464,160.58
OUT_05465,9034.82
OUT_05466,618.5
OUT_05467,145.66
OUT_05468,205.96
OUT_05469,168.23
OUT_05470,6073.68
OUT_05471,157.64
OUT_05472,149.36
OUT_05473,674.57
OUT_05474,174.34
OUT_05475,156.9
OUT_05476,209.63
OUT_05477,206.89
OUT_05478,2764.45
OUT_05479,195.99
OUT_05480,185.88
OUT_05481,227.77
OUT_05482,2973.85
OUT_05483,2584.46
OUT_05484,209.62
OUT_05485,7551.34
OUT_05486,3075.9
OUT_05487,809.71
OUT_05488,585.44
OUT_05489,222.52
OUT_05490,3192.78
OUT_05491,197.75
OUT_05492,612.56
OUT_05493,2740.08
OUT_05494,595.66
OUT_05495,2452.62
OUT_05496,139.18
OUT_05497,2835.23
OUT_05498,219.42
OUT_05499,190.73
OUT_05500,456.14
OUT_05501,2889.09
OUT_05502,229.11
OUT_05503,199.17
OUT_05504,766.23
OUT_05505,668.84
OUT_05506,609.39
OUT_05507,173.71
OUT_05508,2791.51
OUT_05509,607.51
OUT_05510,227.19
OUT_05511,3254.45
OUT_05512,614.15
OUT_05513,193.13
OUT_05514,2521.15
OUT_05515,216.74
OUT_05516,755.36
OUT_05517,265.2
OUT_05518,206.23
OUT_05519,164.36
OUT_05520,224.58
OUT_05521,195.0
OUT_05522,579.45
OUT_05523,2516.66
OUT_05524,152.37
OUT_05525,557.54
OUT_05526,209.76
OUT_05527,174.39
OUT_05528,201.21
OUT_05529,236.19
OUT_05530,529.44
OUT_05531,216.12
OUT_05532,619.38
OUT_05533,273.29
OUT_05534,187.98
OUT_05535,648.53
OUT_05536,556.71
OUT_05537,2427.04
OUT_05538,535.17
OUT_05539,171.86
OUT_05540,2904.72
OUT_05541,199.79
OUT_05542,2872.13
OUT_05543,2985.35
OUT_05544,136.7
OUT_05545,586.77
OUT_05546,144.1
OUT_05547,169.55
OUT_05548,163.64
OUT_05549,222.55
OUT_05550,155.57
OUT_05551,2623.67
OUT_05552,2412.36
OUT_05553,724.65
OUT_05554,244.58
OUT_05555,3099.77
OUT_05556,159.9
OUT_05557,176.49
OUT_05558,212.53
OUT_05559,158.18
OUT_05560,706.76
OUT_05561,185.96
OUT_05562,676.07
OUT_05563,702.88
OUT_05564,6572.83
OUT_05565,2989.84
OUT_05566,158.46
OUT_05567,154.68
OUT_05568,603.78
OUT_05569,2478.96
OUT_05570,157.97
OUT_05571,3387.59
OUT_05572,160.07
OUT_05573,608.07
OUT_05574,153.14
OUT_05575,2872.22
OUT_05576,2325.06
OUT_05577,2643.59
OUT_05578,8492.06
OUT_05579,3169.19
OUT_05580,723.57
OUT_05581,224.34
OUT_05582,182.1
OUT_05583,174.98
OUT_05584,769.73
OUT_05585,779.07
OUT_05586,582.29
OUT_05587,647.68
OUT_05588,765.85
OUT_05589,201.03
OUT_05590,503.62
OUT_05591,538.73
OUT_05592,7545.98
OUT_05593,2805.22
OUT_05594,780.66
OUT_05595,155.93
OUT_05596,151.61
OUT_05597,8581.62
OUT_05598,646.16
OUT_05599,147.92
OUT_05600,182.62
OUT_05601,197.17
OUT_05602,214.15
OUT_05603,154.52
OUT_05604,2961.11
OUT_05605,172.59
OUT_05606,5980.59
OUT_05607,620.08
OUT_05608,654.67
OUT_05609,602.22
OUT_05610,177.28
OUT_05611,172.34
OUT_05612,166.4
OUT_05613,2771.84
OUT_05614,212.7
OUT_05615,561.07
OUT_05616,710.2
OUT_05617,185.72
OUT_05618,548.93
OUT_05619,3029.89
OUT_05620,2362.84
OUT_05621,2843.64
OUT_05622,182.69
OUT_05623,275.83
OUT_05624,175.35
OUT_05625,279.0
OUT_05626,2342.85
OUT_05627,158.32
OUT_05628,171.77
OUT_05629,188.37
OUT_05630,730.38
OUT_05631,163.49
OUT_05632,497.22
OUT_05633,617.63
OUT_05634,193.05
OUT_05635,181.39
OUT_05636,216.95
OUT_05637,158.16
OUT_05638,550.08
OUT_05639,3258.41
OUT_05640,2829.97
OUT_05641,224.1
OUT_05642,218.94
OUT_05643,161.38
OUT_05644,536.16
OUT_05645,682.9
OUT_05646,148.83
OUT_05647,565.38
OUT_05648,182.87
OUT_05649,145.35
OUT_05650,184.99
OUT_05651,646.17
OUT_05652,615.15
OUT_05653,152.44
OUT_05654,246.94
OUT_05655,3248.16
OUT_05656,737.92
OUT_05657,2337.79
OUT_05658,2299.27
OUT_05659,207.41
OUT_05660,186.95
OUT_05661,585.25
OUT_05662,183.17
OUT_05663,194.66
OUT_05664,3169.21
OUT_05665,217.14
OUT_05666,268.31
OUT_05667,687.5
OUT_05668,195.85
OUT_05669,150.01
OUT_05670,694.32
OUT_05671,658.36
OUT_05672,197.25
OUT_05673,190.79
OUT_05674,157.72
OUT_05675,228.8
OUT_05676,768.48
OUT_05677,1010.62
OUT_05678,145.2
OUT_05679,646.14
OUT_05680,231.26
OUT_05681,174.74
OUT_05682,2734.22
OUT_05683,181.93
OUT_05684,582.09
OUT_05685,621.36
OUT_05686,184.6
OUT_05687,183.09
OUT_05688,532.44
OUT_05689,988.55
OUT_05690,484.51
OUT_05691,3002.03
OUT_05692,2471.36
OUT_05693,778.75
OUT_05694,8307.54
OUT_05695,177.13
OUT_05696,311.62
OUT_05697,161.47
OUT_05698,569.5
OUT_05699,7224.58
OUT_05700,193.53
OUT_05701,204.12
OUT_05702,164.79
OUT_05703,2951.44
OUT_05704,137.88
OUT_05705,187.68
OUT_05706,144.71
OUT_05707,160.76
OUT_05708,155.55
OUT_05709,503.42
OUT_05710,212.01
OUT_05711,3074.67
OUT_05712,144.99
OUT_05713,169.18
OUT_05714,590.12
OUT_05715,165.51
OUT_05716,2583.0
OUT_05717,179.31
OUT_05718,3161.06
OUT_05719,667.17
OUT_05720,218.06
OUT_05721,170.4
OUT_05722,602.0
OUT_05723,208.55
OUT_05724,249.53
OUT_05725,173.03
OUT_05726,531.92
OUT_05727,7485.57
OUT_05728,213.06
OUT_05729,214.27
OUT_05730,152.69
OUT_05731,189.61
OUT_05732,2686.5
OUT_05733,3378.62
OUT_05734,170.38
OUT_05735,139.11
OUT_05736,561.92
OUT_05737,235.52
OUT_05738,142.38
OUT_05739,610.67
OUT_05740,629.36
OUT_05741,181.61
OUT_05742,722.28
OUT_05743,6599.28
OUT_05744,491.59
OUT_05745,172.69
OUT_05746,192.36
OUT_05747,161.89
OUT_05748,157.32
OUT_05749,617.07
OUT_05750,713.53
OUT_05751,251.95
OUT_05752,816.88
OUT_05753,294.53
OUT_05754,579.11
OUT_05755,185.74
OUT_05756,675.18
OUT_05757,7472.03
OUT_05758,758.58
OUT_05759,176.81
OUT_05760,172.3
OUT_05761,588.21
OUT_05762,607.06
OUT_05763,153.38
OUT_05764,560.17
OUT_05765,674.76
OUT_05766,177.42
OUT_05767,214.89
OUT_05768,204.14
OUT_05769,625.65
OUT_05770,704.5
OUT_05771,192.74
OUT_05772,588.45
OUT_05773,623.67
OUT_05774,655.9
OUT_05775,215.66
OUT_05776,7623.99
OUT_05777,3381.53
OUT_05778,649.64
OUT_05779,278.25
OUT_05780,173.69
OUT_05781,166.12
OUT_05782,587.41
OUT_05783,805.2
OUT_05784,191.92
OUT_05785,196.95
OUT_05786,2379.64
OUT_05787,183.8
OUT_05788,222.68
OUT_05789,210.21
OUT_05790,787.9
OUT_05791,199.73
OUT_05792,594.82
OUT_05793,193.1
OUT_05794,202.42
OUT_05795,187.84
OUT_05796,138.61
OUT_05797,570.97
OUT_05798,776.94
OUT_05799,163.33
OUT_05800,499.97
OUT_05801,728.87
OUT_05802,795.52
OUT_05803,2524.18
OUT_05804,3028.56
OUT_05805,178.35
OUT_05806,633.19
OUT_05807,174.23
OUT_05808,166.62
OUT_05809,702.54
OUT_05810,148.88
OUT_05811,752.17
OUT_05812,170.85
OUT_05813,2570.42
OUT_05814,2227.26
OUT_05815,568.93
OUT_05816,685.86
OUT_05817,158.22
OUT_05818,619.93
OUT_05819,278.42
OUT_05820,153.55
OUT_05821,229.39
OUT_05822,597.66
OUT_05823,151.01
OUT_05824,3354.38
OUT_05825,6765.57
OUT_05826,180.2
OUT_05827,211.64
OUT_05828,135.39
OUT_05829,669.12
OUT_05830,825.07
OUT_05831,569.33
OUT_05832,137.52
OUT_05833,128.42
OUT_05834,643.78
OUT_05835,181.21
OUT_05836,589.1
OUT_05837,659.54
OUT_05838,6075.39
OUT_05839,174.16
OUT_05840,166.93
OUT_05841,180.45
OUT_05842,183.31
OUT_05843,3033.32
OUT_05844,147.93
OUT_05845,559.13
OUT_05846,3002.02
OUT_05847,3188.28
OUT_05848,176.36
OUT_05849,2959.37
OUT_05850,605.79
OUT_05851,174.45
OUT_05852,3090.94
OUT_05853,204.19
OUT_05854,2841.41
OUT_05855,580.86
OUT_05856,560.21
OUT_05857,180.07
OUT_05858,177.05
OUT_05859,170.14
OUT_05860,172.73
OUT_05861,237.55
OUT_05862,170.88
OUT_05863,148.07
OUT_05864,238.27
OUT_05865,185.17
OUT_05866,169.53
OUT_05867,694.5
OUT_05868,650.44
OUT_05869,272.92
OUT_05870,3400.61
OUT_05871,551.8
OUT_05872,151.2
OUT_05873,638.05
OUT_05874,207.63
OUT_05875,672.05
OUT_05876,147.8
OUT_05877,518.82
OUT_05878,186.98
OUT_05879,2615.47
OUT_05880,161.98
OUT_05881,172.57
OUT_05882,558.59
OUT_05883,608.82
OUT_05884,715.58
OUT_05885,660.04
OUT_05886,605.33
OUT_05887,565.9
OUT_05888,152.96
OUT_05889,583.85
OUT_05890,2992.9
OUT_05891,203.11
OUT_05892,2617.88
OUT_05893,638.3
OUT_05894,2823.57
OUT_05895,132.09
OUT_05896,210.81
OUT_05897,139.39
OUT_05898,184.21
OUT_05899,3211.59
OUT_05900,563.02
OUT_05901,217.93
OUT_05902,651.92
OUT_05903,6541.43
OUT_05904,221.41
OUT_05905,166.8
OUT_05906,143.58
OUT_05907,569.36
OUT_05908,202.91
OUT_05909,2513.43
OUT_05910,193.95
OUT_05911,148.02
OUT_05912,150.57
OUT_05913,236.86
OUT_05914,161.9
OUT_05915,598.21
OUT_05916,653.02
OUT_05917,199.05
OUT_05918,566.28
OUT_05919,165.81
OUT_05920,145.67
OUT_05921,149.78
OUT_05922,617.62
OUT_05923,233.26
OUT_05924,545.71
OUT_05925,490.87
OUT_05926,211.1
OUT_05927,7765.27
OUT_05928,189.07
OUT_05929,737.78
OUT_05930,173.99
OUT_05931,207.11
OUT_05932,902.32
OUT_05933,702.61
OUT_05934,166.83
OUT_05935,212.69
OUT_05936,6559.3
OUT_05937,3140.64
OUT_05938,7950.55
OUT_05939,627.1
OUT_05940,6524.25
OUT_05941,147.27
OUT_05942,201.82
OUT_05943,2769.36
OUT_05944,178.61
OUT_05945,177.99
OUT_05946,193.3
OUT_05947,8084.07
OUT_05948,2762.07
OUT_05949,680.64
OUT_05950,183.14
OUT_05951,157.57
OUT_05952,232.86
OUT_05953,169.25
OUT_05954,186.49
OUT_05955,226.13
OUT_05956,2822.68
OUT_05957,197.05
OUT_05958,672.0
OUT_05959,210.04
OUT_05960,2734.33
OUT_05961,157.2
OUT_05962,649.56
OUT_05963,257.81
OUT_05964,149.24
OUT_05965,609.74
OUT_05966,494.86
OUT_05967,179.82
OUT_05968,179.16
OUT_05969,629.04
OUT_05970,779.33
OUT_05971,525.99
OUT_05972,184.68
OUT_05973,602.48
OUT_05974,223.47
OUT_05975,556.5
OUT_05976,206.92
OUT_05977,160.17
OUT_05978,713.53
OUT_05979,569.84
OUT_05980,169.23
OUT_05981,7281.22
OUT_05982,698.01
OUT_05983,182.91
OUT_05984,2841.67
OUT_05985,225.83
OUT_05986,153.99
OUT_05987,209.71
OUT_05988,625.36
OUT_05989,186.3
OUT_05990,157.27
OUT_05991,281.64
OUT_05992,2904.0
OUT_05993,150.41
OUT_05994,168.82
OUT_05995,169.09
OUT_05996,207.26
OUT_05997,156.78
OUT_05998,501.4
OUT_05999,133.7
OUT_06000,177.31
OUT_06001,160.66
OUT_06002,640.43
OUT_06003,211.91
OUT_06004,139.73
OUT_06005,700.35
OUT_06006,681.91
OUT_06007,193.49
OUT_06008,688.58
OUT_06009,647.84
OUT_06010,173.31
OUT_06011,210.04
OUT_06012,2362.37
OUT_06013,3515.45
OUT_06014,563.87
OUT_06015,168.49
OUT_06016,2140.17
OUT_06017,234.46
OUT_06018,141.94
OUT_06019,183.65
OUT_06020,718.13
OUT_06021,161.28
OUT_06022,269.49
OUT_06023,6914.45
OUT_06024,161.16
OUT_06025,652.16
OUT_06026,2749.09
OUT_06027,568.43
OUT_06029,202.41
OUT_06030,8099.42
OUT_06031,170.41
OUT_06032,2203.68
OUT_06033,7966.0
OUT_06034,671.06
OUT_06035,196.65
OUT_06036,154.11
OUT_06037,892.8
OUT_06038,681.0
OUT_06039,584.22
OUT_06040,713.02
OUT_06041,2852.26
OUT_06042,592.2
OUT_06043,196.14
OUT_06044,8749.61
OUT_06045,137.23
OUT_06046,213.46
OUT_06047,2887.84
OUT_06048,221.55
OUT_06049,2446.96
OUT_06050,2322.27
OUT_06051,175.18
OUT_06052,773.1
OUT_06053,743.88
OUT_06054,221.9
OUT_06055,685.74
OUT_06056,237.25
OUT_06057,623.31
OUT_06058,172.71
OUT_06059,662.79
OUT_06060,189.46
OUT_06061,753.93
OUT_06062,3035.78
OUT_06063,573.84
OUT_06064,532.14
OUT_06065,635.24
OUT_06066,231.03
OUT_06067,202.48
OUT_06068,157.44
OUT_06069,339.98
OUT_06070,180.42
OUT_06071,186.65
OUT_06072,2762.0
OUT_06073,157.31
OUT_06074,223.98
OUT_06075,513.03
OUT_06076,185.59
OUT_06077,290.69
OUT_06078,152.3
OUT_06079,176.56
OUT_06080,297.97
OUT_06081,8045.45
OUT_06082,3092.62
OUT_06083,6848.09
OUT_06084,209.46
OUT_06085,251.26
OUT_06086,2660.84
OUT_06087,487.33
OUT_06088,2684.08
OUT_06089,180.94
OUT_06090,511.16
OUT_06091,155.67
OUT_06092,163.81
OUT_06093,7720.66
OUT_06094,671.92
OUT_06095,157.3
OUT_06096,2783.87
OUT_06097,2702.42
OUT_06098,166.15
OUT_06099,178.09
OUT_06100,2724.22
OUT_06101,574.21
OUT_06102,494.98
OUT_06103,2523.58
OUT_06104,698.08
OUT_06105,270.32
OUT_06106,563.31
OUT_06107,3415.56
OUT_06108,171.21
OUT_06109,3181.45
OUT_06110,178.57
OUT_06111,255.04
OUT_06112,662.94
OUT_06113,176.52
OUT_06114,666.58
OUT_06115,688.62
OUT_06116,189.25
OUT_06117,226.15
OUT_06118,161.01
OUT_06119,6772.18
OUT_06120,168.43
OUT_06121,228.79
OUT_06122,129.55
OUT_06123,565.43
OUT_06124,838.34
OUT_06125,130.06
OUT_06126,172.27
OUT_06127,676.76
OUT_06128,612.89
OUT_06129,196.02
OUT_06130,591.7
OUT_06131,217.91
OUT_06132,164.0
OUT_06133,165.96
OUT_06134,609.38
OUT_06135,2969.34
OUT_06136,3268.78
OUT_06137,550.19
OUT_06138,141.17
OUT_06139,172.12
OUT_06140,187.1
OUT_06141,161.12
OUT_06142,2702.57
OUT_06143,227.89
OUT_06144,553.06
OUT_06145,518.36
OUT_06146,154.43
OUT_06147,522.96
OUT_06148,495.23
OUT_06149,635.66
OUT_06150,682.45
OUT_06151,5426.68
OUT_06152,184.09
OUT_06153,145.85
OUT_06154,159.48
OUT_06155,3139.22
OUT_06156,169.55
OUT_06157,2819.15
OUT_06158,553.35
OUT_06159,6375.09
OUT_06160,617.46
OUT_06161,667.52
OUT_06162,670.75
OUT_06163,145.25
OUT_06164,204.17
OUT_06165,487.93
OUT_06166,198.41
OUT_06167,544.15
OUT_06168,3591.86
OUT_06169,193.27
OUT_06170,3113.77
OUT_06171,144.55
OUT_06172,7146.58
OUT_06173,171.21
OUT_06174,809.66
OUT_06175,281.65
OUT_06176,607.42
OUT_06177,138.02
OUT_06178,216.13
OUT_06179,158.24
OUT_06180,196.19
OUT_06181,701.21
OUT_06182,2525.67
OUT_06183,150.69
OUT_06184,145.73
OUT_06185,550.27
OUT_06186,2762.79
OUT_06187,153.56
OUT_06188,213.53
OUT_06189,6593.33
OUT_06190,140.37
OUT_06191,193.4
OUT_06192,486.7
OUT_06193,669.29
OUT_06194,195.98
OUT_06195,156.84
OUT_06196,272.61
OUT_06197,684.84
OUT_06198,191.38
OUT_06199,198.42
OUT_06200,563.52
OUT_06201,226.07
OUT_06202,185.19
OUT_06203,3123.49
OUT_06204,195.99
OUT_06205,5436.13
OUT_06206,484.05
OUT_06207,210.47
OUT_06208,206.45
OUT_06209,742.31
OUT_06210,7411.62
OUT_06211,202.79
OUT_06212,556.96
OUT_06213,154.86
OUT_06214,685.51
OUT_06215,2372.82
OUT_06216,194.65
OUT_06217,854.88
OUT_06218,597.35
OUT_06219,184.94
OUT_06220,224.27
OUT_06221,202.41
OUT_06222,277.52
OUT_06223,206.57
OUT_06224,675.17
OUT_06225,198.82
OUT_06226,179.03
OUT_06227,653.63
OUT_06228,3280.97
OUT_06229,705.51
OUT_06230,176.55
OUT_06231,223.96
OUT_06232,2770.56
OUT_06233,772.64
OUT_06234,176.76
OUT_06235,168.83
OUT_06236,672.07
OUT_06237,482.46
OUT_06238,571.0
OUT_06239,126.46
OUT_06240,202.77
OUT_06241,217.37
OUT_06242,2769.21
OUT_06243,171.86
OUT_06244,930.49
OUT_06245,171.92
OUT_06246,2879.69
OUT_06247,205.0
OUT_06248,228.78
OUT_06249,164.85
OUT_06250,575.81
OUT_06251,701.41
OUT_06252,2600.59
OUT_06253,196.99
OUT_06254,204.28
OUT_06255,2583.58
OUT_06256,169.47
OUT_06257,2529.52
OUT_06258,152.74
OUT_06259,508.14
OUT_06260,172.63
OUT_06261,528.75
OUT_06262,2787.25
OUT_06263,188.7
OUT_06264,6539.25
OUT_06265,165.09
OUT_06266,555.47
OUT_06267,196.19
OUT_06268,217.46
OUT_06269,191.5
OUT_06270,160.52
OUT_06271,2374.81
OUT_06272,663.23
OUT_06273,186.67
OUT_06274,232.99
OUT_06275,592.33
OUT_06276,513.81
OUT_06277,547.99
OUT_06278,6149.09
OUT_06279,2776.35
OUT_06280,576.51
OUT_06281,657.24
OUT_06282,147.54
OUT_06283,201.84
OUT_06284,3097.4
OUT_06285,190.64
OUT_06286,229.93
OUT_06287,204.19
OUT_06288,204.86
OUT_06289,2887.24
OUT_06290,268.72
OUT_06291,191.84
OUT_06292,198.22
OUT_06293,542.98
OUT_06294,244.74
OUT_06295,248.33
OUT_06296,523.2
OUT_06297,156.76
OUT_06298,156.49
OUT_06299,701.96
OUT_06300,630.09
OUT_06301,708.47
OUT_06302,196.07
OUT_06303,162.67
OUT_06304,7952.2
OUT_06305,191.86
OUT_06306,204.66
OUT_06307,181.37
OUT_06308,605.81
OUT_06309,144.61
OUT_06310,199.1
OUT_06311,531.65
OUT_06312,191.25
OUT_06313,147.31
OUT_06314,154.97
OUT_06315,3159.02
OUT_06316,632.06
OUT_06317,198.04
OUT_06318,149.2
OUT_06319,473.13
OUT_06320,683.93
OUT_06321,7410.8
OUT_06322,304.65
OUT_06323,3075.88
OUT_06324,162.34
OUT_06325,205.15
OUT_06326,710.71
OUT_06327,2183.97
OUT_06328,679.98
OUT_06329,172.69
OUT_06330,209.5
OUT_06331,851.31
OUT_06332,3844.99
OUT_06333,186.81
OUT_06334,153.8
OUT_06335,169.34
OUT_06336,3629.05
OUT_06337,186.75
OUT_06338,164.07
OUT_06339,605.05
OUT_06340,2566.16
OUT_06341,442.01
OUT_06342,709.2
OUT_06343,240.38
OUT_06344,167.6
OUT_06345,191.04
OUT_06346,226.79
OUT_06347,614.6
OUT_06348,672.62
OUT_06349,532.69
OUT_06350,724.79
OUT_06351,572.16
OUT_06352,608.59
OUT_06353,654.63
OUT_06354,186.17
OUT_06355,131.59
OUT_06356,6893.15
OUT_06357,217.88
OUT_06358,6743.2
OUT_06359,491.93
OUT_06360,252.11
OUT_06361,2253.58
OUT_06362,169.8
OUT_06363,204.02
OUT_06364,189.45
OUT_06365,710.71
OUT_06366,178.61
OUT_06367,3595.36
OUT_06368,474.1
OUT_06369,837.79
OUT_06370,2423.76
OUT_06371,232.05
OUT_06372,687.49
OUT_06373,7624.95
OUT_06374,177.29
OUT_06375,2719.1
OUT_06376,620.06
OUT_06377,535.37
OUT_06378,166.77
OUT_06379,738.04
OUT_06380,221.8
OUT_06381,9543.23
OUT_06382,615.09
OUT_06383,166.73
OUT_06384,173.18
OUT_06385,220.08
OUT_06386,3002.03
OUT_06387,7926.94
OUT_06388,199.49
OUT_06389,184.05
OUT_06390,572.64
OUT_06391,167.54
OUT_06392,6606.07
OUT_06393,183.5
OUT_06394,179.27
OUT_06395,191.2
OUT_06396,170.87
OUT_06397,177.51
OUT_06398,206.08
OUT_06399,621.58
OUT_06400,572.47
OUT_06401,231.78
OUT_06402,2404.8
OUT_06403,3188.28
OUT_06404,3014.14
OUT_06405,580.52
OUT_06406,3295.79
OUT_06407,207.48
OUT_06408,179.31
OUT_06409,155.54
OUT_06410,5669.01
OUT_06411,168.93
OUT_06412,185.75
OUT_06413,568.46
OUT_06414,9052.23
OUT_06415,546.68
OUT_06416,519.0
OUT_06417,7878.47
OUT_06418,189.44
OUT_06419,168.9
OUT_06420,6323.35
OUT_06421,163.93
OUT_06422,192.45
OUT_06423,165.56
OUT_06424,708.93
OUT_06425,200.31
OUT_06426,279.16
OUT_06427,2768.01
OUT_06428,205.59
OUT_06429,196.45
OUT_06430,571.81
OUT_06431,838.6
OUT_06432,3274.48
OUT_06433,582.96
OUT_06434,580.83
OUT_06435,261.95
OUT_06436,3589.13
OUT_06437,131.32
OUT_06438,134.43
OUT_06439,6556.93
OUT_06440,655.75
OUT_06441,718.8
OUT_06442,598.6
OUT_06443,193.79
OUT_06444,155.6
OUT_06445,535.95
OUT_06446,153.45
OUT_06447,201.14
OUT_06448,200.79
OUT_06449,184.8
OUT_06450,195.28
OUT_06451,208.81
OUT_06452,173.27
OUT_06453,195.34
OUT_06454,534.84
OUT_06455,178.26
OUT_06456,186.23
OUT_06457,158.51
OUT_06458,180.63
OUT_06459,166.84
OUT_06460,603.75
OUT_06461,220.09
OUT_06462,2284.82
OUT_06463,223.11
OUT_06464,150.97
OUT_06465,454.28
OUT_06466,3286.04
OUT_06467,644.79
OUT_06468,223.05
OUT_06469,143.63
OUT_06470,181.67
OUT_06471,641.65
OUT_06472,2674.03
OUT_06473,621.11
OUT_06474,316.81
OUT_06475,607.1
OUT_06476,721.36
OUT_06477,158.03
OUT_06478,216.65
OUT_06479,162.79
OUT_06480,701.43
OUT_06481,597.05
OUT_06482,196.87
OUT_06483,203.0
OUT_06484,173.19
OUT_06485,174.23
OUT_06486,195.85
OUT_06487,586.58
OUT_06488,146.38
OUT_06489,163.07
OUT_06490,2219.89
OUT_06491,167.31
OUT_06492,636.57
OUT_06493,694.44
OUT_06494,256.36
OUT_06495,168.53
OUT_06496,698.71
OUT_06497,188.32
OUT_06498,166.01
OUT_06499,7320.59
OUT_06500,165.24
OUT_06501,3048.47
OUT_06502,3255.41
OUT_06503,157.26
OUT_06504,180.6
OUT_06505,174.22
OUT_06506,159.29
OUT_06507,2947.98
OUT_06508,187.75
OUT_06509,740.3
OUT_06510,167.44
OUT_06511,173.8
OUT_06512,743.59
OUT_06513,177.56
OUT_06514,590.95
OUT_06515,579.34
OUT_06516,190.26
OUT_06517,155.52
OUT_06518,3697.74
OUT_06519,594.6
OUT_06520,228.46
OUT_06521,176.46
OUT_06522,680.34
OUT_06523,645.4
OUT_06524,143.41
OUT_06525,159.44
OUT_06526,480.76
OUT_06527,222.44
OUT_06528,251.9
OUT_06529,2692.64
OUT_06530,216.04
OUT_06531,571.56
OUT_06532,655.44
OUT_06533,252.81
OUT_06534,615.3
OUT_06535,3426.9
OUT_06536,579.59
OUT_06537,149.6
OUT_06538,2560.47
OUT_06539,245.41
OUT_06540,3079.99
OUT_06541,211.22
OUT_06542,210.01
OUT_06543,635.6
OUT_06544,213.08
OUT_06545,2605.73
OUT_06546,162.65
OUT_06547,187.37
OUT_06548,277.04
OUT_06549,171.42
OUT_06550,589.49
OUT_06551,644.75
OUT_06552,690.84
OUT_06553,790.84
OUT_06554,159.13
OUT_06555,686.98
OUT_06556,7995.09
OUT_06557,662.15
OUT_06558,580.45
OUT_06559,2433.89
OUT_06560,181.99
OUT_06561,652.2
OUT_06562,191.62
OUT_06563,268.13
OUT_06564,206.99
OUT_06565,2592.23
OUT_06566,170.36
OUT_06567,229.94
OUT_06568,564.17
OUT_06569,133.02
OUT_06570,169.18
OUT_06571,584.28
OUT_06572,146.67
OUT_06573,235.88
OUT_06574,2426.44
OUT_06575,797.18
OUT_06576,153.07
OUT_06577,192.77
OUT_06578,189.87
OUT_06579,2667.85
OUT_06580,187.12
OUT_06581,144.29
OUT_06582,201.02
OUT_06583,203.68
OUT_06584,203.29
OUT_06585,158.66
OUT_06586,709.87
OUT_06587,2901.78
OUT_06588,232.29
OUT_06589,9120.43
OUT_06590,2559.54
OUT_06591,161.07
OUT_06592,182.52
OUT_06593,716.99
OUT_06594,187.3
OUT_06595,184.95
OUT_06596,576.21
OUT_06597,142.5
OUT_06598,174.9
OUT_06599,2459.98
OUT_06600,673.39
OUT_06601,177.29
OUT_06602,166.12
OUT_06603,704.06
OUT_06604,707.59
OUT_06605,184.5
OUT_06606,184.38
OUT_06607,156.45
OUT_06608,2415.26
OUT_06609,515.47
OUT_06610,178.48
OUT_06611,175.35
OUT_06612,560.7
OUT_06613,4031.34
OUT_06614,203.03
OUT_06615,2674.25
OUT_06616,564.81
OUT_06617,501.1
OUT_06618,208.17
OUT_06619,237.24
OUT_06620,181.68
OUT_06621,188.57
OUT_06622,162.19
OUT_06623,185.19
OUT_06624,638.35
OUT_06625,6282.44
OUT_06626,613.32
OUT_06627,216.66
OUT_06628,541.86
OUT_06629,2687.09
OUT_06630,756.29
OUT_06631,2560.72
OUT_06632,183.46
OUT_06633,186.51
OUT_06634,672.43
OUT_06635,234.21
OUT_06636,163.62
OUT_06637,663.33
OUT_06638,193.41
OUT_06639,187.63
OUT_06640,148.46
OUT_06641,141.32
OUT_06642,186.52
OUT_06643,160.67
OUT_06644,189.48
OUT_06645,2845.31
OUT_06646,625.77
OUT_06647,699.71
OUT_06648,2655.24
OUT_06649,591.45
OUT_06650,146.26
OUT_06651,666.48
OUT_06652,304.47
OUT_06653,204.78
OUT_06654,176.9
OUT_06655,2710.25
OUT_06656,196.13
OUT_06657,547.45
OUT_06658,8315.57
OUT_06659,222.66
OUT_06660,6312.9
OUT_06661,160.84
OUT_06662,617.88
OUT_06663,7258.35
OUT_06664,722.73
OUT_06665,219.59
OUT_06666,731.36
OUT_06667,197.65
OUT_06668,977.53
OUT_06669,217.02
OUT_06670,161.86
OUT_06671,147.05
OUT_06672,220.93
OUT_06673,237.13
OUT_06674,175.66
OUT_06675,255.72
OUT_06676,167.66
OUT_06677,2438.4
OUT_06678,716.56
OUT_06679,629.38
OUT_06680,179.07
OUT_06681,155.22
OUT_06682,3399.98
OUT_06683,180.28
OUT_06684,611.46
OUT_06685,149.62
OUT_06686,563.95
OUT_06687,171.59
OUT_06688,158.48
OUT_06689,166.11
OUT_06690,692.7
OUT_06691,160.41
OUT_06692,714.46
OUT_06693,251.52
OUT_06694,612.55
OUT_06695,650.46
OUT_06696,2841.31
OUT_06697,206.88
OUT_06698,3627.23
OUT_06699,6722.7
OUT_06700,196.77
OUT_06701,672.68
OUT_06702,694.85
OUT_06703,676.9
OUT_06704,608.32
OUT_06705,192.09
OUT_06706,547.73
OUT_06707,744.44
OUT_06708,167.87
OUT_06709,129.55
OUT_06710,796.74
OUT_06711,2542.44
OUT_06712,204.45
OUT_06713,130.41
OUT_06714,193.57
OUT_06715,181.62
OUT_06716,147.4
OUT_06717,601.33
OUT_06718,2605.55
OUT_06719,196.85
OUT_06720,2407.37
OUT_06721,648.13
OUT_06722,227.04
OUT_06723,176.29
OUT_06724,2718.08
OUT_06725,2509.01
OUT_06726,549.06
OUT_06727,550.76
OUT_06728,172.67
OUT_06729,168.43
OUT_06730,158.4
OUT_06731,196.31
OUT_06732,205.23
OUT_06733,7940.78
OUT_06734,659.95
OUT_06735,182.56
OUT_06736,3287.09
OUT_06737,229.68
OUT_06738,158.0
OUT_06739,478.7
OUT_06740,153.44
OUT_06741,787.86
OUT_06742,182.79
OUT_06743,241.12
OUT_06744,2996.28
OUT_06745,628.35
OUT_06746,453.47
OUT_06747,2818.68
OUT_06748,166.81
OUT_06749,673.34
OUT_06750,178.84
OUT_06751,661.92
OUT_06752,179.76
OUT_06753,800.49
OUT_06754,220.85
OUT_06755,263.69
OUT_06756,162.42
OUT_06757,212.08
OUT_06758,542.24
OUT_06759,163.67
OUT_06760,2468.49
OUT_06761,173.94
OUT_06762,205.51
OUT_06763,2368.95
OUT_06764,2710.68
OUT_06765,588.14
OUT_06766,866.12
OUT_06767,566.26
OUT_06768,195.9
OUT_06769,188.58
OUT_06770,159.64
OUT_06771,208.36
OUT_06772,167.56
OUT_06773,752.27
OUT_06774,771.57
OUT_06775,630.3
OUT_06776,231.17
OUT_06777,3735.01
OUT_06778,168.74
OUT_06779,214.01
OUT_06780,218.1
OUT_06781,188.3
OUT_06782,264.61
OUT_06783,183.27
OUT_06784,572.44
OUT_06785,627.24
OUT_06786,159.05
OUT_06787,232.18
OUT_06788,215.56
OUT_06789,194.06
OUT_06790,635.24
OUT_06791,221.09
OUT_06792,790.52
OUT_06793,597.93
OUT_06794,171.15
OUT_06795,540.73
OUT_06796,213.27
OUT_06797,2471.86
OUT_06798,3542.71
OUT_06799,164.1
OUT_06800,594.96
OUT_06801,242.45
OUT_06802,703.03
OUT_06803,591.15
OUT_06804,213.88
OUT_06805,163.62
OUT_06806,161.09
OUT_06807,230.11
OUT_06808,636.82
OUT_06809,184.66
OUT_06810,7526.47
OUT_06811,172.37
OUT_06812,225.97
OUT_06813,166.96
OUT_06814,185.56
OUT_06815,2689.03
OUT_06816,639.51
OUT_06817,3155.8
OUT_06818,6861.62
OUT_06819,621.52
OUT_06820,199.47
OUT_06821,528.19
OUT_06822,160.25
OUT_06823,604.08
OUT_06824,164.12
OUT_06825,630.52
OUT_06826,3398.83
OUT_06827,198.84
OUT_06828,158.16
OUT_06829,183.2
OUT_06830,2680.05
OUT_06831,788.28
OUT_06832,510.32
OUT_06833,693.97
OUT_06834,542.25
OUT_06835,154.17
OUT_06836,207.1
OUT_06837,552.71
OUT_06838,194.8
OUT_06839,2795.46
OUT_06840,716.94
OUT_06841,686.57
OUT_06842,308.55
OUT_06843,2589.28
OUT_06844,172.58
OUT_06845,797.78
OUT_06846,164.25
OUT_06847,235.44
OUT_06848,196.04
OUT_06849,517.01
OUT_06850,254.19
OUT_06851,547.89
OUT_06852,180.91
OUT_06853,165.3
OUT_06854,129.89
OUT_06855,559.24
OUT_06856,621.09
OUT_06857,216.49
OUT_06858,157.39
OUT_06859,160.87
OUT_06860,2265.81
OUT_06861,167.73
OUT_06862,189.84
OUT_06863,2635.83
OUT_06864,198.56
OUT_06865,709.42
OUT_06866,584.99
OUT_06867,2698.9
OUT_06868,167.64
OUT_06869,153.93
OUT_06870,158.02
OUT_06871,167.89
OUT_06872,157.37
OUT_06873,164.35
OUT_06874,209.01
OUT_06875,209.46
OUT_06876,176.46
OUT_06877,191.68
OUT_06878,160.78
OUT_06879,2217.7
OUT_06880,3021.08
OUT_06881,2329.38
OUT_06882,2345.61
OUT_06883,201.73
OUT_06884,518.18
OUT_06885,171.05
OUT_06886,569.53
OUT_06887,187.11
OUT_06888,2865.44
OUT_06889,186.59
OUT_06890,177.92
OUT_06891,802.61
OUT_06892,196.82
OUT_06893,551.09
OUT_06894,699.81
OUT_06895,164.21
OUT_06896,173.23
OUT_06897,606.32
OUT_06898,169.83
OUT_06899,202.04
OUT_06900,217.17
OUT_06901,632.8
OUT_06902,178.09
OUT_06903,157.0
OUT_06904,662.47
OUT_06905,531.63
OUT_06906,2074.15
OUT_06907,250.33
OUT_06908,168.39
OUT_06909,175.92
OUT_06910,515.44
OUT_06911,159.42
OUT_06912,193.37
OUT_06913,128.22
OUT_06914,498.22
OUT_06915,3147.7
OUT_06916,156.75
OUT_06917,134.19
OUT_06918,161.89
OUT_06919,230.02
OUT_06920,298.98
OUT_06921,221.4
OUT_06922,2773.01
OUT_06923,149.93
OUT_06924,173.69
OUT_06925,138.01
OUT_06926,124.36
OUT_06927,290.46
OUT_06928,225.05
OUT_06929,236.12
OUT_06930,727.61
OUT_06931,175.16
OUT_06932,642.28
OUT_06933,511.87
OUT_06934,201.3
OUT_06935,162.61
OUT_06936,652.19
OUT_06937,172.55
OUT_06938,2566.58
OUT_06939,664.08
OUT_06940,6085.36
OUT_06941,574.16
OUT_06942,600.76
OUT_06943,525.8
OUT_06944,270.28
OUT_06945,147.6
OUT_06946,440.3
OUT_06947,574.64
OUT_06948,3113.7
OUT_06949,608.13
OUT_06950,174.59
OUT_06951,190.72
OUT_06952,3059.21
OUT_06953,160.97
OUT_06954,319.07
OUT_06955,159.36
OUT_06956,577.88
OUT_06957,176.22
OUT_06958,293.0
OUT_06959,237.25
OUT_06960,169.11
OUT_06961,257.52
OUT_06962,185.77
OUT_06963,635.53
OUT_06964,179.79
OUT_06965,176.3
OUT_06966,187.09
OUT_06967,919.02
OUT_06968,126.62
OUT_06969,356.69
OUT_06970,170.7
OUT_06971,204.2
OUT_06972,218.93
OUT_06973,220.47
OUT_06974,547.98
OUT_06975,234.29
OUT_06976,3517.83
OUT_06977,627.12
OUT_06978,244.09
OUT_06979,195.1
OUT_06980,174.49
OUT_06981,7487.77
OUT_06982,165.45
OUT_06983,201.53
OUT_06984,663.66
OUT_06985,8508.34
OUT_06986,194.97
OUT_06987,165.43
OUT_06988,553.19
OUT_06989,724.18
OUT_06990,3174.54
OUT_06991,203.96
OUT_06992,190.21
OUT_06993,128.54
OUT_06994,172.6
OUT_06995,176.81
OUT_06996,2853.85
OUT_06997,707.26
OUT_06998,154.01
OUT_06999,537.05
OUT_07000,2978.85
OUT_07001,761.76
OUT_07002,2583.36
OUT_07003,559.87
OUT_07004,193.28
OUT_07005,271.34
OUT_07006,172.16
OUT_07007,857.02
OUT_07008,7296.19
OUT_07009,556.97
OUT_07010,596.96
OUT_07011,180.41
OUT_07012,2743.8
OUT_07013,7879.84
OUT_07014,639.09
OUT_07015,175.94
OUT_07016,7218.81
OUT_07017,166.46
OUT_07018,703.36
OUT_07019,210.13
OUT_07020,3360.02
OUT_07021,822.98
OUT_07022,196.24
OUT_07023,268.84
OUT_07024,764.32
OUT_07025,140.02
OUT_07026,6685.21
OUT_07027,5810.02
OUT_07028,156.5
OUT_07029,2582.13
OUT_07030,186.08
OUT_07031,2786.76
OUT_07032,545.92
OUT_07033,656.51
OUT_07034,230.54
OUT_07035,168.98
OUT_07036,218.7
OUT_07037,649.98
OUT_07038,191.36
OUT_07039,137.67
OUT_07040,595.78
OUT_07041,129.68
OUT_07042,652.0
OUT_07043,195.63
OUT_07044,490.08
OUT_07045,767.45
OUT_07046,603.6
OUT_07047,180.26
OUT_07048,2988.47
OUT_07049,165.15
OUT_07050,624.24
OUT_07051,745.52
OUT_07052,185.68
OUT_07053,224.57
OUT_07054,623.06
OUT_07055,166.55
OUT_07056,3360.1
OUT_07057,2827.9
OUT_07058,629.83
OUT_07059,180.16
OUT_07060,158.93
OUT_07061,2249.4
OUT_07062,570.65
OUT_07063,188.11
OUT_07064,866.28
OUT_07065,2941.03
OUT_07066,168.12
OUT_07067,707.01
OUT_07068,7921.59
OUT_07069,156.01
OUT_07070,720.95
OUT_07071,171.22
OUT_07072,173.01
OUT_07073,166.94
OUT_07074,197.74
OUT_07075,216.03
OUT_07076,198.25
OUT_07077,181.02
OUT_07078,735.7
OUT_07079,199.03
OUT_07080,6104.09
OUT_07081,563.65
OUT_07082,236.4
OUT_07083,186.65
OUT_07084,177.84
OUT_07085,621.79
OUT_07086,171.95
OUT_07087,171.03
OUT_07088,506.42
OUT_07089,7344.48
OUT_07090,587.03
OUT_07091,485.38
OUT_07092,278.95
OUT_07093,2608.9
OUT_07094,592.86
OUT_07095,168.0
OUT_07096,512.85
OUT_07097,769.52
OUT_07098,222.83
OUT_07099,686.75
OUT_07100,163.99
OUT_07101,2417.25
OUT_07102,192.18
OUT_07103,184.07
OUT_07104,158.71
OUT_07105,525.47
OUT_07106,171.76
OUT_07107,210.76
OUT_07108,2243.82
OUT_07109,205.2
OUT_07110,208.29
OUT_07111,636.01
OUT_07112,568.65
OUT_07113,519.67
OUT_07114,504.4
OUT_07115,669.05
OUT_07116,178.77
OUT_07117,201.77
OUT_07118,199.01
OUT_07119,621.83
OUT_07120,727.61
OUT_07121,3304.06
OUT_07122,3078.13
OUT_07123,176.56
OUT_07124,2181.39
OUT_07125,180.34
OUT_07126,617.84
OUT_07127,200.25
OUT_07128,174.66
OUT_07129,679.42
OUT_07130,191.48
OUT_07131,192.85
OUT_07132,575.31
OUT_07133,227.5
OUT_07134,173.46
OUT_07135,7163.65
OUT_07136,171.22
OUT_07137,190.18
OUT_07138,2971.7
OUT_07139,182.19
OUT_07140,171.72
OUT_07141,2449.76
OUT_07142,196.54
OUT_07143,182.59
OUT_07144,3139.42
OUT_07145,211.98
OUT_07146,215.23
OUT_07147,3079.83
OUT_07148,2569.46
OUT_07149,503.28
OUT_07150,3503.55
OUT_07151,153.59
OUT_07152,171.95
OUT_07153,168.38
OUT_07154,181.15
OUT_07155,557.3
OUT_07156,2554.72
OUT_07157,529.36
OUT_07158,194.36
OUT_07159,265.28
OUT_07160,198.47
OUT_07161,6991.87
OUT_07162,182.96
OUT_07163,185.63
OUT_07164,194.9
OUT_07165,165.8
OUT_07166,676.95
OUT_07167,170.16
OUT_07168,175.84
OUT_07169,627.38
OUT_07170,152.98
OUT_07171,179.76
OUT_07172,166.7
OUT_07173,264.53
OUT_07174,199.67
OUT_07175,174.65
OUT_07176,216.62
OUT_07177,7976.26
OUT_07178,626.42
OUT_07179,189.95
OUT_07180,156.53
OUT_07181,658.85
OUT_07182,252.91
OUT_07183,2919.55
OUT_07184,486.2
OUT_07185,187.19
OUT_07186,166.36
OUT_07187,2810.52
OUT_07188,198.79
OUT_07189,163.94
OUT_07190,197.95
OUT_07191,154.03
OUT_07192,199.94
OUT_07193,657.79
OUT_07194,3192.18
OUT_07195,2841.29
OUT_07196,588.43
OUT_07197,166.82
OUT_07198,205.08
OUT_07199,570.68
OUT_07200,198.64
OUT_07201,617.65
OUT_07202,162.27
OUT_07203,524.88
OUT_07204,251.52
OUT_07205,176.39
OUT_07206,175.57
OUT_07207,497.0
OUT_07208,217.39
OUT_07209,674.15
OUT_07210,209.85
OUT_07211,149.23
OUT_07212,711.85
OUT_07213,196.22
OUT_07214,2794.82
OUT_07215,5735.04
OUT_07216,157.73
OUT_07217,205.38
OUT_07218,608.98
OUT_07219,2386.65
OUT_07220,184.27
OUT_07221,192.5
OUT_07222,201.59
OUT_07223,285.85
OUT_07224,170.87
OUT_07225,6776.45
OUT_07226,168.46
OUT_07227,3350.51
OUT_07228,150.97
OUT_07229,259.03
OUT_07230,164.92
OUT_07231,215.13
OUT_07232,783.68
OUT_07233,6672.05
OUT_07234,168.88
OUT_07235,501.37
OUT_07236,161.29
OUT_07237,201.94
OUT_07238,170.9
OUT_07239,697.4
OUT_07240,190.09
OUT_07241,193.3
OUT_07242,191.79
OUT_07243,512.1
OUT_07244,228.15
OUT_07245,647.24
OUT_07246,160.49
OUT_07247,643.6
OUT_07248,211.67
OUT_07249,248.9
OUT_07250,8291.57
OUT_07251,676.63
OUT_07252,723.8
OUT_07253,180.05
OUT_07254,261.38
OUT_07255,201.19
OUT_07256,667.11
OUT_07257,592.71
OUT_07258,2663.3
OUT_07260,212.08
OUT_07261,211.33
OUT_07262,706.32
OUT_07263,3105.45
OUT_07264,138.09
OUT_07265,188.57
OUT_07266,2645.69
OUT_07267,214.72
OUT_07268,558.23
OUT_07269,562.78
OUT_07270,238.14
OUT_07271,142.64
OUT_07272,747.5
OUT_07273,2270.35
OUT_07274,2432.77
OUT_07275,195.8
OUT_07276,6187.6
OUT_07277,234.4
OUT_07278,209.22
OUT_07279,178.22
OUT_07280,635.56
OUT_07281,3403.85
OUT_07282,614.16
OUT_07283,234.22
OUT_07284,536.24
OUT_07285,6678.93
OUT_07286,705.01
OUT_07287,167.52
OUT_07288,199.92
OUT_07289,3105.28
OUT_07290,183.38
OUT_07291,175.84
OUT_07292,170.21
OUT_07293,168.94
OUT_07294,196.49
OUT_07295,172.0
OUT_07296,587.33
OUT_07297,201.17
OUT_07298,2413.46
OUT_07299,191.41
OUT_07300,2356.37
OUT_07301,173.95
OUT_07302,510.07
OUT_07303,268.61
OUT_07304,148.09
OUT_07305,2169.57
OUT_07306,177.31
OUT_07307,2434.78
OUT_07308,162.98
OUT_07309,188.69
OUT_07310,162.44
OUT_07311,688.15
OUT_07312,163.63
OUT_07313,184.6
OUT_07314,2526.24
OUT_07315,737.14
OUT_07316,9536.75
OUT_07317,2585.43
OUT_07318,689.99
OUT_07319,202.45
OUT_07320,214.79
OUT_07321,5991.25
OUT_07322,540.19
OUT_07323,176.94
OUT_07324,2915.16
OUT_07325,195.46
OUT_07326,193.94
OUT_07327,3951.68
OUT_07328,700.28
OUT_07329,516.76
OUT_07330,582.07
OUT_07331,2672.05
OUT_07332,199.43
OUT_07333,673.44
OUT_07334,567.9
OUT_07335,3238.39
OUT_07336,214.15
OUT_07337,139.18
OUT_07338,181.45
OUT_07339,183.82
OUT_07340,178.33
OUT_07341,3610.15
OUT_07342,148.84
OUT_07343,703.66
OUT_07344,175.61
OUT_07345,159.61
OUT_07346,126.73
OUT_07347,649.27
OUT_07348,536.65
OUT_07349,2491.81
OUT_07350,208.45
OUT_07351,694.1
OUT_07352,230.63
OUT_07353,184.4
OUT_07354,3087.97
OUT_07355,141.68
OUT_07356,571.63
OUT_07357,625.41
OUT_07358,161.26
OUT_07359,209.49
OUT_07360,191.23
OUT_07361,165.77
OUT_07362,571.22
OUT_07363,184.43
OUT_07364,559.86
OUT_07365,145.77
OUT_07366,209.3
OUT_07367,2670.26
OUT_07368,3218.53
OUT_07369,179.34
OUT_07370,186.36
OUT_07371,602.28
OUT_07372,299.05
OUT_07373,197.59
OUT_07374,3123.09
OUT_07375,165.36
OUT_07376,518.49
OUT_07377,162.56
OUT_07378,2480.22
OUT_07379,174.8
OUT_07380,2656.81
OUT_07381,169.09
OUT_07382,580.7
OUT_07383,658.92
OUT_07384,153.06
OUT_07385,223.38
OUT_07386,2568.2
OUT_07387,241.64
OUT_07388,6499.4
OUT_07389,181.31
OUT_07390,2167.33
OUT_07391,5979.3
OUT_07392,146.95
OUT_07393,2491.97
OUT_07394,135.8
OUT_07395,200.36
OUT_07396,520.11
OUT_07397,190.96
OUT_07398,175.22
OUT_07399,179.76
OUT_07400,493.84
OUT_07401,165.56
OUT_07402,666.09
OUT_07403,202.98
OUT_07404,202.06
OUT_07405,225.03
OUT_07406,183.82
OUT_07407,147.83
OUT_07408,6843.24
OUT_07409,205.79
OUT_07410,542.88
OUT_07411,149.18
OUT_07412,211.07
OUT_07413,520.38
OUT_07414,596.81
OUT_07415,667.43
OUT_07416,720.35
OUT_07417,7366.16
OUT_07418,2407.99
OUT_07419,177.26
OUT_07420,674.66
OUT_07421,142.88
OUT_07422,2707.71
OUT_07423,602.48
OUT_07424,201.73
OUT_07425,602.72
OUT_07426,741.69
OUT_07427,193.14
OUT_07428,576.88
OUT_07429,608.08
OUT_07430,148.02
OUT_07431,198.37
OUT_07432,2693.89
OUT_07433,196.69
OUT_07434,212.38
OUT_07435,158.91
OUT_07436,157.34
OUT_07437,144.27
OUT_07438,218.03
OUT_07439,177.16
OUT_07440,684.66
OUT_07441,243.03
OUT_07442,156.95
OUT_07443,2844.89
OUT_07444,523.81
OUT_07445,128.23
OUT_07446,252.67
OUT_07447,619.64
OUT_07448,539.04
OUT_07449,198.4
OUT_07450,222.86
OUT_07451,2868.82
OUT_07452,577.94
OUT_07453,636.75
OUT_07454,151.49
OUT_07455,528.13
OUT_07456,2968.66
OUT_07457,171.71
OUT_07458,568.83
OUT_07459,195.14
OUT_07460,181.39
OUT_07461,256.7
OUT_07462,690.55
OUT_07463,549.11
OUT_07464,960.9
OUT_07465,157.21
OUT_07466,4061.6
OUT_07467,587.12
OUT_07468,185.32
OUT_07469,3188.55
OUT_07470,163.94
OUT_07471,601.59
OUT_07472,2903.06
OUT_07473,166.92
OUT_07474,8153.82
OUT_07475,590.49
OUT_07476,239.88
OUT_07477,193.2
OUT_07478,223.78
OUT_07479,194.4
OUT_07480,3361.9
OUT_07481,637.96
OUT_07482,172.78
OUT_07483,3147.35
OUT_07484,622.93
OUT_07485,637.77
OUT_07486,568.54
OUT_07487,634.13
OUT_07488,754.17
OUT_07489,539.39
OUT_07490,2296.44
OUT_07491,552.37
OUT_07492,7720.31
OUT_07493,655.57
OUT_07494,492.84
OUT_07495,640.5
OUT_07496,154.27
OUT_07497,595.57
OUT_07498,575.8
OUT_07499,515.71
OUT_07500,146.33
OUT_07501,695.18
OUT_07502,160.46
OUT_07503,673.19
OUT_07504,6433.63
OUT_07505,2497.09
OUT_07506,235.28
OUT_07507,150.99
OUT_07508,160.19
OUT_07509,174.32
OUT_07510,178.23
OUT_07511,160.05
OUT_07512,641.69
OUT_07513,837.37
OUT_07514,159.22
OUT_07515,2749.51
OUT_07516,172.59
OUT_07517,152.58
OUT_07518,153.05
OUT_07519,6498.46
OUT_07520,609.28
OUT_07521,203.59
OUT_07522,756.9
OUT_07523,277.62
OUT_07524,745.98
OUT_07525,176.2
OUT_07526,206.23
OUT_07527,288.63
OUT_07528,167.92
OUT_07529,164.14
OUT_07530,702.21
OUT_07531,163.77
OUT_07532,598.52
OUT_07533,536.03
OUT_07534,149.51
OUT_07535,489.47
OUT_07536,3054.89
OUT_07537,154.21
OUT_07538,307.91
OUT_07539,551.02
OUT_07540,180.88
OUT_07541,170.95
OUT_07542,198.68
OUT_07543,178.91
OUT_07544,166.62
OUT_07545,685.33
OUT_07546,7787.6
OUT_07547,512.73
OUT_07548,210.17
OUT_07549,197.24
OUT_07550,170.39
OUT_07551,171.62
OUT_07552,695.59
OUT_07553,7908.3
OUT_07554,227.55
OUT_07555,192.46
OUT_07556,239.95
OUT_07557,2487.32
OUT_07558,161.52
OUT_07559,179.75
OUT_07560,212.36
OUT_07561,633.84
OUT_07562,165.79
OUT_07563,555.7
OUT_07564,172.26
OUT_07565,199.83
OUT_07566,177.51
OUT_07567,168.48
OUT_07568,182.01
OUT_07569,147.32
OUT_07570,206.97
OUT_07571,531.24
OUT_07572,175.51
OUT_07573,186.18
OUT_07574,2902.51
OUT_07575,246.14
OUT_07576,685.11
OUT_07577,146.28
OUT_07578,3509.51
OUT_07579,180.59
OUT_07580,175.91
OUT_07581,2596.58
OUT_07582,224.14
OUT_07583,186.53
OUT_07584,178.69
OUT_07585,242.32
OUT_07586,594.97
OUT_07587,2528.34
OUT_07588,218.19
OUT_07589,190.89
OUT_07590,2626.63
OUT_07591,3062.13
OUT_07592,204.23
OUT_07593,629.28
OUT_07594,204.39
OUT_07595,192.0
OUT_07596,187.05
OUT_07597,217.65
OUT_07598,746.29
OUT_07599,168.23
OUT_07600,3088.86
OUT_07601,165.99
OUT_07602,187.41
OUT_07603,196.96
OUT_07604,7036.95
OUT_07605,3079.55
OUT_07606,184.74
OUT_07607,135.74
OUT_07608,190.05
OUT_07609,505.66
OUT_07610,154.72
OUT_07611,602.87
OUT_07612,321.28
OUT_07613,176.15
OUT_07614,178.37
OUT_07615,623.67
OUT_07616,178.72
OUT_07617,2509.29
OUT_07618,185.3
OUT_07619,651.14
OUT_07620,699.06
OUT_07621,571.22
OUT_07622,785.09
OUT_07623,193.39
OUT_07624,204.77
OUT_07625,2532.76
OUT_07626,168.18
OUT_07627,2404.39
OUT_07628,166.07
OUT_07629,2995.27
OUT_07630,143.53
OUT_07631,193.54
OUT_07632,174.49
OUT_07633,3246.59
OUT_07634,241.67
OUT_07635,3190.04
OUT_07636,2815.45
OUT_07637,177.72
OUT_07638,631.86
OUT_07639,6013.68
OUT_07640,168.54
OUT_07641,497.74
OUT_07642,229.73
OUT_07643,467.03
OUT_07644,323.34
OUT_07645,197.74
OUT_07646,662.95
OUT_07647,180.29
OUT_07648,154.24
OUT_07649,585.29
OUT_07650,590.55
OUT_07651,151.49
OUT_07652,164.51
OUT_07653,167.65
OUT_07654,617.86
OUT_07655,8896.23
OUT_07656,200.69
OUT_07657,177.17
OUT_07658,6755.04
OUT_07659,620.27
OUT_07660,198.96
OUT_07661,572.77
OUT_07662,601.58
OUT_07663,207.14
OUT_07664,686.19
OUT_07665,249.43
OUT_07666,209.55
OUT_07667,783.99
OUT_07668,187.58
OUT_07669,178.08
OUT_07670,223.34
OUT_07671,2633.46
OUT_07672,187.47
OUT_07673,206.62
OUT_07674,3141.54
OUT_07675,186.71
OUT_07676,181.13
OUT_07677,2916.69
OUT_07678,3647.18
OUT_07679,2670.94
OUT_07680,188.84
OUT_07681,667.5
OUT_07682,3224.42
OUT_07683,159.01
OUT_07684,677.5
OUT_07685,2810.32
OUT_07686,178.29
OUT_07687,7055.01
OUT_07688,6303.31
OUT_07689,562.64
OUT_07690,170.13
OUT_07691,174.52
OUT_07692,160.6
OUT_07693,780.36
OUT_07694,198.93
OUT_07695,135.32
OUT_07696,187.01
OUT_07697,214.57
OUT_07698,222.05
OUT_07699,168.26
OUT_07700,219.54
OUT_07701,182.6
OUT_07702,3618.19
OUT_07703,6888.62
OUT_07704,2442.05
OUT_07705,514.46
OUT_07706,599.96
OUT_07707,179.83
OUT_07708,660.81
OUT_07709,684.33
OUT_07710,153.48
OUT_07711,174.3
OUT_07712,680.22
OUT_07713,690.72
OUT_07714,525.31
OUT_07715,511.64
OUT_07716,341.3
OUT_07717,194.39
OUT_07718,662.65
OUT_07719,189.87
OUT_07720,6379.17
OUT_07721,807.05
OUT_07722,3626.87
OUT_07723,214.47
OUT_07724,651.73
OUT_07725,735.12
OUT_07726,195.46
OUT_07727,154.49
OUT_07728,170.74
OUT_07729,162.13
OUT_07730,666.96
OUT_07731,230.74
OUT_07732,555.93
OUT_07733,218.29
OUT_07734,2866.86
OUT_07735,155.76
OUT_07736,7159.54
OUT_07737,173.23
OUT_07738,165.24
OUT_07739,524.18
OUT_07740,601.87
OUT_07741,248.9
OUT_07742,3361.61
OUT_07743,219.17
OUT_07744,219.94
OUT_07745,168.59
OUT_07746,3056.88
OUT_07747,566.8
OUT_07748,175.47
OUT_07749,748.76
OUT_07750,509.0
OUT_07751,200.37
OUT_07752,194.64
OUT_07753,657.56
OUT_07754,166.33
OUT_07755,706.11
OUT_07756,188.19
OUT_07757,180.4
OUT_07758,162.82
OUT_07759,191.11
OUT_07760,498.21
OUT_07761,238.86
OUT_07762,7432.88
OUT_07763,635.08
OUT_07764,196.13
OUT_07765,7073.99
OUT_07766,176.12
OUT_07767,171.63
OUT_07768,226.91
OUT_07769,2296.36
OUT_07770,171.72
OUT_07771,554.12
OUT_07772,3631.51
OUT_07773,556.69
OUT_07774,664.4
OUT_07775,2606.92
OUT_07776,221.77
OUT_07777,185.96
OUT_07778,214.38
OUT_07779,186.61
OUT_07780,174.69
OUT_07781,646.34
OUT_07782,591.84
OUT_07783,263.58
OUT_07784,569.61
OUT_07785,486.23
OUT_07786,2615.15
OUT_07787,3106.81
OUT_07788,194.49
OUT_07789,194.68
OUT_07790,672.58
OUT_07791,2688.99
OUT_07792,3144.3
OUT_07793,2522.22
OUT_07794,236.86
OUT_07795,2133.49
OUT_07796,7375.75
OUT_07797,147.25
OUT_07798,633.07
OUT_07799,206.91
OUT_07800,181.99
OUT_07801,2893.38
OUT_07802,240.64
OUT_07803,183.59
OUT_07804,212.61
OUT_07805,238.4
OUT_07806,594.44
OUT_07807,228.28
OUT_07808,153.28
OUT_07809,582.02
OUT_07810,6273.52
OUT_07811,211.49
OUT_07812,157.79
OUT_07813,183.27
OUT_07814,222.59
OUT_07815,7674.98
OUT_07816,294.45
OUT_07817,2542.82
OUT_07818,150.19
OUT_07819,575.5
OUT_07820,162.3
OUT_07821,219.94
OUT_07822,160.72
OUT_07823,4328.79
OUT_07824,183.92
OUT_07825,563.43
OUT_07826,119.83
OUT_07827,677.38
OUT_07828,185.11
OUT_07829,188.89
OUT_07830,3207.6
OUT_07831,568.88
OUT_07832,2162.74
OUT_07833,541.1
OUT_07834,727.32
OUT_07835,209.44
OUT_07836,737.05
OUT_07837,7875.1
OUT_07838,595.51
OUT_07839,221.27
OUT_07840,641.68
OUT_07841,151.48
OUT_07842,165.31
OUT_07843,136.63
OUT_07844,184.98
OUT_07845,2655.87
OUT_07846,667.53
OUT_07847,653.25
OUT_07848,143.2
OUT_07849,183.12
OUT_07850,208.24
OUT_07851,196.42
OUT_07852,202.99
OUT_07853,185.52
OUT_07854,177.76
OUT_07855,768.38
OUT_07856,610.41
OUT_07857,664.89
OUT_07858,2914.55
OUT_07859,2801.37
OUT_07860,580.61
OUT_07861,534.95
OUT_07862,155.6
OUT_07863,575.72
OUT_07864,471.28
OUT_07865,179.4
OUT_07866,168.63
OUT_07867,2227.4
OUT_07868,174.87
OUT_07869,541.89
OUT_07870,628.04
OUT_07871,152.3
OUT_07872,245.12
OUT_07873,171.29
OUT_07874,222.51
OUT_07875,2807.9
OUT_07876,9115.9
OUT_07877,7013.82
OUT_07878,174.72
OUT_07879,2560.91
OUT_07880,7451.66
OUT_07881,199.7
OUT_07882,170.89
OUT_07883,2984.01
OUT_07884,623.56
OUT_07885,225.94
OUT_07886,685.91
OUT_07887,246.68
OUT_07888,549.75
OUT_07889,148.21
OUT_07890,219.6
OUT_07891,194.78
OUT_07892,148.1
OUT_07893,2194.22
OUT_07894,179.48
OUT_07895,169.59
OUT_07896,7484.54
OUT_07897,2074.3
OUT_07898,577.53
OUT_07899,673.5
OUT_07900,274.05
OUT_07901,3189.6
OUT_07902,196.94
OUT_07903,199.42
OUT_07904,170.38
OUT_07905,209.18
OUT_07906,239.4
OUT_07907,186.6
OUT_07908,2713.78
OUT_07909,586.98
OUT_07910,595.98
OUT_07911,3195.58
OUT_07912,175.23
OUT_07913,264.11
OUT_07914,234.15
OUT_07915,754.96
OUT_07916,6951.93
OUT_07917,216.91
OUT_07918,180.14
OUT_07919,163.53
OUT_07920,791.65
OUT_07921,169.74
OUT_07922,190.65
OUT_07923,8132.18
OUT_07924,2713.0
OUT_07925,5864.99
OUT_07926,184.44
OUT_07927,186.6
OUT_07928,133.26
OUT_07929,198.02
OUT_07930,3531.61
OUT_07931,178.64
OUT_07932,588.31
OUT_07933,197.66
OUT_07934,174.57
OUT_07935,2933.0
OUT_07936,189.77
OUT_07937,148.39
OUT_07938,3102.6
OUT_07939,725.93
OUT_07940,161.52
OUT_07941,720.32
OUT_07942,179.98
OUT_07943,486.55
OUT_07944,193.15
OUT_07945,585.74
OUT_07946,233.54
OUT_07947,520.65
OUT_07948,672.24
OUT_07949,2340.69
OUT_07950,220.52
OUT_07951,160.83
OUT_07952,225.46
OUT_07953,154.74
OUT_07954,525.63
OUT_07955,690.47
OUT_07956,649.35
OUT_07957,598.11
OUT_07958,174.51
OUT_07959,298.99
OUT_07960,189.9
OUT_07961,155.6
OUT_07962,570.82
OUT_07963,200.86
OUT_07964,179.3
OUT_07965,677.11
OUT_07966,708.37
OUT_07967,2968.79
OUT_07968,150.6
OUT_07969,685.13
OUT_07970,2998.36
OUT_07971,2952.27
OUT_07972,610.39
OUT_07973,170.72
OUT_07974,598.92
OUT_07975,292.9
OUT_07976,170.01
OUT_07977,158.72
OUT_07978,589.93
OUT_07979,167.11
OUT_07980,5233.16
OUT_07981,159.28
OUT_07982,222.79
OUT_07983,166.51
OUT_07984,166.38
OUT_07985,2648.45
OUT_07986,170.14
OUT_07987,149.69
OUT_07988,216.17
OUT_07989,180.52
OUT_07990,182.98
OUT_07991,3040.65
OUT_07992,195.75
OUT_07993,2438.76
OUT_07994,209.93
OUT_07995,208.25
OUT_07996,230.43
OUT_07997,688.97
OUT_07998,188.39
OUT_07999,222.92
OUT_08000,178.99
OUT_08001,2281.14
OUT_08002,600.01
OUT_08003,204.74
OUT_08004,177.24
OUT_08005,197.07
OUT_08006,197.2
OUT_08007,162.37
OUT_08008,539.2
OUT_08009,230.46
OUT_08010,564.13
OUT_08011,310.05
OUT_08012,190.2
OUT_08013,549.92
OUT_08014,580.02
OUT_08015,2706.75
OUT_08016,172.73
OUT_08017,200.54
OUT_08018,185.62
OUT_08019,656.6
OUT_08020,196.37
OUT_08021,162.02
OUT_08022,698.65
OUT_08023,657.89
OUT_08024,191.45
OUT_08025,2190.15
OUT_08026,621.52
OUT_08027,223.17
OUT_08028,160.16
OUT_08029,2156.74
OUT_08030,2406.85
OUT_08031,207.31
OUT_08032,6533.91
OUT_08033,6379.3
OUT_08034,190.79
OUT_08035,654.77
OUT_08036,140.73
OUT_08037,2538.01
OUT_08038,722.95
OUT_08039,4331.66
OUT_08040,192.41
OUT_08041,3400.83
OUT_08042,649.74
OUT_08043,172.12
OUT_08044,264.91
OUT_08045,8069.57
OUT_08046,169.26
OUT_08047,8801.08
OUT_08048,172.84
OUT_08049,185.3
OUT_08050,3123.09
OUT_08051,189.56
OUT_08052,674.55
OUT_08053,287.38
OUT_08054,257.54
OUT_08055,3402.15
OUT_08056,245.24
OUT_08057,703.77
OUT_08058,559.56
OUT_08059,3117.7
OUT_08060,181.55
OUT_08061,163.51
OUT_08062,2504.09
OUT_08063,828.1
OUT_08064,186.67
OUT_08065,597.51
OUT_08066,2866.95
OUT_08067,2254.82
OUT_08068,166.19
OUT_08069,518.62
OUT_08070,639.64
OUT_08071,192.34
OUT_08072,614.98
OUT_08073,230.47
OUT_08074,180.98
OUT_08075,535.35
OUT_08076,779.55
OUT_08077,146.16
OUT_08078,520.73
OUT_08079,7696.6
OUT_08080,512.38
OUT_08081,158.47
OUT_08082,757.85
OUT_08083,2277.1
OUT_08084,177.01
OUT_08085,219.45
OUT_08086,194.05
OUT_08087,182.35
OUT_08088,590.87
OUT_08089,179.19
OUT_08090,6458.97
OUT_08091,622.11
OUT_08092,162.3
OUT_08093,648.59
OUT_08094,146.22
OUT_08095,198.45
OUT_08096,146.79
OUT_08097,2450.38
OUT_08098,582.36
OUT_08099,2921.47
OUT_08100,7992.7
OUT_08101,152.98
OUT_08102,650.48
OUT_08103,262.46
OUT_08104,200.46
OUT_08105,616.85
OUT_08106,157.05
OUT_08107,602.79
OUT_08108,172.44
OUT_08109,8972.47
OUT_08110,219.96
OUT_08111,591.69
OUT_08112,2835.26
OUT_08113,164.34
OUT_08114,3027.35
OUT_08115,165.4
OUT_08116,558.0
OUT_08117,228.66
OUT_08118,3496.69
OUT_08119,179.45
OUT_08120,2814.27
OUT_08121,168.57
OUT_08122,172.08
OUT_08123,704.37
OUT_08124,176.95
OUT_08125,650.03
OUT_08126,2802.47
OUT_08127,3121.32
OUT_08128,2768.12
OUT_08129,3143.19
OUT_08130,187.4
OUT_08131,2954.08
OUT_08132,141.27
OUT_08133,201.38
OUT_08134,679.8
OUT_08135,640.09
OUT_08136,197.53
OUT_08137,654.78
OUT_08138,2624.83
OUT_08139,621.55
OUT_08140,2959.91
OUT_08141,202.33
OUT_08142,169.09
OUT_08143,728.79
OUT_08144,155.46
OUT_08145,3409.0
OUT_08146,196.37
OUT_08147,154.06
OUT_08148,698.6
OUT_08149,163.98
OUT_08150,186.84
OUT_08151,631.09
OUT_08152,189.88
OUT_08153,699.96
OUT_08154,575.9
OUT_08155,215.66
OUT_08156,267.73
OUT_08157,189.55
OUT_08158,2765.27
OUT_08159,6080.9
OUT_08160,2709.92
OUT_08161,165.13
OUT_08162,177.79
OUT_08163,191.89
OUT_08164,175.37
OUT_08165,574.75
OUT_08166,128.65
OUT_08167,645.42
OUT_08168,168.2
OUT_08169,174.34
OUT_08170,164.57
OUT_08171,163.3
OUT_08172,604.13
OUT_08173,503.53
OUT_08174,139.75
OUT_08175,2789.21
OUT_08176,189.35
OUT_08177,2320.51
OUT_08178,608.94
OUT_08179,2721.37
OUT_08180,146.67
OUT_08181,543.43
OUT_08182,637.18
OUT_08183,179.9
OUT_08184,147.0
OUT_08185,230.59
OUT_08186,2384.65
OUT_08187,2612.38
OUT_08188,661.29
OUT_08189,187.95
OUT_08190,597.39
OUT_08191,151.52
OUT_08192,628.09
OUT_08193,220.62
OUT_08194,174.4
OUT_08195,2952.17
OUT_08196,592.61
OUT_08197,217.29
OUT_08198,644.97
OUT_08199,733.55
OUT_08200,157.23
OUT_08201,6897.89
OUT_08202,265.88
OUT_08203,164.27
OUT_08204,192.36
OUT_08205,142.18
OUT_08206,2421.72
OUT_08207,228.93
OUT_08208,664.63
OUT_08209,676.99
OUT_08210,220.08
OUT_08211,149.3
OUT_08212,181.15
OUT_08213,154.88
OUT_08214,184.09
OUT_08215,726.58
OUT_08216,2941.53
OUT_08217,3249.34
OUT_08218,6593.17
OUT_08219,636.36
OUT_08220,188.92
OUT_08221,2758.28
OUT_08222,2717.35
OUT_08223,134.57
OUT_08224,182.57
OUT_08225,3188.83
OUT_08226,8104.12
OUT_08227,2672.74
OUT_08228,3120.75
OUT_08229,189.9
OUT_08230,814.33
OUT_08231,8244.66
OUT_08232,181.41
OUT_08233,3101.95
OUT_08234,2792.16
OUT_08235,163.67
OUT_08236,190.17
OUT_08237,2881.28
OUT_08238,524.71
OUT_08239,547.97
OUT_08240,146.25
OUT_08241,3489.14
OUT_08242,230.09
OUT_08243,1978.0
OUT_08244,159.29
OUT_08245,180.01
OUT_08246,206.68
OUT_08247,577.6
OUT_08248,179.58
OUT_08249,194.39
OUT_08250,184.0
OUT_08251,641.36
OUT_08252,187.99
OUT_08253,232.91
OUT_08254,569.02
OUT_08255,595.62
OUT_08256,178.77
OUT_08257,529.08
OUT_08258,490.63
OUT_08259,603.18
OUT_08260,2416.55
OUT_08261,2415.74
OUT_08262,456.93
OUT_08263,181.55
OUT_08264,698.81
OUT_08265,150.7
OUT_08266,166.37
OUT_08267,567.05
OUT_08268,177.65
OUT_08269,157.27
OUT_08270,545.03
OUT_08271,2638.63
OUT_08272,631.2
OUT_08273,2907.35
OUT_08274,155.66
OUT_08275,2358.76
OUT_08276,184.08
OUT_08277,563.13
OUT_08278,8099.19
OUT_08279,610.09
OUT_08280,2898.59
OUT_08281,2530.44
OUT_08282,190.94
OUT_08283,194.18
OUT_08284,194.0
OUT_08285,239.43
OUT_08286,598.04
OUT_08287,815.74
OUT_08288,648.4
OUT_08289,289.27
OUT_08290,200.16
OUT_08291,223.09
OUT_08292,2754.1
OUT_08293,163.23
OUT_08294,609.03
OUT_08295,214.4
OUT_08296,8422.23
OUT_08297,178.73
OUT_08298,7416.83
OUT_08299,215.76
OUT_08300,644.17
OUT_08301,140.06
OUT_08302,141.38
OUT_08303,539.14
OUT_08304,6576.77
OUT_08305,3136.84
OUT_08306,171.0
OUT_08307,2901.85
OUT_08308,616.73
OUT_08309,526.92
OUT_08310,620.09
OUT_08311,205.39
OUT_08312,186.04
OUT_08313,3032.77
OUT_08314,261.35
OUT_08315,173.88
OUT_08316,176.96
OUT_08317,220.91
OUT_08318,205.05
OUT_08319,550.51
OUT_08320,545.98
OUT_08321,513.72
OUT_08322,164.34
OUT_08323,573.9
OUT_08324,206.54
OUT_08325,635.31
OUT_08326,591.07
OUT_08327,3407.14
OUT_08328,652.29
OUT_08329,591.69
OUT_08330,2719.51
OUT_08331,2516.92
OUT_08332,2930.47
OUT_08333,141.23
OUT_08334,324.51
OUT_08335,589.05
OUT_08336,289.96
OUT_08337,192.35
OUT_08338,441.07
OUT_08339,214.71
OUT_08340,548.08
OUT_08341,167.41
OUT_08342,610.75
OUT_08343,214.57
OUT_08344,155.46
OUT_08345,178.97
OUT_08346,525.83
OUT_08347,2681.15
OUT_08348,2747.21
OUT_08349,161.4
OUT_08350,143.45
OUT_08351,791.71
OUT_08352,190.58
OUT_08353,209.63
OUT_08354,170.84
OUT_08355,2668.71
OUT_08356,708.75
OUT_08357,584.64
OUT_08358,583.71
OUT_08359,168.89
OUT_08360,2255.03
OUT_08361,541.51
OUT_08362,3348.12
OUT_08363,184.8
OUT_08364,186.91
OUT_08365,183.85
OUT_08366,203.61
OUT_08367,169.58
OUT_08368,161.17
OUT_08369,193.29
OUT_08370,139.04
OUT_08371,692.18
OUT_08372,143.9
OUT_08373,181.01
OUT_08374,169.89
OUT_08375,150.91
OUT_08376,196.37
OUT_08377,622.19
OUT_08378,677.72
OUT_08379,217.52
OUT_08380,615.48
OUT_08381,161.12
OUT_08382,2744.71
OUT_08383,220.63
OUT_08384,203.43
OUT_08385,184.4
OUT_08386,637.73
OUT_08387,731.11
OUT_08388,594.73
OUT_08389,178.15
OUT_08390,565.26
OUT_08391,179.95
OUT_08392,140.93
OUT_08393,180.78
OUT_08394,210.26
OUT_08395,182.65
OUT_08396,652.12
OUT_08397,207.87
OUT_08398,552.16
OUT_08399,189.9
OUT_08400,3057.64
OUT_08401,149.89
OUT_08402,6311.48
OUT_08403,238.76
OUT_08404,164.28
OUT_08405,170.59
OUT_08406,608.72
OUT_08407,167.23
OUT_08408,2623.11
OUT_08409,203.94
OUT_08410,176.54
OUT_08411,590.53
OUT_08412,167.98
OUT_08413,631.21
OUT_08414,635.13
OUT_08415,195.5
OUT_08416,154.63
OUT_08417,188.67
OUT_08418,182.83
OUT_08419,282.14
OUT_08420,237.5
OUT_08421,627.91
OUT_08422,675.12
OUT_08423,200.04
OUT_08424,167.52
OUT_08425,167.4
OUT_08426,163.96
OUT_08427,2705.47
OUT_08428,174.08
OUT_08429,186.27
OUT_08430,131.0
OUT_08431,206.93
OUT_08432,6598.3
OUT_08433,186.44
OUT_08434,158.96
OUT_08435,178.85
OUT_08436,661.88
OUT_08437,1975.28
OUT_08438,2983.42
OUT_08439,200.03
OUT_08440,170.92
OUT_08441,151.53
OUT_08442,7967.87
OUT_08443,739.26
OUT_08444,586.61
OUT_08445,153.9
OUT_08446,723.68
OUT_08447,152.78
OUT_08448,702.91
OUT_08449,2271.0
OUT_08450,216.73
OUT_08451,703.13
OUT_08452,6748.15
OUT_08453,180.11
OUT_08454,227.43
OUT_08455,3620.28
OUT_08456,186.71
OUT_08457,2101.64
OUT_08458,2728.86
OUT_08459,569.44
OUT_08460,166.03
OUT_08461,549.04
OUT_08462,196.48
OUT_08463,537.65
OUT_08464,2403.01
OUT_08465,445.1
OUT_08466,685.77
OUT_08467,180.31
OUT_08468,778.81
OUT_08469,575.81
OUT_08470,540.4
OUT_08471,178.06
OUT_08472,740.77
OUT_08473,526.8
OUT_08474,3042.22
OUT_08475,190.6
OUT_08476,169.13
OUT_08477,2688.76
OUT_08478,199.56
OUT_08479,539.67
OUT_08480,559.66
OUT_08481,204.63
OUT_08482,782.8
OUT_08483,172.43
OUT_08484,6057.45
OUT_08485,8209.59
OUT_08486,226.69
OUT_08487,230.33
OUT_08488,164.65
OUT_08489,2378.38
OUT_08490,836.18
OUT_08491,584.61
OUT_08492,569.61
OUT_08493,2662.47
OUT_08494,204.07
OUT_08495,183.12
OUT_08496,2909.13
OUT_08497,252.0
OUT_08498,144.2
OUT_08499,207.69
OUT_08500,152.51
OUT_08501,141.69
OUT_08502,2906.76
OUT_08503,206.86
OUT_08504,509.69
OUT_08505,184.16
OUT_08506,2375.41
OUT_08507,186.2
OUT_08508,571.96
OUT_08509,199.6
OUT_08510,172.28
OUT_08511,282.95
OUT_08512,3457.53
OUT_08513,309.41
OUT_08514,191.61
OUT_08515,561.78
OUT_08516,175.13
OUT_08517,3879.94
OUT_08518,741.76
OUT_08519,215.08
OUT_08520,232.86
OUT_08521,207.56
OUT_08522,197.72
OUT_08523,656.74
OUT_08524,638.85
OUT_08525,738.76
OUT_08526,6442.0
OUT_08527,157.98
OUT_08528,144.21
OUT_08529,250.15
OUT_08530,678.52
OUT_08531,149.26
OUT_08532,654.1
OUT_08533,180.45
OUT_08534,260.32
OUT_08535,188.54
OUT_08536,153.86
OUT_08537,2058.11
OUT_08538,176.23
OUT_08539,719.06
OUT_08540,2464.05
OUT_08541,720.93
OUT_08542,140.14
OUT_08543,801.44
OUT_08544,2873.8
OUT_08545,167.16
OUT_08546,161.99
OUT_08547,276.44
OUT_08548,172.52
OUT_08549,5906.65
OUT_08550,2456.33
OUT_08551,188.46
OUT_08552,2783.4
OUT_08553,667.11
OUT_08554,164.17
OUT_08555,2488.2
OUT_08556,439.44
OUT_08557,186.04
OUT_08558,172.27
OUT_08559,2876.79
OUT_08560,671.8
OUT_08561,670.65
OUT_08562,222.21
OUT_08563,602.23
OUT_08565,3004.31
OUT_08566,658.68
OUT_08567,183.21
OUT_08568,3503.17
OUT_08569,204.9
OUT_08570,171.34
OUT_08571,177.37
OUT_08572,179.87
OUT_08573,527.64
OUT_08574,679.29
OUT_08575,529.98
OUT_08576,164.09
OUT_08577,547.77
OUT_08578,631.6
OUT_08579,188.0
OUT_08580,164.71
OUT_08581,681.77
OUT_08582,716.46
OUT_08583,6675.61
OUT_08584,217.4
OUT_08585,186.85
OUT_08586,185.36
OUT_08587,172.1
OUT_08588,490.43
OUT_08589,213.58
OUT_08590,665.41
OUT_08591,148.63
OUT_08592,585.7
OUT_08593,167.07
OUT_08594,213.2
OUT_08595,632.17
OUT_08596,592.71
OUT_08597,202.66
OUT_08598,200.86
OUT_08599,176.79
OUT_08600,164.0
OUT_08601,212.13
OUT_08602,709.56
OUT_08603,2306.26
OUT_08604,194.24
OUT_08605,181.95
OUT_08606,2712.15
OUT_08607,210.84
OUT_08608,789.4
OUT_08609,193.16
OUT_08610,191.3
OUT_08611,547.12
OUT_08612,184.15
OUT_08613,680.98
OUT_08614,8392.92
OUT_08615,224.53
OUT_08616,181.49
OUT_08617,144.97
OUT_08618,581.95
OUT_08619,2622.48
OUT_08620,176.41
OUT_08621,182.6
OUT_08622,173.38
OUT_08623,677.69
OUT_08624,178.96
OUT_08625,7397.01
OUT_08626,581.66
OUT_08627,230.21
OUT_08628,153.42
OUT_08629,163.1
OUT_08630,3032.69
OUT_08631,2483.46
OUT_08632,159.82
OUT_08633,203.51
OUT_08634,141.5
OUT_08635,149.61
OUT_08636,6536.83
OUT_08637,268.31
OUT_08638,675.14
OUT_08639,160.03
OUT_08640,728.23
OUT_08641,553.47
OUT_08642,3182.66
OUT_08643,686.39
OUT_08644,207.8
OUT_08645,172.06
OUT_08646,206.93
OUT_08647,2389.72
OUT_08648,547.74
OUT_08649,191.26
OUT_08650,625.37
OUT_08651,9038.98
OUT_08652,2793.27
OUT_08653,2748.43
OUT_08654,204.95
OUT_08655,627.08
OUT_08656,599.31
OUT_08657,602.23
OUT_08658,2626.74
OUT_08659,173.6
OUT_08660,7344.68
OUT_08661,148.77
OUT_08662,153.13
OUT_08663,161.27
OUT_08664,154.97
OUT_08665,2303.92
OUT_08666,7478.92
OUT_08667,223.64
OUT_08668,198.58
OUT_08669,213.64
OUT_08670,3216.79
OUT_08671,175.97
OUT_08672,214.56
OUT_08673,2057.65
OUT_08674,552.08
OUT_08675,165.14
OUT_08676,7307.61
OUT_08677,156.9
OUT_08678,168.41
OUT_08679,590.59
OUT_08680,484.86
OUT_08681,230.07
OUT_08682,2934.13
OUT_08683,217.36
OUT_08684,178.77
OUT_08685,178.3
OUT_08686,686.01
OUT_08687,205.0
OUT_08688,169.6
OUT_08689,176.97
OUT_08690,194.66
OUT_08691,570.07
OUT_08692,560.56
OUT_08693,616.63
OUT_08694,539.18
OUT_08695,2147.14
OUT_08696,146.17
OUT_08697,202.77
OUT_08698,628.92
OUT_08699,512.46
OUT_08700,476.32
OUT_08701,592.53
OUT_08702,665.56
OUT_08703,156.29
OUT_08704,2646.95
OUT_08705,573.29
OUT_08706,177.94
OUT_08707,196.72
OUT_08708,2589.29
OUT_08709,171.94
OUT_08710,146.46
OUT_08711,191.28
OUT_08712,180.37
OUT_08713,218.83
OUT_08714,596.81
OUT_08715,157.12
OUT_08716,7264.89
OUT_08717,595.53
OUT_08718,175.18
OUT_08719,794.55
OUT_08720,188.33
OUT_08721,2225.36
OUT_08722,779.35
OUT_08724,199.81
OUT_08725,184.47
OUT_08726,173.2
OUT_08727,178.98
OUT_08728,689.8
OUT_08729,203.22
OUT_08730,154.98
OUT_08731,158.15
OUT_08732,227.13
OUT_08733,297.37
OUT_08734,182.51
OUT_08735,547.43
OUT_08736,2441.29
OUT_08737,161.05
OUT_08738,596.81
OUT_08739,7370.98
OUT_08740,152.96
OUT_08741,175.44
OUT_08742,170.36
OUT_08743,201.64
OUT_08744,251.36
OUT_08745,629.34
OUT_08746,134.78
OUT_08747,209.28
OUT_08748,143.74
OUT_08749,613.26
OUT_08750,744.52
OUT_08751,648.61
OUT_08752,221.05
OUT_08753,2398.59
OUT_08754,200.83
OUT_08755,208.4
OUT_08756,2748.74
OUT_08757,180.14
OUT_08758,218.46
OUT_08759,2226.21
OUT_08760,220.87
OUT_08761,2165.13
OUT_08762,226.87
OUT_08763,513.17
OUT_08764,2602.83
OUT_08765,156.73
OUT_08766,187.0
OUT_08767,2594.46
OUT_08768,172.07
OUT_08769,200.82
OUT_08770,827.28
OUT_08771,675.37
OUT_08772,634.77
OUT_08773,208.68
OUT_08774,196.12
OUT_08775,595.87
OUT_08776,3147.61
OUT_08777,153.16
OUT_08778,203.28
OUT_08779,180.26
OUT_08780,2758.61
OUT_08781,557.11
OUT_08782,572.42
OUT_08783,2875.12
OUT_08784,593.07
OUT_08785,2238.66
OUT_08786,219.05
OUT_08787,561.24
OUT_08788,188.22
OUT_08789,2198.83
OUT_08790,256.06
OUT_08791,554.99
OUT_08792,186.14
OUT_08793,139.75
OUT_08794,543.56
OUT_08795,195.18
OUT_08796,159.26
OUT_08797,270.73
OUT_08798,183.98
OUT_08799,144.88
OUT_08800,213.38
OUT_08801,694.35
OUT_08802,193.23
OUT_08803,742.51
OUT_08804,161.34
OUT_08805,6664.78
OUT_08806,172.67
OUT_08807,629.36
OUT_08808,743.82
OUT_08809,187.54
OUT_08810,184.82
OUT_08811,203.34
OUT_08812,143.79
OUT_08813,189.18
OUT_08814,244.76
OUT_08815,2859.47
OUT_08816,169.02
OUT_08817,586.88
OUT_08818,539.09
OUT_08819,696.54
OUT_08820,209.57
OUT_08821,544.08
OUT_08822,521.9
OUT_08823,780.88
OUT_08824,162.16
OUT_08825,174.29
OUT_08826,3069.39
OUT_08827,5509.16
OUT_08828,255.78
OUT_08829,165.16
OUT_08830,244.9
OUT_08831,6113.65
OUT_08832,151.79
OUT_08833,174.73
OUT_08834,184.79
OUT_08835,7618.76
OUT_08836,143.61
OUT_08837,596.36
OUT_08838,677.71
OUT_08839,142.07
OUT_08840,3242.96
OUT_08841,3392.91
OUT_08842,192.84
OUT_08843,2342.97
OUT_08844,730.65
OUT_08845,535.22
OUT_08846,750.94
OUT_08847,679.46
OUT_08848,902.2
OUT_08849,500.7
OUT_08850,2466.39
OUT_08851,164.88
OUT_08852,167.85
OUT_08853,2537.22
OUT_08854,162.8
OUT_08855,3609.58
OUT_08856,161.43
OUT_08857,543.67
OUT_08858,527.03
OUT_08859,183.26
OUT_08860,2926.47
OUT_08861,213.74
OUT_08862,187.53
OUT_08863,171.56
OUT_08864,463.64
OUT_08865,605.49
OUT_08866,173.42
OUT_08867,181.11
OUT_08868,209.34
OUT_08869,690.83
OUT_08870,178.43
OUT_08871,3278.5
OUT_08872,7520.15
OUT_08873,169.37
OUT_08874,201.15
OUT_08875,515.15
OUT_08876,186.32
OUT_08877,2648.08
OUT_08878,688.41
OUT_08879,595.57
OUT_08880,194.46
OUT_08881,154.8
OUT_08882,228.39
OUT_08883,2575.08
OUT_08884,2077.82
OUT_08885,178.23
OUT_08886,2731.44
OUT_08887,498.86
OUT_08888,178.89
OUT_08889,221.1
OUT_08890,261.88
OUT_08891,2630.5
OUT_08892,781.96
OUT_08893,629.76
OUT_08894,296.86
OUT_08895,3268.06
OUT_08896,216.38
OUT_08897,628.54
OUT_08898,3126.88
OUT_08899,540.12
OUT_08900,186.22
OUT_08901,184.47
OUT_08902,553.91
OUT_08903,169.01
OUT_08904,167.17
OUT_08905,213.98
OUT_08906,514.31
OUT_08907,555.31
OUT_08908,170.62
OUT_08909,148.78
OUT_08910,3340.25
OUT_08911,143.25
OUT_08912,605.68
OUT_08913,2278.82
OUT_08914,3109.81
OUT_08915,218.76
OUT_08916,194.77
OUT_08917,153.93
OUT_08918,604.93
OUT_08919,193.32
OUT_08920,258.45
OUT_08921,2566.74
OUT_08922,753.95
OUT_08923,161.79
OUT_08924,639.62
OUT_08925,3216.86
OUT_08926,336.16
OUT_08927,575.55
OUT_08928,3035.24
OUT_08929,5903.25
OUT_08930,192.66
OUT_08931,162.86
OUT_08932,185.79
OUT_08933,633.41
OUT_08934,705.07
OUT_08935,748.92
OUT_08936,159.75
OUT_08937,196.55
OUT_08938,3019.52
OUT_08939,159.43
OUT_08940,176.07
OUT_08941,174.62
OUT_08942,147.62
OUT_08943,196.94
OUT_08944,3084.99
OUT_08945,178.87
OUT_08946,3702.4
OUT_08947,2876.51
OUT_08948,168.59
OUT_08949,620.29
OUT_08950,565.43
OUT_08951,157.24
OUT_08952,159.01
OUT_08953,179.98
OUT_08954,187.02
OUT_08955,163.65
OUT_08956,282.36
OUT_08957,211.65
OUT_08958,2487.31
OUT_08959,574.91
OUT_08960,178.11
OUT_08961,145.88
OUT_08962,181.59
OUT_08963,186.77
OUT_08964,3428.62
OUT_08965,3371.98
OUT_08966,521.17
OUT_08967,191.46
OUT_08968,492.43
OUT_08969,2531.94
OUT_08970,691.94
OUT_08971,167.21
OUT_08972,143.43
OUT_08973,220.42
OUT_08974,583.11
OUT_08975,172.37
OUT_08976,208.89
OUT_08977,156.7
OUT_08978,2434.76
OUT_08979,2853.62
OUT_08980,191.89
OUT_08981,188.75
OUT_08982,173.46
OUT_08983,740.9
OUT_08984,162.97
OUT_08985,176.43
OUT_08986,2362.18
OUT_08987,526.29
OUT_08988,167.14
OUT_08989,215.02
OUT_08990,199.25
OUT_08991,742.26
OUT_08992,2616.23
OUT_08993,227.76
OUT_08994,629.52
OUT_08995,7079.28
OUT_08996,200.01
OUT_08997,643.17
OUT_08998,676.41
OUT_08999,628.91
OUT_09000,200.29
OUT_09001,245.4
OUT_09002,123.23
OUT_09003,154.16
OUT_09004,190.39
OUT_09005,185.82
OUT_09006,5775.13
OUT_09007,5221.91
OUT_09008,107.01
OUT_09009,156.35
OUT_09010,2485.45
OUT_09011,1791.27
OUT_09012,4973.08
OUT_09013,195.33
OUT_09015,5314.14
OUT_09016,138.67
OUT_09017,135.39
OUT_09018,127.9
OUT_09019,185.98
OUT_09020,236.35
OUT_09021,196.35
OUT_09022,517.81
OUT_09023,227.42
OUT_09024,5396.49
OUT_09025,461.97
OUT_09026,134.91
OUT_09027,176.25
OUT_09028,504.1
OUT_09029,289.45
OUT_09030,142.03
OUT_09031,197.72
OUT_09032,469.41
OUT_09033,233.19
OUT_09034,433.69
OUT_09035,500.23
OUT_09036,5291.78
OUT_09037,168.64
OUT_09038,474.5
OUT_09039,2260.68
OUT_09040,263.68
OUT_09041,436.85
OUT_09042,2401.6
OUT_09043,2295.34
OUT_09044,483.12
OUT_09045,763.02
OUT_09046,131.46
OUT_09047,2329.17
OUT_09048,2091.11
OUT_09049,190.83
OUT_09050,2261.39
OUT_09051,2261.9
OUT_09052,138.0
OUT_09053,518.07
OUT_09054,591.09
OUT_09055,147.33
OUT_09056,513.43
OUT_09057,514.76
OUT_09058,1633.41
OUT_09059,141.6
OUT_09060,132.52
OUT_09061,131.0
OUT_09062,114.88
OUT_09063,180.95
OUT_09064,2423.21
OUT_09065,552.54
OUT_09066,160.64
OUT_09067,282.76
OUT_09068,2126.85
OUT_09069,591.23
OUT_09070,2120.62
OUT_09071,2180.56
OUT_09072,5238.58
OUT_09073,488.63
OUT_09074,1747.6
OUT_09075,187.54
OUT_09076,548.1
OUT_09077,148.28
OUT_09078,516.64
OUT_09079,469.51
OUT_09080,114.52
OUT_09081,2305.94
OUT_09082,145.96
OUT_09083,506.93
OUT_09084,133.16
OUT_09085,146.34
OUT_09086,173.09
OUT_09087,156.38
OUT_09088,127.55
OUT_09089,2309.34
OUT_09090,519.27
OUT_09091,484.07
OUT_09092,140.48
OUT_09093,2578.36
OUT_09094,495.09
OUT_09095,556.45
OUT_09096,581.03
OUT_09097,2092.64
OUT_09098,133.43
OUT_09099,503.72
OUT_09100,591.2
OUT_09101,489.51
OUT_09102,483.42
OUT_09103,223.03
OUT_09104,2485.97
OUT_09105,293.69
OUT_09106,527.15
OUT_09107,194.07
OUT_09108,512.32
OUT_09109,134.21
OUT_09110,2367.7
OUT_09111,6201.8
OUT_09112,479.61
OUT_09113,139.44
OUT_09114,457.47
OUT_09115,149.84
OUT_09116,341.71
OUT_09117,585.39
OUT_09118,187.01
OUT_09119,540.23
OUT_09120,2053.71
OUT_09121,139.16
OUT_09122,2403.97
OUT_09123,597.64
OUT_09124,137.13
OUT_09125,147.61
OUT_09126,132.77
OUT_09127,154.92
OUT_09128,517.47
OUT_09129,159.46
OUT_09130,150.24
OUT_09131,446.32
OUT_09132,166.05
OUT_09133,130.03
OUT_09134,1724.87
OUT_09135,168.9
OUT_09136,139.76
OUT_09137,196.59
OUT_09138,169.39
OUT_09139,430.78
OUT_09140,128.02
OUT_09141,143.79
OUT_09142,466.61
OUT_09143,425.57
OUT_09144,149.79
OUT_09145,143.57
OUT_09146,465.34
OUT_09147,155.37
OUT_09148,165.61
OUT_09149,169.34
OUT_09150,130.48
OUT_09151,1957.98
OUT_09152,151.08
OUT_09153,159.87
OUT_09154,577.15
OUT_09155,126.85
OUT_09156,319.21
OUT_09157,140.89
OUT_09158,586.81
OUT_09159,478.2
OUT_09160,120.41
OUT_09161,153.64
OUT_09162,160.51
OUT_09163,193.11
OUT_09164,473.1
OUT_09165,543.16
OUT_09166,122.73
OUT_09167,476.9
OUT_09168,122.53
OUT_09169,130.61
OUT_09170,2403.11
OUT_09171,204.84
OUT_09172,547.01
OUT_09173,166.16
OUT_09174,572.71
OUT_09175,534.7
OUT_09176,163.71
OUT_09177,264.68
OUT_09178,135.55
OUT_09179,156.46
OUT_09180,432.14
OUT_09181,470.94
OUT_09182,460.37
OUT_09183,2386.25
OUT_09184,143.68
OUT_09185,1975.69
OUT_09186,2222.48
OUT_09187,404.99
OUT_09188,573.55
OUT_09189,127.95
OUT_09190,507.03
OUT_09191,2152.87
OUT_09192,491.9
OUT_09193,168.89
OUT_09194,256.01
OUT_09195,181.93
OUT_09196,137.66
OUT_09197,428.33
OUT_09198,2205.68
OUT_09199,254.77
OUT_09200,2518.4
OUT_09201,418.53
OUT_09202,122.82
OUT_09203,133.65
OUT_09204,496.33
OUT_09205,143.65
OUT_09206,133.91
OUT_09207,2323.57
OUT_09208,168.42
OUT_09209,159.46
OUT_09210,538.55
OUT_09211,466.2
OUT_09212,271.83
OUT_09213,477.5
OUT_09214,6021.66
OUT_09215,2473.3
OUT_09216,6025.6
OUT_09217,2485.78
OUT_09218,127.54
OUT_09219,512.07
OUT_09220,535.56
OUT_09221,6081.08
OUT_09222,113.64
OUT_09223,186.27
OUT_09224,365.87
OUT_09225,173.07
OUT_09226,139.57
OUT_09227,158.71
OUT_09228,243.85
OUT_09229,489.9
OUT_09230,124.88
OUT_09231,169.51
OUT_09232,2484.77
OUT_09233,2355.02
OUT_09234,124.36
OUT_09235,143.8
OUT_09236,2373.7
OUT_09237,153.09
OUT_09238,526.13
OUT_09239,114.78
OUT_09240,142.55
OUT_09241,504.92
OUT_09242,191.01
OUT_09243,2026.75
OUT_09244,433.48
OUT_09245,129.59
OUT_09246,140.05
OUT_09247,143.5
OUT_09248,174.32
OUT_09249,135.14
OUT_09250,515.41
OUT_09251,154.52
OUT_09252,158.24
OUT_09253,459.03
OUT_09254,139.82
OUT_09255,437.71
OUT_09256,460.6
OUT_09257,5079.34
OUT_09258,140.29
OUT_09259,1751.44
OUT_09260,271.82
OUT_09261,197.69
OUT_09262,2225.14
OUT_09263,2178.82
OUT_09264,149.82
OUT_09265,2101.01
OUT_09266,135.62
OUT_09267,496.24
OUT_09268,117.44
OUT_09269,137.05
OUT_09270,177.47
OUT_09271,483.53
OUT_09272,464.25
OUT_09273,153.58
OUT_09274,6220.97
OUT_09275,5713.03
OUT_09276,155.99
OUT_09277,425.27
OUT_09278,157.5
OUT_09279,140.58
OUT_09280,122.39
OUT_09281,186.76
OUT_09282,252.78
OUT_09283,557.47
OUT_09284,548.27
OUT_09285,168.49
OUT_09286,499.47
OUT_09287,141.11
OUT_09288,2519.67
OUT_09289,156.67
OUT_09290,142.62
OUT_09291,484.34
OUT_09292,138.76
OUT_09293,500.26
OUT_09294,499.64
OUT_09295,127.43
OUT_09296,216.1
OUT_09297,2401.04
OUT_09298,135.36
OUT_09299,145.09
OUT_09300,156.0
OUT_09301,441.57
OUT_09302,529.02
OUT_09303,4565.74
OUT_09304,2341.09
OUT_09305,117.01
OUT_09306,157.9
OUT_09307,2197.94
OUT_09308,115.6
OUT_09309,149.7
OUT_09310,6128.38
OUT_09311,147.79
OUT_09312,127.21
OUT_09313,202.21
OUT_09314,535.28
OUT_09315,512.37
OUT_09316,561.34
OUT_09317,2152.77
OUT_09318,2130.37
OUT_09319,423.52
OUT_09320,1919.18
OUT_09321,221.47
OUT_09322,147.48
OUT_09323,5194.9
OUT_09324,545.9
OUT_09325,231.34
OUT_09326,133.7
OUT_09327,155.13
OUT_09328,146.83
OUT_09329,206.81
OUT_09330,170.78
OUT_09331,478.85
OUT_09332,2362.58
OUT_09333,133.45
OUT_09334,143.05
OUT_09335,171.21
OUT_09336,2577.52
OUT_09337,148.7
OUT_09338,274.43
OUT_09339,164.05
OUT_09340,1880.47
OUT_09341,139.41
OUT_09342,2291.77
OUT_09343,456.13
OUT_09344,316.37
OUT_09345,273.91
OUT_09346,185.95
OUT_09347,415.41
OUT_09348,186.16
OUT_09349,489.11
OUT_09350,99.5
OUT_09351,538.24
OUT_09352,170.36
OUT_09353,191.8
OUT_09354,2254.36
OUT_09355,480.79
OUT_09356,146.07
OUT_09357,1646.84
OUT_09358,143.32
OUT_09359,144.27
OUT_09360,237.6
OUT_09361,125.28
OUT_09362,136.29
OUT_09363,149.38
OUT_09364,146.5
OUT_09365,2176.14
OUT_09366,137.17
OUT_09367,299.8
OUT_09368,136.61
OUT_09369,6805.25
OUT_09370,495.18
OUT_09371,132.03
OUT_09372,513.57
OUT_09373,481.88
OUT_09374,146.27
OUT_09375,148.51
OUT_09376,157.79
OUT_09377,2369.85
OUT_09378,137.07
OUT_09379,495.97
OUT_09380,524.43
OUT_09381,180.23
OUT_09382,468.76
OUT_09383,511.22
OUT_09384,143.67
OUT_09385,488.73
OUT_09386,424.74
OUT_09387,180.69
OUT_09388,515.81
OUT_09389,144.24
OUT_09390,4502.59
OUT_09391,516.06
OUT_09392,155.72
OUT_09393,117.85
OUT_09394,485.89
OUT_09395,306.63
OUT_09396,446.85
OUT_09397,477.83
OUT_09398,491.09
OUT_09399,493.8
OUT_09400,2362.15
OUT_09401,576.88
OUT_09402,112.67
OUT_09403,138.53
OUT_09404,487.23
OUT_09405,710.63
OUT_09406,161.82
OUT_09407,2357.88
OUT_09408,152.36
OUT_09409,173.54
OUT_09410,2031.57
OUT_09411,507.83
OUT_09412,155.65
OUT_09413,184.4
OUT_09414,479.71
OUT_09415,136.68
OUT_09416,118.71
OUT_09417,439.75
OUT_09418,521.44
OUT_09419,171.2
OUT_09420,190.98
OUT_09421,119.63
OUT_09422,6894.17
OUT_09423,546.12
OUT_09424,493.38
OUT_09425,536.05
OUT_09426,125.82
OUT_09427,553.17
OUT_09428,317.65
OUT_09429,499.58
OUT_09430,499.14
OUT_09431,155.19
OUT_09432,139.76
OUT_09433,145.01
OUT_09434,116.66
OUT_09435,176.81
OUT_09436,472.24
OUT_09437,141.88
OUT_09438,186.35
OUT_09439,536.94
OUT_09440,175.92
OUT_09441,152.61
OUT_09442,522.06
OUT_09443,157.2
OUT_09444,188.06
OUT_09445,5637.11
OUT_09446,516.37
OUT_09447,473.17
OUT_09448,1964.35
OUT_09449,151.53
OUT_09450,1924.13
OUT_09451,161.28
OUT_09452,156.14
OUT_09453,161.03
OUT_09454,141.55
OUT_09455,552.22
OUT_09456,223.81
OUT_09457,168.55
OUT_09458,469.15
OUT_09459,123.59
OUT_09460,292.92
OUT_09461,552.01
OUT_09462,155.69
OUT_09463,1906.62
OUT_09464,176.12
OUT_09465,142.83
OUT_09466,496.84
OUT_09467,199.83
OUT_09468,137.44
OUT_09469,2011.4
OUT_09470,400.75
OUT_09471,498.05
OUT_09472,172.45
OUT_09473,191.47
OUT_09474,112.62
OUT_09475,211.8
OUT_09476,1691.46
OUT_09477,2172.93
OUT_09478,156.73
OUT_09479,546.42
OUT_09480,521.22
OUT_09481,500.92
OUT_09482,5135.7
OUT_09483,140.62
OUT_09484,2471.98
OUT_09485,294.45
OUT_09486,167.37
OUT_09487,2320.19
OUT_09488,234.79
OUT_09489,153.48
OUT_09490,115.74
OUT_09491,1994.98
OUT_09492,578.59
OUT_09493,181.95
OUT_09494,129.36
OUT_09495,595.14
OUT_09496,195.8
OUT_09497,170.29
OUT_09498,457.94
OUT_09499,176.43
OUT_09500,142.84
OUT_09501,5341.73
OUT_09502,140.69
OUT_09503,198.05
OUT_09504,141.79
OUT_09505,492.05
OUT_09506,224.11
OUT_09507,497.49
OUT_09508,471.49
OUT_09509,2443.85
OUT_09510,462.35
OUT_09511,245.34
OUT_09512,182.63
OUT_09513,131.85
OUT_09514,141.79
OUT_09515,2437.9
OUT_09516,138.37
OUT_09517,131.56
OUT_09518,451.58
OUT_09519,2097.09
OUT_09520,427.53
OUT_09521,133.41
OUT_09522,281.12
OUT_09523,5093.43
OUT_09524,456.59
OUT_09525,512.55
OUT_09526,163.89
OUT_09527,146.86
OUT_09528,179.73
OUT_09529,485.06
OUT_09530,127.91
OUT_09531,285.9
OUT_09532,163.26
OUT_09533,4387.73
OUT_09534,211.78
OUT_09535,216.82
OUT_09536,116.77
OUT_09537,543.27
OUT_09538,319.28
OUT_09539,270.25
OUT_09540,2645.23
OUT_09541,413.76
OUT_09542,484.67
OUT_09543,545.31
OUT_09544,156.83
OUT_09545,449.72
OUT_09546,155.32
OUT_09547,539.21
OUT_09548,2475.34
OUT_09549,138.5
OUT_09550,500.57
OUT_09551,513.05
OUT_09552,2105.87
OUT_09553,496.98
OUT_09554,159.21
OUT_09555,133.25
OUT_09556,165.66
OUT_09557,138.16
OUT_09558,134.05
OUT_09559,511.02
OUT_09560,131.89
OUT_09561,139.6
OUT_09562,206.33
OUT_09563,131.66
OUT_09564,211.75
OUT_09565,202.43
OUT_09566,109.94
OUT_09567,483.33
OUT_09568,2101.76
OUT_09569,480.85
OUT_09570,2114.85
OUT_09571,138.97
OUT_09572,542.34
OUT_09573,513.58
OUT_09574,159.54
OUT_09575,151.06
OUT_09576,2194.17
OUT_09577,168.76
OUT_09578,520.94
OUT_09579,2260.98
OUT_09580,132.17
OUT_09581,2087.42
OUT_09582,5548.39
OUT_09583,2340.3
OUT_09584,141.61
OUT_09585,2290.72
OUT_09586,5374.06
OUT_09587,140.35
OUT_09588,509.32
OUT_09589,507.71
OUT_09590,580.87
OUT_09591,461.51
OUT_09592,5409.03
OUT_09593,130.53
OUT_09594,541.68
OUT_09595,470.35
OUT_09596,170.64
OUT_09597,489.69
OUT_09598,153.61
OUT_09599,143.21
OUT_09600,2147.91
OUT_09601,114.56
OUT_09602,147.08
OUT_09603,2250.97
OUT_09604,128.06
OUT_09605,419.02
OUT_09606,512.34
OUT_09607,1999.56
OUT_09608,4900.89
OUT_09609,266.07
OUT_09610,541.19
OUT_09611,146.48
OUT_09612,120.56
OUT_09613,145.59
OUT_09614,2240.64
OUT_09615,507.04
OUT_09616,114.84
OUT_09617,197.34
OUT_09618,541.29
OUT_09619,125.73
OUT_09620,500.23
OUT_09621,143.77
OUT_09622,488.19
OUT_09623,127.12
OUT_09624,108.67
OUT_09625,145.46
OUT_09626,473.16
OUT_09627,501.43
OUT_09628,328.97
OUT_09629,524.96
OUT_09630,215.41
OUT_09631,480.53
OUT_09632,196.62
OUT_09633,504.61
OUT_09634,5663.96
OUT_09635,534.7
OUT_09636,2134.85
OUT_09637,2219.88
OUT_09638,183.84
OUT_09639,208.36
OUT_09640,186.74
OUT_09641,207.12
OUT_09642,135.29
OUT_09643,459.62
OUT_09644,138.0
OUT_09645,133.59
OUT_09646,176.22
OUT_09647,517.02
OUT_09648,2326.12
OUT_09649,484.57
OUT_09650,143.06
OUT_09651,156.69
OUT_09652,123.1
OUT_09653,408.49
OUT_09654,564.27
OUT_09655,120.84
OUT_09656,2434.2
OUT_09657,149.24
OUT_09658,149.72
OUT_09659,133.55
OUT_09660,540.53
OUT_09661,427.36
OUT_09662,211.71
OUT_09663,233.22
OUT_09664,141.66
OUT_09665,459.57
OUT_09666,135.93
OUT_09667,412.45
OUT_09668,471.98
OUT_09669,119.44
OUT_09670,485.98
OUT_09671,559.7
OUT_09672,139.79
OUT_09673,432.61
OUT_09674,149.26
OUT_09675,211.0
OUT_09676,409.15
OUT_09677,238.21
OUT_09678,172.32
OUT_09679,371.17
OUT_09680,487.65
OUT_09681,156.57
OUT_09682,2213.46
OUT_09683,540.27
OUT_09684,147.76
OUT_09685,153.35
OUT_09686,177.9
OUT_09687,275.49
OUT_09688,523.19
OUT_09689,222.49
OUT_09690,166.3
OUT_09691,189.19
OUT_09692,252.2
OUT_09693,575.56
OUT_09694,2606.84
OUT_09695,490.58
OUT_09696,131.2
OUT_09697,588.09
OUT_09698,480.29
OUT_09699,166.89
OUT_09700,190.05
OUT_09701,136.67
OUT_09702,144.1
OUT_09703,204.54
OUT_09704,320.89
OUT_09705,479.02
OUT_09706,127.97
OUT_09707,5650.6
OUT_09708,151.27
OUT_09709,141.74
OUT_09710,6222.16
OUT_09711,464.39
OUT_09712,513.74
OUT_09713,151.34
OUT_09714,126.08
OUT_09715,6105.14
OUT_09716,2389.02
OUT_09717,2438.3
OUT_09718,1868.5
OUT_09719,2464.34
OUT_09720,188.16
OUT_09721,444.66
OUT_09722,168.63
OUT_09723,419.53
OUT_09724,146.15
OUT_09725,127.63
OUT_09726,226.4
OUT_09727,6154.66
OUT_09728,155.84
OUT_09729,242.9
OUT_09730,157.34
OUT_09731,5358.46
OUT_09732,144.1
OUT_09733,167.56
OUT_09734,182.62
OUT_09735,156.63
OUT_09736,488.37
OUT_09737,140.94
OUT_09738,132.39
OUT_09739,173.83
OUT_09740,125.71
OUT_09741,217.8
OUT_09742,474.93
OUT_09743,302.27
OUT_09744,131.76
OUT_09745,218.08
OUT_09746,282.31
OUT_09747,130.43
OUT_09748,2230.64
OUT_09749,143.51
OUT_09750,5009.03
OUT_09751,143.08
OUT_09752,117.81
OUT_09753,201.91
OUT_09754,504.2
OUT_09755,1857.38
OUT_09756,485.05
OUT_09757,157.45
OUT_09758,567.85
OUT_09759,140.85
OUT_09760,146.3
OUT_09761,156.85
OUT_09762,2029.36
OUT_09763,2136.52
OUT_09764,559.68
OUT_09765,184.98
OUT_09766,509.26
OUT_09767,144.01
OUT_09768,2022.64
OUT_09769,238.94
OUT_09770,545.65
OUT_09771,220.66
OUT_09772,2093.16
OUT_09773,357.81
OUT_09774,2016.89
OUT_09775,127.26
OUT_09776,155.88
OUT_09777,509.18
OUT_09778,4934.92
OUT_09779,430.09
OUT_09780,5001.07
OUT_09781,148.32
OUT_09782,466.67
OUT_09783,2497.5
OUT_09784,527.19
OUT_09785,249.5
OUT_09786,506.3
OUT_09787,2027.85
OUT_09788,2381.39
OUT_09789,130.12
OUT_09790,149.7
OUT_09791,247.31
OUT_09792,2095.37
OUT_09793,278.44
OUT_09794,138.39
OUT_09795,2202.61
OUT_09796,193.88
OUT_09797,195.64
OUT_09798,480.74
OUT_09799,391.61
OUT_09800,158.31
OUT_09801,142.32
OUT_09802,493.5
OUT_09803,156.74
OUT_09804,228.28
OUT_09805,123.68
OUT_09806,2111.5
OUT_09807,533.41
OUT_09808,2258.88
OUT_09809,139.23
OUT_09810,171.21
OUT_09811,1833.57
OUT_09812,4994.97
OUT_09813,1919.8
OUT_09814,250.2
OUT_09815,682.63
OUT_09816,159.14
OUT_09817,5408.92
OUT_09818,125.9
OUT_09819,151.6
OUT_09820,153.7
OUT_09821,123.99
OUT_09822,150.1
OUT_09823,551.78
OUT_09824,156.81
OUT_09825,209.4
OUT_09826,158.65
OUT_09827,426.39
OUT_09828,486.1
OUT_09829,2060.57
OUT_09830,530.41
OUT_09831,128.31
OUT_09832,113.17
OUT_09833,188.97
OUT_09834,145.86
OUT_09835,449.22
OUT_09836,314.11
OUT_09837,5637.85
OUT_09838,162.41
OUT_09839,132.22
OUT_09840,2108.32
OUT_09841,163.16
OUT_09842,170.44
OUT_09843,154.66
OUT_09844,154.25
OUT_09845,275.68
OUT_09846,127.88
OUT_09847,423.3
OUT_09848,523.12
OUT_09849,123.79
OUT_09850,166.72
OUT_09851,429.23
OUT_09852,517.2
OUT_09853,225.95
OUT_09854,110.71
OUT_09855,223.81
OUT_09856,122.34
OUT_09857,404.9
OUT_09858,123.49
OUT_09859,2492.13
OUT_09860,230.64
OUT_09861,2077.23
OUT_09862,419.88
OUT_09863,386.61
OUT_09864,168.82
OUT_09865,198.4
OUT_09866,122.38
OUT_09867,471.22
OUT_09868,2187.77
OUT_09869,144.3
OUT_09870,534.15
OUT_09871,714.75
OUT_09872,167.9
OUT_09873,150.14
OUT_09874,2069.04
OUT_09875,198.68
OUT_09876,545.93
OUT_09877,2194.89
OUT_09878,176.94
OUT_09879,145.01
OUT_09880,139.67
OUT_09881,457.44
OUT_09882,464.97
OUT_09883,547.34
OUT_09884,136.36
OUT_09885,177.75
OUT_09886,134.06
OUT_09887,488.27
OUT_09888,183.21
OUT_09889,210.25
OUT_09890,480.08
OUT_09891,121.72
OUT_09892,157.62
OUT_09893,484.78
OUT_09894,154.15
OUT_09895,142.3
OUT_09896,569.59
OUT_09897,179.35
OUT_09898,131.33
OUT_09899,141.8
OUT_09900,498.57
OUT_09901,151.67
OUT_09902,137.82
OUT_09903,5996.44
OUT_09904,179.13
OUT_09905,130.69
OUT_09906,122.0
OUT_09907,538.48
OUT_09908,447.33
OUT_09909,137.66
OUT_09910,127.08
OUT_09911,2378.84
OUT_09912,1973.26
OUT_09913,555.84
OUT_09914,2028.07
OUT_09915,422.84
OUT_09916,514.08
OUT_09917,427.73
OUT_09918,128.01
OUT_09919,162.17
OUT_09920,153.91
OUT_09921,218.08
OUT_09922,6729.12
OUT_09923,160.22
OUT_09924,523.42
OUT_09925,559.28
OUT_09926,151.67
OUT_09927,463.2
OUT_09928,234.8
OUT_09929,462.82
OUT_09930,501.02
OUT_09931,298.72
OUT_09932,418.02
OUT_09933,4446.52
OUT_09934,1975.64
OUT_09935,1931.9
OUT_09936,145.21
OUT_09937,2105.81
OUT_09938,195.85
OUT_09939,524.83
OUT_09940,198.17
OUT_09941,187.72
OUT_09942,149.56
OUT_09943,446.99
OUT_09944,146.05
OUT_09945,211.22
OUT_09946,2390.5
OUT_09947,411.64
OUT_09948,127.51
OUT_09949,121.29
OUT_09950,241.99
OUT_09951,183.19
OUT_09952,2194.03
OUT_09953,823.65
OUT_09954,142.86
OUT_09955,126.34
OUT_09956,432.91
OUT_09957,575.88
OUT_09958,152.23
OUT_09959,472.81
OUT_09960,142.01
OUT_09961,2342.66
OUT_09962,160.05
OUT_09963,2324.73
OUT_09964,642.22
OUT_09965,165.3
OUT_09966,2232.52
OUT_09967,134.25
OUT_09968,482.44
OUT_09969,340.37
OUT_09970,128.18
OUT_09971,122.54
OUT_09972,395.77
OUT_09973,130.18
OUT_09974,125.52
OUT_09975,282.62
OUT_09976,118.89
OUT_09977,2450.41
OUT_09978,486.4
OUT_09979,2369.68
OUT_09980,186.45
OUT_09981,167.85
OUT_09982,6346.67
OUT_09983,169.53
OUT_09984,475.96
OUT_09985,496.9
OUT_09986,531.95
OUT_09987,2218.36
OUT_09988,509.61
OUT_09989,2539.94
OUT_09990,560.01
OUT_09991,134.39
OUT_09992,157.83
OUT_09993,185.18
OUT_09994,183.04
OUT_09995,205.72
OUT_09996,456.48
OUT_09997,412.73
OUT_09998,459.4
OUT_09999,296.93
OUT_10000,722.64
OUT_10001,228.59
OUT_10002,428.28
OUT_10003,518.64
OUT_10004,122.62
OUT_10005,150.57
OUT_10006,1863.8
OUT_10007,6281.97
OUT_10008,153.3
OUT_10009,532.76
OUT_10010,192.75
OUT_10011,2253.33
OUT_10012,162.2
OUT_10013,312.42
OUT_10014,109.83
OUT_10015,123.97
OUT_10016,181.91
OUT_10017,444.04
OUT_10018,135.52
OUT_10019,507.66
OUT_10020,154.39
OUT_10021,471.09
OUT_10022,501.12
OUT_10023,5593.57
OUT_10024,137.98
OUT_10025,439.24
OUT_10026,501.06
OUT_10027,114.44
OUT_10028,128.43
OUT_10029,169.55
OUT_10030,534.57
OUT_10031,137.69
OUT_10032,199.1
OUT_10033,122.53
OUT_10034,2218.44
OUT_10035,159.41
OUT_10036,521.98
OUT_10037,429.76
OUT_10038,463.37
OUT_10039,115.7
OUT_10040,505.99
OUT_10041,2552.05
OUT_10042,2149.4
OUT_10043,463.37
OUT_10044,142.62
OUT_10045,140.53
OUT_10046,494.68
OUT_10047,172.92
OUT_10048,2267.31
OUT_10049,135.47
OUT_10050,146.93
OUT_10051,5565.31
OUT_10052,141.22
OUT_10053,127.08
OUT_10054,138.81
OUT_10055,2073.26
OUT_10056,149.05
OUT_10057,507.24
OUT_10058,2076.33
OUT_10059,138.21
OUT_10060,2239.49
OUT_10061,150.03
OUT_10062,262.3
OUT_10063,468.07
OUT_10064,508.9
OUT_10065,147.91
OUT_10066,140.45
OUT_10067,537.24
OUT_10068,670.66
OUT_10069,470.52
OUT_10070,142.8
OUT_10071,140.79
OUT_10072,150.72
OUT_10073,196.64
OUT_10074,376.21
OUT_10075,156.4
OUT_10076,1852.88
OUT_10077,145.25
OUT_10078,522.2
OUT_10079,147.78
OUT_10080,214.19
OUT_10081,160.28
OUT_10082,440.53
OUT_10083,524.36
OUT_10084,168.26
OUT_10085,122.49
OUT_10086,481.09
OUT_10087,141.28
OUT_10088,2162.9
OUT_10089,542.38
OUT_10090,2445.18
OUT_10091,465.71
OUT_10092,139.42
OUT_10093,188.59
OUT_10094,202.28
OUT_10095,557.04
OUT_10096,2222.86
OUT_10097,117.65
OUT_10098,140.59
OUT_10099,202.31
OUT_10100,172.04
OUT_10101,492.4
OUT_10102,223.0
OUT_10103,517.53
OUT_10104,2492.32
OUT_10105,5913.86
OUT_10106,188.63
OUT_10107,2151.06
OUT_10108,2129.53
OUT_10109,186.53
OUT_10110,422.56
OUT_10111,518.18
OUT_10112,139.41
OUT_10113,190.63
OUT_10114,426.82
OUT_10115,147.65
OUT_10116,5483.34
OUT_10117,151.51
OUT_10118,196.35
OUT_10119,437.44
OUT_10120,536.35
OUT_10121,441.56
OUT_10122,127.7
OUT_10123,404.71
OUT_10124,2220.23
OUT_10125,157.27
OUT_10126,239.64
OUT_10127,500.26
OUT_10128,539.12
OUT_10129,159.27
OUT_10130,2135.25
OUT_10131,5135.4
OUT_10132,512.29
OUT_10133,721.27
OUT_10134,2214.22
OUT_10135,188.07
OUT_10136,173.18
OUT_10137,128.0
OUT_10138,227.18
OUT_10139,420.62
OUT_10140,1594.04
OUT_10141,403.31
OUT_10142,8932.87
OUT_10143,152.02
OUT_10144,477.78
OUT_10145,471.44
OUT_10146,501.86
OUT_10147,153.77
OUT_10148,395.26
OUT_10149,474.47
OUT_10150,186.92
OUT_10151,182.17
OUT_10152,120.5
OUT_10153,484.81
OUT_10154,518.55
OUT_10155,478.73
OUT_10156,253.45
OUT_10157,1985.74
OUT_10158,152.17
OUT_10159,2338.1
OUT_10160,426.95
OUT_10161,458.91
OUT_10162,132.41
OUT_10163,507.87
OUT_10164,1953.32
OUT_10165,1752.03
OUT_10166,171.06
OUT_10167,2091.59
OUT_10168,2155.78
OUT_10169,164.68
OUT_10170,215.34
OUT_10171,444.49
OUT_10172,131.06
OUT_10173,442.76
OUT_10174,5312.76
OUT_10175,530.17
OUT_10176,150.5
OUT_10178,2455.26
OUT_10179,147.2
OUT_10180,520.71
OUT_10181,2471.39
OUT_10182,552.67
OUT_10183,2387.93
OUT_10184,2563.16
OUT_10185,2092.1
OUT_10186,166.18
OUT_10187,486.2
OUT_10188,459.45
OUT_10189,210.04
OUT_10190,2115.75
OUT_10191,121.4
OUT_10192,475.58
OUT_10193,2252.3
OUT_10194,131.89
OUT_10195,502.3
OUT_10196,2302.08
OUT_10197,137.06
OUT_10198,147.34
OUT_10199,539.67
OUT_10200,172.25
OUT_10201,122.15
OUT_10202,378.59
OUT_10203,146.15
OUT_10204,502.64
OUT_10205,139.58
OUT_10206,2230.36
OUT_10207,446.9
OUT_10208,2262.44
OUT_10209,515.34
OUT_10210,439.13
OUT_10211,538.47
OUT_10212,492.1
OUT_10213,5806.15
OUT_10214,551.22
OUT_10215,4989.77
OUT_10216,281.45
OUT_10217,706.61
OUT_10218,1928.6
OUT_10219,160.48
OUT_10220,313.77
OUT_10221,157.92
OUT_10222,444.98
OUT_10223,251.18
OUT_10224,222.05
OUT_10225,147.73
OUT_10226,469.09
OUT_10227,2341.49
OUT_10228,207.44
OUT_10230,208.78
OUT_10231,2172.29
OUT_10232,272.34
OUT_10233,534.67
OUT_10234,538.95
OUT_10235,2101.22
OUT_10236,150.57
OUT_10237,510.33
OUT_10238,442.7
OUT_10239,476.85
OUT_10240,127.86
OUT_10241,139.3
OUT_10242,473.62
OUT_10243,1795.5
OUT_10244,5762.25
OUT_10245,125.0
OUT_10246,513.33
OUT_10247,452.49
OUT_10248,2228.21
OUT_10249,442.39
OUT_10250,1867.22
OUT_10251,135.92
OUT_10252,122.19
OUT_10253,568.97
OUT_10254,2041.08
OUT_10255,151.1
OUT_10256,453.51
OUT_10257,170.78
OUT_10258,147.04
OUT_10259,2356.41
OUT_10260,2296.7
OUT_10261,143.03
OUT_10262,1939.92
OUT_10263,503.33
OUT_10264,176.98
OUT_10265,517.05
OUT_10266,378.7
OUT_10267,547.33
OUT_10268,2152.57
OUT_10269,159.82
OUT_10270,125.32
OUT_10271,154.27
OUT_10272,120.58
OUT_10273,121.6
OUT_10274,1933.12
OUT_10275,460.01
OUT_10276,135.4
OUT_10277,132.68
OUT_10278,130.17
OUT_10279,460.8
OUT_10280,156.42
OUT_10281,127.52
OUT_10282,2469.92
OUT_10283,2375.84
OUT_10284,420.18
OUT_10285,142.25
OUT_10286,535.19
OUT_10287,186.27
OUT_10288,489.71
OUT_10289,180.22
OUT_10290,280.53
OUT_10291,2446.65
OUT_10292,537.9
OUT_10293,157.92
OUT_10294,5955.46
OUT_10295,133.89
OUT_10296,481.4
OUT_10297,505.2
OUT_10298,522.1
OUT_10299,5980.77
OUT_10300,136.45
OUT_10301,486.08
OUT_10302,2484.94
OUT_10303,1996.11
OUT_10304,540.88
OUT_10305,138.18
OUT_10306,148.07
OUT_10307,145.88
OUT_10308,1991.18
OUT_10309,128.38
OUT_10310,2214.35
OUT_10311,405.24
OUT_10312,518.3
OUT_10313,181.18
OUT_10314,463.6
OUT_10315,204.17
OUT_10316,2547.6
OUT_10317,517.28
OUT_10318,506.69
OUT_10319,489.69
OUT_10320,150.66
OUT_10321,163.96
OUT_10322,116.71
OUT_10323,401.62
OUT_10324,158.71
OUT_10325,499.81
OUT_10326,120.99
OUT_10327,2335.93
OUT_10328,501.44
OUT_10329,295.68
OUT_10330,154.42
OUT_10331,149.66
OUT_10332,130.99
OUT_10333,138.25
OUT_10334,2363.01
OUT_10335,2280.44
OUT_10336,520.46
OUT_10337,147.67
OUT_10338,197.41
OUT_10339,174.84
OUT_10340,453.67
OUT_10341,127.28
OUT_10342,509.88
OUT_10343,4851.97
OUT_10344,181.1
OUT_10345,540.51
OUT_10346,1912.13
OUT_10347,296.68
OUT_10348,187.55
OUT_10349,2260.3
OUT_10350,2574.48
OUT_10351,289.98
OUT_10352,2216.21
OUT_10353,161.28
OUT_10354,184.76
OUT_10355,2308.67
OUT_10356,150.57
OUT_10357,177.93
OUT_10358,538.73
OUT_10359,280.12
OUT_10360,529.37
OUT_10361,798.2
OUT_10362,476.05
OUT_10363,476.87
OUT_10364,536.77
OUT_10365,545.43
OUT_10366,473.89
OUT_10367,147.5
OUT_10368,159.19
OUT_10369,125.18
OUT_10370,530.83
OUT_10371,175.79
OUT_10372,2229.14
OUT_10373,126.34
OUT_10374,2485.12
OUT_10375,2672.03
OUT_10376,147.21
OUT_10377,174.31
OUT_10378,157.64
OUT_10379,165.94
OUT_10380,528.43
OUT_10381,2196.91
OUT_10382,1941.88
OUT_10383,270.22
OUT_10384,194.22
OUT_10385,498.39
OUT_10386,153.76
OUT_10387,480.24
OUT_10388,485.9
OUT_10389,135.19
OUT_10390,490.52
OUT_10391,5709.0
OUT_10392,179.47
OUT_10393,300.72
OUT_10394,465.43
OUT_10395,155.12
OUT_10396,1839.65
OUT_10397,5231.61
OUT_10398,146.17
OUT_10399,2376.79
OUT_10400,499.47
OUT_10401,555.33
OUT_10402,413.96
OUT_10403,514.21
OUT_10404,291.28
OUT_10405,127.31
OUT_10406,207.23
OUT_10407,1896.95
OUT_10408,143.18
OUT_10409,142.98
OUT_10410,210.39
OUT_10411,146.88
OUT_10412,2261.58
OUT_10413,166.41
OUT_10414,123.19
OUT_10415,471.95
OUT_10417,132.52
OUT_10418,434.29
OUT_10419,185.65
OUT_10420,196.32
OUT_10421,150.28
OUT_10422,226.21
OUT_10423,1933.13
OUT_10424,135.1
OUT_10425,139.18
OUT_10426,127.64
OUT_10427,144.18
OUT_10428,2385.78
OUT_10429,457.69
OUT_10430,128.06
OUT_10431,1814.98
OUT_10432,2424.09
OUT_10433,2441.04
OUT_10434,2180.9
OUT_10435,113.25
OUT_10436,138.24
OUT_10437,143.88
OUT_10438,2692.07
OUT_10439,186.91
OUT_10440,489.36
OUT_10441,494.34
OUT_10442,173.53
OUT_10443,176.73
OUT_10444,452.59
OUT_10445,486.89
OUT_10446,478.42
OUT_10447,489.15
OUT_10448,1979.76
OUT_10449,500.98
OUT_10450,499.96
OUT_10451,159.5
OUT_10452,134.38
OUT_10453,134.18
OUT_10454,155.38
OUT_10455,186.61
OUT_10456,2096.26
OUT_10457,2382.15
OUT_10458,463.55
OUT_10459,2176.76
OUT_10460,526.11
OUT_10461,152.92
OUT_10462,160.69
OUT_10463,135.38
OUT_10464,117.05
OUT_10465,158.06
OUT_10466,154.67
OUT_10467,482.59
OUT_10468,526.38
OUT_10469,536.04
OUT_10470,120.0
OUT_10471,270.58
OUT_10472,518.27
OUT_10473,431.79
OUT_10474,151.72
OUT_10475,157.34
OUT_10476,424.84
OUT_10477,156.55
OUT_10478,191.68
OUT_10479,2132.29
OUT_10480,154.11
OUT_10481,187.57
OUT_10482,1947.78
OUT_10483,376.53
OUT_10484,562.89
OUT_10485,221.81
OUT_10486,176.91
OUT_10487,252.63
OUT_10488,127.85
OUT_10489,2195.01
OUT_10490,400.72
OUT_10491,153.71
OUT_10492,169.67
OUT_10493,1842.3
OUT_10494,2006.68
OUT_10495,153.37
OUT_10496,636.26
OUT_10497,201.48
OUT_10498,506.47
OUT_10499,169.39
OUT_10500,186.89
OUT_10501,2522.72
OUT_10502,223.56
OUT_10503,3333.17
OUT_10504,5293.53
OUT_10505,2061.67
OUT_10506,258.39
OUT_10507,5310.28
OUT_10508,5974.55
OUT_10509,522.85
OUT_10510,2375.87
OUT_10511,210.43
OUT_10512,142.8
OUT_10513,114.58
OUT_10514,477.0
OUT_10515,136.09
OUT_10516,1953.01
OUT_10517,145.26
OUT_10518,131.38
OUT_10519,136.25
OUT_10520,2351.49
OUT_10521,2388.17
OUT_10522,2149.58
OUT_10523,160.54
OUT_10524,565.43
OUT_10525,563.0
OUT_10526,165.04
OUT_10527,220.83
OUT_10528,486.72
OUT_10529,397.45
OUT_10531,120.12
OUT_10532,139.06
OUT_10533,2378.28
OUT_10534,151.81
OUT_10535,561.68
OUT_10536,123.51
OUT_10537,554.7
OUT_10538,138.02
OUT_10539,131.64
OUT_10540,157.02
OUT_10541,2125.46
OUT_10542,489.05
OUT_10543,457.17
OUT_10544,456.35
OUT_10545,5715.23
OUT_10546,130.78
OUT_10547,516.94
OUT_10548,165.36
OUT_10549,440.33
OUT_10550,2173.02
OUT_10551,142.76
OUT_10552,152.21
OUT_10553,393.24
OUT_10554,533.82
OUT_10555,160.14
OUT_10556,129.58
OUT_10557,496.55
OUT_10558,175.34
OUT_10559,152.18
OUT_10560,153.09
OUT_10561,148.11
OUT_10562,124.11
OUT_10563,205.97
OUT_10564,2090.65
OUT_10565,486.51
OUT_10566,472.54
OUT_10567,481.08
OUT_10568,118.74
OUT_10569,2110.7
OUT_10570,497.19
OUT_10571,543.56
OUT_10572,461.53
OUT_10573,159.95
OUT_10574,497.06
OUT_10575,130.09
OUT_10576,541.62
OUT_10577,149.35
OUT_10578,320.44
OUT_10579,490.26
OUT_10580,511.73
OUT_10581,447.94
OUT_10582,137.19
OUT_10583,2433.33
OUT_10584,172.34
OUT_10585,263.04
OUT_10586,439.34
OUT_10587,556.08
OUT_10588,150.25
OUT_10589,471.82
OUT_10590,143.01
OUT_10591,131.69
OUT_10592,440.86
OUT_10593,2444.24
OUT_10594,545.1
OUT_10595,147.16
OUT_10596,255.13
OUT_10597,626.49
OUT_10598,2151.62
OUT_10599,146.28
OUT_10600,2418.32
OUT_10601,527.22
OUT_10602,230.96
OUT_10603,160.63
OUT_10604,472.16
OUT_10605,181.45
OUT_10606,273.84
OUT_10607,160.57
OUT_10608,423.34
OUT_10609,345.47
OUT_10610,545.72
OUT_10611,509.0
OUT_10612,133.98
OUT_10613,493.17
OUT_10614,502.62
OUT_10615,227.98
OUT_10616,545.93
OUT_10617,2287.71
OUT_10618,122.51
OUT_10619,126.25
OUT_10620,151.32
OUT_10621,542.15
OUT_10622,458.33
OUT_10623,124.78
OUT_10624,456.06
OUT_10625,184.82
OUT_10626,483.02
OUT_10627,184.49
OUT_10628,239.9
OUT_10629,250.86
OUT_10630,2188.77
OUT_10631,127.88
OUT_10632,2305.79
OUT_10633,2040.44
OUT_10634,122.52
OUT_10635,153.25
OUT_10636,2225.42
OUT_10637,261.21
OUT_10638,231.03
OUT_10639,415.18
OUT_10640,142.75
OUT_10641,495.12
OUT_10642,6098.58
OUT_10643,222.42
OUT_10644,2248.84
OUT_10645,503.27
OUT_10646,130.77
OUT_10647,127.6
OUT_10648,504.77
OUT_10649,179.57
OUT_10650,226.98
OUT_10651,182.29
OUT_10652,463.48
OUT_10653,5880.17
OUT_10654,179.34
OUT_10655,125.43
OUT_10656,160.19
OUT_10657,5385.93
OUT_10658,144.45
OUT_10659,571.61
OUT_10660,4780.69
OUT_10661,146.49
OUT_10662,223.16
OUT_10663,524.64
OUT_10664,460.41
OUT_10665,561.5
OUT_10666,492.66
OUT_10667,475.18
OUT_10668,199.68
OUT_10669,5819.73
OUT_10670,2263.39
OUT_10671,513.84
OUT_10672,532.82
OUT_10673,165.36
OUT_10674,538.69
OUT_10675,214.23
OUT_10676,471.25
OUT_10677,135.1
OUT_10678,166.53
OUT_10679,606.92
OUT_10680,188.57
OUT_10681,157.78
OUT_10682,138.43
OUT_10683,1961.13
OUT_10684,155.32
OUT_10685,472.16
OUT_10686,551.69
OUT_10687,227.06
OUT_10688,474.96
OUT_10689,509.54
OUT_10690,187.87
OUT_10691,436.15
OUT_10692,512.38
OUT_10693,207.12
OUT_10694,519.88
OUT_10695,149.15
OUT_10696,2140.27
OUT_10697,128.62
OUT_10698,165.23
OUT_10699,5453.71
OUT_10700,287.64
OUT_10701,183.75
OUT_10702,208.39
OUT_10703,291.95
OUT_10704,132.51
OUT_10705,5244.06
OUT_10706,144.83
OUT_10707,199.35
OUT_10708,5595.47
OUT_10709,462.97
OUT_10710,5130.36
OUT_10711,2093.53
OUT_10712,269.21
OUT_10713,132.66
OUT_10714,436.57
OUT_10715,473.01
OUT_10716,484.46
OUT_10717,2394.93
OUT_10718,126.41
OUT_10719,5300.63
OUT_10720,545.19
OUT_10721,457.37
OUT_10722,418.29
OUT_10723,433.27
OUT_10724,262.82
OUT_10725,149.05
OUT_10726,137.6
OUT_10727,444.0
OUT_10728,6248.44
OUT_10729,178.79
OUT_10730,5709.33
OUT_10731,135.67
OUT_10732,111.01
OUT_10733,164.15
OUT_10734,497.99
OUT_10735,452.07
OUT_10736,142.73
OUT_10737,484.39
OUT_10738,160.37
OUT_10739,138.52
OUT_10740,126.26
OUT_10741,124.72
OUT_10742,196.22
OUT_10743,160.2
OUT_10744,139.42
OUT_10745,180.34
OUT_10746,140.96
OUT_10747,1800.81
OUT_10748,149.02
OUT_10749,142.94
OUT_10750,157.9
OUT_10751,143.68
OUT_10752,463.98
OUT_10754,202.93
OUT_10755,127.28
OUT_10756,237.72
OUT_10757,146.0
OUT_10758,6561.22
OUT_10759,293.92
OUT_10760,1938.63
OUT_10761,461.82
OUT_10762,415.29
OUT_10763,466.46
OUT_10764,502.94
OUT_10765,256.25
OUT_10766,135.08
OUT_10767,183.42
OUT_10768,449.07
OUT_10769,127.84
OUT_10770,2505.07
OUT_10771,194.3
OUT_10772,123.92
OUT_10773,476.32
OUT_10774,131.58
OUT_10775,507.94
OUT_10776,2283.27
OUT_10777,115.91
OUT_10778,175.34
OUT_10779,2288.29
OUT_10780,460.96
OUT_10781,4847.48
OUT_10782,543.29
OUT_10783,457.86
OUT_10784,175.67
OUT_10785,165.19
OUT_10786,145.47
OUT_10787,127.24
OUT_10788,2022.81
OUT_10789,174.91
OUT_10790,585.67
OUT_10791,155.08
OUT_10792,528.52
OUT_10793,2256.53
OUT_10794,5354.01
OUT_10795,158.86
OUT_10796,502.67
OUT_10797,301.64
OUT_10798,5175.55
OUT_10799,274.64
OUT_10800,146.76
OUT_10801,2520.03
OUT_10802,235.4
OUT_10803,1947.12
OUT_10804,5730.98
OUT_10805,2186.62
OUT_10806,152.21
OUT_10807,154.36
OUT_10808,159.72
OUT_10809,157.9
OUT_10810,456.85
OUT_10811,128.88
OUT_10812,150.5
OUT_10813,137.63
OUT_10814,141.63
OUT_10815,534.41
OUT_10816,562.75
OUT_10817,554.06
OUT_10818,5354.56
OUT_10819,530.36
OUT_10820,175.01
OUT_10821,405.84
OUT_10822,211.32
OUT_10823,130.89
OUT_10824,124.5
OUT_10825,505.95
OUT_10826,2493.21
OUT_10827,2455.39
OUT_10828,5823.67
OUT_10829,125.03
OUT_10830,150.36
OUT_10831,137.58
OUT_10832,160.48
OUT_10833,487.23
OUT_10834,6014.12
OUT_10835,122.91
OUT_10836,123.25
OUT_10837,166.36
OUT_10838,528.11
OUT_10839,556.78
OUT_10840,177.37
OUT_10841,2559.56
OUT_10842,688.44
OUT_10843,142.84
OUT_10844,442.27
OUT_10845,2444.23
OUT_10846,220.53
OUT_10847,149.5
OUT_10848,201.45
OUT_10849,6292.5
OUT_10850,105.62
OUT_10851,143.18
OUT_10852,416.45
OUT_10853,230.23
OUT_10854,2215.62
OUT_10855,191.44
OUT_10856,156.57
OUT_10857,436.49
OUT_10858,190.12
OUT_10859,1833.26
OUT_10860,150.51
OUT_10861,481.83
OUT_10862,134.48
OUT_10863,124.39
OUT_10864,473.28
OUT_10865,495.53
OUT_10866,152.39
OUT_10867,548.18
OUT_10868,267.73
OUT_10869,144.33
OUT_10870,194.7
OUT_10871,579.31
OUT_10872,2173.84
OUT_10873,143.28
OUT_10874,115.28
OUT_10875,2145.65
OUT_10876,2449.06
OUT_10877,499.24
OUT_10878,162.1
OUT_10879,519.48
OUT_10880,504.0
OUT_10881,192.05
OUT_10882,2305.72
OUT_10883,2207.46
OUT_10884,156.42
OUT_10885,136.87
OUT_10886,187.72
OUT_10887,2185.57
OUT_10888,139.77
OUT_10889,149.54
OUT_10890,480.84
OUT_10891,2212.46
OUT_10892,156.71
OUT_10893,170.08
OUT_10894,2607.31
OUT_10895,126.34
OUT_10896,175.74
OUT_10897,142.19
OUT_10898,200.03
OUT_10899,129.82
OUT_10900,134.45
OUT_10901,241.59
OUT_10902,2040.18
OUT_10903,1925.35
OUT_10904,112.77
OUT_10905,138.32
OUT_10906,158.48
OUT_10907,144.15
OUT_10908,154.02
OUT_10909,212.02
OUT_10910,2221.78
OUT_10911,142.97
OUT_10912,135.59
OUT_10913,474.89
OUT_10914,2284.99
OUT_10915,182.72
OUT_10916,530.56
OUT_10917,434.27
OUT_10918,132.9
OUT_10919,153.56
OUT_10920,199.91
OUT_10921,2229.09
OUT_10922,551.38
OUT_10923,2399.86
OUT_10924,2327.81
OUT_10925,5249.48
OUT_10926,136.17
OUT_10927,153.72
OUT_10928,206.7
OUT_10929,2071.8
OUT_10930,2266.57
OUT_10931,179.71
OUT_10932,2080.52
OUT_10933,492.86
OUT_10934,257.21
OUT_10935,2241.67
OUT_10936,137.47
OUT_10937,133.44
OUT_10938,2129.01
OUT_10939,487.47
OUT_10940,1817.95
OUT_10941,2194.35
OUT_10942,208.18
OUT_10943,1909.4
OUT_10944,130.05
OUT_10945,126.48
OUT_10946,150.14
OUT_10947,112.65
OUT_10948,138.07
OUT_10949,131.99
OUT_10950,264.73
OUT_10951,156.87
OUT_10952,1912.19
OUT_10953,455.83
OUT_10954,5568.66
OUT_10955,184.29
OUT_10956,165.85
OUT_10957,2231.34
OUT_10958,119.39
OUT_10959,2144.46
OUT_10960,493.55
OUT_10961,138.48
OUT_10962,5918.72
OUT_10963,5012.42
OUT_10964,5339.27
OUT_10965,101.6
OUT_10966,5739.63
OUT_10967,2092.18
OUT_10968,2019.82
OUT_10969,130.13
OUT_10970,454.08
OUT_10971,138.48
OUT_10972,128.89
OUT_10973,155.72
OUT_10974,563.81
OUT_10975,559.03
OUT_10976,124.72
OUT_10977,126.87
OUT_10978,136.94
OUT_10979,144.56
OUT_10980,2288.08
OUT_10981,164.56
OUT_10982,708.86
OUT_10983,488.22
OUT_10984,119.38
OUT_10985,374.55
OUT_10986,109.11
OUT_10987,543.25
OUT_10988,486.93
OUT_10989,2287.13
OUT_10990,1935.56
OUT_10991,320.75
OUT_10992,186.28
OUT_10993,2336.29
OUT_10994,119.32
OUT_10995,233.28
OUT_10996,6253.65
OUT_10997,5369.84
OUT_10998,119.55
OUT_10999,1968.18
OUT_11000,152.96
OUT_11001,407.42
OUT_11002,124.77
OUT_11003,5615.16
OUT_11004,141.02
OUT_11005,518.42
OUT_11006,465.71
OUT_11007,113.67
OUT_11008,4600.64
OUT_11009,512.15
OUT_11010,486.75
OUT_11011,345.42
OUT_11012,129.34
OUT_11013,492.86
OUT_11014,148.78
OUT_11015,2016.71
OUT_11016,124.84
OUT_11017,2280.95
OUT_11018,118.16
OUT_11019,164.26
OUT_11020,164.55
OUT_11021,2534.79
OUT_11022,164.39
OUT_11023,163.62
OUT_11024,140.73
OUT_11025,568.29
OUT_11026,138.24
OUT_11027,522.32
OUT_11028,499.63
OUT_11029,6119.8
OUT_11030,196.43
OUT_11031,212.93
OUT_11032,136.37
OUT_11033,451.13
OUT_11034,484.71
OUT_11035,253.37
OUT_11036,545.36
OUT_11037,133.77
OUT_11038,449.65
OUT_11039,2160.24
OUT_11040,126.79
OUT_11041,144.36
OUT_11042,473.08
OUT_11043,2200.96
OUT_11044,122.92
OUT_11045,475.94
OUT_11046,482.28
OUT_11047,164.06
OUT_11048,421.26
OUT_11049,505.03
OUT_11050,511.98
OUT_11051,422.1
OUT_11052,2294.48
OUT_11053,165.11
OUT_11054,672.48
OUT_11055,515.43
OUT_11056,6051.7
OUT_11057,482.97
OUT_11058,169.21
OUT_11059,133.95
OUT_11060,528.07
OUT_11061,148.93
OUT_11062,137.32
OUT_11063,2181.71
OUT_11064,509.95
OUT_11065,221.79
OUT_11066,273.8
OUT_11067,224.08
OUT_11068,2311.96
OUT_11069,2464.42
OUT_11070,451.93
OUT_11071,262.11
OUT_11072,169.15
OUT_11073,141.76
OUT_11074,236.39
OUT_11075,317.88
OUT_11076,515.58
OUT_11077,2284.33
OUT_11078,164.99
OUT_11079,132.52
OUT_11080,128.41
OUT_11081,522.87
OUT_11082,129.71
OUT_11083,527.59
OUT_11084,434.59
OUT_11085,174.48
OUT_11086,137.46
OUT_11087,152.66
OUT_11088,137.44
OUT_11089,488.75
OUT_11090,2251.93
OUT_11091,254.13
OUT_11092,527.13
OUT_11093,157.46
OUT_11094,5691.93
OUT_11095,138.36
OUT_11096,127.8
OUT_11097,514.67
OUT_11098,2551.0
OUT_11099,130.68
OUT_11100,141.1
OUT_11101,2870.93
OUT_11102,204.96
OUT_11103,154.1
OUT_11104,139.86
OUT_11105,2005.51
OUT_11106,2283.8
OUT_11107,453.86
OUT_11108,5607.4
OUT_11109,425.82
OUT_11110,514.89
OUT_11111,192.33
OUT_11112,2199.82
OUT_11113,534.01
OUT_11114,518.58
OUT_11115,182.77
OUT_11116,133.86
OUT_11117,466.46
OUT_11118,205.51
OUT_11119,534.82
OUT_11120,2271.69
OUT_11121,141.72
OUT_11122,125.01
OUT_11123,2223.41
OUT_11124,1929.88
OUT_11125,541.41
OUT_11126,153.23
OUT_11127,223.09
OUT_11128,4413.28
OUT_11129,160.42
OUT_11130,125.4
OUT_11131,2210.26
OUT_11132,546.55
OUT_11133,460.28
OUT_11134,117.86
OUT_11135,190.96
OUT_11136,131.77
OUT_11137,155.08
OUT_11138,561.56
OUT_11139,542.2
OUT_11140,2077.59
OUT_11141,461.51
OUT_11142,215.45
OUT_11143,5568.05
OUT_11144,137.61
OUT_11145,620.05
OUT_11146,110.07
OUT_11147,144.67
OUT_11148,273.0
OUT_11149,122.88
OUT_11150,2247.0
OUT_11151,513.99
OUT_11152,2019.35
OUT_11153,470.78
OUT_11154,169.26
OUT_11155,186.6
OUT_11156,207.51
OUT_11157,583.82
OUT_11158,512.37
OUT_11159,142.53
OUT_11160,482.14
OUT_11161,145.4
OUT_11162,144.44
OUT_11163,430.72
OUT_11164,174.05
OUT_11165,4597.37
OUT_11166,98.5
OUT_11167,424.49
OUT_11168,6226.23
OUT_11169,160.96
OUT_11170,154.26
OUT_11171,174.17
OUT_11172,508.78
OUT_11173,196.87
OUT_11174,139.19
OUT_11175,463.83
OUT_11176,578.57
OUT_11177,2468.37
OUT_11178,123.58
OUT_11179,505.03
OUT_11180,146.0
OUT_11181,130.86
OUT_11182,2033.11
OUT_11183,517.43
OUT_11184,135.67
OUT_11185,147.09
OUT_11186,517.3
OUT_11187,2255.01
OUT_11188,154.19
OUT_11189,463.53
OUT_11190,228.54
OUT_11191,146.1
OUT_11192,454.94
OUT_11193,200.22
OUT_11194,133.52
OUT_11195,485.39
OUT_11196,195.89
OUT_11197,393.45
OUT_11198,491.67
OUT_11199,2638.02
OUT_11200,148.03
OUT_11201,522.13
OUT_11202,191.23
OUT_11203,134.4
OUT_11204,5954.31
OUT_11205,148.21
OUT_11206,127.53
OUT_11207,128.96
OUT_11208,2274.15
OUT_11209,167.08
OUT_11210,194.35
OUT_11211,158.63
OUT_11212,490.24
OUT_11213,509.44
OUT_11214,5243.4
OUT_11215,124.66
OUT_11216,164.77
OUT_11217,4929.35
OUT_11218,552.69
OUT_11219,2100.7
OUT_11220,222.97
OUT_11221,138.53
OUT_11222,5470.26
OUT_11223,165.92
OUT_11224,119.32
OUT_11225,5029.36
OUT_11226,122.57
OUT_11227,202.6
OUT_11228,227.55
OUT_11229,433.35
OUT_11230,139.92
OUT_11231,420.38
OUT_11232,4938.89
OUT_11233,2259.51
OUT_11234,130.29
OUT_11235,141.87
OUT_11236,523.97
OUT_11237,121.12
OUT_11238,241.2
OUT_11239,2138.94
OUT_11240,443.03
OUT_11241,137.99
OUT_11242,129.28
OUT_11243,129.08
OUT_11244,147.78
OUT_11245,481.89
OUT_11246,238.81
OUT_11247,147.82
OUT_11248,162.49
OUT_11249,501.63
OUT_11250,521.2
OUT_11251,6091.2
OUT_11252,143.91
OUT_11253,2165.19
OUT_11254,593.19
OUT_11255,466.47
OUT_11256,553.52
OUT_11257,106.13
OUT_11258,156.98
OUT_11259,124.58
OUT_11260,2335.14
OUT_11261,4734.16
OUT_11262,129.4
OUT_11263,170.02
OUT_11264,163.52
OUT_11265,2194.56
OUT_11266,138.31
OUT_11267,282.58
OUT_11268,513.63
OUT_11269,6210.93
OUT_11270,196.84
OUT_11271,128.84
OUT_11272,136.97
OUT_11273,490.99
OUT_11274,133.76
OUT_11275,146.56
OUT_11276,502.5
OUT_11277,145.63
OUT_11278,141.62
OUT_11279,133.0
OUT_11280,2248.52
OUT_11281,148.3
OUT_11282,319.0
OUT_11283,163.72
OUT_11284,193.45
OUT_11285,140.61
OUT_11286,495.31
OUT_11287,188.66
OUT_11288,2096.88
OUT_11289,124.51
OUT_11290,462.2
OUT_11291,1932.2
OUT_11292,225.52
OUT_11293,505.39
OUT_11294,154.92
OUT_11295,191.36
OUT_11296,1943.85
OUT_11297,485.41
OUT_11298,572.21
OUT_11299,143.67
OUT_11300,132.61
OUT_11301,130.06
OUT_11302,151.64
OUT_11303,2504.5
OUT_11304,199.0
OUT_11305,5190.43
OUT_11306,497.0
OUT_11307,5787.37
OUT_11308,457.91
OUT_11309,2260.58
OUT_11310,651.84
OUT_11311,143.56
OUT_11312,212.29
OUT_11313,250.64
OUT_11314,2312.54
OUT_11315,503.56
OUT_11316,5390.31
OUT_11317,1903.76
OUT_11318,1621.53
OUT_11319,172.68
OUT_11320,136.43
OUT_11321,451.42
OUT_11322,1575.64
OUT_11323,461.31
OUT_11324,150.47
OUT_11325,159.55
OUT_11326,520.65
OUT_11327,175.32
OUT_11328,2372.61
OUT_11329,143.73
OUT_11330,1997.85
OUT_11331,464.26
OUT_11332,297.02
OUT_11333,497.72
OUT_11334,132.8
OUT_11335,186.4
OUT_11336,446.11
OUT_11337,503.73
OUT_11338,421.43
OUT_11339,141.99
OUT_11340,517.66
OUT_11341,192.23
OUT_11342,452.5
OUT_11343,172.28
OUT_11344,125.92
OUT_11345,185.06
OUT_11346,464.19
OUT_11347,441.53
OUT_11348,160.96
OUT_11349,221.93
OUT_11350,638.19
OUT_11351,127.24
OUT_11352,445.25
OUT_11353,121.66
OUT_11354,2093.79
OUT_11355,126.07
OUT_11356,281.83
OUT_11357,561.03
OUT_11358,161.87
OUT_11359,5025.46
OUT_11360,431.32
OUT_11361,504.38
OUT_11362,476.48
OUT_11363,197.27
OUT_11364,154.78
OUT_11365,529.09
OUT_11366,247.82
OUT_11367,178.43
OUT_11368,6748.67
OUT_11369,143.04
OUT_11370,189.24
OUT_11371,515.89
OUT_11372,2302.57
OUT_11373,546.85
OUT_11374,182.24
OUT_11375,438.01
OUT_11376,564.4
OUT_11377,131.08
OUT_11378,445.27
OUT_11379,233.89
OUT_11380,139.15
OUT_11381,440.43
OUT_11382,123.35
OUT_11383,490.07
OUT_11384,538.49
OUT_11385,487.57
OUT_11386,486.81
OUT_11387,134.41
OUT_11388,502.79
OUT_11389,137.18
OUT_11390,180.61
OUT_11391,130.95
OUT_11392,2449.67
OUT_11393,121.36
OUT_11394,2257.19
OUT_11395,528.4
OUT_11396,446.22
OUT_11397,1801.61
OUT_11398,526.56
OUT_11399,142.44
OUT_11400,155.01
OUT_11401,534.53
OUT_11402,168.65
OUT_11403,4721.09
OUT_11404,129.2
OUT_11405,145.63
OUT_11406,2133.87
OUT_11407,146.96
OUT_11408,153.16
OUT_11409,431.99
OUT_11410,527.17
OUT_11411,141.55
OUT_11412,134.96
OUT_11413,2402.79
OUT_11414,123.17
OUT_11415,142.85
OUT_11416,1832.1
OUT_11417,301.65
OUT_11418,146.9
OUT_11419,146.83
OUT_11420,472.79
OUT_11421,2354.56
OUT_11422,471.6
OUT_11423,496.45
OUT_11424,537.89
OUT_11425,148.13
OUT_11426,4335.79
OUT_11427,516.62
OUT_11428,495.82
OUT_11429,130.03
OUT_11430,145.47
OUT_11431,487.14
OUT_11432,510.88
OUT_11433,147.69
OUT_11434,2073.95
OUT_11435,147.08
OUT_11436,149.09
OUT_11437,2099.62
OUT_11438,2402.03
OUT_11439,461.68
OUT_11440,167.9
OUT_11441,185.8
OUT_11442,132.61
OUT_11443,128.3
OUT_11444,172.77
OUT_11445,131.57
OUT_11446,481.28
OUT_11447,2508.3
OUT_11448,123.27
OUT_11449,529.97
OUT_11450,145.67
OUT_11451,149.48
OUT_11452,138.78
OUT_11453,519.23
OUT_11454,468.0
OUT_11455,488.92
OUT_11456,316.94
OUT_11457,542.71
OUT_11458,5040.86
OUT_11459,153.27
OUT_11460,5593.69
OUT_11461,206.65
OUT_11462,145.2
OUT_11463,191.13
OUT_11464,493.11
OUT_11465,5557.41
OUT_11466,154.09
OUT_11467,137.14
OUT_11468,449.37
OUT_11469,113.96
OUT_11470,151.55
OUT_11471,526.13
OUT_11472,125.55
OUT_11473,496.23
OUT_11474,146.93
OUT_11475,2401.92
OUT_11476,214.69
OUT_11477,139.86
OUT_11478,150.84
OUT_11479,477.62
OUT_11480,129.0
OUT_11481,131.53
OUT_11482,465.78
OUT_11483,500.16
OUT_11484,558.21
OUT_11485,146.64
OUT_11486,591.78
OUT_11487,489.01
OUT_11488,524.86
OUT_11489,429.0
OUT_11490,485.79
OUT_11491,407.54
OUT_11492,562.45
OUT_11493,474.87
OUT_11494,145.61
OUT_11495,451.13
OUT_11496,202.39
OUT_11497,5084.25
OUT_11498,147.82
OUT_11499,140.51
OUT_11500,2165.86
OUT_11501,164.91
OUT_11502,2059.57
OUT_11503,560.49
OUT_11504,2108.66
OUT_11505,166.66
OUT_11506,514.4
OUT_11507,146.73
OUT_11508,483.4
OUT_11509,144.4
OUT_11510,479.61
OUT_11511,501.28
OUT_11512,2227.67
OUT_11513,489.35
OUT_11514,151.34
OUT_11515,2021.49
OUT_11516,157.37
OUT_11517,484.57
OUT_11518,190.85
OUT_11519,145.55
OUT_11520,458.33
OUT_11521,151.52
OUT_11522,459.35
OUT_11523,5625.11
OUT_11524,102.69
OUT_11525,199.51
OUT_11526,137.46
OUT_11527,161.51
OUT_11528,153.11
OUT_11529,150.99
OUT_11530,133.76
OUT_11531,454.52
OUT_11532,2267.62
OUT_11533,196.4
OUT_11534,2382.36
OUT_11535,413.38
OUT_11536,528.14
OUT_11537,137.11
OUT_11538,147.21
OUT_11539,471.48
OUT_11540,1941.32
OUT_11541,466.15
OUT_11542,175.73
OUT_11543,134.68
OUT_11544,140.65
OUT_11545,2110.58
OUT_11546,211.14
OUT_11547,2107.1
OUT_11548,130.37
OUT_11549,431.9
OUT_11550,153.09
OUT_11551,133.58
OUT_11552,221.06
OUT_11553,376.03
OUT_11554,146.87
OUT_11555,154.48
OUT_11556,164.51
OUT_11557,532.45
OUT_11558,141.8
OUT_11559,1777.81
OUT_11560,451.16
OUT_11561,149.04
OUT_11562,265.38
OUT_11563,2326.53
OUT_11564,182.33
OUT_11565,532.6
OUT_11566,159.29
OUT_11567,2220.25
OUT_11568,189.3
OUT_11569,1804.78
OUT_11570,206.23
OUT_11571,501.1
OUT_11572,184.46
OUT_11573,512.5
OUT_11574,511.04
OUT_11575,218.44
OUT_11576,520.27
OUT_11577,126.53
OUT_11578,522.55
OUT_11579,134.74
OUT_11580,160.62
OUT_11581,164.37
OUT_11582,298.75
OUT_11583,536.74
OUT_11584,2341.73
OUT_11585,474.32
OUT_11586,126.15
OUT_11587,498.74
OUT_11588,6513.19
OUT_11589,464.28
OUT_11590,4591.32
OUT_11591,149.05
OUT_11592,159.63
OUT_11593,202.97
OUT_11594,132.47
OUT_11595,145.16
OUT_11596,240.78
OUT_11597,121.22
OUT_11598,569.13
OUT_11599,2302.25
OUT_11600,170.71
OUT_11601,6267.7
OUT_11602,142.7
OUT_11603,140.22
OUT_11604,204.25
OUT_11605,5106.72
OUT_11606,556.02
OUT_11607,477.39
OUT_11608,115.75
OUT_11609,289.52
OUT_11610,182.82
OUT_11611,2342.27
OUT_11612,227.05
OUT_11613,2337.21
OUT_11614,145.43
OUT_11615,546.44
OUT_11616,474.86
OUT_11617,475.9
OUT_11618,505.62
OUT_11619,6357.32
OUT_11620,143.07
OUT_11621,237.96
OUT_11622,2528.5
OUT_11623,267.78
OUT_11624,242.08
OUT_11625,140.2
OUT_11626,173.0
OUT_11627,120.22
OUT_11628,460.22
OUT_11629,145.77
OUT_11630,2177.46
OUT_11631,488.31
OUT_11632,487.76
OUT_11633,1912.92
OUT_11634,145.61
OUT_11635,162.19
OUT_11636,5251.93
OUT_11637,2465.51
OUT_11638,135.36
OUT_11639,126.76
OUT_11640,478.3
OUT_11641,135.56
OUT_11642,1796.19
OUT_11643,6152.51
OUT_11644,5023.25
OUT_11645,211.8
OUT_11646,2402.47
OUT_11647,147.21
OUT_11648,432.97
OUT_11649,165.22
OUT_11650,194.24
OUT_11651,203.79
OUT_11652,2099.34
OUT_11653,145.84
OUT_11654,153.7
OUT_11655,147.19
OUT_11656,141.67
OUT_11657,167.08
OUT_11658,186.92
OUT_11659,147.53
OUT_11660,143.08
OUT_11661,145.46
OUT_11662,2330.88
OUT_11663,176.13
OUT_11664,160.62
OUT_11665,6296.57
OUT_11666,2305.29
OUT_11667,520.45
OUT_11668,484.51
OUT_11669,129.2
OUT_11670,203.21
OUT_11671,115.44
OUT_11672,2482.04
OUT_11673,477.18
OUT_11674,2290.63
OUT_11675,108.77
OUT_11676,458.82
OUT_11677,151.22
OUT_11678,153.63
OUT_11679,137.22
OUT_11680,2266.26
OUT_11681,484.12
OUT_11682,135.69
OUT_11683,2136.13
OUT_11684,122.44
OUT_11685,137.34
OUT_11686,2073.87
OUT_11687,274.95
OUT_11688,2375.5
OUT_11689,466.1
OUT_11690,130.36
OUT_11691,327.28
OUT_11692,2238.47
OUT_11693,424.27
OUT_11694,218.93
OUT_11695,284.8
OUT_11696,1992.15
OUT_11697,4804.68
OUT_11698,263.29
OUT_11699,491.64
OUT_11700,99.92
OUT_11701,125.77
OUT_11702,442.47
OUT_11703,165.7
OUT_11704,2015.98
OUT_11705,235.59
OUT_11706,139.07
OUT_11707,557.99
OUT_11708,223.95
OUT_11709,271.97
OUT_11710,134.54
OUT_11711,491.09
OUT_11712,146.85
OUT_11713,501.1
OUT_11714,127.61
OUT_11715,483.47
OUT_11716,394.68
OUT_11717,2314.64
OUT_11718,420.18
OUT_11719,549.01
OUT_11720,5364.77
OUT_11721,506.39
OUT_11722,117.95
OUT_11723,155.06
OUT_11724,123.67
OUT_11725,130.77
OUT_11726,142.57
OUT_11727,440.22
OUT_11728,174.06
OUT_11729,194.08
OUT_11730,278.6
OUT_11731,138.96
OUT_11732,153.84
OUT_11733,1974.83
OUT_11734,200.58
OUT_11735,233.6
OUT_11736,184.89
OUT_11737,135.09
OUT_11738,160.47
OUT_11739,136.22
OUT_11740,143.56
OUT_11741,150.31
OUT_11742,470.5
OUT_11743,477.35
OUT_11744,165.34
OUT_11745,250.4
OUT_11746,2281.88
OUT_11747,436.62
OUT_11748,267.64
OUT_11749,511.59
OUT_11750,546.58
OUT_11751,139.68
OUT_11752,119.72
OUT_11753,497.55
OUT_11754,138.3
OUT_11755,2242.33
OUT_11756,282.47
OUT_11757,2126.32
OUT_11758,190.45
OUT_11759,145.1
OUT_11760,119.21
OUT_11761,477.93
OUT_11762,2110.55
OUT_11763,458.36
OUT_11764,457.2
OUT_11765,146.95
OUT_11766,161.68
OUT_11767,5803.08
OUT_11768,174.52
OUT_11769,1898.48
OUT_11770,5205.43
OUT_11771,490.51
OUT_11772,511.25
OUT_11773,128.6
OUT_11774,162.2
OUT_11775,472.06
OUT_11776,142.32
OUT_11777,150.02
OUT_11778,140.75
OUT_11779,150.79
OUT_11780,2368.22
OUT_11781,171.2
OUT_11782,118.43
OUT_11783,433.25
OUT_11784,433.93
OUT_11785,141.21
OUT_11786,135.09
OUT_11787,161.33
OUT_11788,5488.64
OUT_11789,1996.1
OUT_11790,519.84
OUT_11791,2713.35
OUT_11792,516.76
OUT_11793,156.11
OUT_11794,172.09
OUT_11795,193.24
OUT_11796,484.42
OUT_11797,1993.95
OUT_11798,528.56
OUT_11799,497.44
OUT_11800,534.36
OUT_11801,432.09
OUT_11802,139.34
OUT_11803,213.23
OUT_11804,5485.92
OUT_11805,120.23
OUT_11806,156.47
OUT_11807,438.24
OUT_11808,477.88
OUT_11809,316.49
OUT_11810,142.15
OUT_11811,150.94
OUT_11812,188.35
OUT_11813,534.65
OUT_11814,510.29
OUT_11815,203.75
OUT_11816,2459.05
OUT_11817,474.11
OUT_11818,197.83
OUT_11819,2000.31
OUT_11820,2404.88
OUT_11821,148.0
OUT_11822,144.11
OUT_11823,2012.39
OUT_11824,452.43
OUT_11825,544.53
OUT_11826,211.0
OUT_11827,161.52
OUT_11828,152.34
OUT_11829,183.73
OUT_11830,144.55
OUT_11831,142.77
OUT_11832,140.31
OUT_11833,478.64
OUT_11834,388.09
OUT_11835,233.01
OUT_11836,198.51
OUT_11837,518.24
OUT_11838,464.03
OUT_11839,126.44
OUT_11840,189.39
OUT_11841,124.22
OUT_11842,643.69
OUT_11843,3632.97
OUT_11844,144.18
OUT_11845,2410.56
OUT_11846,127.16
OUT_11847,477.11
OUT_11848,2207.86
OUT_11849,113.3
OUT_11850,186.45
OUT_11851,150.64
OUT_11852,1888.3
OUT_11853,5332.39
OUT_11854,142.96
OUT_11855,533.48
OUT_11856,490.15
OUT_11857,1885.76
OUT_11858,457.28
OUT_11859,2596.64
OUT_11860,139.03
OUT_11861,490.38
OUT_11862,519.54
OUT_11863,224.34
OUT_11864,126.86
OUT_11865,163.79
OUT_11866,407.26
OUT_11867,184.98
OUT_11868,1837.46
OUT_11869,144.81
OUT_11870,425.84
OUT_11871,225.63
OUT_11872,522.18
OUT_11873,181.8
OUT_11874,184.38
OUT_11875,553.87
OUT_11876,462.63
OUT_11878,207.09
OUT_11879,507.6
OUT_11880,157.68
OUT_11881,436.27
OUT_11882,569.12
OUT_11883,2068.76
OUT_11884,133.48
OUT_11885,537.28
OUT_11886,432.47
OUT_11887,136.24
OUT_11888,130.39
OUT_11889,558.44
OUT_11890,156.16
OUT_11891,309.95
OUT_11892,147.19
OUT_11893,116.54
OUT_11894,2072.26
OUT_11895,124.84
OUT_11896,130.34
OUT_11897,2080.06
OUT_11898,2324.79
OUT_11899,124.81
OUT_11900,2138.66
OUT_11901,148.22
OUT_11902,145.57
OUT_11903,122.0
OUT_11904,132.69
OUT_11905,129.72
OUT_11906,207.53
OUT_11907,142.54
OUT_11908,196.53
OUT_11909,2131.98
OUT_11910,413.33
OUT_11911,2158.26
OUT_11912,519.08
OUT_11913,339.94
OUT_11914,420.75
OUT_11915,140.01
OUT_11916,156.79
OUT_11917,133.13
OUT_11918,143.83
OUT_11919,135.23
OUT_11920,1899.74
OUT_11921,144.47
OUT_11922,1902.1
OUT_11923,162.64
OUT_11924,143.86
OUT_11925,145.13
OUT_11926,203.89
OUT_11927,137.55
OUT_11928,160.72
OUT_11929,2086.27
OUT_11930,140.33
OUT_11931,151.93
OUT_11932,144.8
OUT_11933,162.39
OUT_11934,491.73
OUT_11935,227.16
OUT_11936,133.34
OUT_11937,180.01
OUT_11938,181.78
OUT_11939,488.89
OUT_11940,570.83
OUT_11941,143.08
OUT_11942,444.31
OUT_11943,2222.15
OUT_11944,2397.5
OUT_11945,137.6
OUT_11946,147.8
OUT_11947,536.06
OUT_11948,118.71
OUT_11949,6008.48
OUT_11950,6485.82
OUT_11951,2078.39
OUT_11952,169.45
OUT_11953,208.37
OUT_11954,544.03
OUT_11955,296.55
OUT_11956,201.47
OUT_11957,213.09
OUT_11958,1776.4
OUT_11959,146.42
OUT_11960,2264.7
OUT_11961,2472.77
OUT_11962,510.5
OUT_11963,1913.53
OUT_11964,138.32
OUT_11965,464.97
OUT_11966,183.05
OUT_11967,152.97
OUT_11968,2151.24
OUT_11969,2277.53
OUT_11970,2254.14
OUT_11971,133.42
OUT_11972,473.4
OUT_11973,270.8
OUT_11974,303.48
OUT_11975,466.82
OUT_11976,2128.79
OUT_11977,156.64
OUT_11978,398.78
OUT_11979,209.5
OUT_11980,196.19
OUT_11981,5627.9
OUT_11982,145.71
OUT_11983,520.27
OUT_11984,195.45
OUT_11985,204.49
OUT_11986,444.06
OUT_11987,388.48
OUT_11988,512.09
OUT_11989,441.95
OUT_11990,146.51
OUT_11991,489.61
OUT_11992,488.21
OUT_11993,507.65
OUT_11994,142.42
OUT_11995,513.69
OUT_11996,533.78
OUT_11997,119.82
OUT_11998,631.23
OUT_11999,140.36
OUT_12000,546.17
OUT_12001,146.41
OUT_12002,493.14
OUT_12003,535.56
OUT_12004,5252.88
OUT_12005,147.64
OUT_12006,427.21
OUT_12007,518.96
OUT_12008,2308.49
OUT_12009,137.55
OUT_12010,134.21
OUT_12011,297.41
OUT_12012,2491.02
OUT_12013,504.22
OUT_12015,6038.39
OUT_12016,132.45
OUT_12017,207.41
OUT_12018,133.35
OUT_12019,124.55
OUT_12020,264.46
OUT_12021,447.84
OUT_12022,569.87
OUT_12023,168.64
OUT_12024,157.22
OUT_12025,163.71
OUT_12026,5583.11
OUT_12027,216.49
OUT_12028,428.98
OUT_12029,131.93
OUT_12030,2550.72
OUT_12031,145.18
OUT_12032,569.34
OUT_12033,532.68
OUT_12034,122.46
OUT_12035,430.38
OUT_12036,2282.56
OUT_12037,139.56
OUT_12038,174.39
OUT_12039,151.52
OUT_12040,176.52
OUT_12041,449.58
OUT_12042,523.79
OUT_12043,520.02
OUT_12044,134.99
OUT_12045,558.4
OUT_12046,227.29
OUT_12047,195.82
OUT_12048,132.13
OUT_12049,2249.85
OUT_12050,163.27
OUT_12051,228.34
OUT_12052,128.71
OUT_12053,140.12
OUT_12054,547.37
OUT_12055,1913.35
OUT_12056,180.73
OUT_12057,181.26
OUT_12058,1858.55
OUT_12059,131.82
OUT_12060,5847.53
OUT_12061,148.77
OUT_12062,702.64
OUT_12063,507.73
OUT_12064,438.68
OUT_12065,178.54
OUT_12066,129.15
OUT_12067,138.03
OUT_12068,185.34
OUT_12069,224.84
OUT_12070,532.4
OUT_12071,2221.36
OUT_12072,208.31
OUT_12073,167.69
OUT_12074,1970.51
OUT_12075,166.82
OUT_12076,138.01
OUT_12077,132.42
OUT_12078,306.19
OUT_12079,147.2
OUT_12080,167.3
OUT_12081,2066.43
OUT_12082,543.01
OUT_12083,1687.58
OUT_12084,513.55
OUT_12085,299.32
OUT_12086,203.72
OUT_12087,291.15
OUT_12088,169.36
OUT_12089,139.29
OUT_12090,517.15
OUT_12091,1817.07
OUT_12092,155.51
OUT_12093,155.62
OUT_12094,127.5
OUT_12095,436.32
OUT_12096,502.48
OUT_12097,153.11
OUT_12098,513.05
OUT_12099,119.06
OUT_12100,127.39
OUT_12101,157.25
OUT_12102,158.46
OUT_12103,140.91
OUT_12104,130.24
OUT_12105,133.36
OUT_12106,143.15
OUT_12107,152.29
OUT_12108,5753.82
OUT_12109,427.33
OUT_12110,535.78
OUT_12111,173.54
OUT_12112,151.93
OUT_12113,2344.86
OUT_12114,233.19
OUT_12115,1879.56
OUT_12116,499.22
OUT_12117,166.15
OUT_12118,512.28
OUT_12119,151.39
OUT_12120,459.96
OUT_12121,522.27
OUT_12122,181.75
OUT_12123,514.87
OUT_12124,526.77
OUT_12125,438.97
OUT_12126,126.8
OUT_12127,340.69
OUT_12128,456.27
OUT_12129,208.06
OUT_12130,119.48
OUT_12131,5477.09
OUT_12132,139.24
OUT_12133,119.21
OUT_12134,541.49
OUT_12135,155.81
OUT_12136,482.02
OUT_12137,564.75
OUT_12138,2600.75
OUT_12139,1810.74
OUT_12140,138.36
OUT_12141,4853.29
OUT_12142,5678.81
OUT_12143,205.35
OUT_12144,186.97
OUT_12145,2452.3
OUT_12146,128.54
OUT_12147,192.31
OUT_12148,2180.01
OUT_12149,266.77
OUT_12150,122.73
OUT_12151,150.95
OUT_12152,2241.61
OUT_12153,460.04
OUT_12154,436.09
OUT_12155,142.6
OUT_12156,126.3
OUT_12157,536.32
OUT_12158,197.54
OUT_12159,5474.85
OUT_12160,514.61
OUT_12161,109.84
OUT_12162,5522.19
OUT_12163,136.88
OUT_12164,177.48
OUT_12165,132.82
OUT_12166,133.37
OUT_12167,143.75
OUT_12168,125.06
OUT_12169,132.44
OUT_12170,418.45
OUT_12171,178.41
OUT_12172,441.6
OUT_12173,471.5
OUT_12174,486.04
OUT_12175,154.23
OUT_12176,553.68
OUT_12177,121.54
OUT_12178,176.16
OUT_12179,157.26
OUT_12180,133.74
OUT_12181,138.82
OUT_12182,500.22
OUT_12183,141.1
OUT_12184,501.8
OUT_12185,478.04
OUT_12186,116.63
OUT_12187,546.04
OUT_12188,116.46
OUT_12189,421.31
OUT_12190,212.41
OUT_12191,151.89
OUT_12192,200.04
OUT_12193,230.35
OUT_12194,448.56
OUT_12195,153.8
OUT_12196,162.31
OUT_12197,488.89
OUT_12198,490.75
OUT_12199,134.23
OUT_12200,2144.81
OUT_12201,133.63
OUT_12202,168.49
OUT_12203,2268.52
OUT_12204,227.82
OUT_12205,6373.23
OUT_12206,4894.04
OUT_12207,493.71
OUT_12208,449.61
OUT_12209,161.58
OUT_12210,160.06
OUT_12211,178.16
OUT_12212,154.75
OUT_12213,151.83
OUT_12214,504.47
OUT_12215,2235.09
OUT_12216,527.5
OUT_12217,191.33
OUT_12218,115.96
OUT_12219,185.79
OUT_12220,1886.9
OUT_12221,250.55
OUT_12222,193.63
OUT_12223,571.94
OUT_12224,1900.35
OUT_12225,133.39
OUT_12226,197.91
OUT_12227,150.1
OUT_12228,160.09
OUT_12229,120.42
OUT_12230,125.39
OUT_12231,115.12
OUT_12232,164.1
OUT_12233,153.91
OUT_12234,137.29
OUT_12235,478.09
OUT_12236,157.35
OUT_12237,2170.08
OUT_12238,153.09
OUT_12239,503.75
OUT_12240,124.18
OUT_12241,185.2
OUT_12242,2581.4
OUT_12243,159.84
OUT_12244,530.55
OUT_12245,133.49
OUT_12246,128.75
OUT_12247,160.39
OUT_12248,461.99
OUT_12249,5556.65
OUT_12250,2006.71
OUT_12251,152.93
OUT_12252,137.76
OUT_12253,483.41
OUT_12254,170.55
OUT_12255,2084.52
OUT_12256,2111.35
OUT_12257,138.94
OUT_12258,5353.14
OUT_12259,515.13
OUT_12260,128.08
OUT_12261,311.95
OUT_12262,492.78
OUT_12263,6051.36
OUT_12264,5278.54
OUT_12265,395.98
OUT_12266,166.53
OUT_12267,543.59
OUT_12268,5723.31
OUT_12269,175.31
OUT_12270,720.22
OUT_12271,180.01
OUT_12272,469.91
OUT_12273,429.11
OUT_12274,161.12
OUT_12275,501.01
OUT_12276,257.73
OUT_12277,4905.55
OUT_12278,144.68
OUT_12279,593.7
OUT_12280,555.3
OUT_12281,481.76
OUT_12282,435.67
OUT_12283,1882.9
OUT_12284,185.1
OUT_12285,494.08
OUT_12286,158.68
OUT_12287,168.93
OUT_12288,120.06
OUT_12289,143.53
OUT_12290,189.51
OUT_12291,1828.6
OUT_12292,489.59
OUT_12293,133.24
OUT_12294,518.66
OUT_12295,2177.7
OUT_12296,277.15
OUT_12297,475.31
OUT_12298,443.17
OUT_12299,124.96
OUT_12300,270.79
OUT_12301,2195.47
OUT_12302,130.91
OUT_12303,211.63
OUT_12304,228.55
OUT_12305,146.06
OUT_12306,5954.6
OUT_12307,142.41
OUT_12308,411.7
OUT_12309,141.87
OUT_12310,425.55
OUT_12311,446.68
OUT_12312,541.67
OUT_12313,247.64
OUT_12314,508.76
OUT_12315,183.91
OUT_12316,265.45
OUT_12317,164.18
OUT_12318,173.08
OUT_12319,142.4
OUT_12320,144.23
OUT_12321,113.94
OUT_12322,289.6
OUT_12323,163.59
OUT_12324,470.87
OUT_12325,566.17
OUT_12326,142.71
OUT_12327,2324.47
OUT_12328,406.13
OUT_12329,129.12
OUT_12330,157.44
OUT_12331,2712.14
OUT_12332,461.07
OUT_12333,501.51
OUT_12334,6439.74
OUT_12335,473.5
OUT_12336,172.81
OUT_12337,140.54
OUT_12338,562.64
OUT_12339,121.14
OUT_12340,489.35
OUT_12341,137.15
OUT_12342,177.61
OUT_12343,2152.6
OUT_12344,498.59
OUT_12345,5481.95
OUT_12346,2019.84
OUT_12347,490.1
OUT_12348,5709.41
OUT_12349,459.82
OUT_12350,106.63
OUT_12351,159.27
OUT_12352,144.2
OUT_12353,119.83
OUT_12354,144.59
OUT_12355,518.73
OUT_12356,140.22
OUT_12357,155.44
OUT_12358,150.35
OUT_12359,129.93
OUT_12360,1781.24
OUT_12361,154.94
OUT_12362,122.91
OUT_12363,140.56
OUT_12364,172.96
OUT_12365,148.45
OUT_12366,146.63
OUT_12367,495.14
OUT_12368,5784.38
OUT_12369,2105.27
OUT_12370,572.54
OUT_12371,2015.1
OUT_12372,5589.83
OUT_12373,509.88
OUT_12374,503.07
OUT_12375,517.13
OUT_12376,2516.77
OUT_12377,164.35
OUT_12378,485.73
OUT_12379,153.16
OUT_12380,164.97
OUT_12381,2065.18
OUT_12382,151.17
OUT_12383,141.18
OUT_12384,2181.13
OUT_12385,141.05
OUT_12386,211.5
OUT_12387,522.57
OUT_12388,1951.89
OUT_12389,455.66
OUT_12390,106.12
OUT_12391,499.15
OUT_12392,152.04
OUT_12393,454.36
OUT_12394,2097.64
OUT_12395,151.3
OUT_12396,2056.51
OUT_12397,148.22
OUT_12398,5538.69
OUT_12399,496.41
OUT_12400,5503.17
OUT_12401,2165.95
OUT_12402,517.41
OUT_12403,167.29
OUT_12404,188.54
OUT_12405,230.16
OUT_12406,529.05
OUT_12407,127.47
OUT_12408,215.68
OUT_12409,523.56
OUT_12410,492.31
OUT_12411,144.82
OUT_12412,529.58
OUT_12413,474.31
OUT_12414,2050.97
OUT_12415,565.23
OUT_12416,523.24
OUT_12417,2404.74
OUT_12418,501.79
OUT_12419,144.14
OUT_12420,440.5
OUT_12421,478.76
OUT_12422,135.5
OUT_12423,458.15
OUT_12424,2098.37
OUT_12425,5982.96
OUT_12426,135.82
OUT_12427,132.72
OUT_12428,141.03
OUT_12429,559.75
OUT_12430,481.53
OUT_12431,306.4
OUT_12432,178.03
OUT_12433,170.8
OUT_12434,468.11
OUT_12435,510.81
OUT_12436,2136.2
OUT_12437,158.5
OUT_12438,123.45
OUT_12439,137.37
OUT_12440,3287.71
OUT_12441,138.34
OUT_12442,458.6
OUT_12443,336.35
OUT_12444,2364.99
OUT_12445,5180.76
OUT_12446,458.11
OUT_12447,156.23
OUT_12448,556.96
OUT_12449,125.45
OUT_12450,475.94
OUT_12451,159.23
OUT_12452,154.32
OUT_12453,142.27
OUT_12454,158.22
OUT_12455,213.5
OUT_12456,2015.08
OUT_12457,120.84
OUT_12458,146.8
OUT_12459,522.93
OUT_12460,2442.06
OUT_12461,168.48
OUT_12462,318.4
OUT_12463,2072.17
OUT_12464,539.38
OUT_12465,148.63
OUT_12466,137.76
OUT_12467,148.64
OUT_12468,165.79
OUT_12469,2283.82
OUT_12470,462.81
OUT_12471,171.09
OUT_12472,141.08
OUT_12473,477.02
OUT_12474,198.48
OUT_12475,134.07
OUT_12476,517.86
OUT_12477,145.46
OUT_12478,127.62
OUT_12479,529.87
OUT_12480,2048.17
OUT_12481,131.26
OUT_12482,2556.39
OUT_12483,2244.21
OUT_12484,5649.46
OUT_12485,2194.58
OUT_12486,116.09
OUT_12487,136.77
OUT_12488,2470.61
OUT_12489,158.43
OUT_12490,245.56
OUT_12491,134.71
OUT_12492,5238.68
OUT_12493,168.67
OUT_12494,5188.66
OUT_12495,478.97
OUT_12496,491.09
OUT_12497,117.93
OUT_12498,492.19
OUT_12499,148.95
OUT_12500,168.85
OUT_12501,453.56
OUT_12502,2459.96
OUT_12503,550.51
OUT_12504,138.7
OUT_12505,144.69
OUT_12506,241.09
OUT_12507,1998.26
OUT_12508,499.42
OUT_12509,1986.99
OUT_12510,210.82
OUT_12511,249.83
OUT_12512,558.77
OUT_12513,443.23
OUT_12514,6706.17
OUT_12515,469.95
OUT_12516,140.36
OUT_12517,211.12
OUT_12518,2214.72
OUT_12519,129.37
OUT_12520,154.0
OUT_12521,285.24
OUT_12522,2174.39
OUT_12523,567.05
OUT_12524,145.26
OUT_12525,140.66
OUT_12526,150.55
OUT_12527,122.49
OUT_12528,177.46
OUT_12529,1966.97
OUT_12530,2314.12
OUT_12531,2069.36
OUT_12532,168.48
OUT_12533,201.11
OUT_12534,243.91
OUT_12535,187.91
OUT_12536,1816.14
OUT_12537,122.0
OUT_12538,483.23
OUT_12539,194.93
OUT_12540,120.7
OUT_12541,122.13
OUT_12542,457.23
OUT_12543,153.05
OUT_12544,511.23
OUT_12545,146.51
OUT_12546,150.31
OUT_12547,166.17
OUT_12548,161.95
OUT_12549,351.35
OUT_12550,144.75
OUT_12551,140.77
OUT_12552,1914.36
OUT_12553,416.26
OUT_12554,148.52
OUT_12555,150.32
OUT_12556,125.33
OUT_12557,131.44
OUT_12558,107.57
OUT_12559,132.25
OUT_12560,102.04
OUT_12561,4922.84
OUT_12562,2195.98
OUT_12563,1897.08
OUT_12564,486.17
OUT_12566,139.43
OUT_12567,179.68
OUT_12568,228.75
OUT_12569,2478.13
OUT_12570,559.36
OUT_12571,141.42
OUT_12572,2044.93
OUT_12573,152.31
OUT_12574,185.71
OUT_12575,539.64
OUT_12576,139.85
OUT_12577,144.22
OUT_12578,516.57
OUT_12579,600.54
OUT_12580,1728.25
OUT_12581,2296.22
OUT_12582,1796.38
OUT_12583,149.41
OUT_12584,116.59
OUT_12585,105.3
OUT_12586,158.25
OUT_12587,2507.3
OUT_12588,6146.28
OUT_12589,159.3
OUT_12590,172.18
OUT_12591,438.45
OUT_12592,4771.88
OUT_12593,619.2
OUT_12594,2523.76
OUT_12595,448.87
OUT_12596,2542.92
OUT_12597,165.15
OUT_12598,2174.82
OUT_12599,278.37
OUT_12600,395.21
OUT_12601,127.07
OUT_12602,246.69
OUT_12603,2024.15
OUT_12604,439.53
OUT_12605,456.0
OUT_12606,508.04
OUT_12607,570.68
OUT_12608,166.68
OUT_12609,145.55
OUT_12610,203.06
OUT_12611,437.96
OUT_12612,136.93
OUT_12613,170.03
OUT_12614,141.48
OUT_12615,567.61
OUT_12616,216.23
OUT_12617,133.73
OUT_12618,542.99
OUT_12619,135.0
OUT_12620,154.5
OUT_12621,2239.88
OUT_12622,238.15
OUT_12623,2080.92
OUT_12624,5354.18
OUT_12625,5926.2
OUT_12626,192.75
OUT_12627,146.8
OUT_12628,421.05
OUT_12629,2212.04
OUT_12630,541.08
OUT_12631,226.75
OUT_12632,2136.94
OUT_12633,200.61
OUT_12634,216.22
OUT_12635,523.41
OUT_12636,148.41
OUT_12637,118.88
OUT_12638,5058.27
OUT_12639,147.25
OUT_12640,140.32
OUT_12641,1982.85
OUT_12642,5240.74
OUT_12643,445.71
OUT_12644,505.77
OUT_12645,134.87
OUT_12646,297.69
OUT_12647,199.42
OUT_12648,207.62
OUT_12649,138.43
OUT_12650,249.08
OUT_12651,133.18
OUT_12652,480.9
OUT_12653,459.75
OUT_12654,2177.54
OUT_12655,206.32
OUT_12656,129.03
OUT_12657,351.6
OUT_12658,5650.28
OUT_12659,144.3
OUT_12660,499.3
OUT_12661,174.14
OUT_12662,153.58
OUT_12663,266.09
OUT_12664,370.7
OUT_12665,191.41
OUT_12666,2419.79
OUT_12667,225.68
OUT_12668,385.57
OUT_12669,141.11
OUT_12670,416.75
OUT_12671,213.03
OUT_12672,2594.83
OUT_12673,171.32
OUT_12674,167.6
OUT_12675,5918.81
OUT_12676,139.1
OUT_12677,393.02
OUT_12678,501.85
OUT_12679,169.48
OUT_12680,225.4
OUT_12681,141.43
OUT_12682,2230.25
OUT_12683,4969.41
OUT_12684,244.49
OUT_12685,138.0
OUT_12686,134.79
OUT_12687,173.28
OUT_12688,132.05
OUT_12689,520.83
OUT_12690,471.47
OUT_12691,5419.95
OUT_12692,490.04
OUT_12693,459.67
OUT_12694,157.8
OUT_12695,152.35
OUT_12696,140.13
OUT_12697,2751.56
OUT_12698,470.79
OUT_12699,192.89
OUT_12700,174.64
OUT_12701,163.21
OUT_12702,2326.8
OUT_12703,155.57
OUT_12704,2182.29
OUT_12705,2181.88
OUT_12706,479.7
OUT_12707,524.11
OUT_12708,135.74
OUT_12709,459.77
OUT_12710,200.0
OUT_12711,160.88
OUT_12712,509.8
OUT_12713,306.69
OUT_12714,460.73
OUT_12715,133.35
OUT_12716,481.16
OUT_12717,503.15
OUT_12718,152.12
OUT_12719,522.22
OUT_12720,131.49
OUT_12721,119.37
OUT_12722,749.56
OUT_12723,219.15
OUT_12724,115.76
OUT_12725,157.25
OUT_12726,135.08
OUT_12727,160.07
OUT_12728,4939.95
OUT_12729,528.77
OUT_12730,2268.99
OUT_12731,523.61
OUT_12732,153.15
OUT_12733,132.22
OUT_12734,2203.01
OUT_12735,496.85
OUT_12736,117.98
OUT_12737,146.67
OUT_12738,126.8
OUT_12739,139.02
OUT_12740,2463.85
OUT_12741,137.35
OUT_12742,5185.88
OUT_12743,402.24
OUT_12744,522.92
OUT_12745,2049.49
OUT_12746,264.89
OUT_12747,173.9
OUT_12748,136.74
OUT_12749,147.39
OUT_12750,403.56
OUT_12751,215.05
OUT_12752,182.23
OUT_12753,500.38
OUT_12754,2352.25
OUT_12755,531.46
OUT_12756,160.93
OUT_12757,138.85
OUT_12758,197.42
OUT_12759,265.22
OUT_12760,139.73
OUT_12761,135.71
OUT_12762,207.24
OUT_12763,494.37
OUT_12764,204.54
OUT_12765,196.94
OUT_12766,153.87
OUT_12767,158.2
OUT_12768,124.88
OUT_12769,2154.22
OUT_12770,133.18
OUT_12771,121.7
OUT_12772,159.8
OUT_12773,175.22
OUT_12774,144.71
OUT_12775,140.84
OUT_12776,211.23
OUT_12777,452.27
OUT_12778,104.01
OUT_12779,216.81
OUT_12780,177.67
OUT_12781,336.9
OUT_12782,487.54
OUT_12783,2065.76
OUT_12784,460.07
OUT_12785,518.81
OUT_12786,172.68
OUT_12787,136.8
OUT_12788,598.51
OUT_12789,503.08
OUT_12790,492.89
OUT_12791,134.72
OUT_12792,475.01
OUT_12793,462.96
OUT_12794,247.0
OUT_12795,146.57
OUT_12796,149.06
OUT_12797,189.85
OUT_12798,182.05
OUT_12799,154.11
OUT_12800,110.46
OUT_12801,547.44
OUT_12802,210.75
OUT_12803,127.74
OUT_12804,2049.0
OUT_12805,254.31
OUT_12806,513.0
OUT_12807,2418.53
OUT_12808,139.81
OUT_12809,409.01
OUT_12810,500.54
OUT_12811,520.69
OUT_12812,151.27
OUT_12813,469.44
OUT_12814,638.58
OUT_12815,2247.72
OUT_12816,435.07
OUT_12817,412.33
OUT_12818,147.31
OUT_12819,154.75
OUT_12820,2114.46
OUT_12821,477.04
OUT_12822,219.76
OUT_12823,139.56
OUT_12824,158.17
OUT_12825,128.24
OUT_12826,137.0
OUT_12827,143.92
OUT_12828,151.99
OUT_12829,177.09
OUT_12830,280.64
OUT_12831,121.35
OUT_12832,465.51
OUT_12833,404.74
OUT_12834,6142.44
OUT_12835,159.43
OUT_12836,479.48
OUT_12837,149.39
OUT_12838,123.73
OUT_12839,136.66
OUT_12840,116.43
OUT_12841,129.11
OUT_12842,2052.34
OUT_12843,468.33
OUT_12844,406.41
OUT_12845,520.99
OUT_12846,197.24
OUT_12847,192.14
OUT_12848,5808.55
OUT_12849,562.78
OUT_12850,277.86
OUT_12851,547.26
OUT_12852,135.23
OUT_12853,173.36
OUT_12854,122.11
OUT_12855,5565.81
OUT_12856,231.5
OUT_12857,2437.77
OUT_12858,142.54
OUT_12859,168.08
OUT_12860,132.1
OUT_12861,505.98
OUT_12862,548.42
OUT_12863,2491.22
OUT_12864,121.31
OUT_12865,5852.22
OUT_12866,145.59
OUT_12867,498.83
OUT_12868,198.22
OUT_12869,152.92
OUT_12870,138.55
OUT_12871,145.15
OUT_12872,132.27
OUT_12873,6016.04
OUT_12874,5117.97
OUT_12875,2451.11
OUT_12876,457.18
OUT_12877,121.05
OUT_12878,175.29
OUT_12879,485.7
OUT_12880,158.85
OUT_12881,395.36
OUT_12882,5707.96
OUT_12883,468.02
OUT_12884,246.15
OUT_12885,474.63
OUT_12886,505.36
OUT_12887,262.67
OUT_12888,144.09
OUT_12889,493.12
OUT_12890,5703.23
OUT_12891,468.12
OUT_12892,391.53
OUT_12893,164.41
OUT_12894,156.81
OUT_12895,152.0
OUT_12896,508.85
OUT_12897,129.76
OUT_12898,126.22
OUT_12899,138.88
OUT_12900,1783.52
OUT_12901,130.96
OUT_12902,173.15
OUT_12903,147.17
OUT_12904,530.99
OUT_12905,2113.5
OUT_12906,2404.0
OUT_12907,2010.02
OUT_12908,134.82
OUT_12909,526.85
OUT_12910,182.4
OUT_12911,2174.47
OUT_12912,136.88
OUT_12913,548.62
OUT_12914,204.48
OUT_12915,461.91
OUT_12916,215.82
OUT_12917,127.25
OUT_12918,430.37
OUT_12919,142.07
OUT_12920,130.1
OUT_12921,611.36
OUT_12922,146.88
OUT_12923,2226.55
OUT_12924,556.71
OUT_12925,486.01
OUT_12926,2476.01
OUT_12927,163.37
OUT_12928,157.84
OUT_12929,133.25
OUT_12930,485.23
OUT_12931,127.03
OUT_12932,6083.44
OUT_12933,482.97
OUT_12934,442.73
OUT_12935,2282.53
OUT_12936,129.79
OUT_12937,146.11
OUT_12938,225.04
OUT_12939,6176.49
OUT_12940,143.39
OUT_12941,2150.43
OUT_12942,535.25
OUT_12943,158.76
OUT_12944,463.8
OUT_12945,519.72
OUT_12946,528.27
OUT_12947,151.65
OUT_12948,121.06
OUT_12949,2461.61
OUT_12950,520.01
OUT_12951,562.09
OUT_12952,214.29
OUT_12953,2397.25
OUT_12954,158.11
OUT_12955,128.16
OUT_12956,130.0
OUT_12957,164.49
OUT_12958,362.42
OUT_12959,135.7
OUT_12960,555.07
OUT_12961,2289.09
OUT_12962,154.16
OUT_12963,540.42
OUT_12964,151.19
OUT_12965,2887.68
OUT_12966,125.78
OUT_12967,174.88
OUT_12968,147.45
OUT_12969,4848.42
OUT_12970,526.63
OUT_12971,2286.06
OUT_12972,487.6
OUT_12973,205.22
OUT_12974,5464.39
OUT_12975,187.27
OUT_12976,2099.23
OUT_12977,2233.29
OUT_12978,4942.93
OUT_12979,451.97
OUT_12980,206.89
OUT_12981,129.85
OUT_12982,428.73
OUT_12983,149.34
OUT_12984,159.57
OUT_12985,2123.27
OUT_12986,2002.8
OUT_12987,5997.2
OUT_12988,134.6
OUT_12989,118.4
OUT_12990,507.23
OUT_12991,2303.51
OUT_12992,431.5
OUT_12993,2438.28
OUT_12994,455.11
OUT_12995,163.49
OUT_12996,488.71
OUT_12997,715.35
OUT_12998,131.72
OUT_12999,151.79
OUT_13000,434.96
OUT_13001,193.35
OUT_13002,128.72
OUT_13003,140.31
OUT_13004,533.81
OUT_13005,170.77
OUT_13006,159.32
OUT_13007,191.05
OUT_13008,6620.3
OUT_13009,152.68
OUT_13010,2111.49
OUT_13011,166.0
OUT_13012,195.79
OUT_13013,154.39
OUT_13014,290.88
OUT_13015,444.41
OUT_13016,129.43
OUT_13017,2424.32
OUT_13018,538.81
OUT_13019,2511.48
OUT_13020,427.35
OUT_13021,225.93
OUT_13022,139.49
OUT_13023,6405.65
OUT_13024,186.42
OUT_13025,152.71
OUT_13026,2424.75
OUT_13027,532.08
OUT_13028,134.25
OUT_13029,607.16
OUT_13030,176.9
OUT_13031,144.12
OUT_13032,2130.86
OUT_13033,219.95
OUT_13034,145.74
OUT_13035,6026.66
OUT_13036,594.83
OUT_13037,213.73
OUT_13038,157.42
OUT_13039,500.57
OUT_13040,143.03
OUT_13041,136.45
OUT_13042,199.73
OUT_13043,138.76
OUT_13044,448.3
OUT_13045,211.15
OUT_13046,235.79
OUT_13047,154.97
OUT_13048,140.17
OUT_13049,146.95
OUT_13050,163.37
OUT_13051,173.69
OUT_13052,2266.52
OUT_13053,540.13
OUT_13054,123.03
OUT_13055,6188.87
OUT_13056,491.1
OUT_13057,2607.65
OUT_13058,144.18
OUT_13059,149.59
OUT_13060,120.7
OUT_13061,171.92
OUT_13062,154.63
OUT_13063,2292.31
OUT_13064,142.71
OUT_13065,143.77
OUT_13066,518.68
OUT_13067,224.77
OUT_13068,159.07
OUT_13069,140.15
OUT_13070,158.56
OUT_13071,237.66
OUT_13072,2203.87
OUT_13073,133.75
OUT_13074,142.91
OUT_13075,561.79
OUT_13076,499.23
OUT_13077,295.54
OUT_13078,149.27
OUT_13079,166.04
OUT_13080,167.61
OUT_13081,147.62
OUT_13082,159.15
OUT_13083,141.33
OUT_13084,162.39
OUT_13085,150.73
OUT_13086,195.1
OUT_13087,143.55
OUT_13088,2182.76
OUT_13089,255.95
OUT_13090,144.2
OUT_13091,514.37
OUT_13092,503.18
OUT_13093,503.23
OUT_13094,221.16
OUT_13095,522.46
OUT_13096,525.26
OUT_13097,2214.08
OUT_13098,274.54
OUT_13099,145.29
OUT_13100,193.2
OUT_13101,397.03
OUT_13102,160.58
OUT_13103,150.19
OUT_13104,519.6
OUT_13105,2757.98
OUT_13106,151.27
OUT_13107,203.52
OUT_13108,206.07
OUT_13109,576.82
OUT_13110,157.08
OUT_13111,506.21
OUT_13112,122.72
OUT_13113,6313.34
OUT_13114,217.75
OUT_13115,133.87
OUT_13116,522.14
OUT_13117,182.77
OUT_13118,6166.85
OUT_13119,439.23
OUT_13120,527.27
OUT_13121,140.9
OUT_13122,181.16
OUT_13123,151.17
OUT_13124,167.57
OUT_13125,465.92
OUT_13126,153.93
OUT_13127,146.56
OUT_13128,2193.4
OUT_13129,529.14
OUT_13130,545.73
OUT_13131,166.13
OUT_13132,154.55
OUT_13133,154.11
OUT_13134,143.06
OUT_13135,2252.81
OUT_13136,142.67
OUT_13137,165.22
OUT_13138,145.74
OUT_13139,143.16
OUT_13140,9081.97
OUT_13141,539.92
OUT_13142,135.22
OUT_13143,158.58
OUT_13144,1864.83
OUT_13145,121.32
OUT_13146,147.0
OUT_13147,204.56
OUT_13148,525.72
OUT_13149,2223.71
OUT_13150,522.45
OUT_13151,479.76
OUT_13152,468.53
OUT_13153,538.45
OUT_13154,150.66
OUT_13155,121.03
OUT_13156,174.63
OUT_13157,396.27
OUT_13158,2390.1
OUT_13159,133.52
OUT_13160,141.77
OUT_13161,174.14
OUT_13162,157.61
OUT_13163,168.87
OUT_13164,154.21
OUT_13165,490.69
OUT_13166,143.17
OUT_13167,498.05
OUT_13168,2519.12
OUT_13169,147.06
OUT_13170,473.95
OUT_13171,485.91
OUT_13172,494.65
OUT_13173,2242.8
OUT_13174,200.93
OUT_13175,132.03
OUT_13176,152.22
OUT_13177,529.56
OUT_13178,143.73
OUT_13179,144.86
OUT_13180,561.33
OUT_13181,153.58
OUT_13182,191.31
OUT_13183,149.55
OUT_13184,519.58
OUT_13185,395.24
OUT_13186,489.97
OUT_13187,147.76
OUT_13188,513.4
OUT_13189,521.88
OUT_13190,145.44
OUT_13191,158.93
OUT_13192,175.09
OUT_13193,127.84
OUT_13194,518.34
OUT_13195,164.95
OUT_13196,188.8
OUT_13197,143.58
OUT_13198,443.08
OUT_13199,179.34
OUT_13200,157.32
OUT_13201,476.82
OUT_13202,148.13
OUT_13203,530.73
OUT_13204,146.89
OUT_13205,146.43
OUT_13206,2236.78
OUT_13207,132.6
OUT_13208,287.61
OUT_13209,150.77
OUT_13210,575.49
OUT_13211,188.59
OUT_13212,158.74
OUT_13213,496.56
OUT_13214,116.33
OUT_13215,133.91
OUT_13216,150.21
OUT_13217,132.68
OUT_13218,144.27
OUT_13219,151.85
OUT_13220,2423.0
OUT_13221,231.03
OUT_13222,162.78
OUT_13223,530.71
OUT_13224,145.38
OUT_13225,151.89
OUT_13226,160.0
OUT_13227,452.12
OUT_13228,2126.73
OUT_13229,208.42
OUT_13230,5444.54
OUT_13231,2242.28
OUT_13232,6126.45
OUT_13233,137.05
OUT_13234,5825.07
OUT_13235,147.94
OUT_13236,129.14
OUT_13237,5856.36
OUT_13238,2062.71
OUT_13239,121.71
OUT_13240,5143.66
OUT_13241,527.92
OUT_13242,202.04
OUT_13243,429.53
OUT_13244,150.97
OUT_13245,178.95
OUT_13246,509.81
OUT_13247,158.91
OUT_13248,118.17
OUT_13249,203.79
OUT_13250,273.96
OUT_13251,142.85
OUT_13252,1969.62
OUT_13253,119.07
OUT_13254,5071.8
OUT_13255,142.98
OUT_13256,2186.85
OUT_13257,186.77
OUT_13258,504.36
OUT_13259,148.62
OUT_13260,145.3
OUT_13261,154.97
OUT_13262,199.62
OUT_13263,138.42
OUT_13264,516.23
OUT_13265,183.88
OUT_13266,6436.37
OUT_13267,143.49
OUT_13268,130.02
OUT_13269,2196.11
OUT_13270,2458.64
OUT_13271,2159.3
OUT_13272,2295.15
OUT_13273,139.86
OUT_13274,162.23
OUT_13275,145.9
OUT_13276,300.37
OUT_13277,456.83
OUT_13278,143.86
OUT_13279,422.79
OUT_13280,475.58
OUT_13281,2318.82
OUT_13282,140.66
OUT_13283,180.75
OUT_13284,2250.67
OUT_13285,2457.3
OUT_13286,536.61
OUT_13287,147.27
OUT_13288,2351.49
OUT_13289,1923.54
OUT_13290,162.56
OUT_13291,145.96
OUT_13292,500.44
OUT_13293,522.04
OUT_13294,503.71
OUT_13295,145.66
OUT_13296,5657.86
OUT_13297,510.91
OUT_13298,516.05
OUT_13299,146.56
OUT_13300,148.49
OUT_13301,133.02
OUT_13302,480.04
OUT_13303,501.9
OUT_13304,150.97
OUT_13305,156.47
OUT_13306,141.1
OUT_13307,143.6
OUT_13308,128.96
OUT_13309,548.98
OUT_13310,140.49
OUT_13311,570.52
OUT_13312,181.83
OUT_13313,150.47
OUT_13314,5143.85
OUT_13315,166.52
OUT_13316,136.43
OUT_13317,176.22
OUT_13318,2455.44
OUT_13319,2360.94
OUT_13320,2158.98
OUT_13321,224.54
OUT_13322,153.95
OUT_13323,157.59
OUT_13324,563.08
OUT_13325,169.82
OUT_13326,131.03
OUT_13328,149.01
OUT_13329,165.44
OUT_13330,149.55
OUT_13331,163.93
OUT_13332,140.47
OUT_13333,5061.15
OUT_13334,535.9
OUT_13335,5843.34
OUT_13336,145.48
OUT_13337,139.36
OUT_13338,2707.3
OUT_13339,2072.35
OUT_13340,142.09
OUT_13341,170.43
OUT_13342,240.47
OUT_13343,2313.81
OUT_13344,144.93
OUT_13345,202.19
OUT_13346,117.87
OUT_13347,6181.77
OUT_13348,193.37
OUT_13349,156.69
OUT_13350,2432.74
OUT_13351,551.92
OUT_13352,536.14
OUT_13353,454.16
OUT_13354,183.6
OUT_13355,536.44
OUT_13356,155.8
OUT_13357,133.27
OUT_13358,143.47
OUT_13359,148.92
OUT_13360,533.93
OUT_13361,161.21
OUT_13362,148.21
OUT_13363,166.36
OUT_13364,549.57
OUT_13365,145.72
OUT_13366,545.81
OUT_13367,194.44
OUT_13368,476.5
OUT_13369,524.13
OUT_13370,2228.88
OUT_13371,174.03
OUT_13372,248.7
OUT_13373,152.64
OUT_13374,133.79
OUT_13375,138.0
OUT_13376,490.35
OUT_13377,506.71
OUT_13378,108.5
OUT_13379,6467.7
OUT_13380,498.6
OUT_13381,144.15
OUT_13382,293.93
OUT_13383,207.34
OUT_13384,591.08
OUT_13385,503.06
OUT_13386,139.92
OUT_13387,582.86
OUT_13388,497.48
OUT_13389,570.3
OUT_13390,2323.5
OUT_13391,505.23
OUT_13392,2340.28
OUT_13393,151.87
OUT_13394,147.87
OUT_13395,2077.38
OUT_13396,167.3
OUT_13397,236.27
OUT_13398,140.55
OUT_13399,179.34
OUT_13400,177.1
OUT_13401,532.43
OUT_13402,495.12
OUT_13403,5727.5
OUT_13404,142.13
OUT_13405,541.9
OUT_13406,148.78
OUT_13407,149.13
OUT_13408,150.98
OUT_13409,541.98
OUT_13410,2581.86
OUT_13411,186.19
OUT_13412,5804.46
OUT_13413,542.52
OUT_13414,2252.41
OUT_13415,114.91
OUT_13416,465.9
OUT_13417,2168.28
OUT_13418,159.82
OUT_13419,209.67
OUT_13420,142.27
OUT_13421,157.24
OUT_13422,140.66
OUT_13423,173.59
OUT_13424,149.64
OUT_13425,155.11
OUT_13426,149.31
OUT_13427,175.62
OUT_13428,151.36
OUT_13429,209.27
OUT_13430,2124.67
OUT_13431,147.27
OUT_13432,131.38
OUT_13433,247.59
OUT_13434,164.53
OUT_13435,131.18
OUT_13436,133.14
OUT_13437,333.3
OUT_13438,202.61
OUT_13439,141.35
OUT_13440,2333.69
OUT_13441,205.77
OUT_13442,2070.47
OUT_13443,510.31
OUT_13444,158.61
OUT_13445,112.76
OUT_13446,2103.7
OUT_13447,415.42
OUT_13448,2514.13
OUT_13449,141.13
OUT_13450,527.88
OUT_13451,131.35
OUT_13452,172.81
OUT_13453,2537.01
OUT_13454,152.18
OUT_13455,576.25
OUT_13456,214.3
OUT_13457,525.68
OUT_13458,2565.91
OUT_13459,166.15
OUT_13460,162.17
OUT_13461,123.64
OUT_13462,517.43
OUT_13463,159.69
OUT_13464,527.86
OUT_13465,148.6
OUT_13466,131.2
OUT_13467,138.32
OUT_13468,2356.62
OUT_13469,2135.87
OUT_13470,560.82
OUT_13471,247.16
OUT_13472,493.39
OUT_13473,190.41
OUT_13474,152.5
OUT_13475,246.01
OUT_13476,444.01
OUT_13477,2048.9
OUT_13478,465.99
OUT_13479,147.69
OUT_13480,179.37
OUT_13481,4375.51
OUT_13482,497.8
OUT_13483,129.5
OUT_13484,431.85
OUT_13485,2548.99
OUT_13486,161.58
OUT_13487,138.6
OUT_13488,549.19
OUT_13489,539.59
OUT_13490,476.48
OUT_13491,211.78
OUT_13492,125.17
OUT_13493,137.34
OUT_13494,123.92
OUT_13495,146.73
OUT_13496,2354.26
OUT_13497,124.33
OUT_13498,443.88
OUT_13499,545.38
OUT_13500,534.6
OUT_13501,559.1
OUT_13502,142.04
OUT_13503,169.65
OUT_13504,2192.94
OUT_13505,2204.23
OUT_13506,2516.11
OUT_13507,508.79
OUT_13508,114.67
OUT_13509,531.14
OUT_13510,294.9
OUT_13511,169.48
OUT_13512,148.48
OUT_13513,121.4
OUT_13514,5020.2
OUT_13515,496.06
OUT_13516,2582.03
OUT_13517,493.68
OUT_13518,165.84
OUT_13519,135.41
OUT_13520,2363.58
OUT_13521,119.04
OUT_13522,2407.89
OUT_13523,224.4
OUT_13524,500.47
OUT_13525,145.73
OUT_13526,2210.71
OUT_13527,2003.87
OUT_13528,132.54
OUT_13529,158.01
OUT_13530,2353.0
OUT_13531,532.17
OUT_13532,177.39
OUT_13533,466.8
OUT_13534,5728.14
OUT_13535,151.35
OUT_13536,2035.42
OUT_13537,154.74
OUT_13538,186.77
OUT_13539,542.52
OUT_13540,5868.38
OUT_13541,207.29
OUT_13542,111.03
OUT_13543,487.57
OUT_13544,469.15
OUT_13545,582.5
OUT_13546,545.49
OUT_13547,558.62
OUT_13548,271.45
OUT_13549,512.97
OUT_13550,214.16
OUT_13551,469.75
OUT_13552,144.6
OUT_13553,135.0
OUT_13554,539.29
OUT_13555,132.87
OUT_13556,2679.87
OUT_13557,133.69
OUT_13558,147.24
OUT_13559,213.21
OUT_13560,6204.48
OUT_13561,118.14
OUT_13562,2472.53
OUT_13563,2365.0
OUT_13564,184.03
OUT_13565,165.21
OUT_13566,163.37
OUT_13568,426.87
OUT_13569,145.95
OUT_13570,190.79
OUT_13571,136.28
OUT_13572,151.35
OUT_13573,182.65
OUT_13574,2264.18
OUT_13575,2329.47
OUT_13576,126.41
OUT_13577,149.35
OUT_13578,169.83
OUT_13579,2367.98
OUT_13580,581.38
OUT_13581,132.7
OUT_13582,489.92
OUT_13583,192.1
OUT_13584,173.95
OUT_13585,180.18
OUT_13586,151.81
OUT_13587,156.52
OUT_13588,142.37
OUT_13589,146.95
OUT_13590,521.28
OUT_13591,154.69
OUT_13592,499.41
OUT_13593,165.68
OUT_13594,164.22
OUT_13595,2169.46
OUT_13596,2285.6
OUT_13597,156.16
OUT_13598,434.31
OUT_13599,5496.29
OUT_13600,146.15
OUT_13601,141.95
OUT_13602,517.15
OUT_13603,2056.99
OUT_13604,144.91
OUT_13605,481.06
OUT_13606,153.44
OUT_13607,562.47
OUT_13608,879.82
OUT_13609,162.06
OUT_13610,141.84
OUT_13611,2112.62
OUT_13612,135.63
OUT_13613,6258.15
OUT_13614,475.46
OUT_13615,203.94
OUT_13616,108.55
OUT_13617,492.61
OUT_13618,4932.83
OUT_13619,851.45
OUT_13620,2355.63
OUT_13621,142.35
OUT_13622,419.52
OUT_13623,607.39
OUT_13624,578.48
OUT_13625,504.97
OUT_13626,492.71
OUT_13627,420.94
OUT_13628,155.59
OUT_13629,155.55
OUT_13630,203.65
OUT_13631,534.33
OUT_13632,145.03
OUT_13633,496.93
OUT_13634,2191.73
OUT_13635,162.56
OUT_13636,208.71
OUT_13637,166.91
OUT_13638,537.32
OUT_13639,5976.54
OUT_13640,441.1
OUT_13641,506.27
OUT_13642,2072.92
OUT_13643,265.39
OUT_13644,2529.04
OUT_13645,2103.51
OUT_13646,146.49
OUT_13647,5533.71
OUT_13648,5833.82
OUT_13649,2121.09
OUT_13650,181.65
OUT_13651,524.53
OUT_13652,183.55
OUT_13653,151.83
OUT_13654,496.63
OUT_13655,175.21
OUT_13656,148.17
OUT_13657,532.43
OUT_13658,146.4
OUT_13659,169.85
OUT_13660,529.03
OUT_13661,136.97
OUT_13662,532.08
OUT_13663,459.33
OUT_13664,1790.35
OUT_13665,5649.21
OUT_13666,165.56
OUT_13667,159.11
OUT_13668,436.72
OUT_13669,134.08
OUT_13670,2036.41
OUT_13671,516.11
OUT_13672,524.06
OUT_13673,198.52
OUT_13674,191.38
OUT_13675,317.41
OUT_13676,149.51
OUT_13677,2227.53
OUT_13678,2450.22
OUT_13679,174.5
OUT_13680,244.69
OUT_13681,162.45
OUT_13682,177.38
OUT_13683,433.07
OUT_13684,515.98
OUT_13685,197.61
OUT_13686,138.08
OUT_13687,449.79
OUT_13688,141.22
OUT_13689,141.72
OUT_13690,166.15
OUT_13691,555.4
OUT_13692,272.4
OUT_13693,439.55
OUT_13694,5857.75
OUT_13695,201.79
OUT_13696,466.22
OUT_13697,527.88
OUT_13698,195.51
OUT_13699,475.27
OUT_13700,212.95
OUT_13701,199.72
OUT_13702,412.19
OUT_13703,196.47
OUT_13704,151.37
OUT_13705,173.66
OUT_13706,142.88
OUT_13707,188.04
OUT_13708,122.99
OUT_13709,182.26
OUT_13710,158.23
OUT_13711,152.16
OUT_13712,185.48
OUT_13713,243.56
OUT_13714,124.33
OUT_13715,2491.45
OUT_13716,2337.11
OUT_13717,516.75
OUT_13718,2526.17
OUT_13719,493.53
OUT_13720,127.06
OUT_13721,477.25
OUT_13722,499.56
OUT_13723,469.19
OUT_13724,153.45
OUT_13725,157.0
OUT_13726,523.32
OUT_13727,143.95
OUT_13728,124.14
OUT_13729,119.07
OUT_13730,131.48
OUT_13731,152.84
OUT_13732,508.24
OUT_13733,128.13
OUT_13734,2182.73
OUT_13735,157.34
OUT_13736,2105.37
OUT_13737,1906.18
OUT_13738,147.49
OUT_13739,141.46
OUT_13740,188.42
OUT_13741,150.78
OUT_13742,2299.72
OUT_13743,119.46
OUT_13744,170.73
OUT_13745,142.24
OUT_13746,112.35
OUT_13747,509.58
OUT_13748,150.25
OUT_13749,183.34
OUT_13750,494.8
OUT_13751,134.89
OUT_13752,466.53
OUT_13753,6170.93
OUT_13754,142.99
OUT_13755,439.86
OUT_13756,194.5
OUT_13757,2415.78
OUT_13758,2332.61
OUT_13759,156.4
OUT_13760,501.94
OUT_13761,2260.25
OUT_13762,2161.27
OUT_13763,2484.16
OUT_13764,191.86
OUT_13765,141.21
OUT_13766,138.21
OUT_13767,497.86
OUT_13768,500.04
OUT_13769,121.94
OUT_13770,146.01
OUT_13771,185.91
OUT_13772,195.36
OUT_13773,515.35
OUT_13774,156.41
OUT_13775,244.51
OUT_13776,433.58
OUT_13777,444.88
OUT_13778,145.29
OUT_13779,217.42
OUT_13780,1917.9
OUT_13781,144.87
OUT_13782,222.65
OUT_13783,208.0
OUT_13784,146.62
OUT_13785,155.6
OUT_13786,403.18
OUT_13787,193.47
OUT_13788,132.55
OUT_13789,506.0
OUT_13790,585.15
OUT_13791,2515.23
OUT_13792,160.08
OUT_13793,544.74
OUT_13794,125.94
OUT_13795,160.42
OUT_13796,509.13
OUT_13797,160.8
OUT_13798,151.3
OUT_13799,144.33
OUT_13800,2298.01
OUT_13801,6126.15
OUT_13802,2471.73
OUT_13803,152.59
OUT_13804,217.62
OUT_13805,142.14
OUT_13806,408.11
OUT_13807,542.69
OUT_13808,5018.03
OUT_13809,138.11
OUT_13810,169.88
OUT_13811,516.71
OUT_13812,2389.16
OUT_13813,5052.65
OUT_13814,147.83
OUT_13815,2360.33
OUT_13816,238.11
OUT_13817,557.31
OUT_13818,500.23
OUT_13819,683.91
OUT_13820,173.22
OUT_13821,2234.98
OUT_13822,153.53
OUT_13823,447.7
OUT_13824,264.57
OUT_13825,178.75
OUT_13826,437.72
OUT_13827,481.88
OUT_13828,5926.53
OUT_13829,521.02
OUT_13830,150.88
OUT_13831,564.32
OUT_13832,189.54
OUT_13833,523.49
OUT_13834,525.58
OUT_13835,543.74
OUT_13836,142.77
OUT_13837,136.71
OUT_13838,184.19
OUT_13839,492.15
OUT_13840,492.4
OUT_13841,312.0
OUT_13842,140.58
OUT_13843,565.77
OUT_13844,169.76
OUT_13845,194.87
OUT_13846,219.51
OUT_13847,512.98
OUT_13848,136.95
OUT_13849,183.74
OUT_13850,261.84
OUT_13851,1855.71
OUT_13852,120.88
OUT_13853,146.3
OUT_13854,134.74
OUT_13855,235.56
OUT_13856,130.67
OUT_13857,2280.04
OUT_13858,2092.69
OUT_13859,159.93
OUT_13860,160.38
OUT_13861,211.71
OUT_13862,108.06
OUT_13863,147.77
OUT_13864,134.76
OUT_13865,160.87
OUT_13866,127.32
OUT_13867,168.92
OUT_13868,152.44
OUT_13869,137.65
OUT_13870,161.9
OUT_13871,514.77
OUT_13872,149.04
OUT_13873,505.5
OUT_13874,180.88
OUT_13875,2358.57
OUT_13876,482.68
OUT_13877,2260.26
OUT_13878,500.39
OUT_13879,521.32
OUT_13880,5052.14
OUT_13881,590.47
OUT_13882,158.6
OUT_13883,5604.26
OUT_13884,1990.98
OUT_13885,121.06
OUT_13886,187.18
OUT_13887,191.02
OUT_13888,146.83
OUT_13889,273.55
OUT_13890,182.57
OUT_13891,457.78
OUT_13892,157.17
OUT_13893,168.61
OUT_13894,504.69
OUT_13895,146.24
OUT_13896,475.57
OUT_13897,578.83
OUT_13898,161.89
OUT_13899,143.91
OUT_13900,497.51
OUT_13901,152.16
OUT_13902,521.35
OUT_13903,218.18
OUT_13904,2165.01
OUT_13905,6651.89
OUT_13906,177.08
OUT_13907,549.46
OUT_13908,6659.21
OUT_13909,155.06
OUT_13910,178.57
OUT_13911,141.3
OUT_13912,2408.42
OUT_13913,568.28
OUT_13914,513.51
OUT_13915,519.71
OUT_13916,448.88
OUT_13917,528.27
OUT_13918,537.49
OUT_13919,486.85
OUT_13920,198.17
OUT_13921,5271.08
OUT_13922,164.27
OUT_13923,145.17
OUT_13924,490.59
OUT_13925,2012.35
OUT_13926,502.55
OUT_13927,281.04
OUT_13928,163.36
OUT_13929,146.44
OUT_13930,147.8
OUT_13931,594.51
OUT_13932,797.38
OUT_13933,516.01
OUT_13934,140.09
OUT_13935,550.48
OUT_13936,160.95
OUT_13937,2275.28
OUT_13938,499.66
OUT_13939,177.61
OUT_13940,511.39
OUT_13941,158.55
OUT_13942,136.18
OUT_13943,2601.11
OUT_13944,2464.48
OUT_13945,164.11
OUT_13946,487.33
OUT_13947,576.06
OUT_13948,160.86
OUT_13949,145.18
OUT_13950,2268.48
OUT_13951,538.24
OUT_13952,156.69
OUT_13953,524.26
OUT_13954,4939.24
OUT_13955,182.06
OUT_13956,2431.87
OUT_13957,130.17
OUT_13958,534.07
OUT_13959,428.39
OUT_13960,137.21
OUT_13961,491.53
OUT_13962,156.39
OUT_13963,2172.54
OUT_13964,144.49
OUT_13965,471.56
OUT_13966,137.29
OUT_13967,150.11
OUT_13968,306.96
OUT_13969,454.74
OUT_13970,2005.02
OUT_13971,205.08
OUT_13972,2198.37
OUT_13973,509.11
OUT_13974,147.44
OUT_13975,2472.43
OUT_13976,212.36
OUT_13977,2359.12
OUT_13978,146.82
OUT_13979,533.61
OUT_13980,484.49
OUT_13981,6667.83
OUT_13982,5671.24
OUT_13983,155.24
OUT_13984,145.31
OUT_13985,237.18
OUT_13986,5976.61
OUT_13987,202.58
OUT_13988,455.2
OUT_13989,174.53
OUT_13990,155.71
OUT_13991,515.46
OUT_13992,2251.99
OUT_13993,153.13
OUT_13994,559.2
OUT_13995,131.85
OUT_13996,5803.21
OUT_13997,144.84
OUT_13999,164.05
OUT_14000,123.81
OUT_14001,140.26
OUT_14002,199.68
OUT_14003,190.72
OUT_14004,314.76
OUT_14005,499.72
OUT_14006,189.62
OUT_14007,474.57
OUT_14008,525.65
OUT_14009,558.9
OUT_14010,153.68
OUT_14011,553.32
OUT_14012,168.93
OUT_14013,153.62
OUT_14014,2245.65
OUT_14015,2345.3
OUT_14016,143.86
OUT_14017,487.91
OUT_14018,144.47
OUT_14019,453.29
OUT_14020,197.85
OUT_14021,544.75
OUT_14022,181.0
OUT_14023,4825.57
OUT_14024,2155.61
OUT_14025,2463.59
OUT_14026,117.53
OUT_14027,170.1
OUT_14028,143.07
OUT_14029,2373.95
OUT_14030,2196.89
OUT_14031,539.37
OUT_14032,2384.45
OUT_14033,2379.68
OUT_14034,6017.8
OUT_14035,144.29
OUT_14036,2123.49
OUT_14037,1866.2
OUT_14038,123.93
OUT_14039,400.72
OUT_14040,540.17
OUT_14041,153.62
OUT_14042,171.99
OUT_14043,279.07
OUT_14044,145.47
OUT_14045,510.7
OUT_14046,181.46
OUT_14047,462.04
OUT_14048,147.42
OUT_14049,154.83
OUT_14050,4528.97
OUT_14051,492.48
OUT_14052,144.41
OUT_14053,197.12
OUT_14054,124.22
OUT_14055,131.78
OUT_14056,522.01
OUT_14057,2352.07
OUT_14058,517.92
OUT_14059,150.94
OUT_14060,532.61
OUT_14061,514.69
OUT_14062,2265.68
OUT_14063,5205.27
OUT_14064,142.87
OUT_14065,2333.88
OUT_14066,157.31
OUT_14067,212.04
OUT_14068,510.1
OUT_14069,203.6
OUT_14070,494.57
OUT_14071,170.31
OUT_14072,489.61
OUT_14073,133.31
OUT_14074,2223.14
OUT_14075,288.0
OUT_14076,2326.75
OUT_14077,248.46
OUT_14078,522.31
OUT_14079,169.04
OUT_14080,481.11
OUT_14081,112.92
OUT_14082,2303.04
OUT_14083,150.65
OUT_14084,114.94
OUT_14085,521.89
OUT_14086,2259.34
OUT_14087,187.6
OUT_14088,492.81
OUT_14089,2130.12
OUT_14090,2254.07
OUT_14091,126.4
OUT_14092,141.37
OUT_14093,5595.32
OUT_14094,181.78
OUT_14095,480.04
OUT_14096,125.0
OUT_14097,147.74
OUT_14098,577.73
OUT_14099,507.82
OUT_14100,178.84
OUT_14101,121.79
OUT_14102,565.26
OUT_14103,172.67
OUT_14104,137.39
OUT_14105,141.79
OUT_14106,482.24
OUT_14107,156.26
OUT_14108,164.96
OUT_14109,2601.84
OUT_14110,576.55
OUT_14111,2309.88
OUT_14112,286.47
OUT_14113,141.56
OUT_14114,2239.87
OUT_14115,152.32
OUT_14116,160.5
OUT_14117,550.93
OUT_14118,5617.41
OUT_14119,467.17
OUT_14120,276.08
OUT_14121,202.21
OUT_14122,154.07
OUT_14123,159.3
OUT_14124,198.09
OUT_14125,143.82
OUT_14126,541.51
OUT_14127,2567.66
OUT_14128,182.63
OUT_14129,138.32
OUT_14130,148.36
OUT_14131,2285.2
OUT_14132,508.35
OUT_14133,2412.25
OUT_14134,153.7
OUT_14135,543.37
OUT_14136,233.88
OUT_14137,196.47
OUT_14138,204.19
OUT_14139,5582.51
OUT_14140,125.56
OUT_14141,252.73
OUT_14142,509.27
OUT_14143,153.8
OUT_14144,492.19
OUT_14145,529.7
OUT_14146,551.95
OUT_14147,409.87
OUT_14148,149.02
OUT_14149,249.79
OUT_14150,129.72
OUT_14151,173.88
OUT_14152,456.36
OUT_14153,140.67
OUT_14154,563.89
OUT_14155,170.13
OUT_14156,484.72
OUT_14157,116.07
OUT_14158,138.28
OUT_14159,581.89
OUT_14160,202.94
OUT_14161,127.15
OUT_14162,476.08
OUT_14163,133.96
OUT_14164,553.33
OUT_14165,519.54
OUT_14166,501.67
OUT_14167,176.64
OUT_14168,139.89
OUT_14169,486.29
OUT_14170,478.68
OUT_14171,239.41
OUT_14172,474.42
OUT_14173,458.77
OUT_14174,249.0
OUT_14175,2402.16
OUT_14176,194.35
OUT_14177,226.59
OUT_14178,134.38
OUT_14179,443.4
OUT_14180,137.25
OUT_14181,134.08
OUT_14182,551.46
OUT_14183,142.1
OUT_14184,187.32
OUT_14185,145.69
OUT_14186,2469.87
OUT_14187,188.05
OUT_14188,178.71
OUT_14189,503.6
OUT_14190,146.92
OUT_14191,2385.45
OUT_14192,2547.1
OUT_14193,161.9
OUT_14194,173.93
OUT_14195,2207.11
OUT_14196,152.97
OUT_14197,2286.44
OUT_14198,145.31
OUT_14199,154.82
OUT_14200,6267.96
OUT_14201,157.01
OUT_14202,161.07
OUT_14203,433.18
OUT_14204,248.73
OUT_14205,149.59
OUT_14206,161.31
OUT_14207,450.3
OUT_14208,6413.52
OUT_14209,505.42
OUT_14210,534.68
OUT_14211,149.09
OUT_14212,440.23
OUT_14213,133.57
OUT_14214,330.86
OUT_14215,420.17
OUT_14216,144.98
OUT_14217,4301.55
OUT_14218,143.56
OUT_14219,156.05
OUT_14220,156.15
OUT_14221,489.31
OUT_14222,5227.15
OUT_14223,139.67
OUT_14224,177.44
OUT_14225,1672.69
OUT_14226,2489.91
OUT_14227,178.76
OUT_14228,490.74
OUT_14229,542.04
OUT_14230,139.44
OUT_14231,2127.0
OUT_14232,160.36
OUT_14233,517.11
OUT_14234,130.17
OUT_14235,136.04
OUT_14236,445.52
OUT_14237,479.11
OUT_14238,480.3
OUT_14239,182.6
OUT_14240,5670.63
OUT_14241,2563.18
OUT_14242,2320.69
OUT_14243,513.7
OUT_14244,199.62
OUT_14245,146.04
OUT_14246,111.28
OUT_14247,494.15
OUT_14248,499.65
OUT_14249,541.91
OUT_14250,115.32
OUT_14251,2230.64
OUT_14252,471.42
OUT_14253,486.97
OUT_14254,150.55
OUT_14255,132.68
OUT_14256,136.72
OUT_14257,611.68
OUT_14258,474.25
OUT_14259,166.85
OUT_14260,532.38
OUT_14261,177.0
OUT_14262,2135.66
OUT_14263,493.77
OUT_14264,146.84
OUT_14265,573.77
OUT_14266,552.19
OUT_14267,480.16
OUT_14268,507.35
OUT_14269,503.08
OUT_14270,150.2
OUT_14271,512.03
OUT_14272,510.82
OUT_14273,464.51
OUT_14274,5964.02
OUT_14275,488.9
OUT_14276,184.81
OUT_14277,524.09
OUT_14278,137.7
OUT_14279,145.96
OUT_14280,2309.76
OUT_14281,5910.09
OUT_14282,2629.34
OUT_14283,485.04
OUT_14284,163.75
OUT_14285,192.37
OUT_14286,137.73
OUT_14287,581.44
OUT_14288,135.87
OUT_14289,159.64
OUT_14290,440.98
OUT_14291,520.03
OUT_14292,1692.15
OUT_14293,124.2
OUT_14294,5785.04
OUT_14295,209.34
OUT_14296,109.13
OUT_14297,2353.04
OUT_14298,512.34
OUT_14299,542.4
OUT_14300,2217.95
OUT_14301,132.2
OUT_14302,140.81
OUT_14303,522.99
OUT_14304,200.12
OUT_14305,2017.54
OUT_14306,150.68
OUT_14307,151.06
OUT_14308,162.18
OUT_14309,190.26
OUT_14310,454.71
OUT_14311,186.65
OUT_14312,136.79
OUT_14313,152.8
OUT_14314,497.46
OUT_14315,232.44
OUT_14316,586.61
OUT_14317,205.23
OUT_14318,2119.78
OUT_14319,494.04
OUT_14320,147.69
OUT_14321,146.49
OUT_14322,446.41
OUT_14323,2233.41
OUT_14324,166.81
OUT_14325,166.61
OUT_14326,521.43
OUT_14327,225.31
OUT_14328,2241.5
OUT_14329,151.09
OUT_14330,148.16
OUT_14331,182.76
OUT_14332,566.15
OUT_14333,169.89
OUT_14334,2134.55
OUT_14335,266.07
OUT_14336,2545.11
OUT_14337,6019.31
OUT_14338,429.02
OUT_14339,144.71
OUT_14340,596.25
OUT_14341,512.56
OUT_14342,499.54
OUT_14343,584.71
OUT_14344,147.65
OUT_14345,140.68
OUT_14346,2528.3
OUT_14347,145.95
OUT_14348,165.07
OUT_14349,534.26
OUT_14350,1911.1
OUT_14351,2296.5
OUT_14352,2363.71
OUT_14353,115.49
OUT_14354,143.5
OUT_14355,2756.59
OUT_14356,536.15
OUT_14357,2145.68
OUT_14358,175.87
OUT_14359,2639.49
OUT_14360,114.97
OUT_14361,2695.05
OUT_14362,140.41
OUT_14363,535.35
OUT_14364,2234.2
OUT_14365,608.41
OUT_14366,158.81
OUT_14367,5864.62
OUT_14368,540.1
OUT_14369,223.91
OUT_14370,574.27
OUT_14371,153.91
OUT_14372,155.11
OUT_14373,2166.39
OUT_14374,2191.02
OUT_14375,484.42
OUT_14376,2261.21
OUT_14377,133.84
OUT_14378,199.67
OUT_14379,555.05
OUT_14380,499.84
OUT_14381,541.14
OUT_14382,161.09
OUT_14383,528.56
OUT_14384,2397.89
OUT_14385,134.67
OUT_14386,479.72
OUT_14387,137.52
OUT_14388,480.09
OUT_14389,483.48
OUT_14390,467.34
OUT_14391,1914.12
OUT_14392,164.38
OUT_14393,466.37
OUT_14394,163.36
OUT_14395,126.12
OUT_14396,477.03
OUT_14397,176.64
OUT_14398,491.37
OUT_14399,155.48
OUT_14400,136.95
OUT_14401,131.31
OUT_14402,144.97
OUT_14403,251.17
OUT_14404,168.61
OUT_14405,149.87
OUT_14406,154.92
OUT_14407,204.91
OUT_14408,479.85
OUT_14409,115.06
OUT_14410,349.46
OUT_14411,182.25
OUT_14412,145.56
OUT_14413,123.53
OUT_14414,488.12
OUT_14415,2228.89
OUT_14416,143.84
OUT_14417,204.57
OUT_14418,137.17
OUT_14419,160.94
OUT_14420,259.12
OUT_14421,148.96
OUT_14422,267.08
OUT_14423,2604.72
OUT_14424,492.95
OUT_14425,148.74
OUT_14426,148.28
OUT_14427,156.36
OUT_14428,156.14
OUT_14429,2395.62
OUT_14430,501.11
OUT_14431,223.95
OUT_14432,152.48
OUT_14433,2415.11
OUT_14434,187.09
OUT_14435,569.25
OUT_14436,6217.75
OUT_14437,148.33
OUT_14438,2620.09
OUT_14439,156.85
OUT_14440,396.5
OUT_14441,2167.39
OUT_14442,2459.29
OUT_14443,149.22
OUT_14444,548.35
OUT_14445,188.63
OUT_14446,137.25
OUT_14447,135.91
OUT_14448,169.88
OUT_14449,189.3
OUT_14450,2267.75
OUT_14451,444.72
OUT_14452,220.0
OUT_14453,6654.08
OUT_14454,471.79
OUT_14455,115.59
OUT_14456,135.54
OUT_14457,515.89
OUT_14458,559.05
OUT_14459,679.73
OUT_14460,139.2
OUT_14461,513.53
OUT_14463,501.78
OUT_14464,122.86
OUT_14465,165.28
OUT_14466,145.37
OUT_14467,2197.08
OUT_14468,6004.15
OUT_14469,481.02
OUT_14470,493.22
OUT_14471,526.5
OUT_14472,542.29
OUT_14473,151.06
OUT_14474,207.22
OUT_14475,136.69
OUT_14476,2142.7
OUT_14477,149.5
OUT_14478,244.44
OUT_14479,586.39
OUT_14480,212.21
OUT_14481,138.89
OUT_14482,2031.67
OUT_14483,449.75
OUT_14484,138.27
OUT_14485,2399.26
OUT_14486,309.06
OUT_14487,159.34
OUT_14488,484.45
OUT_14489,145.67
OUT_14490,517.62
OUT_14491,180.79
OUT_14492,148.51
OUT_14493,5754.94
OUT_14494,533.73
OUT_14495,417.66
OUT_14496,189.18
OUT_14497,179.22
OUT_14498,149.74
OUT_14499,145.23
OUT_14500,120.85
OUT_14501,267.92
OUT_14502,2296.37
OUT_14503,250.16
OUT_14504,189.06
OUT_14505,2370.85
OUT_14506,132.3
OUT_14507,152.72
OUT_14508,6593.47
OUT_14509,165.21
OUT_14510,514.38
OUT_14511,212.91
OUT_14512,142.53
OUT_14513,2544.37
OUT_14514,5263.95
OUT_14515,480.43
OUT_14516,510.97
OUT_14517,161.06
OUT_14518,478.06
OUT_14519,2462.37
OUT_14520,465.71
OUT_14521,560.73
OUT_14522,508.68
OUT_14523,251.19
OUT_14524,2323.97
OUT_14525,5563.74
OUT_14526,2272.01
OUT_14527,153.13
OUT_14528,209.14
OUT_14529,480.14
OUT_14530,483.88
OUT_14531,577.29
OUT_14532,141.49
OUT_14533,202.05
OUT_14534,191.38
OUT_14535,500.67
OUT_14536,2321.44
OUT_14537,533.67
OUT_14538,453.45
OUT_14539,227.05
OUT_14540,475.61
OUT_14541,160.25
OUT_14542,301.97
OUT_14543,143.62
OUT_14544,147.56
OUT_14545,134.71
OUT_14546,159.98
OUT_14547,5976.49
OUT_14548,177.25
OUT_14549,205.44
OUT_14550,152.45
OUT_14551,6246.15
OUT_14552,165.66
OUT_14553,2112.14
OUT_14554,136.51
OUT_14555,490.49
OUT_14556,1770.75
OUT_14557,536.55
OUT_14558,2375.37
OUT_14559,178.98
OUT_14560,115.43
OUT_14561,615.31
OUT_14562,216.31
OUT_14563,145.54
OUT_14564,585.27
OUT_14565,288.64
OUT_14566,2289.5
OUT_14567,191.25
OUT_14568,770.78
OUT_14569,195.47
OUT_14570,149.45
OUT_14571,496.5
OUT_14572,535.25
OUT_14573,546.21
OUT_14574,134.63
OUT_14575,150.73
OUT_14576,482.3
OUT_14577,2043.6
OUT_14578,160.31
OUT_14579,273.58
OUT_14580,182.92
OUT_14581,144.33
OUT_14582,149.46
OUT_14583,155.67
OUT_14584,2757.9
OUT_14585,143.53
OUT_14586,5566.11
OUT_14587,208.53
OUT_14588,2261.07
OUT_14589,490.8
OUT_14590,523.26
OUT_14591,159.43
OUT_14592,103.2
OUT_14593,153.09
OUT_14594,452.55
OUT_14595,144.36
OUT_14596,168.34
OUT_14597,142.28
OUT_14598,142.42
OUT_14599,150.64
OUT_14600,2401.95
OUT_14601,2329.14
OUT_14602,4872.46
OUT_14603,505.17
OUT_14604,153.07
OUT_14605,161.18
OUT_14606,503.59
OUT_14607,469.04
OUT_14608,2272.8
OUT_14609,147.06
OUT_14610,283.85
OUT_14611,495.91
OUT_14612,2362.18
OUT_14613,422.81
OUT_14614,424.37
OUT_14615,6048.07
OUT_14616,142.43
OUT_14617,150.02
OUT_14618,132.3
OUT_14619,2138.15
OUT_14620,239.87
OUT_14621,144.93
OUT_14622,451.6
OUT_14623,512.44
OUT_14624,152.39
OUT_14625,134.02
OUT_14626,478.53
OUT_14627,143.63
OUT_14628,476.85
OUT_14629,522.57
OUT_14630,6200.04
OUT_14631,1861.18
OUT_14632,172.18
OUT_14633,143.05
OUT_14634,148.02
OUT_14635,2276.01
OUT_14636,513.36
OUT_14637,137.14
OUT_14638,523.72
OUT_14639,565.06
OUT_14640,131.19
OUT_14641,472.38
OUT_14642,155.99
OUT_14643,148.39
OUT_14644,487.84
OUT_14645,2313.16
OUT_14646,145.61
OUT_14647,140.54
OUT_14648,154.5
OUT_14649,501.1
OUT_14650,168.46
OUT_14651,598.51
OUT_14652,170.46
OUT_14653,132.17
OUT_14654,148.63
OUT_14655,136.37
OUT_14656,265.91
OUT_14657,177.47
OUT_14658,165.06
OUT_14659,188.14
OUT_14660,152.59
OUT_14661,140.46
OUT_14662,2421.76
OUT_14663,5374.56
OUT_14664,2194.36
OUT_14665,196.95
OUT_14666,184.24
OUT_14667,153.0
OUT_14668,140.17
OUT_14669,164.82
OUT_14670,565.45
OUT_14671,5518.68
OUT_14672,2054.2
OUT_14673,544.25
OUT_14674,545.74
OUT_14675,183.19
OUT_14676,143.52
OUT_14677,142.62
OUT_14678,196.66
OUT_14679,514.38
OUT_14680,516.99
OUT_14681,1732.05
OUT_14682,150.9
OUT_14683,2426.49
OUT_14684,321.26
OUT_14685,470.88
OUT_14686,899.19
OUT_14687,508.07
OUT_14688,565.94
OUT_14689,133.01
OUT_14690,591.09
OUT_14691,109.37
OUT_14692,136.9
OUT_14693,546.48
OUT_14694,2189.66
OUT_14695,279.81
OUT_14696,204.24
OUT_14697,139.43
OUT_14698,2354.3
OUT_14699,2355.5
OUT_14700,153.05
OUT_14701,164.7
OUT_14702,157.29
OUT_14703,159.61
OUT_14704,228.15
OUT_14705,479.36
OUT_14706,187.6
OUT_14707,144.48
OUT_14708,2224.83
OUT_14709,2137.82
OUT_14710,505.92
OUT_14711,256.24
OUT_14712,2221.32
OUT_14713,135.38
OUT_14714,473.59
OUT_14715,126.23
OUT_14716,156.53
OUT_14717,144.62
OUT_14718,300.16
OUT_14719,547.33
OUT_14720,5979.19
OUT_14721,561.1
OUT_14722,478.93
OUT_14723,451.1
OUT_14724,567.56
OUT_14725,2438.5
OUT_14726,503.94
OUT_14727,256.24
OUT_14728,492.3
OUT_14729,155.99
OUT_14730,482.67
OUT_14731,142.71
OUT_14732,150.99
OUT_14733,156.71
OUT_14734,152.79
OUT_14735,582.25
OUT_14736,506.15
OUT_14737,115.9
OUT_14738,508.33
OUT_14739,465.12
OUT_14740,181.48
OUT_14741,2152.45
OUT_14742,145.84
OUT_14743,2118.04
OUT_14744,116.35
OUT_14746,196.18
OUT_14747,304.12
OUT_14748,185.79
OUT_14749,2519.05
OUT_14750,572.98
OUT_14751,564.35
OUT_14752,2282.85
OUT_14753,435.68
OUT_14754,2634.68
OUT_14755,568.46
OUT_14756,496.73
OUT_14757,1992.02
OUT_14758,535.33
OUT_14759,596.32
OUT_14760,2167.54
OUT_14761,108.15
OUT_14762,640.59
OUT_14763,149.45
OUT_14764,156.06
OUT_14765,515.63
OUT_14766,580.87
OUT_14767,2438.18
OUT_14768,488.98
OUT_14769,242.35
OUT_14770,536.85
OUT_14771,6545.94
OUT_14772,229.97
OUT_14773,2111.09
OUT_14774,2422.32
OUT_14775,147.01
OUT_14776,177.97
OUT_14777,479.08
OUT_14778,4660.98
OUT_14779,135.22
OUT_14780,187.22
OUT_14781,146.38
OUT_14782,2607.93
OUT_14783,519.42
OUT_14784,137.35
OUT_14785,129.74
OUT_14786,183.2
OUT_14787,2480.53
OUT_14788,217.95
OUT_14789,150.82
OUT_14790,120.11
OUT_14791,391.1
OUT_14792,192.47
OUT_14793,298.77
OUT_14794,141.37
OUT_14795,142.11
OUT_14796,141.3
OUT_14797,144.26
OUT_14798,507.51
OUT_14799,2303.67
OUT_14800,1704.14
OUT_14801,169.0
OUT_14802,582.94
OUT_14803,476.13
OUT_14804,311.06
OUT_14805,147.04
OUT_14806,162.45
OUT_14807,139.62
OUT_14808,153.65
OUT_14809,5804.71
OUT_14810,557.42
OUT_14811,541.89
OUT_14812,160.76
OUT_14813,154.69
OUT_14814,505.42
OUT_14815,161.14
OUT_14816,170.34
OUT_14817,214.55
OUT_14818,2202.2
OUT_14819,146.44
OUT_14820,2525.8
OUT_14821,147.84
OUT_14822,6152.32
OUT_14823,2184.84
OUT_14824,139.65
OUT_14825,466.73
OUT_14826,144.22
OUT_14827,134.69
OUT_14828,131.87
OUT_14829,185.54
OUT_14830,5762.2
OUT_14831,133.62
OUT_14832,165.03
OUT_14833,6561.12
OUT_14834,2455.71
OUT_14835,160.21
OUT_14836,484.02
OUT_14837,139.84
OUT_14838,236.76
OUT_14839,501.19
OUT_14840,156.79
OUT_14841,191.47
OUT_14842,532.43
OUT_14843,500.26
OUT_14844,193.13
OUT_14845,140.4
OUT_14846,2278.57
OUT_14847,445.88
OUT_14848,185.07
OUT_14849,172.51
OUT_14850,186.66
OUT_14851,150.62
OUT_14852,161.29
OUT_14853,546.1
OUT_14854,159.41
OUT_14855,142.83
OUT_14856,2660.16
OUT_14857,492.49
OUT_14858,564.3
OUT_14859,2240.16
OUT_14860,130.05
OUT_14861,175.54
OUT_14862,501.49
OUT_14863,646.77
OUT_14864,2295.95
OUT_14865,545.84
OUT_14866,126.82
OUT_14867,130.19
OUT_14868,2510.71
OUT_14869,2088.33
OUT_14870,496.19
OUT_14871,541.73
OUT_14872,5843.42
OUT_14873,151.44
OUT_14874,5733.54
OUT_14875,5818.35
OUT_14876,2210.35
OUT_14877,141.64
OUT_14878,526.57
OUT_14879,128.42
OUT_14880,135.36
OUT_14881,2119.19
OUT_14882,2065.68
OUT_14883,396.03
OUT_14884,1961.46
OUT_14885,2348.95
OUT_14886,144.35
OUT_14887,508.28
OUT_14888,135.65
OUT_14889,446.38
OUT_14890,236.71
OUT_14891,139.74
OUT_14892,156.02
OUT_14893,146.29
OUT_14894,514.1
OUT_14895,180.84
OUT_14896,139.42
OUT_14897,378.73
OUT_14898,137.48
OUT_14899,119.43
OUT_14900,184.47
OUT_14901,527.88
OUT_14902,468.92
OUT_14903,324.4
OUT_14904,524.56
OUT_14905,501.81
OUT_14906,153.84
OUT_14907,164.18
OUT_14908,533.78
OUT_14909,197.86
OUT_14910,163.07
OUT_14911,2248.12
OUT_14912,123.86
OUT_14913,535.93
OUT_14914,2404.22
OUT_14915,146.53
OUT_14916,508.14
OUT_14917,143.59
OUT_14918,228.89
OUT_14919,168.48
OUT_14920,172.64
OUT_14921,137.09
OUT_14922,5198.77
OUT_14923,386.43
OUT_14924,495.87
OUT_14925,510.45
OUT_14926,495.47
OUT_14927,527.73
OUT_14928,2152.34
OUT_14929,566.28
OUT_14930,2025.77
OUT_14931,198.23
OUT_14932,238.91
OUT_14933,139.43
OUT_14934,476.08
OUT_14935,561.22
OUT_14936,533.76
OUT_14937,2211.05
OUT_14938,621.16
OUT_14939,126.56
OUT_14940,2455.56
OUT_14941,2258.15
OUT_14942,150.8
OUT_14943,190.32
OUT_14944,145.65
OUT_14945,176.36
OUT_14946,2139.59
OUT_14947,2229.32
OUT_14948,168.59
OUT_14949,158.78
OUT_14950,147.26
OUT_14951,203.74
OUT_14952,149.2
OUT_14953,494.79
OUT_14954,487.56
OUT_14955,134.98
OUT_14956,461.81
OUT_14957,213.51
OUT_14958,2090.25
OUT_14959,4572.3
OUT_14960,565.94
OUT_14961,155.38
OUT_14962,491.68
OUT_14963,588.75
OUT_14964,131.27
OUT_14965,498.65
OUT_14966,229.71
OUT_14967,495.34
OUT_14968,509.29
OUT_14969,159.58
OUT_14970,132.72
OUT_14971,577.28
OUT_14972,547.58
OUT_14973,151.49
OUT_14974,2135.42
OUT_14975,141.96
OUT_14976,492.41
OUT_14977,464.12
OUT_14978,149.96
OUT_14979,142.2
OUT_14980,117.02
OUT_14981,2336.23
OUT_14982,554.35
OUT_14983,513.36
OUT_14984,156.95
OUT_14985,167.99
OUT_14986,2222.81
OUT_14987,499.79
OUT_14988,477.27
OUT_14989,506.27
OUT_14990,585.87
OUT_14991,2171.28
OUT_14992,2124.44
OUT_14993,2384.2
OUT_14994,2013.62
OUT_14995,132.72
OUT_14996,140.97
OUT_14997,199.71
OUT_14998,593.41
OUT_14999,208.63
OUT_15000,143.54
OUT_15001,455.95
OUT_15002,150.26
OUT_15003,205.58
OUT_15004,481.62
OUT_15005,5305.78
OUT_15006,467.29
OUT_15007,5834.68
OUT_15008,551.71
OUT_15009,152.52
OUT_15010,156.54
OUT_15011,133.76
OUT_15012,486.64
OUT_15013,533.22
OUT_15014,263.19
OUT_15015,135.68
OUT_15016,172.6
OUT_15017,139.6
OUT_15018,147.35
OUT_15019,515.32
OUT_15020,2334.41
OUT_15021,159.36
OUT_15022,506.62
OUT_15023,126.52
OUT_15024,524.87
OUT_15025,2564.68
OUT_15026,164.32
OUT_15027,526.68
OUT_15028,509.33
OUT_15029,172.25
OUT_15030,157.47
OUT_15031,198.38
OUT_15032,124.04
OUT_15033,498.53
OUT_15034,109.9
OUT_15035,530.48
OUT_15036,139.88
OUT_15037,216.61
OUT_15038,548.76
OUT_15039,545.92
OUT_15040,133.79
OUT_15041,2324.14
OUT_15042,2388.27
OUT_15043,471.66
OUT_15044,144.42
OUT_15045,143.4
OUT_15046,2443.37
OUT_15047,5510.2
OUT_15048,138.33
OUT_15049,2583.25
OUT_15050,134.95
OUT_15051,2250.46
OUT_15052,1883.44
OUT_15053,2255.39
OUT_15054,591.64
OUT_15055,4755.17
OUT_15056,223.9
OUT_15057,5597.09
OUT_15058,136.93
OUT_15059,164.12
OUT_15060,147.68
OUT_15061,2137.56
OUT_15062,525.67
OUT_15063,1932.59
OUT_15064,181.44
OUT_15065,2310.67
OUT_15066,140.66
OUT_15067,491.22
OUT_15068,145.04
OUT_15069,142.6
OUT_15070,535.92
OUT_15071,360.97
OUT_15072,509.45
OUT_15073,133.75
OUT_15074,138.72
OUT_15075,136.79
OUT_15076,2277.89
OUT_15077,148.07
OUT_15078,2479.42
OUT_15079,175.95
OUT_15080,149.88
OUT_15081,1909.68
OUT_15082,2242.04
OUT_15083,2237.62
OUT_15084,139.77
OUT_15085,528.16
OUT_15086,144.32
OUT_15087,145.14
OUT_15088,102.63
OUT_15089,6146.53
OUT_15090,136.97
OUT_15091,2196.29
OUT_15092,493.38
OUT_15093,2390.33
OUT_15094,193.06
OUT_15095,139.0
OUT_15096,433.04
OUT_15097,158.4
OUT_15098,2383.02
OUT_15099,202.7
OUT_15100,498.1
OUT_15101,468.43
OUT_15102,179.56
OUT_15103,2373.98
OUT_15104,489.29
OUT_15105,155.9
OUT_15106,144.81
OUT_15107,148.5
OUT_15108,2273.98
OUT_15109,167.94
OUT_15110,173.82
OUT_15111,533.2
OUT_15112,141.8
OUT_15113,157.24
OUT_15114,2247.19
OUT_15115,542.32
OUT_15116,510.35
OUT_15117,193.06
OUT_15118,228.84
OUT_15119,192.91
OUT_15120,141.61
OUT_15121,130.72
OUT_15122,2022.26
OUT_15123,171.44
OUT_15124,198.69
OUT_15125,2081.63
OUT_15126,113.25
OUT_15127,135.0
OUT_15128,152.22
OUT_15129,549.6
OUT_15130,148.88
OUT_15131,228.28
OUT_15132,2188.61
OUT_15133,136.86
OUT_15134,520.78
OUT_15135,2227.19
OUT_15136,202.39
OUT_15137,156.94
OUT_15138,152.76
OUT_15139,460.91
OUT_15140,221.51
OUT_15141,155.71
OUT_15142,153.59
OUT_15143,218.66
OUT_15144,141.3
OUT_15145,5982.09
OUT_15146,494.19
OUT_15147,2102.92
OUT_15148,454.0
OUT_15149,396.97
OUT_15150,211.53
OUT_15151,155.17
OUT_15152,152.72
OUT_15153,434.44
OUT_15154,2205.12
OUT_15155,561.09
OUT_15156,2329.19
OUT_15157,153.85
OUT_15158,2388.11
OUT_15159,2372.82
OUT_15160,5927.26
OUT_15161,518.84
OUT_15162,125.27
OUT_15163,1814.04
OUT_15164,144.2
OUT_15165,487.09
OUT_15166,527.56
OUT_15167,501.44
OUT_15168,2285.17
OUT_15169,182.64
OUT_15170,501.85
OUT_15171,243.28
OUT_15172,155.19
OUT_15173,568.73
OUT_15174,157.31
OUT_15175,147.54
OUT_15176,516.26
OUT_15177,494.48
OUT_15178,225.66
OUT_15179,5339.07
OUT_15180,144.97
OUT_15181,533.39
OUT_15182,135.68
OUT_15183,2326.06
OUT_15184,2407.53
OUT_15185,2338.43
OUT_15186,152.23
OUT_15187,553.19
OUT_15188,133.91
OUT_15189,464.32
OUT_15190,175.33
OUT_15191,149.87
OUT_15192,159.39
OUT_15193,502.08
OUT_15194,479.93
OUT_15195,149.42
OUT_15196,523.78
OUT_15197,161.59
OUT_15198,2137.15
OUT_15199,483.4
OUT_15200,523.37
OUT_15201,176.67
OUT_15202,2281.3
OUT_15203,530.01
OUT_15204,528.74
OUT_15205,135.25
OUT_15206,154.07
OUT_15207,153.87
OUT_15208,2107.19
OUT_15209,118.29
OUT_15210,151.33
OUT_15211,299.47
OUT_15212,2005.11
OUT_15213,148.76
OUT_15214,495.02
OUT_15215,613.63
OUT_15216,501.55
OUT_15217,239.04
OUT_15218,452.65
OUT_15219,506.12
OUT_15220,398.06
OUT_15221,272.83
OUT_15222,2489.0
OUT_15223,173.48
OUT_15224,476.15
OUT_15225,258.83
OUT_15226,154.32
OUT_15227,211.6
OUT_15228,2094.9
OUT_15229,158.47
OUT_15230,150.88
OUT_15231,507.9
OUT_15232,6103.23
OUT_15233,572.37
OUT_15234,132.89
OUT_15235,5975.76
OUT_15236,2213.28
OUT_15237,137.03
OUT_15239,136.61
OUT_15240,598.67
OUT_15241,155.62
OUT_15242,148.92
OUT_15243,500.35
OUT_15244,117.23
OUT_15245,256.29
OUT_15246,2362.49
OUT_15247,139.15
OUT_15248,193.36
OUT_15249,2399.6
OUT_15250,2457.39
OUT_15251,514.22
OUT_15252,5386.42
OUT_15253,540.77
OUT_15254,130.75
OUT_15255,2303.7
OUT_15256,2136.09
OUT_15257,190.55
OUT_15258,147.33
OUT_15259,2437.76
OUT_15260,2572.84
OUT_15261,141.5
OUT_15262,155.16
OUT_15263,485.59
OUT_15264,404.61
OUT_15265,147.71
OUT_15266,6548.79
OUT_15267,2240.6
OUT_15268,202.78
OUT_15269,144.65
OUT_15270,243.28
OUT_15271,133.61
OUT_15272,2596.83
OUT_15273,543.85
OUT_15274,566.01
OUT_15275,146.69
OUT_15276,144.31
OUT_15277,438.78
OUT_15278,199.06
OUT_15279,149.6
OUT_15280,758.57
OUT_15281,161.75
OUT_15282,558.28
OUT_15283,6700.71
OUT_15284,115.43
OUT_15285,5749.22
OUT_15286,139.47
OUT_15287,537.14
OUT_15288,235.55
OUT_15289,545.3
OUT_15290,413.24
OUT_15291,2233.74
OUT_15292,144.24
OUT_15293,184.73
OUT_15294,5596.1
OUT_15295,148.59
OUT_15296,143.15
OUT_15297,137.62
OUT_15298,551.38
OUT_15299,2171.54
OUT_15300,523.72
OUT_15301,420.54
OUT_15302,152.48
OUT_15303,549.65
OUT_15304,441.9
OUT_15305,135.21
OUT_15306,130.94
OUT_15307,145.25
OUT_15308,451.28
OUT_15309,147.77
OUT_15310,469.78
OUT_15311,551.71
OUT_15312,174.33
OUT_15313,484.41
OUT_15314,141.03
OUT_15315,4913.85
OUT_15316,2177.88
OUT_15317,2035.36
OUT_15318,551.97
OUT_15319,449.47
OUT_15320,486.96
OUT_15321,139.74
OUT_15322,2229.37
OUT_15323,557.96
OUT_15324,524.46
OUT_15325,144.41
OUT_15326,151.22
OUT_15327,2298.06
OUT_15328,140.68
OUT_15329,2132.48
OUT_15330,177.0
OUT_15331,479.89
OUT_15332,125.31
OUT_15333,2313.5
OUT_15334,533.08
OUT_15335,2477.41
OUT_15336,160.47
OUT_15337,2076.77
OUT_15338,142.19
OUT_15339,163.12
OUT_15340,2228.82
OUT_15341,507.4
OUT_15342,5237.39
OUT_15343,472.29
OUT_15344,2306.05
OUT_15345,147.9
OUT_15346,487.1
OUT_15347,136.36
OUT_15348,137.48
OUT_15349,519.82
OUT_15350,159.35
OUT_15351,536.7
OUT_15352,518.08
OUT_15353,5834.42
OUT_15354,197.44
OUT_15355,151.93
OUT_15356,6028.41
OUT_15357,114.86
OUT_15358,2332.29
OUT_15359,193.11
OUT_15360,142.07
OUT_15361,451.92
OUT_15362,425.85
OUT_15363,514.38
OUT_15364,481.81
OUT_15365,156.57
OUT_15366,137.31
OUT_15367,155.74
OUT_15368,147.37
OUT_15369,568.62
OUT_15370,502.26
OUT_15371,128.62
OUT_15372,5888.09
OUT_15373,465.08
OUT_15374,157.83
OUT_15375,473.42
OUT_15376,2018.73
OUT_15377,551.69
OUT_15378,197.47
OUT_15379,547.84
OUT_15380,120.03
OUT_15381,454.36
OUT_15382,541.96
OUT_15383,164.31
OUT_15384,140.39
OUT_15385,144.89
OUT_15386,137.35
OUT_15387,410.73
OUT_15388,121.28
OUT_15389,129.71
OUT_15390,2682.05
OUT_15391,562.13
OUT_15392,443.25
OUT_15393,143.0
OUT_15394,155.75
OUT_15395,162.66
OUT_15396,158.79
OUT_15397,2309.65
OUT_15398,2329.45
OUT_15399,2107.32
OUT_15400,2345.62
OUT_15401,146.65
OUT_15402,490.77
OUT_15403,293.37
OUT_15404,146.57
OUT_15405,181.32
OUT_15406,150.5
OUT_15407,519.18
OUT_15408,150.97
OUT_15409,499.15
OUT_15410,598.74
OUT_15411,672.52
OUT_15412,2518.01
OUT_15413,308.39
OUT_15414,186.59
OUT_15415,5419.22
OUT_15416,534.55
OUT_15417,2254.67
OUT_15418,2306.53
OUT_15419,608.55
OUT_15420,497.34
OUT_15421,123.49
OUT_15422,158.18
OUT_15423,483.98
OUT_15424,2453.19
OUT_15425,480.93
OUT_15426,150.36
OUT_15427,157.49
OUT_15428,5717.67
OUT_15429,568.48
OUT_15430,152.14
OUT_15431,500.24
OUT_15432,152.13
OUT_15433,148.98
OUT_15434,146.04
OUT_15435,1999.98
OUT_15436,165.44
OUT_15437,561.22
OUT_15438,418.53
OUT_15439,495.89
OUT_15440,175.77
OUT_15441,174.17
OUT_15442,2392.88
OUT_15443,160.92
OUT_15444,529.09
OUT_15445,144.82
OUT_15446,471.52
OUT_15447,472.13
OUT_15448,163.69
OUT_15449,2035.9
OUT_15450,518.09
OUT_15451,2048.22
OUT_15452,442.08
OUT_15453,213.73
OUT_15454,537.1
OUT_15455,2126.81
OUT_15456,167.52
OUT_15457,148.57
OUT_15458,2399.49
OUT_15459,177.88
OUT_15460,547.63
OUT_15461,2497.19
OUT_15462,1948.41
OUT_15463,535.45
OUT_15464,500.75
OUT_15465,147.31
OUT_15466,2485.36
OUT_15467,552.71
OUT_15468,5587.36
OUT_15469,509.83
OUT_15470,2279.3
OUT_15471,287.55
OUT_15472,2377.17
OUT_15473,213.3
OUT_15474,481.83
OUT_15475,162.34
OUT_15476,164.83
OUT_15477,542.7
OUT_15478,161.73
OUT_15479,140.46
OUT_15480,2077.7
OUT_15481,2506.04
OUT_15482,259.43
OUT_15483,486.8
OUT_15484,525.42
OUT_15485,534.93
OUT_15486,137.44
OUT_15487,1700.06
OUT_15488,126.36
OUT_15489,2005.51
OUT_15490,141.12
OUT_15491,130.22
OUT_15492,202.16
OUT_15493,2315.17
OUT_15494,533.06
OUT_15495,202.47
OUT_15496,6038.8
OUT_15497,2091.31
OUT_15498,2016.23
OUT_15499,124.81
OUT_15500,192.28
OUT_15501,160.43
OUT_15502,2178.37
OUT_15503,158.88
OUT_15504,2230.94
OUT_15505,558.04
OUT_15506,2380.71
OUT_15507,531.03
OUT_15508,135.94
OUT_15509,2332.2
OUT_15510,167.72
OUT_15511,5662.02
OUT_15512,2196.72
OUT_15513,5901.8
OUT_15514,4718.44
OUT_15515,153.04
OUT_15516,466.36
OUT_15517,2540.73
OUT_15518,487.76
OUT_15519,437.08
OUT_15520,185.5
OUT_15521,2359.26
OUT_15522,2206.12
OUT_15523,511.75
OUT_15524,557.76
OUT_15525,214.36
OUT_15526,548.41
OUT_15527,489.08
OUT_15528,2094.06
OUT_15529,140.33
OUT_15530,176.73
OUT_15531,196.64
OUT_15532,2277.92
OUT_15533,142.47
OUT_15534,6466.19
OUT_15535,522.1
OUT_15536,140.74
OUT_15537,499.68
OUT_15538,2077.71
OUT_15539,152.61
OUT_15540,147.7
OUT_15541,119.1
OUT_15542,228.6
OUT_15543,2081.13
OUT_15544,128.45
OUT_15545,525.19
OUT_15546,168.28
OUT_15547,523.57
OUT_15548,2278.67
OUT_15549,494.6
OUT_15550,137.93
OUT_15551,572.18
OUT_15552,5170.33
OUT_15553,453.59
OUT_15554,150.31
OUT_15555,206.69
OUT_15556,202.18
OUT_15557,161.34
OUT_15558,149.28
OUT_15559,168.99
OUT_15560,502.59
OUT_15561,200.96
OUT_15562,6131.95
OUT_15563,210.34
OUT_15564,158.07
OUT_15565,2265.42
OUT_15566,150.7
OUT_15567,229.29
OUT_15568,164.08
OUT_15569,144.74
OUT_15570,167.94
OUT_15571,137.23
OUT_15572,161.22
OUT_15573,200.86
OUT_15574,525.89
OUT_15575,160.52
OUT_15576,184.37
OUT_15577,306.9
OUT_15578,2258.53
OUT_15579,507.78
OUT_15580,539.38
OUT_15581,605.55
OUT_15582,560.08
OUT_15583,4501.25
OUT_15584,2288.73
OUT_15585,146.07
OUT_15586,536.03
OUT_15587,514.05
OUT_15588,112.79
OUT_15589,157.9
OUT_15590,150.41
OUT_15591,132.47
OUT_15592,5086.26
OUT_15593,2342.09
OUT_15594,151.95
OUT_15595,527.62
OUT_15596,1912.57
OUT_15597,123.81
OUT_15598,5340.13
OUT_15599,225.23
OUT_15600,511.47
OUT_15601,2116.05
OUT_15602,279.81
OUT_15603,493.93
OUT_15604,564.81
OUT_15605,148.76
OUT_15606,452.53
OUT_15607,2695.16
OUT_15608,511.19
OUT_15609,505.49
OUT_15610,159.82
OUT_15611,144.58
OUT_15612,134.29
OUT_15613,5940.02
OUT_15614,157.11
OUT_15615,539.13
OUT_15616,157.39
OUT_15617,163.58
OUT_15618,134.31
OUT_15619,536.57
OUT_15620,145.42
OUT_15621,509.84
OUT_15622,158.66
OUT_15623,487.58
OUT_15624,2382.33
OUT_15625,550.45
OUT_15626,2620.99
OUT_15627,5734.25
OUT_15628,5752.59
OUT_15629,1873.58
OUT_15631,165.75
OUT_15632,125.15
OUT_15633,258.64
OUT_15634,480.45
OUT_15635,133.77
OUT_15636,209.36
OUT_15637,4979.18
OUT_15638,529.47
OUT_15639,168.07
OUT_15640,186.79
OUT_15641,176.53
OUT_15642,198.7
OUT_15643,154.94
OUT_15644,247.94
OUT_15645,133.57
OUT_15646,463.19
OUT_15647,154.57
OUT_15648,502.97
OUT_15649,512.41
OUT_15650,5456.94
OUT_15651,508.04
OUT_15652,115.42
OUT_15653,169.39
OUT_15654,151.89
OUT_15655,153.12
OUT_15656,121.5
OUT_15657,137.03
OUT_15658,140.77
OUT_15659,391.87
OUT_15660,141.09
OUT_15661,152.06
OUT_15662,560.07
OUT_15663,172.98
OUT_15664,2232.57
OUT_15665,6190.87
OUT_15666,485.58
OUT_15667,1784.98
OUT_15668,488.42
OUT_15669,2298.98
OUT_15670,517.67
OUT_15671,189.15
OUT_15672,528.03
OUT_15673,2228.62
OUT_15674,2413.57
OUT_15675,490.28
OUT_15676,148.34
OUT_15677,449.85
OUT_15678,462.22
OUT_15679,182.44
OUT_15680,2367.51
OUT_15681,132.71
OUT_15682,255.31
OUT_15683,182.14
OUT_15684,118.83
OUT_15685,552.17
OUT_15686,141.27
OUT_15687,130.78
OUT_15688,5592.76
OUT_15689,288.3
OUT_15690,506.73
OUT_15691,446.03
OUT_15692,167.08
OUT_15693,2505.66
OUT_15694,521.41
OUT_15695,197.88
OUT_15696,487.39
OUT_15697,6689.91
OUT_15698,172.88
OUT_15699,189.01
OUT_15700,519.78
OUT_15701,460.98
OUT_15702,2303.45
OUT_15703,206.68
OUT_15704,155.88
OUT_15705,153.38
OUT_15706,519.9
OUT_15707,2393.76
OUT_15708,2541.93
OUT_15709,110.0
OUT_15710,145.87
OUT_15711,158.3
OUT_15712,511.45
OUT_15713,148.61
OUT_15714,141.91
OUT_15715,151.46
OUT_15716,477.13
OUT_15717,5435.65
OUT_15718,160.74
OUT_15719,2282.95
OUT_15720,103.91
OUT_15721,114.96
OUT_15722,535.28
OUT_15723,140.81
OUT_15724,2310.37
OUT_15725,171.37
OUT_15726,253.42
OUT_15727,463.02
OUT_15728,5912.28
OUT_15729,2180.15
OUT_15730,496.17
OUT_15731,1769.9
OUT_15732,132.18
OUT_15733,2362.81
OUT_15734,142.76
OUT_15735,154.65
OUT_15736,520.59
OUT_15737,510.76
OUT_15738,553.53
OUT_15739,2443.25
OUT_15740,500.69
OUT_15741,213.95
OUT_15742,146.56
OUT_15743,178.56
OUT_15744,128.31
OUT_15745,2153.81
OUT_15746,2081.07
OUT_15747,240.17
OUT_15748,2516.29
OUT_15749,166.08
OUT_15750,2114.73
OUT_15751,2672.17
OUT_15752,139.71
OUT_15753,166.22
OUT_15754,549.03
OUT_15755,2154.54
OUT_15756,2185.36
OUT_15757,534.19
OUT_15758,491.96
OUT_15759,288.29
OUT_15760,545.1
OUT_15761,157.23
OUT_15762,537.87
OUT_15763,509.3
OUT_15764,534.49
OUT_15765,193.71
OUT_15766,116.57
OUT_15767,196.33
OUT_15768,128.46
OUT_15769,523.44
OUT_15770,129.09
OUT_15771,141.93
OUT_15772,588.92
OUT_15773,503.83
OUT_15774,471.73
OUT_15775,122.95
OUT_15776,157.48
OUT_15777,575.51
OUT_15778,490.62
OUT_15779,574.86
OUT_15780,2452.81
OUT_15781,460.55
OUT_15782,4920.95
OUT_15783,549.49
OUT_15784,177.88
OUT_15785,134.05
OUT_15786,147.45
OUT_15787,2207.23
OUT_15788,393.25
OUT_15789,148.9
OUT_15790,5314.8
OUT_15791,102.33
OUT_15792,473.35
OUT_15793,5929.78
OUT_15794,541.4
OUT_15795,576.51
OUT_15796,196.15
OUT_15797,2029.7
OUT_15798,529.58
OUT_15799,2047.31
OUT_15800,2576.12
OUT_15801,2230.83
OUT_15802,4959.35
OUT_15803,141.7
OUT_15804,290.36
OUT_15805,193.48
OUT_15806,212.44
OUT_15807,226.69
OUT_15808,544.39
OUT_15809,489.68
OUT_15810,266.94
OUT_15811,170.71
OUT_15812,469.85
OUT_15813,152.19
OUT_15814,2660.68
OUT_15815,139.52
OUT_15816,145.59
OUT_15817,132.55
OUT_15818,143.52
OUT_15819,150.68
OUT_15820,144.38
OUT_15821,232.69
OUT_15822,162.25
OUT_15823,140.2
OUT_15824,166.34
OUT_15825,2468.6
OUT_15826,497.9
OUT_15827,249.1
OUT_15828,2289.97
OUT_15829,487.54
OUT_15830,547.87
OUT_15831,132.16
OUT_15832,434.6
OUT_15833,221.99
OUT_15834,2336.26
OUT_15835,142.11
OUT_15836,150.81
OUT_15837,6098.61
OUT_15838,2613.73
OUT_15839,2227.08
OUT_15840,2328.27
OUT_15841,609.67
OUT_15842,157.08
OUT_15843,510.74
OUT_15844,226.99
OUT_15845,1996.88
OUT_15846,443.7
OUT_15847,6100.16
OUT_15848,2427.58
OUT_15849,2260.87
OUT_15850,124.79
OUT_15851,232.26
OUT_15852,2371.61
OUT_15853,6138.11
OUT_15854,517.61
OUT_15855,145.73
OUT_15856,161.24
OUT_15857,157.04
OUT_15858,195.37
OUT_15859,498.52
OUT_15860,145.46
OUT_15861,6631.23
OUT_15862,1971.2
OUT_15863,131.19
OUT_15864,142.98
OUT_15865,536.01
OUT_15866,466.93
OUT_15867,479.15
OUT_15868,152.8
OUT_15869,676.72
OUT_15870,129.43
OUT_15871,6751.23
OUT_15872,562.43
OUT_15873,220.84
OUT_15874,2056.95
OUT_15875,176.11
OUT_15876,157.07
OUT_15877,6276.69
OUT_15878,554.63
OUT_15879,168.42
OUT_15880,514.14
OUT_15881,133.15
OUT_15882,2727.26
OUT_15883,135.66
OUT_15884,227.5
OUT_15885,151.59
OUT_15886,2422.98
OUT_15887,255.13
OUT_15888,201.42
OUT_15889,144.5
OUT_15890,6333.64
OUT_15891,243.84
OUT_15892,145.91
OUT_15893,199.53
OUT_15894,163.59
OUT_15895,2325.04
OUT_15896,153.68
OUT_15897,140.24
OUT_15898,149.43
OUT_15899,2416.4
OUT_15900,496.98
OUT_15901,589.04
OUT_15902,113.97
OUT_15903,151.5
OUT_15904,167.75
OUT_15905,434.12
OUT_15906,6219.08
OUT_15907,126.07
OUT_15908,654.74
OUT_15909,490.77
OUT_15910,139.78
OUT_15911,471.85
OUT_15912,1934.5
OUT_15913,197.33
OUT_15914,138.05
OUT_15916,191.09
OUT_15917,146.29
OUT_15918,134.35
OUT_15919,1993.54
OUT_15920,580.64
OUT_15921,1613.97
OUT_15922,1822.83
OUT_15923,148.47
OUT_15924,570.65
OUT_15925,134.26
OUT_15926,2351.21
OUT_15927,125.55
OUT_15928,144.68
OUT_15929,778.97
OUT_15930,2362.64
OUT_15931,2369.72
OUT_15932,166.27
OUT_15933,129.59
OUT_15934,2121.64
OUT_15935,562.83
OUT_15936,123.11
OUT_15937,192.38
OUT_15938,131.55
OUT_15939,142.29
OUT_15940,140.75
OUT_15941,144.61
OUT_15942,2238.86
OUT_15943,186.49
OUT_15944,179.59
OUT_15945,550.83
OUT_15946,155.15
OUT_15947,194.32
OUT_15948,254.78
OUT_15949,136.49
OUT_15950,124.53
OUT_15951,6399.71
OUT_15952,2381.77
OUT_15953,488.23
OUT_15954,559.18
OUT_15955,2180.38
OUT_15956,162.86
OUT_15957,142.67
OUT_15958,2459.22
OUT_15959,560.07
OUT_15960,154.7
OUT_15961,444.32
OUT_15962,547.84
OUT_15963,149.2
OUT_15964,139.7
OUT_15965,133.49
OUT_15966,542.76
OUT_15967,149.0
OUT_15968,2491.86
OUT_15969,292.84
OUT_15970,213.35
OUT_15971,5992.38
OUT_15972,529.91
OUT_15973,529.19
OUT_15974,518.02
OUT_15975,495.2
OUT_15976,180.05
OUT_15977,143.79
OUT_15978,538.78
OUT_15979,1658.4
OUT_15980,149.45
OUT_15981,171.61
OUT_15982,140.61
OUT_15983,163.65
OUT_15984,142.81
OUT_15985,2465.67
OUT_15986,537.48
OUT_15987,159.99
OUT_15988,138.26
OUT_15989,2760.95
OUT_15990,481.59
OUT_15991,147.09
OUT_15992,158.44
OUT_15993,539.05
OUT_15994,490.3
OUT_15995,163.9
OUT_15996,2021.57
OUT_15997,146.14
OUT_15998,427.67
OUT_15999,137.83
OUT_16000,2518.85
OUT_16001,545.5
OUT_16002,163.41
OUT_16003,492.86
OUT_16004,2744.39
OUT_16005,143.89
OUT_16006,499.01
OUT_16007,128.09
OUT_16008,557.91
OUT_16009,139.19
OUT_16010,275.75
OUT_16011,143.39
OUT_16012,141.53
OUT_16013,131.54
OUT_16014,140.25
OUT_16015,154.68
OUT_16016,2342.92
OUT_16017,202.07
OUT_16018,146.23
OUT_16019,505.78
OUT_16020,504.79
OUT_16021,202.48
OUT_16022,193.69
OUT_16023,520.33
OUT_16024,134.26
OUT_16025,490.04
OUT_16026,539.79
OUT_16027,204.53
OUT_16028,147.07
OUT_16029,502.36
OUT_16030,135.53
OUT_16031,527.4
OUT_16032,163.68
OUT_16033,138.49
OUT_16034,2226.5
OUT_16035,523.69
OUT_16036,496.48
OUT_16037,137.17
OUT_16038,115.67
OUT_16039,140.57
OUT_16040,137.38
OUT_16041,6452.89
OUT_16042,483.05
OUT_16043,2447.3
OUT_16044,128.27
OUT_16045,511.32
OUT_16046,434.59
OUT_16047,141.44
OUT_16048,528.55
OUT_16049,2378.91
OUT_16050,157.69
OUT_16051,142.7
OUT_16052,164.53
OUT_16053,210.0
OUT_16054,467.36
OUT_16055,2428.32
OUT_16056,256.55
OUT_16057,161.35
OUT_16058,414.9
OUT_16059,148.13
OUT_16060,215.25
OUT_16061,137.62
OUT_16062,511.91
OUT_16063,474.33
OUT_16064,2314.97
OUT_16065,156.22
OUT_16066,143.24
OUT_16067,274.45
OUT_16068,158.88
OUT_16069,501.22
OUT_16070,181.3
OUT_16071,5704.46
OUT_16072,210.83
OUT_16073,247.3
OUT_16074,151.76
OUT_16075,5795.97
OUT_16076,165.16
OUT_16077,603.36
OUT_16078,480.75
OUT_16079,557.71
OUT_16080,158.6
OUT_16081,141.03
OUT_16082,498.73
OUT_16083,2462.67
OUT_16084,514.13
OUT_16085,6092.11
OUT_16086,2206.68
OUT_16087,522.7
OUT_16088,2224.59
OUT_16089,163.73
OUT_16090,212.54
OUT_16091,142.44
OUT_16092,127.98
OUT_16093,525.71
OUT_16094,5752.19
OUT_16095,132.75
OUT_16096,211.28
OUT_16097,2117.79
OUT_16098,154.57
OUT_16099,617.51
OUT_16100,151.38
OUT_16101,173.21
OUT_16102,449.07
OUT_16103,559.96
OUT_16104,507.84
OUT_16105,476.8
OUT_16106,449.83
OUT_16107,422.3
OUT_16108,5029.52
OUT_16109,185.0
OUT_16110,317.51
OUT_16111,162.99
OUT_16112,502.21
OUT_16113,2343.78
OUT_16114,2152.06
OUT_16115,156.64
OUT_16116,2060.1
OUT_16117,158.34
OUT_16118,152.25
OUT_16119,156.64
OUT_16120,117.76
OUT_16121,183.24
OUT_16122,143.94
OUT_16123,2134.81
OUT_16124,500.42
OUT_16125,102.31
OUT_16126,512.89
OUT_16127,193.49
OUT_16128,563.53
OUT_16129,163.42
OUT_16130,429.29
OUT_16131,145.04
OUT_16132,137.93
OUT_16133,125.11
OUT_16134,151.62
OUT_16135,2281.63
OUT_16136,2587.57
OUT_16137,145.88
OUT_16138,139.01
OUT_16139,282.01
OUT_16140,477.11
OUT_16141,157.69
OUT_16142,2038.0
OUT_16143,2536.65
OUT_16144,2262.65
OUT_16145,215.69
OUT_16146,2344.83
OUT_16147,556.27
OUT_16148,158.07
OUT_16149,155.21
OUT_16150,2403.95
OUT_16151,139.82
OUT_16152,163.6
OUT_16153,2387.59
OUT_16154,572.04
OUT_16155,133.16
OUT_16156,533.83
OUT_16157,190.96
OUT_16158,515.81
OUT_16159,142.64
OUT_16160,137.55
OUT_16161,516.14
OUT_16162,498.61
OUT_16163,205.07
OUT_16164,2155.43
OUT_16165,139.41
OUT_16166,176.03
OUT_16167,117.12
OUT_16168,154.05
OUT_16169,6240.67
OUT_16170,1559.31
OUT_16171,523.61
OUT_16172,2132.23
OUT_16173,535.8
OUT_16174,139.14
OUT_16175,178.89
OUT_16176,2345.61
OUT_16177,524.4
OUT_16178,193.55
OUT_16179,441.53
OUT_16180,5520.31
OUT_16181,473.03
OUT_16182,156.07
OUT_16183,6059.79
OUT_16184,2134.19
OUT_16185,1848.5
OUT_16186,321.64
OUT_16187,218.08
OUT_16188,151.75
OUT_16189,535.36
OUT_16190,2380.63
OUT_16191,140.44
OUT_16193,523.9
OUT_16194,2265.34
OUT_16195,5284.59
OUT_16196,519.14
OUT_16197,135.83
OUT_16198,171.62
OUT_16199,5538.06
OUT_16200,164.75
OUT_16201,2159.78
OUT_16202,125.12
OUT_16203,133.02
OUT_16204,454.44
OUT_16205,132.87
OUT_16206,175.53
OUT_16207,536.23
OUT_16208,221.5
OUT_16209,1970.62
OUT_16210,139.06
OUT_16211,173.11
OUT_16212,148.97
OUT_16213,130.25
OUT_16214,203.16
OUT_16215,2358.13
OUT_16216,2283.58
OUT_16217,586.61
OUT_16218,150.49
OUT_16219,2232.85
OUT_16220,146.11
OUT_16221,140.25
OUT_16222,136.26
OUT_16223,6160.29
OUT_16224,318.83
OUT_16225,462.32
OUT_16226,295.81
OUT_16227,247.8
OUT_16228,5267.12
OUT_16229,6067.82
OUT_16230,474.51
OUT_16231,160.97
OUT_16232,153.43
OUT_16233,221.76
OUT_16234,476.86
OUT_16235,532.09
OUT_16236,160.87
OUT_16237,512.29
OUT_16238,5078.7
OUT_16239,139.9
OUT_16240,526.14
OUT_16241,212.43
OUT_16242,454.63
OUT_16243,2399.86
OUT_16244,2237.46
OUT_16245,2127.62
OUT_16246,199.3
OUT_16247,133.67
OUT_16248,516.84
OUT_16249,221.73
OUT_16250,160.07
OUT_16251,131.23
OUT_16252,1669.22
OUT_16253,151.19
OUT_16254,2200.03
OUT_16255,2192.43
OUT_16256,541.12
OUT_16257,193.65
OUT_16258,2256.88
OUT_16259,123.76
OUT_16260,195.52
OUT_16261,492.05
OUT_16262,206.22
OUT_16263,194.13
OUT_16264,210.32
OUT_16265,153.54
OUT_16266,140.46
OUT_16267,191.37
OUT_16268,162.2
OUT_16269,539.3
OUT_16270,131.41
OUT_16271,2258.93
OUT_16272,607.73
OUT_16273,2323.31
OUT_16274,137.61
OUT_16275,2041.58
OUT_16276,127.31
OUT_16277,155.47
OUT_16278,439.99
OUT_16279,595.74
OUT_16280,152.93
OUT_16281,299.29
OUT_16282,194.4
OUT_16283,521.55
OUT_16284,2276.28
OUT_16285,137.09
OUT_16286,148.92
OUT_16287,491.44
OUT_16288,504.26
OUT_16289,145.54
OUT_16290,144.12
OUT_16291,152.5
OUT_16292,569.43
OUT_16293,739.33
OUT_16294,231.04
OUT_16295,231.16
OUT_16296,488.05
OUT_16297,559.95
OUT_16298,296.96
OUT_16299,479.98
OUT_16300,2497.35
OUT_16301,204.27
OUT_16302,2266.25
OUT_16303,5510.95
OUT_16304,5443.74
OUT_16305,150.63
OUT_16306,126.16
OUT_16307,164.36
OUT_16308,162.23
OUT_16309,492.21
OUT_16310,484.3
OUT_16311,2283.46
OUT_16312,121.38
OUT_16313,144.54
OUT_16314,5924.11
OUT_16315,2266.51
OUT_16316,210.65
OUT_16317,2396.89
OUT_16318,2024.13
OUT_16319,152.87
OUT_16320,158.48
OUT_16321,572.43
OUT_16322,2142.26
OUT_16323,501.19
OUT_16324,161.7
OUT_16325,173.46
OUT_16326,2090.81
OUT_16327,421.39
OUT_16328,2530.53
OUT_16329,5949.13
OUT_16330,2086.36
OUT_16331,5951.3
OUT_16332,156.7
OUT_16333,295.0
OUT_16334,2125.75
OUT_16335,467.22
OUT_16336,5649.87
OUT_16337,187.31
OUT_16338,163.18
OUT_16339,137.81
OUT_16340,160.19
OUT_16341,503.47
OUT_16342,152.23
OUT_16343,2286.47
OUT_16344,123.65
OUT_16345,216.96
OUT_16346,173.83
OUT_16347,223.71
OUT_16348,549.68
OUT_16349,2173.11
OUT_16350,206.78
OUT_16351,2036.0
OUT_16352,204.46
OUT_16353,144.39
OUT_16354,248.37
OUT_16355,164.8
OUT_16356,155.07
OUT_16357,144.98
OUT_16358,156.56
OUT_16359,520.72
OUT_16361,141.38
OUT_16362,2482.3
OUT_16363,143.79
OUT_16364,2466.11
OUT_16365,144.96
OUT_16366,155.4
OUT_16367,468.51
OUT_16368,140.0
OUT_16369,173.9
OUT_16370,478.99
OUT_16371,128.56
OUT_16372,139.78
OUT_16373,192.77
OUT_16374,146.56
OUT_16375,533.41
OUT_16376,192.14
OUT_16377,228.24
OUT_16378,148.67
OUT_16379,208.3
OUT_16380,178.51
OUT_16381,152.88
OUT_16382,2515.56
OUT_16383,2598.72
OUT_16384,454.74
OUT_16385,141.96
OUT_16386,185.88
OUT_16387,421.49
OUT_16388,5620.2
OUT_16389,2270.89
OUT_16390,547.5
OUT_16391,134.88
OUT_16392,259.1
OUT_16393,148.58
OUT_16394,2490.35
OUT_16395,145.19
OUT_16396,156.2
OUT_16397,2525.66
OUT_16398,474.13
OUT_16399,151.94
OUT_16400,184.08
OUT_16401,128.0
OUT_16402,550.86
OUT_16403,2212.95
OUT_16404,489.6
OUT_16405,138.78
OUT_16406,151.64
OUT_16407,485.89
OUT_16408,141.7
OUT_16409,527.59
OUT_16410,151.24
OUT_16411,485.15
OUT_16412,158.06
OUT_16413,2231.41
OUT_16414,2143.72
OUT_16415,142.44
OUT_16416,180.37
OUT_16417,2337.63
OUT_16418,151.11
OUT_16419,468.7
OUT_16420,159.79
OUT_16421,561.16
OUT_16422,137.03
OUT_16423,568.38
OUT_16424,2334.89
OUT_16425,460.22
OUT_16426,2381.5
OUT_16427,141.1
OUT_16428,132.61
OUT_16429,513.22
OUT_16430,171.95
OUT_16431,138.63
OUT_16432,270.83
OUT_16433,471.59
OUT_16434,150.19
OUT_16435,2513.1
OUT_16436,446.95
OUT_16437,6562.76
OUT_16438,144.33
OUT_16439,464.92
OUT_16440,143.52
OUT_16441,5813.37
OUT_16442,171.05
OUT_16443,140.23
OUT_16444,458.2
OUT_16445,310.19
OUT_16446,170.78
OUT_16447,265.05
OUT_16448,514.29
OUT_16449,408.89
OUT_16450,139.48
OUT_16451,2566.9
OUT_16452,530.52
OUT_16453,131.81
OUT_16454,511.83
OUT_16455,512.41
OUT_16456,132.64
OUT_16457,509.72
OUT_16458,138.27
OUT_16459,2161.34
OUT_16460,5530.05
OUT_16461,558.62
OUT_16462,141.54
OUT_16463,489.59
OUT_16464,184.58
OUT_16465,501.79
OUT_16466,174.8
OUT_16467,2570.09
OUT_16468,509.65
OUT_16469,156.41
OUT_16470,2220.71
OUT_16471,138.7
OUT_16472,157.67
OUT_16473,138.18
OUT_16474,196.23
OUT_16475,154.24
OUT_16476,303.52
OUT_16477,460.87
OUT_16478,524.28
OUT_16479,536.3
OUT_16480,548.56
OUT_16481,170.1
OUT_16482,184.91
OUT_16483,496.03
OUT_16484,540.14
OUT_16485,144.25
OUT_16486,139.02
OUT_16487,556.05
OUT_16488,5629.05
OUT_16489,498.65
OUT_16490,267.15
OUT_16491,174.57
OUT_16492,6146.31
OUT_16493,150.93
OUT_16494,536.15
OUT_16495,152.19
OUT_16496,550.82
OUT_16497,2433.65
OUT_16498,148.27
OUT_16499,588.65
OUT_16500,160.56
OUT_16501,470.5
OUT_16502,2298.38
OUT_16503,140.83
OUT_16504,125.76
OUT_16505,228.48
OUT_16506,150.17
OUT_16507,169.25
OUT_16508,155.89
OUT_16509,305.91
OUT_16510,125.82
OUT_16511,2430.18
OUT_16512,143.04
OUT_16513,513.22
OUT_16514,481.34
OUT_16515,454.55
OUT_16516,494.45
OUT_16517,508.14
OUT_16518,141.11
OUT_16519,151.57
OUT_16520,5964.34
OUT_16521,470.77
OUT_16522,135.96
OUT_16523,183.37
OUT_16524,612.36
OUT_16525,494.44
OUT_16526,210.65
OUT_16527,287.03
OUT_16528,231.63
OUT_16529,415.24
OUT_16530,2005.95
OUT_16531,1996.01
OUT_16532,152.51
OUT_16533,466.23
OUT_16534,193.22
OUT_16535,115.43
OUT_16536,2530.42
OUT_16537,522.7
OUT_16538,5325.29
OUT_16539,567.07
OUT_16540,2290.79
OUT_16541,152.62
OUT_16542,470.58
OUT_16543,536.67
OUT_16544,738.57
OUT_16545,273.62
OUT_16546,140.5
OUT_16547,304.21
OUT_16548,6183.87
OUT_16549,182.0
OUT_16550,133.31
OUT_16551,525.78
OUT_16552,154.87
OUT_16553,456.83
OUT_16554,147.65
OUT_16555,140.96
OUT_16556,117.42
OUT_16557,147.44
OUT_16558,532.72
OUT_16559,513.08
OUT_16560,138.19
OUT_16561,153.43
OUT_16562,150.46
OUT_16563,147.72
OUT_16564,121.89
OUT_16565,145.32
OUT_16566,149.54
OUT_16567,138.49
OUT_16568,153.96
OUT_16569,524.25
OUT_16570,5944.35
OUT_16571,181.37
OUT_16572,142.91
OUT_16573,5906.35
OUT_16574,231.02
OUT_16575,140.46
OUT_16576,2231.11
OUT_16577,126.44
OUT_16578,537.47
OUT_16579,530.56
OUT_16580,158.53
OUT_16581,127.12
OUT_16582,160.47
OUT_16583,2082.09
OUT_16584,137.04
OUT_16585,152.81
OUT_16586,2476.95
OUT_16587,146.74
OUT_16588,492.49
OUT_16589,187.0
OUT_16590,2257.45
OUT_16591,145.43
OUT_16592,545.59
OUT_16593,2419.18
OUT_16594,132.11
OUT_16595,159.56
OUT_16596,6684.79
OUT_16597,5924.54
OUT_16598,2025.37
OUT_16599,138.7
OUT_16600,137.64
OUT_16601,515.48
OUT_16602,1907.11
OUT_16603,128.88
OUT_16604,223.52
OUT_16605,5809.33
OUT_16606,129.4
OUT_16607,503.96
OUT_16608,286.48
OUT_16609,460.23
OUT_16610,270.54
OUT_16611,187.98
OUT_16612,497.21
OUT_16613,160.68
OUT_16614,140.64
OUT_16615,180.38
OUT_16616,547.33
OUT_16617,504.08
OUT_16618,139.72
OUT_16619,534.15
OUT_16620,504.16
OUT_16621,191.15
OUT_16622,589.24
OUT_16623,2233.15
OUT_16624,159.39
OUT_16625,238.99
OUT_16626,209.31
OUT_16627,146.67
OUT_16628,142.25
OUT_16629,137.39
OUT_16630,316.36
OUT_16631,482.89
OUT_16632,601.46
OUT_16633,1954.13
OUT_16634,161.86
OUT_16635,201.09
OUT_16636,210.86
OUT_16637,139.02
OUT_16638,140.64
OUT_16639,5952.99
OUT_16640,539.5
OUT_16641,2684.84
OUT_16642,543.84
OUT_16643,539.46
OUT_16644,467.62
OUT_16645,505.83
OUT_16646,475.86
OUT_16647,505.92
OUT_16648,141.55
OUT_16649,1904.22
OUT_16650,202.32
OUT_16651,152.21
OUT_16652,488.35
OUT_16653,185.5
OUT_16654,2486.42
OUT_16655,141.99
OUT_16656,2472.64
OUT_16657,2273.02
OUT_16658,151.26
OUT_16659,2460.67
OUT_16660,171.07
OUT_16661,299.2
OUT_16662,503.97
OUT_16663,153.76
OUT_16664,180.12
OUT_16665,476.27
OUT_16666,133.12
OUT_16667,139.86
OUT_16668,201.35
OUT_16669,205.28
OUT_16670,2105.31
OUT_16671,160.4
OUT_16672,146.67
OUT_16673,518.85
OUT_16674,216.26
OUT_16675,2331.49
OUT_16676,2209.62
OUT_16677,144.37
OUT_16678,152.11
OUT_16679,151.78
OUT_16680,435.17
OUT_16681,161.74
OUT_16682,159.6
OUT_16683,135.68
OUT_16684,191.52
OUT_16685,502.24
OUT_16686,190.24
OUT_16687,2449.56
OUT_16688,6202.05
OUT_16689,213.45
OUT_16690,1843.99
OUT_16691,118.72
OUT_16692,461.52
OUT_16693,157.17
OUT_16694,486.94
OUT_16695,143.86
OUT_16696,203.22
OUT_16697,135.35
OUT_16698,483.88
OUT_16699,156.68
OUT_16700,163.28
OUT_16701,146.09
OUT_16702,490.24
OUT_16703,2255.71
OUT_16704,134.19
OUT_16705,397.17
OUT_16706,143.93
OUT_16707,2497.75
OUT_16708,117.46
OUT_16709,150.74
OUT_16710,166.12
OUT_16711,2621.93
OUT_16712,1967.68
OUT_16713,194.6
OUT_16714,138.42
OUT_16715,194.58
OUT_16716,532.36
OUT_16717,462.2
OUT_16718,126.81
OUT_16719,471.57
OUT_16720,243.85
OUT_16721,574.45
OUT_16722,128.7
OUT_16723,149.29
OUT_16724,1997.27
OUT_16725,497.32
OUT_16726,532.18
OUT_16727,203.19
OUT_16728,2306.94
OUT_16729,159.66
OUT_16730,138.96
OUT_16731,501.59
OUT_16732,481.15
OUT_16733,135.93
OUT_16734,148.32
OUT_16735,168.26
OUT_16736,273.65
OUT_16737,500.84
OUT_16738,2179.8
OUT_16739,532.74
OUT_16740,504.37
OUT_16741,2298.14
OUT_16742,2390.18
OUT_16743,164.15
OUT_16744,126.24
OUT_16745,526.33
OUT_16746,557.36
OUT_16747,503.28
OUT_16748,144.2
OUT_16749,2322.63
OUT_16750,146.86
OUT_16751,235.67
OUT_16752,176.62
OUT_16753,2467.62
OUT_16754,147.97
OUT_16755,140.51
OUT_16756,170.64
OUT_16757,501.29
OUT_16758,152.54
OUT_16759,138.86
OUT_16760,509.62
OUT_16761,149.61
OUT_16762,525.65
OUT_16763,175.97
OUT_16764,154.65
OUT_16765,299.0
OUT_16766,473.62
OUT_16767,131.69
OUT_16768,485.89
OUT_16769,2162.31
OUT_16770,449.37
OUT_16771,151.41
OUT_16772,170.89
OUT_16773,151.14
OUT_16774,249.86
OUT_16775,2351.45
OUT_16776,548.24
OUT_16777,482.11
OUT_16778,474.61
OUT_16779,148.57
OUT_16780,150.81
OUT_16781,139.12
OUT_16782,232.14
OUT_16783,501.69
OUT_16784,504.69
OUT_16785,2362.28
OUT_16786,2406.55
OUT_16787,2151.67
OUT_16788,131.39
OUT_16789,146.43
OUT_16790,510.55
OUT_16791,2329.34
OUT_16792,129.67
OUT_16793,547.32
OUT_16794,456.59
OUT_16795,144.69
OUT_16796,669.95
OUT_16797,225.85
OUT_16798,130.85
OUT_16799,157.89
OUT_16800,274.22
OUT_16801,260.55
OUT_16802,216.97
OUT_16803,195.96
OUT_16804,2200.94
OUT_16805,149.37
OUT_16806,2139.34
OUT_16807,433.15
OUT_16808,2484.39
OUT_16809,4747.93
OUT_16810,515.42
OUT_16811,162.16
OUT_16812,2172.91
OUT_16813,2379.32
OUT_16814,136.18
OUT_16815,2246.82
OUT_16816,162.77
OUT_16817,499.56
OUT_16818,461.8
OUT_16819,113.33
OUT_16820,2364.26
OUT_16821,430.94
OUT_16822,140.04
OUT_16823,182.31
OUT_16824,608.65
OUT_16825,184.15
OUT_16826,158.56
OUT_16827,5481.63
OUT_16828,488.04
OUT_16829,192.71
OUT_16830,2213.29
OUT_16831,159.49
OUT_16832,2426.94
OUT_16833,514.09
OUT_16834,473.27
OUT_16835,254.31
OUT_16836,154.61
OUT_16837,150.04
OUT_16838,2584.59
OUT_16839,562.99
OUT_16840,2298.4
OUT_16841,2206.17
OUT_16842,127.93
OUT_16843,145.93
OUT_16844,545.23
OUT_16845,155.2
OUT_16846,194.59
OUT_16847,161.47
OUT_16848,5696.45
OUT_16849,170.22
OUT_16850,157.74
OUT_16851,2566.82
OUT_16852,529.14
OUT_16853,128.47
OUT_16854,126.84
OUT_16855,485.7
OUT_16856,433.73
OUT_16857,523.29
OUT_16858,2323.41
OUT_16859,166.66
OUT_16860,403.55
OUT_16861,511.89
OUT_16862,153.72
OUT_16863,2328.91
OUT_16864,5689.06
OUT_16865,131.5
OUT_16866,574.52
OUT_16867,189.48
OUT_16868,2374.95
OUT_16869,141.81
OUT_16870,571.36
OUT_16871,152.64
OUT_16872,2243.5
OUT_16873,464.91
OUT_16874,517.57
OUT_16875,489.65
OUT_16876,2059.07
OUT_16877,192.27
OUT_16878,154.89
OUT_16879,133.3
OUT_16880,2502.5
OUT_16881,165.27
OUT_16882,502.32
OUT_16883,178.54
OUT_16884,2443.08
OUT_16885,126.94
OUT_16886,142.59
OUT_16887,153.12
OUT_16888,533.24
OUT_16889,508.97
OUT_16890,191.67
OUT_16891,2280.7
OUT_16892,192.54
OUT_16893,438.03
OUT_16894,523.69
OUT_16895,172.34
OUT_16896,156.98
OUT_16897,119.26
OUT_16898,123.43
OUT_16899,2424.89
OUT_16900,2487.76
OUT_16901,133.19
OUT_16902,527.54
OUT_16903,140.48
OUT_16904,148.67
OUT_16905,599.63
OUT_16906,259.32
OUT_16907,148.96
OUT_16908,1889.25
OUT_16909,2625.3
OUT_16910,158.2
OUT_16911,145.78
OUT_16912,376.76
OUT_16913,480.61
OUT_16914,137.61
OUT_16915,154.94
OUT_16916,204.75
OUT_16917,167.61
OUT_16918,176.13
OUT_16919,196.08
OUT_16920,554.02
OUT_16921,552.38
OUT_16922,124.67
OUT_16923,416.9
OUT_16924,2059.5
OUT_16925,2517.14
OUT_16926,173.64
OUT_16927,580.52
OUT_16928,498.67
OUT_16929,140.17
OUT_16930,568.11
OUT_16931,138.73
OUT_16932,407.08
OUT_16933,132.36
OUT_16934,439.99
OUT_16935,6113.41
OUT_16936,491.34
OUT_16937,2381.09
OUT_16938,166.93
OUT_16939,307.22
OUT_16940,136.31
OUT_16941,143.71
OUT_16942,561.46
OUT_16943,127.62
OUT_16944,488.6
OUT_16945,123.58
OUT_16946,5119.09
OUT_16947,140.66
OUT_16948,157.66
OUT_16949,152.06
OUT_16950,150.62
OUT_16951,177.73
OUT_16952,123.49
OUT_16953,134.7
OUT_16954,165.37
OUT_16955,127.25
OUT_16956,134.41
OUT_16957,159.1
OUT_16958,2362.33
OUT_16959,5964.65
OUT_16960,157.85
OUT_16961,526.53
OUT_16962,141.11
OUT_16963,140.27
OUT_16964,155.1
OUT_16965,479.17
OUT_16966,149.74
OUT_16967,440.05
OUT_16968,475.3
OUT_16969,475.87
OUT_16970,539.53
OUT_16971,1833.05
OUT_16972,138.74
OUT_16973,174.53
OUT_16974,560.98
OUT_16975,487.6
OUT_16976,134.64
OUT_16977,2151.08
OUT_16978,194.31
OUT_16979,146.28
OUT_16980,200.99
OUT_16981,231.66
OUT_16982,143.23
OUT_16983,501.51
OUT_16984,136.25
OUT_16985,563.3
OUT_16986,5854.49
OUT_16987,519.33
OUT_16988,507.29
OUT_16989,560.29
OUT_16990,5598.83
OUT_16991,502.35
OUT_16992,158.55
OUT_16993,161.96
OUT_16994,483.85
OUT_16995,153.91
OUT_16996,484.49
OUT_16997,466.34
OUT_16998,141.93
OUT_16999,445.86
OUT_17000,134.84
OUT_17001,207.34
OUT_17002,820.92
OUT_17003,227.24
OUT_17004,742.71
OUT_17005,654.91
OUT_17006,679.74
OUT_17007,726.62
OUT_17008,3658.97
OUT_17009,8950.97
OUT_17010,8031.32
OUT_17011,178.25
OUT_17012,221.52
OUT_17013,226.41
OUT_17014,8902.25
OUT_17015,671.98
OUT_17016,288.91
OUT_17017,230.52
OUT_17018,178.74
OUT_17019,790.15
OUT_17020,179.15
OUT_17021,3613.47
OUT_17022,181.93
OUT_17023,247.51
OUT_17024,198.64
OUT_17025,3341.03
OUT_17026,221.24
OUT_17027,193.98
OUT_17028,3679.2
OUT_17029,186.12
OUT_17030,248.83
OUT_17031,184.52
OUT_17032,238.89
OUT_17033,234.05
OUT_17034,630.78
OUT_17035,220.32
OUT_17036,234.65
OUT_17037,646.56
OUT_17038,205.73
OUT_17039,639.55
OUT_17040,187.75
OUT_17041,645.65
OUT_17042,177.01
OUT_17043,215.74
OUT_17044,3245.5
OUT_17045,191.54
OUT_17046,193.91
OUT_17047,3750.98
OUT_17048,191.74
OUT_17049,6633.46
OUT_17050,701.23
OUT_17051,215.89
OUT_17052,300.29
OUT_17053,728.84
OUT_17054,819.71
OUT_17055,219.58
OUT_17056,835.1
OUT_17057,657.84
OUT_17058,2914.2
OUT_17059,789.71
OUT_17060,305.73
OUT_17061,724.26
OUT_17062,200.97
OUT_17063,211.68
OUT_17064,715.81
OUT_17065,206.77
OUT_17066,3579.51
OUT_17067,9613.12
OUT_17068,777.06
OUT_17069,758.79
OUT_17070,702.81
OUT_17071,8207.8
OUT_17072,207.78
OUT_17073,837.44
OUT_17074,670.25
OUT_17075,236.25
OUT_17076,183.5
OUT_17077,209.09
OUT_17078,3202.74
OUT_17079,240.73
OUT_17080,748.08
OUT_17081,224.52
OUT_17082,7675.65
OUT_17083,205.58
OUT_17084,223.62
OUT_17085,3606.09
OUT_17086,255.15
OUT_17087,3184.66
OUT_17088,3159.12
OUT_17089,223.12
OUT_17090,191.55
OUT_17091,205.75
OUT_17092,3296.31
OUT_17093,250.29
OUT_17094,257.0
OUT_17095,649.32
OUT_17096,200.73
OUT_17097,197.8
OUT_17098,792.75
OUT_17099,715.86
OUT_17100,615.0
OUT_17101,2936.24
OUT_17102,721.9
OUT_17103,207.58
OUT_17104,1477.25
OUT_17105,178.74
OUT_17106,205.5
OUT_17107,773.09
OUT_17108,256.81
OUT_17109,234.91
OUT_17110,3054.4
OUT_17111,730.27
OUT_17112,215.17
OUT_17113,301.54
OUT_17114,186.98
OUT_17115,248.45
OUT_17116,269.85
OUT_17117,222.89
OUT_17118,199.34
OUT_17119,708.84
OUT_17120,247.29
OUT_17121,3183.61
OUT_17122,683.33
OUT_17123,2814.32
OUT_17124,3193.79
OUT_17125,727.77
OUT_17126,236.68
OUT_17127,205.51
OUT_17128,267.02
OUT_17129,2827.37
OUT_17130,189.13
OUT_17131,9021.3
OUT_17132,237.06
OUT_17133,220.86
OUT_17134,185.14
OUT_17135,815.09
OUT_17136,717.87
OUT_17137,758.96
OUT_17138,309.02
OUT_17139,263.05
OUT_17140,615.1
OUT_17141,697.91
OUT_17142,766.91
OUT_17143,703.48
OUT_17144,773.64
OUT_17145,218.06
OUT_17146,237.01
OUT_17147,288.82
OUT_17148,657.81
OUT_17149,657.85
OUT_17150,177.02
OUT_17151,209.12
OUT_17152,643.73
OUT_17153,7884.93
OUT_17154,217.93
OUT_17155,278.31
OUT_17156,286.55
OUT_17157,832.91
OUT_17158,852.52
OUT_17159,875.01
OUT_17160,3120.92
OUT_17161,736.17
OUT_17162,3612.85
OUT_17163,201.12
OUT_17164,180.61
OUT_17165,223.33
OUT_17166,218.66
OUT_17167,3062.39
OUT_17168,183.95
OUT_17169,213.81
OUT_17170,250.82
OUT_17171,302.81
OUT_17172,3423.77
OUT_17173,688.64
OUT_17175,7870.14
OUT_17176,219.72
OUT_17177,633.45
OUT_17178,3189.04
OUT_17179,756.91
OUT_17180,220.94
OUT_17181,200.16
OUT_17182,199.46
OUT_17183,3720.91
OUT_17184,226.65
OUT_17185,256.1
OUT_17186,699.55
OUT_17187,8782.8
OUT_17188,202.51
OUT_17189,718.04
OUT_17190,255.32
OUT_17191,237.34
OUT_17192,3657.18
OUT_17193,677.35
OUT_17194,733.03
OUT_17195,255.9
OUT_17196,236.36
OUT_17197,209.93
OUT_17198,710.01
OUT_17199,235.22
OUT_17200,803.22
OUT_17201,758.59
OUT_17202,705.23
OUT_17203,239.41
OUT_17204,712.13
OUT_17205,197.49
OUT_17206,614.64
OUT_17207,3273.73
OUT_17208,3054.37
OUT_17209,190.56
OUT_17210,211.57
OUT_17211,287.9
OUT_17212,304.18
OUT_17213,298.41
OUT_17214,778.57
OUT_17215,761.25
OUT_17216,7139.27
OUT_17217,239.33
OUT_17218,183.82
OUT_17219,231.8
OUT_17220,254.92
OUT_17221,179.22
OUT_17222,623.87
OUT_17223,200.68
OUT_17224,736.71
OUT_17225,754.2
OUT_17226,245.48
OUT_17227,168.33
OUT_17228,222.86
OUT_17229,216.64
OUT_17230,185.52
OUT_17231,3701.49
OUT_17232,3507.68
OUT_17233,662.42
OUT_17234,664.92
OUT_17235,203.82
OUT_17236,214.28
OUT_17237,270.99
OUT_17238,210.61
OUT_17239,674.79
OUT_17240,727.22
OUT_17241,1004.79
OUT_17242,698.82
OUT_17243,188.49
OUT_17244,309.21
OUT_17245,777.4
OUT_17246,719.31
OUT_17247,653.63
OUT_17248,812.74
OUT_17249,198.63
OUT_17250,734.97
OUT_17251,206.13
OUT_17252,301.1
OUT_17253,701.36
OUT_17254,265.35
OUT_17255,264.1
OUT_17256,201.1
OUT_17257,678.45
OUT_17258,244.85
OUT_17259,731.14
OUT_17260,770.42
OUT_17261,216.14
OUT_17262,225.5
OUT_17263,3229.18
OUT_17264,191.14
OUT_17265,220.9
OUT_17266,216.05
OUT_17267,254.0
OUT_17268,227.98
OUT_17269,736.15
OUT_17270,3346.18
OUT_17271,186.93
OUT_17272,748.49
OUT_17273,765.15
OUT_17274,184.59
OUT_17275,733.17
OUT_17276,797.17
OUT_17277,776.3
OUT_17278,192.68
OUT_17279,194.8
OUT_17280,6181.51
OUT_17281,234.16
OUT_17282,666.14
OUT_17283,161.63
OUT_17284,261.69
OUT_17285,790.54
OUT_17286,255.1
OUT_17287,217.8
OUT_17288,197.92
OUT_17289,750.27
OUT_17290,227.33
OUT_17291,285.34
OUT_17292,213.61
OUT_17293,751.75
OUT_17294,267.64
OUT_17295,228.1
OUT_17296,237.33
OUT_17297,234.41
OUT_17298,184.32
OUT_17299,199.95
OUT_17300,204.91
OUT_17301,3545.2
OUT_17302,703.11
OUT_17303,708.98
OUT_17304,2788.42
OUT_17305,729.27
OUT_17306,192.22
OUT_17307,731.18
OUT_17308,745.56
OUT_17309,311.69
OUT_17310,289.55
OUT_17311,201.55
OUT_17312,3365.47
OUT_17313,225.2
OUT_17314,2925.44
OUT_17315,3829.13
OUT_17316,201.12
OUT_17317,722.66
OUT_17318,2945.48
OUT_17319,282.06
OUT_17320,697.35
OUT_17321,2680.52
OUT_17322,755.45
OUT_17323,806.89
OUT_17324,3168.08
OUT_17325,696.25
OUT_17326,7885.22
OUT_17327,247.42
OUT_17328,690.23
OUT_17329,2618.56
OUT_17330,192.12
OUT_17331,217.67
OUT_17332,247.42
OUT_17333,326.67
OUT_17334,2813.69
OUT_17335,281.62
OUT_17336,267.45
OUT_17337,221.64
OUT_17338,760.92
OUT_17339,630.83
OUT_17340,252.51
OUT_17341,212.68
OUT_17342,784.05
OUT_17343,770.54
OUT_17344,231.19
OUT_17345,3578.27
OUT_17346,283.76
OUT_17347,256.99
OUT_17348,3280.3
OUT_17349,214.7
OUT_17350,3250.69
OUT_17351,254.82
OUT_17352,232.11
OUT_17353,235.92
OUT_17354,3349.54
OUT_17355,207.69
OUT_17356,248.97
OUT_17357,238.96
OUT_17358,237.51
OUT_17359,202.18
OUT_17360,231.36
OUT_17361,236.84
OUT_17362,672.19
OUT_17363,191.63
OUT_17364,761.23
OUT_17365,197.09
OUT_17366,2846.61
OUT_17367,268.59
OUT_17368,241.6
OUT_17369,270.88
OUT_17370,207.98
OUT_17371,8951.64
OUT_17372,3267.6
OUT_17373,661.29
OUT_17374,3381.62
OUT_17375,188.12
OUT_17376,225.22
OUT_17377,184.64
OUT_17378,2365.87
OUT_17379,192.48
OUT_17380,203.6
OUT_17381,240.44
OUT_17382,217.22
OUT_17383,305.53
OUT_17384,186.96
OUT_17385,837.69
OUT_17386,728.82
OUT_17387,287.06
OUT_17388,207.12
OUT_17389,9386.13
OUT_17390,220.13
OUT_17391,206.24
OUT_17392,3355.29
OUT_17393,221.6
OUT_17394,596.53
OUT_17395,199.74
OUT_17396,715.66
OUT_17397,664.57
OUT_17398,172.94
OUT_17399,221.87
OUT_17400,694.26
OUT_17401,194.6
OUT_17402,770.23
OUT_17403,734.35
OUT_17404,796.55
OUT_17405,3211.72
OUT_17406,221.54
OUT_17407,276.19
OUT_17408,3806.8
OUT_17409,214.18
OUT_17410,203.32
OUT_17411,174.95
OUT_17412,201.62
OUT_17413,709.72
OUT_17414,799.68
OUT_17415,680.93
OUT_17416,3045.37
OUT_17417,194.01
OUT_17418,754.85
OUT_17419,707.55
OUT_17420,775.15
OUT_17421,202.59
OUT_17422,3183.22
OUT_17423,3087.71
OUT_17424,8049.7
OUT_17425,8217.19
OUT_17426,186.83
OUT_17427,356.82
OUT_17428,253.84
OUT_17429,230.71
OUT_17430,3350.55
OUT_17431,207.71
OUT_17432,743.58
OUT_17433,3227.61
OUT_17434,162.56
OUT_17435,3483.33
OUT_17436,3885.29
OUT_17437,7363.07
OUT_17438,265.3
OUT_17439,182.44
OUT_17440,3226.23
OUT_17441,210.67
OUT_17442,197.98
OUT_17443,790.04
OUT_17444,227.66
OUT_17445,179.44
OUT_17446,720.61
OUT_17447,2972.25
OUT_17448,193.61
OUT_17449,219.07
OUT_17450,829.28
OUT_17451,728.2
OUT_17452,200.44
OUT_17453,716.49
OUT_17454,289.41
OUT_17455,335.7
OUT_17456,263.29
OUT_17457,3258.87
OUT_17458,260.95
OUT_17459,2709.68
OUT_17460,707.36
OUT_17461,222.58
OUT_17462,208.35
OUT_17463,587.14
OUT_17464,690.13
OUT_17465,187.13
OUT_17466,280.86
OUT_17467,282.71
OUT_17468,728.49
OUT_17469,320.46
OUT_17470,325.9
OUT_17471,698.22
OUT_17472,319.17
OUT_17473,681.61
OUT_17474,2941.85
OUT_17475,256.27
OUT_17476,676.87
OUT_17477,3274.11
OUT_17478,2932.88
OUT_17479,213.86
OUT_17480,239.18
OUT_17481,196.66
OUT_17482,299.79
OUT_17483,790.46
OUT_17484,713.71
OUT_17485,246.26
OUT_17486,169.85
OUT_17487,206.82
OUT_17488,259.66
OUT_17489,238.71
OUT_17490,309.38
OUT_17491,658.9
OUT_17492,3236.24
OUT_17493,207.47
OUT_17494,3870.06
OUT_17495,3594.95
OUT_17496,259.53
OUT_17497,181.19
OUT_17498,190.7
OUT_17500,1006.28
OUT_17501,783.47
OUT_17502,735.44
OUT_17503,219.19
OUT_17504,174.66
OUT_17505,249.84
OUT_17506,2925.19
OUT_17507,201.86
OUT_17508,3237.85
OUT_17509,160.81
OUT_17510,218.4
OUT_17511,276.73
OUT_17512,280.47
OUT_17513,213.5
OUT_17514,209.87
OUT_17515,207.4
OUT_17516,689.56
OUT_17517,252.57
OUT_17518,200.38
OUT_17519,680.93
OUT_17520,715.86
OUT_17521,747.45
OUT_17522,3918.65
OUT_17523,171.71
OUT_17524,3164.03
OUT_17525,263.21
OUT_17526,726.13
OUT_17527,770.77
OUT_17528,772.08
OUT_17529,191.24
OUT_17530,2861.98
OUT_17531,318.65
OUT_17532,3471.97
OUT_17533,204.98
OUT_17534,200.75
OUT_17535,704.16
OUT_17536,177.97
OUT_17537,205.0
OUT_17538,619.98
OUT_17539,292.95
OUT_17540,3266.94
OUT_17541,229.68
OUT_17542,668.31
OUT_17543,237.4
OUT_17544,198.76
OUT_17545,226.2
OUT_17546,225.37
OUT_17547,203.99
OUT_17548,295.01
OUT_17549,8387.89
OUT_17550,608.21
OUT_17551,231.75
OUT_17552,302.3
OUT_17553,218.14
OUT_17554,957.69
OUT_17555,204.06
OUT_17556,708.6
OUT_17557,206.4
OUT_17558,206.73
OUT_17559,635.72
OUT_17560,247.88
OUT_17561,229.47
OUT_17562,284.84
OUT_17563,213.21
OUT_17564,185.32
OUT_17565,221.8
OUT_17566,986.6
OUT_17567,763.39
OUT_17568,725.74
OUT_17569,338.37
OUT_17570,325.75
OUT_17571,197.58
OUT_17572,676.2
OUT_17573,208.87
OUT_17574,3025.86
OUT_17575,209.83
OUT_17576,259.75
OUT_17577,643.63
OUT_17578,214.21
OUT_17579,722.5
OUT_17580,198.81
OUT_17581,3191.54
OUT_17582,218.93
OUT_17583,679.52
OUT_17584,3309.82
OUT_17585,2583.42
OUT_17586,259.7
OUT_17587,808.25
OUT_17588,228.3
OUT_17589,709.45
OUT_17590,202.21
OUT_17591,227.83
OUT_17592,175.23
OUT_17593,198.97
OUT_17594,266.27
OUT_17595,200.26
OUT_17596,3032.35
OUT_17597,218.84
OUT_17598,7961.59
OUT_17599,245.11
OUT_17600,222.31
OUT_17601,2751.33
OUT_17602,3187.14
OUT_17603,828.3
OUT_17604,2866.34
OUT_17605,731.79
OUT_17606,7866.59
OUT_17607,3536.33
OUT_17608,227.73
OUT_17609,196.48
OUT_17610,1675.33
OUT_17611,283.3
OUT_17612,194.87
OUT_17613,688.15
OUT_17614,696.31
OUT_17615,630.24
OUT_17616,222.53
OUT_17617,252.79
OUT_17618,7932.91
OUT_17619,675.02
OUT_17620,224.74
OUT_17621,2681.75
OUT_17622,3687.95
OUT_17623,176.35
OUT_17624,735.77
OUT_17625,745.62
OUT_17626,218.82
OUT_17627,244.52
OUT_17628,197.84
OUT_17629,3774.36
OUT_17630,717.08
OUT_17631,188.0
OUT_17632,730.07
OUT_17633,273.37
OUT_17634,247.21
OUT_17635,210.42
OUT_17636,3234.3
OUT_17637,221.26
OUT_17638,171.48
OUT_17639,273.15
OUT_17640,734.79
OUT_17641,167.97
OUT_17642,162.33
OUT_17643,176.49
OUT_17644,233.12
OUT_17645,787.52
OUT_17646,3459.73
OUT_17647,229.93
OUT_17648,223.38
OUT_17649,220.11
OUT_17650,206.04
OUT_17651,2935.38
OUT_17652,8601.51
OUT_17653,785.29
OUT_17654,729.97
OUT_17655,273.76
OUT_17656,3225.68
OUT_17657,254.26
OUT_17658,243.35
OUT_17659,729.76
OUT_17660,3459.4
OUT_17662,3545.03
OUT_17663,206.47
OUT_17664,3475.69
OUT_17665,267.35
OUT_17666,215.42
OUT_17667,3558.43
OUT_17668,3455.55
OUT_17669,231.2
OUT_17670,226.81
OUT_17671,704.94
OUT_17672,317.88
OUT_17673,2941.35
OUT_17674,296.71
OUT_17675,802.48
OUT_17676,799.87
OUT_17677,3234.84
OUT_17678,230.15
OUT_17679,799.97
OUT_17680,314.99
OUT_17681,207.88
OUT_17682,205.81
OUT_17683,684.7
OUT_17684,225.07
OUT_17685,853.89
OUT_17686,208.01
OUT_17687,9027.25
OUT_17688,596.23
OUT_17689,279.18
OUT_17690,206.83
OUT_17691,186.56
OUT_17692,326.97
OUT_17693,254.24
OUT_17694,3209.04
OUT_17695,209.19
OUT_17696,725.4
OUT_17697,759.28
OUT_17698,7894.65
OUT_17699,768.19
OUT_17700,226.77
OUT_17701,187.04
OUT_17702,208.82
OUT_17703,734.94
OUT_17704,238.53
OUT_17705,190.04
OUT_17706,210.88
OUT_17707,3140.42
OUT_17708,233.16
OUT_17709,724.17
OUT_17710,228.89
OUT_17711,275.33
OUT_17712,182.72
OUT_17713,219.39
OUT_17714,211.61
OUT_17715,151.11
OUT_17716,208.67
OUT_17717,3231.89
OUT_17718,3597.5
OUT_17719,267.33
OUT_17720,644.64
OUT_17721,804.39
OUT_17722,272.19
OUT_17723,222.04
OUT_17724,188.56
OUT_17725,251.88
OUT_17726,8708.72
OUT_17727,690.89
OUT_17728,218.64
OUT_17729,698.32
OUT_17730,216.84
OUT_17731,298.09
OUT_17732,645.52
OUT_17733,306.45
OUT_17734,279.07
OUT_17735,663.97
OUT_17736,3210.33
OUT_17737,3131.71
OUT_17738,3097.67
OUT_17739,2922.6
OUT_17740,799.77
OUT_17741,726.35
OUT_17742,611.86
OUT_17743,263.55
OUT_17744,747.99
OUT_17745,203.44
OUT_17746,177.48
OUT_17747,247.07
OUT_17748,205.32
OUT_17749,278.64
OUT_17750,289.83
OUT_17751,223.23
OUT_17752,3041.21
OUT_17753,744.98
OUT_17754,8130.64
OUT_17755,606.54
OUT_17756,786.81
OUT_17757,224.1
OUT_17758,198.87
OUT_17759,220.67
OUT_17760,198.7
OUT_17761,2712.11
OUT_17762,698.63
OUT_17763,731.66
OUT_17764,647.35
OUT_17765,190.73
OUT_17766,195.3
OUT_17767,165.87
OUT_17768,203.58
OUT_17769,7217.28
OUT_17770,2905.65
OUT_17771,591.09
OUT_17772,196.82
OUT_17773,239.47
OUT_17774,283.69
OUT_17775,638.66
OUT_17776,3708.01
OUT_17777,788.46
OUT_17778,3458.69
OUT_17779,178.09
OUT_17780,690.09
OUT_17781,311.4
OUT_17782,863.53
OUT_17783,2787.63
OUT_17784,196.02
OUT_17785,231.26
OUT_17786,724.93
OUT_17787,187.63
OUT_17788,226.43
OUT_17789,197.23
OUT_17790,209.19
OUT_17791,3219.46
OUT_17792,737.95
OUT_17793,280.22
OUT_17794,268.6
OUT_17795,187.75
OUT_17796,236.38
OUT_17797,224.97
OUT_17798,290.8
OUT_17799,224.67
OUT_17800,2923.53
OUT_17801,767.31
OUT_17802,702.86
OUT_17803,297.52
OUT_17804,200.42
OUT_17805,8219.27
OUT_17806,224.69
OUT_17807,203.26
OUT_17808,699.07
OUT_17809,680.33
OUT_17810,216.0
OUT_17811,780.27
OUT_17813,217.33
OUT_17814,243.83
OUT_17815,3733.71
OUT_17816,186.19
OUT_17817,189.18
OUT_17818,3419.55
OUT_17819,200.38
OUT_17820,3028.94
OUT_17821,255.01
OUT_17822,192.73
OUT_17823,205.84
OUT_17824,724.25
OUT_17825,260.82
OUT_17826,700.65
OUT_17827,3257.86
OUT_17828,276.06
OUT_17829,230.37
OUT_17830,3649.94
OUT_17831,3076.91
OUT_17832,275.39
OUT_17833,221.27
OUT_17834,678.4
OUT_17835,621.89
OUT_17836,8796.38
OUT_17837,216.57
OUT_17838,3354.89
OUT_17839,3325.96
OUT_17840,203.73
OUT_17841,193.73
OUT_17842,207.46
OUT_17843,8169.78
OUT_17844,742.37
OUT_17845,3925.94
OUT_17846,681.35
OUT_17847,715.72
OUT_17848,217.19
OUT_17849,729.98
OUT_17850,315.47
OUT_17851,738.9
OUT_17852,652.24
OUT_17853,704.84
OUT_17854,8640.24
OUT_17855,3338.66
OUT_17856,3340.17
OUT_17857,201.8
OUT_17858,785.24
OUT_17859,713.35
OUT_17860,197.02
OUT_17861,239.72
OUT_17862,270.65
OUT_17863,221.97
OUT_17864,187.16
OUT_17865,248.63
OUT_17866,253.8
OUT_17867,729.11
OUT_17868,206.03
OUT_17869,664.56
OUT_17870,212.99
OUT_17871,718.0
OUT_17872,188.39
OUT_17873,178.49
OUT_17874,217.9
OUT_17875,740.25
OUT_17876,731.55
OUT_17877,209.62
OUT_17878,713.04
OUT_17879,213.67
OUT_17880,7673.15
OUT_17881,203.29
OUT_17882,681.55
OUT_17883,752.61
OUT_17884,3434.38
OUT_17885,175.54
OUT_17886,780.66
OUT_17887,186.03
OUT_17888,208.82
OUT_17889,688.93
OUT_17890,195.27
OUT_17891,3121.82
OUT_17892,194.75
OUT_17893,185.8
OUT_17894,211.6
OUT_17895,263.48
OUT_17896,288.92
OUT_17897,206.25
OUT_17898,199.29
OUT_17899,714.89
OUT_17900,208.46
OUT_17901,208.13
OUT_17902,3153.19
OUT_17903,218.27
OUT_17904,282.42
OUT_17905,170.32
OUT_17906,3614.91
OUT_17907,734.5
OUT_17908,221.59
OUT_17909,225.45
OUT_17910,7772.2
OUT_17911,243.43
OUT_17912,675.19
OUT_17913,215.84
OUT_17914,172.58
OUT_17915,176.63
OUT_17916,235.89
OUT_17917,251.93
OUT_17918,3681.57
OUT_17919,208.45
OUT_17920,258.39
OUT_17921,210.18
OUT_17922,314.48
OUT_17923,7969.11
OUT_17924,291.62
OUT_17925,200.98
OUT_17926,718.58
OUT_17927,736.52
OUT_17928,237.71
OUT_17929,224.37
OUT_17930,216.81
OUT_17931,269.95
OUT_17932,185.46
OUT_17933,3298.28
OUT_17934,666.27
OUT_17935,777.2
OUT_17936,3394.66
OUT_17937,701.42
OUT_17938,223.7
OUT_17939,240.22
OUT_17940,185.57
OUT_17941,232.0
OUT_17942,343.79
OUT_17943,277.19
OUT_17944,2976.01
OUT_17945,174.78
OUT_17946,242.75
OUT_17947,3292.66
OUT_17948,260.64
OUT_17949,268.03
OUT_17950,266.79
OUT_17951,209.4
OUT_17952,219.44
OUT_17953,212.78
OUT_17954,212.97
OUT_17955,3446.99
OUT_17956,714.03
OUT_17957,746.03
OUT_17958,226.16
OUT_17959,215.83
OUT_17960,225.28
OUT_17961,231.87
OUT_17962,243.45
OUT_17963,703.49
OUT_17964,707.93
OUT_17965,220.39
OUT_17966,191.67
OUT_17967,3003.13
OUT_17968,255.98
OUT_17969,199.06
OUT_17970,215.48
OUT_17971,222.85
OUT_17972,745.8
OUT_17973,2930.63
OUT_17974,318.88
OUT_17975,3254.24
OUT_17976,291.76
OUT_17977,200.41
OUT_17978,279.95
OUT_17979,3204.28
OUT_17980,187.41
OUT_17981,212.63
OUT_17982,192.34
OUT_17983,8825.4
OUT_17984,216.53
OUT_17985,242.19
OUT_17986,3306.21
OUT_17987,3790.48
OUT_17988,3087.87
OUT_17989,8420.13
OUT_17990,241.39
OUT_17991,646.17
OUT_17992,251.97
OUT_17993,247.87
OUT_17994,644.47
OUT_17995,3354.33
OUT_17996,235.11
OUT_17997,261.97
OUT_17998,207.02
OUT_17999,278.78
OUT_18000,254.07
OUT_18001,267.3
OUT_18002,241.13
OUT_18003,210.81
OUT_18004,760.44
OUT_18005,185.72
OUT_18006,3145.8
OUT_18007,256.52
OUT_18008,275.95
OUT_18009,284.68
OUT_18010,349.61
OUT_18011,3674.73
OUT_18012,3138.92
OUT_18013,256.12
OUT_18014,234.38
OUT_18015,718.4
OUT_18016,235.5
OUT_18017,4222.64
OUT_18018,3143.89
OUT_18019,250.69
OUT_18020,727.17
OUT_18021,242.62
OUT_18022,8506.41
OUT_18023,8584.47
OUT_18024,196.75
OUT_18025,811.17
OUT_18026,707.92
OUT_18027,730.22
OUT_18028,780.0
OUT_18029,9292.73
OUT_18030,191.4
OUT_18031,779.92
OUT_18032,205.88
OUT_18033,805.83
OUT_18034,729.18
OUT_18035,2906.31
OUT_18036,2816.74
OUT_18037,270.1
OUT_18038,192.23
OUT_18039,238.05
OUT_18040,670.28
OUT_18041,222.64
OUT_18042,216.7
OUT_18043,220.64
OUT_18044,859.64
OUT_18045,622.35
OUT_18046,726.46
OUT_18047,198.75
OUT_18048,237.87
OUT_18049,229.4
OUT_18050,3156.52
OUT_18051,737.42
OUT_18052,227.19
OUT_18053,722.47
OUT_18054,220.14
OUT_18055,9072.53
OUT_18056,193.72
OUT_18057,223.64
OUT_18058,977.36
OUT_18059,170.26
OUT_18060,3205.57
OUT_18061,669.19
OUT_18062,755.85
OUT_18063,254.45
OUT_18064,219.97
OUT_18065,209.25
OUT_18066,205.88
OUT_18067,752.58
OUT_18068,712.93
OUT_18069,298.26
OUT_18070,181.13
OUT_18071,8286.79
OUT_18072,2760.1
OUT_18073,720.75
OUT_18074,197.86
OUT_18075,683.67
OUT_18076,226.06
OUT_18077,183.88
OUT_18078,702.52
OUT_18079,216.53
OUT_18080,199.99
OUT_18081,241.77
OUT_18082,190.82
OUT_18083,206.41
OUT_18084,176.89
OUT_18085,684.08
OUT_18086,3206.08
OUT_18087,722.93
OUT_18088,234.35
OUT_18089,197.79
OUT_18090,728.48
OUT_18091,658.11
OUT_18092,558.27
OUT_18093,834.25
OUT_18094,703.85
OUT_18095,776.03
OUT_18096,221.0
OUT_18097,212.78
OUT_18098,198.57
OUT_18099,3156.82
OUT_18100,744.0
OUT_18101,226.23
OUT_18102,691.95
OUT_18103,272.13
OUT_18104,745.41
OUT_18105,210.47
OUT_18106,810.46
OUT_18107,292.21
OUT_18108,806.0
OUT_18109,210.41
OUT_18110,3084.08
OUT_18111,213.93
OUT_18112,214.87
OUT_18113,185.28
OUT_18114,214.34
OUT_18115,190.46
OUT_18116,209.56
OUT_18117,675.67
OUT_18118,206.17
OUT_18119,179.32
OUT_18120,323.13
OUT_18121,276.22
OUT_18122,280.05
OUT_18123,698.94
OUT_18124,209.55
OUT_18125,9722.57
OUT_18126,182.24
OUT_18127,230.21
OUT_18128,7626.05
OUT_18129,163.44
OUT_18130,3245.99
OUT_18131,783.84
OUT_18132,270.22
OUT_18133,202.38
OUT_18134,243.69
OUT_18135,230.59
OUT_18136,674.94
OUT_18137,179.49
OUT_18138,263.27
OUT_18139,236.86
OUT_18140,260.94
OUT_18141,2991.31
OUT_18142,229.89
OUT_18143,215.22
OUT_18144,793.16
OUT_18145,650.65
OUT_18146,797.94
OUT_18147,187.51
OUT_18148,221.16
OUT_18149,2957.45
OUT_18150,3362.11
OUT_18151,211.43
OUT_18152,721.4
OUT_18153,782.35
OUT_18154,654.97
OUT_18155,697.82
OUT_18156,778.83
OUT_18157,3473.67
OUT_18158,3256.41
OUT_18159,203.76
OUT_18160,2890.08
OUT_18161,213.25
OUT_18162,213.3
OUT_18163,3432.4
OUT_18164,265.36
OUT_18165,225.05
OUT_18166,8159.68
OUT_18167,2938.71
OUT_18168,178.9
OUT_18169,191.3
OUT_18170,2879.38
OUT_18171,200.72
OUT_18172,3605.54
OUT_18173,753.53
OUT_18174,796.51
OUT_18175,806.91
OUT_18176,261.1
OUT_18177,216.78
OUT_18178,180.86
OUT_18179,786.68
OUT_18180,264.67
OUT_18181,212.51
OUT_18182,325.34
OUT_18183,771.13
OUT_18184,176.54
OUT_18185,753.42
OUT_18186,729.31
OUT_18187,3350.55
OUT_18188,213.43
OUT_18189,798.27
OUT_18190,184.06
OUT_18191,3124.12
OUT_18192,618.64
OUT_18193,154.91
OUT_18194,719.05
OUT_18195,702.04
OUT_18196,249.59
OUT_18197,221.45
OUT_18198,225.76
OUT_18199,249.89
OUT_18200,790.02
OUT_18201,201.66
OUT_18202,663.7
OUT_18203,2696.87
OUT_18204,657.47
OUT_18205,218.75
OUT_18206,213.03
OUT_18207,3019.73
OUT_18208,737.15
OUT_18209,6853.97
OUT_18210,3412.85
OUT_18211,682.85
OUT_18212,243.9
OUT_18213,334.08
OUT_18214,197.42
OUT_18215,750.79
OUT_18216,857.4
OUT_18217,687.77
OUT_18218,2993.96
OUT_18219,329.14
OUT_18220,3446.04
OUT_18221,768.75
OUT_18222,684.72
OUT_18223,2662.93
OUT_18224,786.83
OUT_18225,213.18
OUT_18226,2881.39
OUT_18227,658.1
OUT_18228,248.77
OUT_18229,205.55
OUT_18230,230.34
OUT_18231,216.32
OUT_18232,212.08
OUT_18233,212.15
OUT_18234,3333.25
OUT_18235,216.55
OUT_18236,173.49
OUT_18237,213.61
OUT_18238,176.73
OUT_18239,203.75
OUT_18240,3487.68
OUT_18241,9060.11
OUT_18242,3078.11
OUT_18243,180.44
OUT_18244,214.03
OUT_18245,801.76
OUT_18246,712.69
OUT_18247,233.69
OUT_18248,674.46
OUT_18249,687.27
OUT_18250,193.08
OUT_18251,252.45
OUT_18252,204.85
OUT_18253,210.49
OUT_18254,5686.35
OUT_18255,215.01
OUT_18256,214.0
OUT_18257,3150.68
OUT_18258,194.45
OUT_18259,250.55
OUT_18260,228.89
OUT_18261,209.13
OUT_18262,201.01
OUT_18263,3360.39
OUT_18264,3372.59
OUT_18265,730.28
OUT_18266,253.0
OUT_18267,3495.39
OUT_18268,151.42
OUT_18269,214.66
OUT_18270,243.74
OUT_18271,207.12
OUT_18272,202.39
OUT_18273,204.02
OUT_18274,673.55
OUT_18275,3606.07
OUT_18276,243.38
OUT_18277,236.89
OUT_18278,221.12
OUT_18279,7576.92
OUT_18280,194.47
OUT_18281,680.9
OUT_18282,221.28
OUT_18283,288.07
OUT_18284,244.56
OUT_18285,736.02
OUT_18286,2909.35
OUT_18287,748.16
OUT_18288,211.02
OUT_18289,709.47
OUT_18290,3038.19
OUT_18291,3269.68
OUT_18292,218.89
OUT_18293,2969.4
OUT_18294,220.71
OUT_18295,204.69
OUT_18296,3140.81
OUT_18297,726.4
OUT_18298,187.0
OUT_18299,664.17
OUT_18300,748.43
OUT_18301,196.24
OUT_18302,210.67
OUT_18303,258.53
OUT_18304,198.66
OUT_18305,3573.32
OUT_18306,742.07
OUT_18307,199.38
OUT_18308,752.46
OUT_18309,741.34
OUT_18310,675.52
OUT_18311,189.95
OUT_18312,278.36
OUT_18313,688.88
OUT_18314,3189.75
OUT_18315,197.28
OUT_18316,187.27
OUT_18317,695.36
OUT_18318,235.86
OUT_18319,672.55
OUT_18320,191.54
OUT_18321,3537.34
OUT_18322,656.37
OUT_18323,802.62
OUT_18324,764.45
OUT_18325,218.96
OUT_18326,227.25
OUT_18327,203.84
OUT_18328,181.64
OUT_18329,208.84
OUT_18330,2970.21
OUT_18331,3096.16
OUT_18332,277.19
OUT_18333,188.91
OUT_18334,2646.93
OUT_18335,803.3
OUT_18336,225.37
OUT_18337,3073.17
OUT_18338,8810.66
OUT_18339,667.44
OUT_18340,216.58
OUT_18341,766.99
OUT_18342,683.63
OUT_18343,861.57
OUT_18344,194.93
OUT_18345,338.96
OUT_18346,700.95
OUT_18347,203.39
OUT_18348,187.85
OUT_18349,234.22
OUT_18350,215.73
OUT_18351,179.76
OUT_18352,8030.12
OUT_18353,202.42
OUT_18354,671.62
OUT_18355,215.54
OUT_18357,235.4
OUT_18358,3406.26
OUT_18359,211.54
OUT_18360,221.09
OUT_18361,706.73
OUT_18362,671.89
OUT_18363,777.49
OUT_18364,211.87
OUT_18365,722.14
OUT_18366,723.05
OUT_18367,231.88
OUT_18368,3152.29
OUT_18369,666.0
OUT_18370,219.69
OUT_18371,192.85
OUT_18372,242.51
OUT_18373,204.63
OUT_18374,251.39
OUT_18375,199.1
OUT_18376,223.54
OUT_18377,7846.67
OUT_18378,785.7
OUT_18379,222.81
OUT_18380,721.98
OUT_18381,231.29
OUT_18382,3648.1
OUT_18383,3197.81
OUT_18384,212.31
OUT_18385,233.14
OUT_18386,222.98
OUT_18387,3341.81
OUT_18388,193.05
OUT_18389,212.69
OUT_18390,171.52
OUT_18391,654.68
OUT_18392,3665.35
OUT_18393,183.8
OUT_18394,777.92
OUT_18395,202.0
OUT_18396,305.11
OUT_18397,198.09
OUT_18398,3212.74
OUT_18399,699.1
OUT_18400,156.32
OUT_18401,195.72
OUT_18402,182.87
OUT_18403,978.18
OUT_18404,194.55
OUT_18405,808.85
OUT_18406,221.28
OUT_18407,3936.54
OUT_18408,8267.01
OUT_18409,745.09
OUT_18410,777.93
OUT_18411,713.15
OUT_18412,277.39
OUT_18413,3811.49
OUT_18414,743.55
OUT_18415,221.3
OUT_18416,716.2
OUT_18417,255.74
OUT_18418,242.74
OUT_18419,215.59
OUT_18420,738.89
OUT_18421,654.11
OUT_18422,729.38
OUT_18423,205.1
OUT_18424,202.74
OUT_18425,689.61
OUT_18426,193.18
OUT_18427,635.78
OUT_18428,223.39
OUT_18429,786.15
OUT_18430,204.5
OUT_18431,728.18
OUT_18432,241.6
OUT_18433,193.05
OUT_18434,198.06
OUT_18435,318.33
OUT_18436,303.88
OUT_18437,208.49
OUT_18438,196.78
OUT_18439,646.01
OUT_18440,3379.28
OUT_18441,269.54
OUT_18442,209.48
OUT_18443,359.31
OUT_18444,646.97
OUT_18445,188.58
OUT_18446,740.98
OUT_18447,3014.26
OUT_18448,194.05
OUT_18449,780.73
OUT_18450,244.42
OUT_18451,223.33
OUT_18452,8009.56
OUT_18453,231.08
OUT_18454,3417.55
OUT_18455,267.35
OUT_18456,219.99
OUT_18457,260.65
OUT_18458,340.26
OUT_18459,688.37
OUT_18460,225.25
OUT_18461,757.84
OUT_18462,181.37
OUT_18463,236.41
OUT_18464,254.45
OUT_18465,206.91
OUT_18466,191.83
OUT_18467,217.07
OUT_18468,7786.28
OUT_18469,790.39
OUT_18470,213.67
OUT_18471,252.81
OUT_18472,219.75
OUT_18473,2974.82
OUT_18474,187.38
OUT_18475,316.36
OUT_18476,636.09
OUT_18477,7853.27
OUT_18478,191.7
OUT_18479,7949.34
OUT_18480,230.61
OUT_18481,3349.36
OUT_18482,691.33
OUT_18483,205.32
OUT_18484,241.94
OUT_18485,738.69
OUT_18486,3097.93
OUT_18487,234.06
OUT_18488,248.87
OUT_18489,189.65
OUT_18490,208.12
OUT_18491,3516.78
OUT_18492,232.8
OUT_18493,160.88
OUT_18494,186.93
OUT_18495,263.71
OUT_18496,200.98
OUT_18497,722.96
OUT_18498,222.67
OUT_18499,175.39
OUT_18500,296.19
OUT_18501,9839.25
OUT_18502,3311.7
OUT_18503,173.55
OUT_18504,3581.44
OUT_18505,662.3
OUT_18506,620.45
OUT_18507,2733.88
OUT_18508,582.78
OUT_18509,216.64
OUT_18510,270.56
OUT_18511,6617.37
OUT_18512,212.8
OUT_18513,214.17
OUT_18514,242.07
OUT_18515,259.45
OUT_18516,248.51
OUT_18517,262.21
OUT_18518,853.24
OUT_18519,467.46
OUT_18520,189.98
OUT_18521,676.96
OUT_18522,3407.54
OUT_18523,2839.44
OUT_18524,661.06
OUT_18525,207.08
OUT_18526,331.35
OUT_18527,792.5
OUT_18528,266.04
OUT_18529,182.22
OUT_18530,193.87
OUT_18531,780.91
OUT_18532,3124.59
OUT_18533,186.82
OUT_18534,262.66
OUT_18535,297.93
OUT_18536,222.48
OUT_18537,3289.24
OUT_18538,858.8
OUT_18539,781.61
OUT_18540,180.15
OUT_18541,682.3
OUT_18542,3491.62
OUT_18543,170.06
OUT_18544,202.58
OUT_18545,3070.88
OUT_18546,751.08
OUT_18547,747.72
OUT_18548,764.26
OUT_18549,655.77
OUT_18550,176.66
OUT_18551,195.38
OUT_18552,194.28
OUT_18553,213.46
OUT_18554,653.99
OUT_18555,814.73
OUT_18556,2983.83
OUT_18557,259.72
OUT_18558,221.5
OUT_18559,578.05
OUT_18560,203.11
OUT_18561,207.12
OUT_18562,781.24
OUT_18563,189.42
OUT_18564,200.3
OUT_18565,231.44
OUT_18566,295.31
OUT_18567,717.59
OUT_18568,216.72
OUT_18569,755.13
OUT_18570,191.4
OUT_18571,198.03
OUT_18572,3079.57
OUT_18573,786.4
OUT_18574,273.61
OUT_18575,787.5
OUT_18576,727.19
OUT_18577,660.65
OUT_18578,820.99
OUT_18579,791.2
OUT_18580,278.68
OUT_18581,728.1
OUT_18582,720.28
OUT_18583,209.1
OUT_18584,807.77
OUT_18585,192.08
OUT_18586,224.76
OUT_18587,834.71
OUT_18588,191.06
OUT_18589,3520.39
OUT_18590,212.55
OUT_18591,226.54
OUT_18592,269.91
OUT_18593,607.2
OUT_18594,217.12
OUT_18595,189.59
OUT_18596,204.64
OUT_18597,784.93
OUT_18598,254.35
OUT_18599,204.97
OUT_18600,300.8
OUT_18601,270.46
OUT_18602,748.39
OUT_18603,237.3
OUT_18604,3401.5
OUT_18605,343.56
OUT_18606,192.36
OUT_18607,2728.59
OUT_18608,708.6
OUT_18609,324.09
OUT_18610,225.51
OUT_18611,749.08
OUT_18612,233.64
OUT_18613,208.1
OUT_18614,2900.22
OUT_18615,195.93
OUT_18616,251.61
OUT_18617,757.72
OUT_18618,226.55
OUT_18619,710.73
OUT_18620,218.03
OUT_18621,225.99
OUT_18622,731.56
OUT_18623,3708.77
OUT_18624,209.22
OUT_18625,256.81
OUT_18626,772.92
OUT_18627,648.39
OUT_18628,691.87
OUT_18629,200.63
OUT_18630,3064.84
OUT_18631,3551.76
OUT_18632,749.24
OUT_18633,201.91
OUT_18634,248.67
OUT_18635,779.3
OUT_18636,666.06
OUT_18637,3191.16
OUT_18638,305.34
OUT_18639,176.06
OUT_18640,217.11
OUT_18641,673.63
OUT_18642,184.86
OUT_18643,212.45
OUT_18644,193.4
OUT_18645,224.75
OUT_18646,731.32
OUT_18647,713.95
OUT_18648,3172.54
OUT_18649,710.55
OUT_18650,260.23
OUT_18651,249.6
OUT_18652,780.56
OUT_18653,192.33
OUT_18654,224.57
OUT_18655,270.68
OUT_18656,205.52
OUT_18657,171.93
OUT_18658,764.29
OUT_18659,2584.3
OUT_18660,3406.73
OUT_18661,176.97
OUT_18662,751.03
OUT_18663,638.46
OUT_18664,273.05
OUT_18665,198.29
OUT_18666,218.55
OUT_18667,2978.62
OUT_18668,933.37
OUT_18669,706.7
OUT_18670,838.09
OUT_18671,8588.37
OUT_18672,254.79
OUT_18673,155.26
OUT_18674,3112.15
OUT_18675,3317.71
OUT_18676,747.63
OUT_18677,220.06
OUT_18678,754.75
OUT_18679,710.26
OUT_18680,713.65
OUT_18681,210.89
OUT_18682,8073.72
OUT_18683,229.05
OUT_18684,3200.04
OUT_18685,221.25
OUT_18686,244.11
OUT_18687,230.78
OUT_18688,681.16
OUT_18689,3256.98
OUT_18690,224.09
OUT_18691,235.79
OUT_18692,263.17
OUT_18693,609.6
OUT_18694,210.72
OUT_18695,196.45
OUT_18696,779.56
OUT_18697,195.42
OUT_18698,192.61
OUT_18699,200.17
OUT_18700,673.23
OUT_18701,3078.09
OUT_18702,711.03
OUT_18703,673.01
OUT_18704,222.48
OUT_18705,194.89
OUT_18706,159.15
OUT_18707,3498.1
OUT_18708,188.11
OUT_18709,203.49
OUT_18710,174.23
OUT_18711,235.27
OUT_18712,681.36
OUT_18713,192.26
OUT_18714,3374.76
OUT_18715,3421.95
OUT_18716,221.77
OUT_18717,269.71
OUT_18718,215.12
OUT_18719,789.62
OUT_18720,275.48
OUT_18721,186.0
OUT_18722,198.9
OUT_18723,182.12
OUT_18724,239.24
OUT_18725,190.71
OUT_18726,210.37
OUT_18727,783.05
OUT_18728,759.39
OUT_18729,838.95
OUT_18730,204.35
OUT_18731,245.44
OUT_18732,2933.31
OUT_18733,230.48
OUT_18734,211.1
OUT_18735,691.34
OUT_18736,697.82
OUT_18737,7859.92
OUT_18738,8650.49
OUT_18739,643.5
OUT_18740,3497.93
OUT_18741,594.98
OUT_18742,183.06
OUT_18743,215.66
OUT_18744,198.82
OUT_18745,3250.23
OUT_18746,210.89
OUT_18747,188.73
OUT_18748,726.22
OUT_18749,227.65
OUT_18750,182.55
OUT_18751,2603.64
OUT_18752,204.49
OUT_18753,239.07
OUT_18754,3012.52
OUT_18755,647.59
OUT_18756,171.87
OUT_18757,198.63
OUT_18758,251.47
OUT_18759,243.49
OUT_18760,238.76
OUT_18761,2932.36
OUT_18762,692.51
OUT_18763,223.27
OUT_18764,275.09
OUT_18765,543.91
OUT_18766,655.42
OUT_18767,2971.74
OUT_18768,3659.95
OUT_18769,203.6
OUT_18770,205.11
OUT_18771,272.43
OUT_18772,3636.81
OUT_18773,295.64
OUT_18774,771.3
OUT_18775,708.39
OUT_18776,193.23
OUT_18777,765.58
OUT_18778,181.9
OUT_18779,722.07
OUT_18780,218.54
OUT_18781,674.71
OUT_18782,622.36
OUT_18783,280.63
OUT_18784,248.62
OUT_18785,213.16
OUT_18786,200.06
OUT_18787,194.83
OUT_18788,7636.56
OUT_18789,739.88
OUT_18790,749.48
OUT_18791,2721.71
OUT_18792,217.87
OUT_18793,7755.81
OUT_18794,213.29
OUT_18795,701.84
OUT_18796,8290.44
OUT_18797,199.8
OUT_18798,240.19
OUT_18799,713.48
OUT_18800,728.67
OUT_18801,592.0
OUT_18802,7901.14
OUT_18803,215.71
OUT_18804,178.79
OUT_18805,9026.03
OUT_18806,201.76
OUT_18807,205.59
OUT_18808,215.43
OUT_18809,191.26
OUT_18810,227.09
OUT_18811,244.6
OUT_18812,198.79
OUT_18813,217.95
OUT_18814,721.89
OUT_18815,3033.48
OUT_18816,244.79
OUT_18817,207.32
OUT_18818,211.25
OUT_18819,3275.51
OUT_18820,202.0
OUT_18821,584.47
OUT_18822,272.06
OUT_18823,794.86
OUT_18824,226.83
OUT_18825,3259.39
OUT_18826,752.46
OUT_18827,8820.29
OUT_18828,224.44
OUT_18829,743.77
OUT_18830,337.9
OUT_18831,207.1
OUT_18832,782.24
OUT_18833,699.74
OUT_18834,194.44
OUT_18835,3489.64
OUT_18836,212.24
OUT_18837,193.71
OUT_18838,3353.71
OUT_18839,226.8
OUT_18840,783.09
OUT_18841,227.86
OUT_18842,234.57
OUT_18843,779.67
OUT_18844,7692.67
OUT_18845,268.42
OUT_18846,200.15
OUT_18847,255.25
OUT_18848,687.46
OUT_18849,281.17
OUT_18850,7833.97
OUT_18851,279.79
OUT_18852,2982.95
OUT_18853,792.95
OUT_18854,192.16
OUT_18855,2958.26
OUT_18856,196.52
OUT_18857,214.34
OUT_18858,3066.18
OUT_18859,270.54
OUT_18860,737.71
OUT_18861,253.11
OUT_18862,685.09
OUT_18863,2924.81
OUT_18864,703.14
OUT_18865,175.46
OUT_18866,3087.87
OUT_18867,646.41
OUT_18868,207.88
OUT_18869,199.17
OUT_18870,744.9
OUT_18871,305.09
OUT_18872,760.07
OUT_18873,650.85
OUT_18874,3481.75
OUT_18875,227.3
OUT_18876,774.34
OUT_18877,8117.06
OUT_18878,332.04
OUT_18879,186.37
OUT_18880,300.97
OUT_18881,218.16
OUT_18882,719.51
OUT_18883,574.41
OUT_18884,709.11
OUT_18885,3283.13
OUT_18886,204.23
OUT_18887,184.79
OUT_18888,834.24
OUT_18889,200.7
OUT_18890,813.69
OUT_18891,200.29
OUT_18892,725.17
OUT_18893,236.91
OUT_18894,689.54
OUT_18895,209.73
OUT_18896,3189.61
OUT_18897,788.68
OUT_18898,237.75
OUT_18899,214.42
OUT_18900,733.41
OUT_18901,305.19
OUT_18902,626.38
OUT_18903,3844.49
OUT_18904,806.04
OUT_18905,586.14
OUT_18906,225.81
OUT_18907,297.0
OUT_18908,186.56
OUT_18909,2838.52
OUT_18910,654.04
OUT_18911,3492.86
OUT_18912,3160.01
OUT_18913,3064.38
OUT_18914,708.06
OUT_18915,723.02
OUT_18916,171.58
OUT_18917,257.86
OUT_18918,272.27
OUT_18919,2789.75
OUT_18920,290.14
OUT_18921,757.12
OUT_18922,590.37
OUT_18923,236.16
OUT_18924,747.25
OUT_18925,653.45
OUT_18926,180.56
OUT_18927,275.05
OUT_18928,183.18
OUT_18929,744.65
OUT_18930,3321.02
OUT_18931,278.13
OUT_18932,261.29
OUT_18933,792.36
OUT_18934,8922.76
OUT_18935,223.84
OUT_18936,242.51
OUT_18937,153.03
OUT_18938,745.22
OUT_18939,3038.84
OUT_18940,206.55
OUT_18941,3510.96
OUT_18942,580.18
OUT_18943,232.68
OUT_18944,661.83
OUT_18945,722.04
OUT_18946,223.33
OUT_18947,266.85
OUT_18948,702.15
OUT_18949,237.87
OUT_18950,2924.53
OUT_18951,721.05
OUT_18952,738.34
OUT_18953,288.02
OUT_18954,199.81
OUT_18955,164.15
OUT_18956,2857.28
OUT_18957,229.45
OUT_18958,2849.03
OUT_18959,181.63
OUT_18960,196.88
OUT_18961,208.32
OUT_18962,748.38
OUT_18963,199.96
OUT_18964,219.09
OUT_18965,679.2
OUT_18966,698.33
OUT_18967,212.14
OUT_18968,731.08
OUT_18969,218.11
OUT_18970,742.55
OUT_18971,201.69
OUT_18972,706.13
OUT_18973,654.29
OUT_18974,360.74
OUT_18976,183.57
OUT_18977,297.34
OUT_18978,188.63
OUT_18979,751.1
OUT_18980,234.47
OUT_18981,195.75
OUT_18982,3472.12
OUT_18983,3181.77
OUT_18984,264.55
OUT_18985,8017.85
OUT_18986,3200.91
OUT_18987,231.63
OUT_18988,797.63
OUT_18989,190.95
OUT_18990,183.56
OUT_18991,226.97
OUT_18992,3202.08
OUT_18993,200.9
OUT_18994,718.42
OUT_18995,8504.17
OUT_18996,677.87
OUT_18997,216.46
OUT_18998,3169.55
OUT_18999,197.08
OUT_19000,220.79
OUT_19001,214.69
OUT_19002,796.45
OUT_19003,279.29
OUT_19004,3484.65
OUT_19005,249.04
OUT_19006,759.2
OUT_19007,310.61
OUT_19008,199.72
OUT_19009,245.47
OUT_19010,205.94
OUT_19011,221.79
OUT_19012,8482.38
OUT_19013,783.95
OUT_19014,177.78
OUT_19015,292.99
OUT_19016,206.09
OUT_19017,199.47
OUT_19018,2820.32
OUT_19019,234.12
OUT_19020,190.64
OUT_19021,204.03
OUT_19022,261.66
OUT_19023,782.4
OUT_19024,9163.75
OUT_19025,3469.77
OUT_19026,797.98
OUT_19027,659.75
OUT_19028,3273.82
OUT_19029,685.37
OUT_19030,8361.7
OUT_19031,191.78
OUT_19032,172.47
OUT_19033,703.72
OUT_19034,746.26
OUT_19035,243.27
OUT_19036,180.63
OUT_19037,196.56
OUT_19038,3503.79
OUT_19039,9343.12
OUT_19040,7582.91
OUT_19041,788.39
OUT_19042,692.55
OUT_19043,3690.18
OUT_19044,763.9
OUT_19045,3340.61
OUT_19046,667.13
OUT_19047,218.8
OUT_19048,241.46
OUT_19049,3363.44
OUT_19050,711.07
OUT_19051,3361.71
OUT_19052,580.73
OUT_19053,232.21
OUT_19054,819.52
OUT_19055,171.23
OUT_19056,267.84
OUT_19057,279.58
OUT_19058,732.92
OUT_19059,183.66
OUT_19060,811.6
OUT_19061,734.32
OUT_19062,671.33
OUT_19063,692.0
OUT_19064,762.9
OUT_19065,205.79
OUT_19066,222.45
OUT_19067,279.73
OUT_19068,7284.06
OUT_19069,735.14
OUT_19070,262.31
OUT_19071,222.57
OUT_19072,700.38
OUT_19073,605.23
OUT_19074,206.61
OUT_19075,3087.48
OUT_19076,842.08
OUT_19077,288.12
OUT_19078,249.31
OUT_19079,273.7
OUT_19080,214.02
OUT_19081,198.38
OUT_19082,194.39
OUT_19083,223.55
OUT_19084,245.31
OUT_19085,664.81
OUT_19086,199.21
OUT_19087,275.02
OUT_19088,205.81
OUT_19089,724.11
OUT_19090,767.19
OUT_19091,6631.31
OUT_19092,3306.96
OUT_19093,185.81
OUT_19094,3471.94
OUT_19095,199.31
OUT_19096,217.02
OUT_19097,222.1
OUT_19098,209.93
OUT_19099,238.26
OUT_19100,763.0
OUT_19101,211.96
OUT_19102,211.07
OUT_19103,697.1
OUT_19104,708.55
OUT_19105,772.23
OUT_19106,208.31
OUT_19107,224.05
OUT_19108,230.49
OUT_19109,218.17
OUT_19110,593.06
OUT_19111,450.12
OUT_19112,230.72
OUT_19113,202.88
OUT_19114,752.14
OUT_19115,3232.28
OUT_19116,796.82
OUT_19117,216.46
OUT_19118,196.65
OUT_19119,773.31
OUT_19120,760.94
OUT_19121,8680.48
OUT_19122,734.94
OUT_19123,268.49
OUT_19124,186.84
OUT_19125,3086.35
OUT_19126,7758.93
OUT_19127,258.86
OUT_19128,234.67
OUT_19129,654.95
OUT_19130,667.44
OUT_19131,704.04
OUT_19132,796.26
OUT_19133,3782.34
OUT_19134,668.79
OUT_19135,962.11
OUT_19136,217.17
OUT_19137,781.75
OUT_19138,195.77
OUT_19139,683.29
OUT_19140,228.06
OUT_19141,157.59
OUT_19142,3370.84
OUT_19143,241.01
OUT_19144,150.74
OUT_19146,801.19
OUT_19147,217.98
OUT_19148,205.07
OUT_19149,209.6
OUT_19150,210.98
OUT_19151,8468.59
OUT_19152,804.5
OUT_19153,582.51
OUT_19154,3274.86
OUT_19155,234.06
OUT_19156,219.78
OUT_19157,188.36
OUT_19158,284.32
OUT_19159,3385.98
OUT_19160,771.38
OUT_19161,725.01
OUT_19162,231.33
OUT_19163,761.02
OUT_19164,716.5
OUT_19165,270.58
OUT_19166,211.46
OUT_19167,715.8
OUT_19168,227.6
OUT_19169,654.66
OUT_19171,219.91
OUT_19172,183.75
OUT_19173,321.94
OUT_19174,226.92
OUT_19175,296.69
OUT_19176,719.92
OUT_19177,3266.75
OUT_19178,264.28
OUT_19179,227.22
OUT_19180,213.84
OUT_19181,207.84
OUT_19182,780.47
OUT_19183,239.11
OUT_19184,204.34
OUT_19185,749.67
OUT_19186,3261.83
OUT_19187,7844.52
OUT_19188,233.85
OUT_19189,187.36
OUT_19190,691.9
OUT_19191,203.19
OUT_19192,182.64
OUT_19193,205.73
OUT_19194,749.22
OUT_19195,714.72
OUT_19196,790.01
OUT_19197,290.03
OUT_19198,178.33
OUT_19199,180.95
OUT_19200,171.48
OUT_19201,7118.33
OUT_19202,198.16
OUT_19203,208.38
OUT_19204,3241.42
OUT_19205,322.27
OUT_19206,703.17
OUT_19207,656.46
OUT_19208,605.96
OUT_19209,494.7
OUT_19210,740.76
OUT_19211,3055.57
OUT_19212,189.89
OUT_19213,215.9
OUT_19214,3129.55
OUT_19215,194.11
OUT_19216,719.47
OUT_19217,777.57
OUT_19218,221.85
OUT_19219,290.77
OUT_19220,268.89
OUT_19221,215.24
OUT_19222,270.94
OUT_19223,221.77
OUT_19224,215.18
OUT_19225,715.47
OUT_19226,218.65
OUT_19227,649.14
OUT_19228,219.73
OUT_19229,775.32
OUT_19230,2928.9
OUT_19231,250.31
OUT_19232,738.98
OUT_19233,614.36
OUT_19234,278.75
OUT_19235,3577.28
OUT_19236,697.82
OUT_19237,178.96
OUT_19238,206.45
OUT_19239,215.81
OUT_19240,678.8
OUT_19241,265.96
OUT_19242,184.06
OUT_19243,722.67
OUT_19244,675.49
OUT_19245,290.91
OUT_19246,700.14
OUT_19247,193.82
OUT_19248,689.79
OUT_19249,685.31
OUT_19250,207.45
OUT_19251,257.62
OUT_19252,3555.32
OUT_19253,702.65
OUT_19254,234.88
OUT_19255,784.22
OUT_19256,203.63
OUT_19257,845.69
OUT_19258,8682.09
OUT_19259,232.02
OUT_19260,191.37
OUT_19261,856.31
OUT_19262,230.54
OUT_19263,680.35
OUT_19264,195.34
OUT_19265,718.52
OUT_19266,615.41
OUT_19267,219.15
OUT_19268,724.25
OUT_19269,228.44
OUT_19270,212.66
OUT_19271,744.42
OUT_19272,226.32
OUT_19273,2801.7
OUT_19274,241.29
OUT_19275,8953.12
OUT_19276,313.26
OUT_19277,199.98
OUT_19278,3311.38
OUT_19279,224.69
OUT_19280,244.68
OUT_19281,244.07
OUT_19282,3339.25
OUT_19283,657.35
OUT_19284,3251.38
OUT_19285,689.18
OUT_19286,198.93
OUT_19287,378.62
OUT_19288,203.64
OUT_19289,710.49
OUT_19290,166.75
OUT_19291,3478.99
OUT_19292,171.51
OUT_19293,288.63
OUT_19294,747.14
OUT_19295,687.81
OUT_19296,675.26
OUT_19297,202.97
OUT_19298,3343.22
OUT_19299,246.63
OUT_19300,3491.02
OUT_19301,202.63
OUT_19302,201.5
OUT_19303,6634.84
OUT_19304,186.75
OUT_19305,225.83
OUT_19306,194.58
OUT_19307,7984.24
OUT_19308,3274.27
OUT_19309,214.89
OUT_19310,8571.4
OUT_19311,8848.03
OUT_19312,8212.98
OUT_19313,234.33
OUT_19314,230.26
OUT_19315,204.67
OUT_19316,773.24
OUT_19317,189.48
OUT_19318,3221.11
OUT_19320,3163.59
OUT_19321,210.12
OUT_19322,173.94
OUT_19323,2833.98
OUT_19324,708.16
OUT_19325,3385.35
OUT_19326,202.97
OUT_19327,199.93
OUT_19328,218.91
OUT_19329,181.37
OUT_19331,622.61
OUT_19332,3381.36
OUT_19333,2964.89
OUT_19334,229.89
OUT_19335,263.63
OUT_19336,232.13
OUT_19337,197.94
OUT_19338,222.25
OUT_19339,2690.64
OUT_19340,208.57
OUT_19341,2989.26
OUT_19342,3759.49
OUT_19343,205.43
OUT_19344,3142.01
OUT_19345,803.05
OUT_19346,203.4
OUT_19347,289.46
OUT_19348,8180.12
OUT_19349,819.31
OUT_19350,2840.15
OUT_19351,195.66
OUT_19352,199.74
OUT_19353,820.66
OUT_19354,190.29
OUT_19355,3004.39
OUT_19356,3614.88
OUT_19357,2994.18
OUT_19358,720.23
OUT_19359,156.75
OUT_19360,2603.12
OUT_19361,189.04
OUT_19362,665.69
OUT_19363,733.91
OUT_19364,194.87
OUT_19365,7930.54
OUT_19366,6888.11
OUT_19367,743.99
OUT_19368,3168.56
OUT_19369,207.11
OUT_19370,193.29
OUT_19371,189.15
OUT_19372,638.54
OUT_19373,193.98
OUT_19374,245.26
OUT_19375,230.51
OUT_19376,211.22
OUT_19377,254.51
OUT_19378,205.01
OUT_19379,258.61
OUT_19380,213.56
OUT_19381,691.94
OUT_19382,3293.06
OUT_19383,696.95
OUT_19384,337.25
OUT_19385,206.8
OUT_19386,215.56
OUT_19387,210.62
OUT_19388,624.72
OUT_19389,192.2
OUT_19390,292.58
OUT_19391,209.99
OUT_19392,202.67
OUT_19393,722.51
OUT_19394,783.73
OUT_19395,216.72
OUT_19396,212.54
OUT_19397,3196.32
OUT_19398,294.74
OUT_19399,150.81
OUT_19400,204.63
OUT_19401,3021.43
OUT_19402,334.23
OUT_19403,688.41
OUT_19404,222.12
OUT_19405,3277.06
OUT_19406,263.53
OUT_19407,2949.16
OUT_19408,272.37
OUT_19409,735.88
OUT_19410,205.16
OUT_19411,243.87
OUT_19412,243.59
OUT_19413,270.66
OUT_19414,243.57
OUT_19415,712.55
OUT_19416,2479.08
OUT_19417,3509.45
OUT_19418,727.36
OUT_19419,200.53
OUT_19420,770.85
OUT_19421,321.32
OUT_19422,212.56
OUT_19423,658.85
OUT_19424,287.04
OUT_19425,657.79
OUT_19426,198.37
OUT_19427,224.38
OUT_19428,197.23
OUT_19429,168.43
OUT_19430,206.61
OUT_19431,718.6
OUT_19432,223.03
OUT_19433,277.69
OUT_19434,8511.34
OUT_19435,191.1
OUT_19436,678.33
OUT_19437,592.05
OUT_19438,222.32
OUT_19439,214.39
OUT_19440,710.97
OUT_19441,206.91
OUT_19442,182.65
OUT_19443,794.82
OUT_19444,205.58
OUT_19445,689.78
OUT_19446,253.68
OUT_19447,201.84
OUT_19448,335.19
OUT_19449,2999.14
OUT_19450,254.04
OUT_19451,699.36
OUT_19452,717.76
OUT_19453,246.52
OUT_19454,268.61
OUT_19455,211.71
OUT_19456,232.4
OUT_19457,216.32
OUT_19458,598.63
OUT_19459,769.83
OUT_19460,696.29
OUT_19461,183.01
OUT_19462,3292.63
OUT_19463,2691.25
OUT_19464,211.25
OUT_19465,216.92
OUT_19466,233.69
OUT_19467,636.52
OUT_19468,193.59
OUT_19469,316.15
OUT_19470,205.04
OUT_19471,694.5
OUT_19472,660.11
OUT_19473,2819.62
OUT_19474,192.84
OUT_19475,226.26
OUT_19476,758.44
OUT_19477,246.09
OUT_19478,774.31
OUT_19479,197.22
OUT_19480,196.28
OUT_19481,860.18
OUT_19482,655.84
OUT_19483,249.11
OUT_19484,249.77
OUT_19485,271.97
OUT_19486,192.3
OUT_19487,663.25
OUT_19488,227.1
OUT_19489,175.29
OUT_19490,263.11
OUT_19491,192.2
OUT_19492,738.06
OUT_19493,3530.66
OUT_19494,256.45
OUT_19495,2872.85
OUT_19496,174.51
OUT_19497,236.15
OUT_19498,187.17
OUT_19499,210.92
OUT_19500,207.18
OUT_19501,259.8
OUT_19502,3240.27
OUT_19503,235.04
OUT_19504,181.85
OUT_19505,231.97
OUT_19506,638.63
OUT_19507,148.12
OUT_19508,191.36
OUT_19509,659.77
OUT_19510,196.62
OUT_19511,2342.41
OUT_19512,747.48
OUT_19513,662.11
OUT_19514,3263.66
OUT_19515,223.78
OUT_19516,258.06
OUT_19517,196.33
OUT_19518,236.88
OUT_19519,3591.16
OUT_19520,244.51
OUT_19521,3227.07
OUT_19522,196.76
OUT_19523,216.49
OUT_19524,197.12
OUT_19525,194.82
OUT_19526,279.94
OUT_19527,222.47
OUT_19528,214.44
OUT_19529,232.5
OUT_19530,177.97
OUT_19531,578.28
OUT_19532,208.87
OUT_19533,222.32
OUT_19534,169.05
OUT_19535,3642.83
OUT_19536,280.0
OUT_19537,3558.13
OUT_19538,731.68
OUT_19539,876.21
OUT_19540,728.08
OUT_19541,718.26
OUT_19542,217.28
OUT_19543,200.8
OUT_19544,2166.2
OUT_19545,269.6
OUT_19546,775.13
OUT_19547,746.66
OUT_19548,7386.04
OUT_19549,758.42
OUT_19550,768.84
OUT_19551,715.81
OUT_19552,3059.51
OUT_19553,276.86
OUT_19554,3116.13
OUT_19555,233.26
OUT_19556,2785.02
OUT_19557,193.08
OUT_19558,209.06
OUT_19559,239.07
OUT_19560,2953.62
OUT_19561,696.76
OUT_19562,765.93
OUT_19563,204.66
OUT_19564,330.75
OUT_19565,648.59
OUT_19566,188.89
OUT_19567,225.82
OUT_19568,781.16
OUT_19569,219.94
OUT_19570,3517.43
OUT_19571,693.62
OUT_19572,764.51
OUT_19573,228.44
OUT_19574,9651.88
OUT_19575,206.98
OUT_19576,750.24
OUT_19577,771.57
OUT_19578,203.48
OUT_19579,206.45
OUT_19580,183.65
OUT_19581,221.36
OUT_19582,198.02
OUT_19583,683.3
OUT_19584,762.46
OUT_19585,734.75
OUT_19586,203.56
OUT_19587,3056.19
OUT_19588,8414.89
OUT_19589,595.01
OUT_19590,754.32
OUT_19591,171.28
OUT_19592,668.09
OUT_19593,799.36
OUT_19594,670.31
OUT_19595,8256.2
OUT_19596,196.22
OUT_19597,781.71
OUT_19598,182.62
OUT_19599,2526.84
OUT_19600,750.8
OUT_19601,213.1
OUT_19602,3373.28
OUT_19603,315.28
OUT_19604,250.53
OUT_19605,2796.42
OUT_19606,240.93
OUT_19607,200.16
OUT_19608,219.56
OUT_19609,263.99
OUT_19610,186.87
OUT_19611,717.51
OUT_19612,213.08
OUT_19613,3363.67
OUT_19614,2941.87
OUT_19615,3699.7
OUT_19616,289.6
OUT_19617,768.78
OUT_19618,218.93
OUT_19619,174.68
OUT_19620,193.77
OUT_19621,235.2
OUT_19622,197.01
OUT_19623,718.43
OUT_19624,257.57
OUT_19625,2905.04
OUT_19626,298.83
OUT_19627,657.47
OUT_19628,3562.93
OUT_19629,788.0
OUT_19630,233.65
OUT_19631,184.9
OUT_19632,738.26
OUT_19633,650.83
OUT_19634,8159.31
OUT_19635,212.05
OUT_19636,3448.84
OUT_19637,7235.28
OUT_19638,188.31
OUT_19639,292.34
OUT_19640,184.83
OUT_19641,3165.73
OUT_19642,635.93
OUT_19643,665.06
OUT_19644,4384.85
OUT_19645,188.88
OUT_19646,8467.24
OUT_19647,255.74
OUT_19648,8658.75
OUT_19649,209.59
OUT_19650,286.37
OUT_19651,211.13
OUT_19652,3366.87
OUT_19653,707.57
OUT_19654,674.48
OUT_19655,222.05
OUT_19656,784.31
OUT_19657,704.99
OUT_19658,266.36
OUT_19659,197.53
OUT_19660,3235.97
OUT_19661,3137.25
OUT_19662,194.26
OUT_19663,225.68
OUT_19664,174.83
OUT_19665,714.97
OUT_19666,3587.06
OUT_19667,188.95
OUT_19668,712.46
OUT_19669,755.69
OUT_19670,697.04
OUT_19671,797.39
OUT_19672,3543.91
OUT_19673,201.31
OUT_19674,703.83
OUT_19675,644.49
OUT_19676,712.03
OUT_19677,677.93
OUT_19678,792.6
OUT_19679,228.65
OUT_19680,702.55
OUT_19681,711.69
OUT_19682,234.7
OUT_19683,205.58
OUT_19684,873.42
OUT_19685,202.51
OUT_19686,211.5
OUT_19687,739.61
OUT_19688,200.55
OUT_19689,200.23
OUT_19690,296.94
OUT_19691,3101.85
OUT_19692,159.52
OUT_19693,196.72
OUT_19694,243.45
OUT_19695,690.48
OUT_19696,3073.35
OUT_19697,698.44
OUT_19698,258.57
OUT_19699,160.61
OUT_19700,219.0
OUT_19701,262.93
OUT_19702,191.04
OUT_19703,2730.32
OUT_19704,810.36
OUT_19705,220.28
OUT_19706,203.27
OUT_19707,188.02
OUT_19708,814.07
OUT_19709,3282.45
OUT_19710,207.83
OUT_19711,138.4
OUT_19712,209.8
OUT_19713,218.41
OUT_19714,233.05
OUT_19715,783.21
OUT_19716,744.78
OUT_19717,186.29
OUT_19718,195.69
OUT_19719,174.86
OUT_19720,196.64
OUT_19721,223.84
OUT_19722,190.35
OUT_19723,213.12
OUT_19724,198.2
OUT_19725,776.25
OUT_19726,284.31
OUT_19727,201.77
OUT_19728,2877.73
OUT_19729,2754.0
OUT_19730,3630.17
OUT_19731,331.75
OUT_19732,210.66
OUT_19733,196.37
OUT_19734,1238.13
OUT_19735,207.78
OUT_19736,260.37
OUT_19737,208.61
OUT_19738,732.63
OUT_19739,202.03
OUT_19740,267.04
OUT_19741,221.93
OUT_19742,797.82
OUT_19743,3339.65
OUT_19744,3782.69
OUT_19745,624.83
OUT_19746,213.55
OUT_19747,191.3
OUT_19748,212.2
OUT_19749,196.8
OUT_19750,713.44
OUT_19751,289.07
OUT_19752,213.43
OUT_19753,665.74
OUT_19754,254.38
OUT_19755,3486.17
OUT_19756,718.17
OUT_19757,3485.69
OUT_19758,776.31
OUT_19759,185.21
OUT_19760,227.0
OUT_19761,693.28
OUT_19762,150.03
OUT_19763,203.04
OUT_19764,245.46
OUT_19765,196.35
OUT_19766,181.05
OUT_19767,230.81
OUT_19768,203.53
OUT_19769,8625.58
OUT_19770,200.87
OUT_19771,244.76
OUT_19772,3087.06
OUT_19773,187.93
OUT_19774,2809.87
OUT_19775,279.78
OUT_19776,708.66
OUT_19777,630.36
OUT_19778,207.52
OUT_19779,225.65
OUT_19780,536.3
OUT_19781,260.88
OUT_19782,192.14
OUT_19783,202.81
OUT_19784,175.72
OUT_19785,628.32
OUT_19786,754.48
OUT_19787,612.15
OUT_19788,3672.09
OUT_19789,212.55
OUT_19790,211.2
OUT_19791,224.46
OUT_19792,213.63
OUT_19793,283.65
OUT_19794,725.97
OUT_19795,285.98
OUT_19796,225.1
OUT_19797,241.38
OUT_19798,183.99
OUT_19799,247.03
OUT_19800,715.98
OUT_19801,703.57
OUT_19802,7111.65
OUT_19803,3210.91
OUT_19804,705.41
OUT_19805,3737.05
OUT_19806,3482.87
OUT_19807,200.31
OUT_19808,3012.5
OUT_19809,775.86
OUT_19810,753.08
OUT_19811,248.34
OUT_19812,218.93
OUT_19813,168.2
OUT_19814,219.27
OUT_19815,199.21
OUT_19816,235.76
OUT_19817,3556.55
OUT_19818,161.16
OUT_19819,189.75
OUT_19820,200.4
OUT_19821,846.38
OUT_19822,184.05
OUT_19823,727.69
OUT_19824,230.73
OUT_19825,191.98
OUT_19826,676.63
OUT_19827,6968.7
OUT_19828,3236.45
OUT_19829,205.73
OUT_19830,799.36
OUT_19831,763.29
OUT_19832,273.42
OUT_19833,808.38
OUT_19834,830.12
OUT_19835,196.15
OUT_19836,199.78
OUT_19837,3473.32
OUT_19838,191.22
OUT_19839,171.72
OUT_19840,223.98
OUT_19841,302.27
OUT_19842,789.91
OUT_19843,613.37
OUT_19844,316.87
OUT_19845,180.64
OUT_19846,206.82
OUT_19847,335.42
OUT_19848,249.2
OUT_19849,212.48
OUT_19850,7678.95
OUT_19851,207.55
OUT_19852,7969.52
OUT_19853,750.7
OUT_19854,250.56
OUT_19855,328.14
OUT_19856,3122.09
OUT_19857,215.65
OUT_19858,199.69
OUT_19859,2781.53
OUT_19860,219.0
OUT_19861,203.38
OUT_19862,206.92
OUT_19863,750.19
OUT_19864,188.86
OUT_19865,8848.78
OUT_19866,244.64
OUT_19867,793.46
OUT_19868,226.46
OUT_19869,209.16
OUT_19870,218.12
OUT_19871,671.35
OUT_19872,218.71
OUT_19873,289.32
OUT_19874,793.76
OUT_19875,658.79
OUT_19876,744.51
OUT_19877,636.65
OUT_19878,657.47
OUT_19879,199.76
OUT_19880,182.22
OUT_19881,214.64
OUT_19882,201.34
OUT_19883,241.31
OUT_19884,199.57
OUT_19885,740.57
OUT_19886,197.45
OUT_19887,749.66
OUT_19888,228.42
OUT_19889,215.23
OUT_19890,204.55
OUT_19891,290.63
OUT_19892,717.13
OUT_19893,722.64
OUT_19894,3120.0
OUT_19895,233.17
OUT_19896,2853.55
OUT_19897,264.4
OUT_19898,3037.94
OUT_19899,802.02
OUT_19900,228.57
OUT_19901,184.1
OUT_19902,244.92
OUT_19903,308.04
OUT_19904,220.68
OUT_19905,195.99
OUT_19906,337.53
OUT_19907,685.36
OUT_19908,216.42
OUT_19909,204.79
OUT_19910,179.39
OUT_19911,206.17
OUT_19912,3294.46
OUT_19913,189.69
OUT_19914,234.27
OUT_19915,262.72
OUT_19916,215.22
OUT_19917,183.42
OUT_19918,228.3
OUT_19919,180.19
OUT_19920,183.72
OUT_19921,647.58
OUT_19922,195.52
OUT_19923,751.39
OUT_19924,265.35
OUT_19925,630.58
OUT_19926,214.04
OUT_19927,219.08
OUT_19928,732.76
OUT_19929,716.36
OUT_19930,253.91
OUT_19931,716.16
OUT_19932,151.24
OUT_19933,272.6
OUT_19934,3291.96
OUT_19935,2875.11
OUT_19936,225.8
OUT_19937,749.51
OUT_19938,208.44
OUT_19939,224.63
OUT_19940,3352.64
OUT_19941,3732.61
OUT_19942,206.95
OUT_19943,2699.72
OUT_19944,242.85
OUT_19945,261.95
OUT_19946,268.63
OUT_19947,2829.87
OUT_19948,195.06
OUT_19949,198.42
OUT_19950,181.31
OUT_19951,3051.27
OUT_19952,175.73
OUT_19953,685.59
OUT_19954,2591.85
OUT_19955,216.35
OUT_19956,211.57
OUT_19957,3217.84
OUT_19958,152.13
OUT_19959,3168.24
OUT_19960,2817.76
OUT_19961,336.05
OUT_19962,726.53
OUT_19963,225.41
OUT_19964,797.44
OUT_19965,731.8
OUT_19966,193.43
OUT_19967,191.84
OUT_19968,174.02
OUT_19969,200.19
OUT_19970,671.12
OUT_19971,774.6
OUT_19972,268.36
OUT_19973,236.46
OUT_19974,211.23
OUT_19975,720.76
OUT_19976,222.99
OUT_19977,9299.64
OUT_19978,3115.78
OUT_19979,620.24
OUT_19980,451.58
OUT_19981,220.02
OUT_19982,248.11
OUT_19983,197.06
OUT_19984,647.65
OUT_19985,3048.19
OUT_19986,679.79
OUT_19987,285.56
OUT_19988,263.82
OUT_19989,193.56
OUT_19990,271.37
OUT_19991,3232.96
OUT_19992,701.62
OUT_19993,665.17
OUT_19994,720.66
OUT_19995,781.07
OUT_19996,682.38
OUT_19997,215.68
OUT_19998,677.83
OUT_19999,217.36
OUT_20000,191.07
